     1                                  ;/*;;;;;;;;;;;;;;;;;;;;;;;;;;;;;;;;;;;;;;;;;;;;;;;;;;;;;;;;;;;;;;;;;;;;;;
     2                                  ; start.asm
     3                                  ;;;;;;;;;;;;;;;;;;;;;;;;;;;;;;;;;;;;;;;;;;;;;;;;;;;;;;;;;;;;;;;;;;;;;;;;;
     4                                  ;
     5                                  ; Copyright (C) 2017,2018 John R. Coffman.  All rights reserved.
     6                                  ; Provided for hobbyist use on the RetroBrew SBC-386EX board.
     7                                  ;
     8                                  ; This program is free software: you can redistribute it and/or modify
     9                                  ; it under the terms of the GNU General Public License as published by
    10                                  ; the Free Software Foundation, either version 3 of the License, or
    11                                  ; (at your option) any later version.
    12                                  ;
    13                                  ; This program is distributed in the hope that it will be useful,
    14                                  ; but WITHOUT ANY WARRANTY; without even the implied warranty of
    15                                  ; MERCHANTABILITY or FITNESS FOR A PARTICULAR PURPOSE.  See the
    16                                  ; GNU General Public License for more details.
    17                                  ;
    18                                  ; You should have received a copy of the GNU General Public License
    19                                  ; along with this program in the file COPYING in the topmost source
    20                                  ; directory.  If not, see <http://www.gnu.org/licenses/>.
    21                                  ;
    22                                  ;
    23                                  ; SBC-386 board revisions:
    24                                  ;       SBC386-0   prototype / concept testing
    25                                  ;	SBC-386EX 2.0	production / January 2018
    26                                  ;
    27                                  ; Assembly by NASM 2.08 is preferred
    28                                  ;;;;;;;;;;;;;;;;;;;;;;;;;;;;;;;;;;;;;;;;;;;;;;;;;;;;;;;;;;;;;;;;;;;;;;;;*/
    29                                  %define SOFT_DEBUG 1		; for 'cnop' macro
    30                                  %define wFPU	1
    31                                  %define HALF_MEM 1		; 1 = exclude DRAM that overlaps the ROM
    32                                  				; 0 = DRAM & ROM overlap
    33                                  %define SHADOW_MODE 1		; shadow ROM in DRAM
    34                                  %define	PATT 41			; 41, 37, 33
    35                                  %ifndef CRC
    36                                  %define CRC 0
    37                                  %endif
    38                                  %ifndef CRC_AT
    39                                  %define CRC_AT 0xFFEE
    40                                  %endif
    41                                  
    42                                  
    43                                  %include "seg_def.inc"
    44                              <1> ; SEG_DEF.inc
    45                              <1> ;
    46                              <1> %ifndef SEG_DEF
    47                              <1> %define SEG_DEF 1
    48                              <1> 
    49                              <1> segment CODE	use16	align=16	class=CODE	public
    50                              <1> segment _TEXT	use16 	align=16	class=CODE	public
    51                              <1> 
    52                              <1> segment CONST		align=16	class=DATA	public
    53                              <1> segment CONST2		align=2		class=DATA	public
    54                              <1> segment _DATA		align=16	class=DATA	public
    55                              <1> segment _BSS		align=16	class=DATA	public
    56                              <1> ;group DGROUP CONST2 CONST _DATA _BSS
    57                              <1> 
    58                              <1> group DGROUP CODE _TEXT CONST2 CONST _DATA _BSS
    59                              <1> 
    60                              <1> 
    61                              <1> segment BOOT at 0xFFFF	align=16	class=BOOT	use16
    62                              <1> 
    63                              <1> %define XXX
    64                              <1> %endif
    65                              <1> ;
    66                              <1> ; end SEG_DEF.inc
    67                                  %include "i386EX.inc"
    68                              <1> ;/*;;;;;;;;;;;;;;;;;;;;;;;;;;;;;;;;;;;;;;;;;;;;;;;;;;;;;;;;;;;;;;;;;;;;;;
    69                              <1> ; i386EX.inc  --  register definitions for the Intel 80386EX processor
    70                              <1> ;;;;;;;;;;;;;;;;;;;;;;;;;;;;;;;;;;;;;;;;;;;;;;;;;;;;;;;;;;;;;;;;;;;;;;;;;
    71                              <1> ;
    72                              <1> ; Copyright (C) 2018 John R. Coffman.  All rights reserved.
    73                              <1> ; Provided for hobbyist use on the RetroBrew SBC-386 board.
    74                              <1> ;
    75                              <1> ; This program is free software: you can redistribute it and/or modify
    76                              <1> ; it under the terms of the GNU General Public License as published by
    77                              <1> ; the Free Software Foundation, either version 3 of the License, or
    78                              <1> ; (at your option) any later version.
    79                              <1> ;
    80                              <1> ; This program is distributed in the hope that it will be useful,
    81                              <1> ; but WITHOUT ANY WARRANTY; without even the implied warranty of
    82                              <1> ; MERCHANTABILITY or FITNESS FOR A PARTICULAR PURPOSE.  See the
    83                              <1> ; GNU General Public License for more details.
    84                              <1> ;
    85                              <1> ; You should have received a copy of the GNU General Public License
    86                              <1> ; along with this program in the file COPYING in the topmost source
    87                              <1> ; directory.  If not, see <http://www.gnu.org/licenses/>.
    88                              <1> ;
    89                              <1> ;
    90                              <1> ; SBC-386 board revisions:
    91                              <1> ;       SBC386-0   prototype / concept testing
    92                              <1> ;	SBC386EX 2.0 production board (Jan 2018, not 2017 as labeled)
    93                              <1> ;
    94                              <1> ; Assembly by NASM 2.08 is preferred
    95                              <1> ;;;;;;;;;;;;;;;;;;;;;;;;;;;;;;;;;;;;;;;;;;;;;;;;;;;;;;;;;;;;;;;;;;;;;;;;*/
    96                              <1> 
    97                              <1> ;/* i386EX.inc  --  register definitions for the Intel 80386EX processor
    98                              <1> ;
    99                              <1> %define defb
   100                              <1> %define defw
   101                              <1> %define defd
   102                              <1> ;*/
   103                              <1> 
   104                              <1> ;/* The Address Configuration register
   105                              <1> ;*/
   106                              <1> defb REMAPCFGH  equ     0x0023
   107                              <1> defb REMAPCFGL  equ     0x0022
   108                              <1> defw REMAPCFG   equ     0x0022
   109                              <1> 
   110                              <1> ;/* The A20gate and fast CPU Reset
   111                              <1> ;*/
   112                              <1> defb PORT92     equ     0xF092
   113                              <1> defb PORT92_AT  equ     0x0092
   114                              <1> 
   115                              <1> ; 
   116                              <1> ;/* The DMA Controller and Bus Arbiter
   117                              <1> ;*/
   118                              <1> defb DMA0TAR    equ     0xF000
   119                              <1> defb DMA0TAR_AT equ     0x0000
   120                              <1> defb DMA0BYC    equ     0xF001
   121                              <1> defb DMA0BYC_AT equ     0x0001
   122                              <1> defb DMA1TAR    equ     0xF002
   123                              <1> defb DMA1TAR_AT equ     0x0002
   124                              <1> defb DMA1BYC    equ     0xF003
   125                              <1> defb DMA1BYC_AT equ     0x0003
   126                              <1> defb DMACMD1    equ     0xF008
   127                              <1> defb DMACMD1_AT equ     0x0008
   128                              <1> defb DMASTS     equ     0xF008
   129                              <1> defb DMASTS_AT  equ     0x0008
   130                              <1> defb DMASRR     equ     0xF009
   131                              <1> defb DMASRR_AT  equ     0x0009
   132                              <1> defb DMAMSK     equ     0xF00A
   133                              <1> defb DMAMSK_AT  equ     0x000A
   134                              <1> defb DMAMOD1    equ     0xF00B
   135                              <1> defb DMAMOD1_AT equ     0x000B
   136                              <1> defb DMACLRBP   equ     0xF00C
   137                              <1> defb DMACLRBP_AT equ    0x000C
   138                              <1> defb DMACLR     equ     0xF00D
   139                              <1> defb DMACLR_AT  equ     0x000D
   140                              <1> defb DMACLRMSK  equ     0xF00E
   141                              <1> defb DMACLRMSK_AT equ   0x000E
   142                              <1> defb DMAGRPMSK  equ     0xF00F
   143                              <1> defb DMAGRPMSK_AT equ   0x000F
   144                              <1> defb DMA0REQ0_1 equ     0xF010
   145                              <1> defb DMA0REQ2_3 equ     0xF011
   146                              <1> defb DMA1REQ0_1 equ     0xF012
   147                              <1> defb DMA1REQ2_3 equ     0xF013
   148                              <1> defb DMABSR     equ     0xF018
   149                              <1> defb DMACHR     equ     0xF019
   150                              <1> defb DMAIS      equ     0xF019
   151                              <1> defb DMACMD2    equ     0xF01A
   152                              <1> defb DMAMOD2    equ     0xF01B
   153                              <1> defb DMAIEN     equ     0xF01C
   154                              <1> defb DMAOVFE    equ     0xF01D
   155                              <1> defb DMACLRTC   equ     0xF01E
   156                              <1> ;
   157                              <1> ;/* The DMA Page Registers
   158                              <1> ;*/
   159                              <1> defb DMA1TAR2    equ    0xF083
   160                              <1> defb DMA1TAR2_AT equ    0x0083
   161                              <1> defb DMA1TAR3    equ    0xF085
   162                              <1> defb DMA1TAR3_AT equ    0x0085
   163                              <1> defb DMA0TAR3    equ    0xF086
   164                              <1> defb DMA0TAR3_AT equ    0x0086
   165                              <1> defb DMA0TAR2    equ    0xF087
   166                              <1> defb DMA0TAR2_AT equ    0x0087
   167                              <1> ;
   168                              <1> defb DMA0BYC2   equ     0xF098
   169                              <1> defb DMA1BYC2   equ     0xF099
   170                              <1> 
   171                              <1> ;
   172                              <1> ;/* The Master Interrupt Controller
   173                              <1> ;*/
   174                              <1> defb ICW1M_AT   equ     0x0020
   175                              <1> defb ICW2M_AT   equ     0x0021
   176                              <1> defb ICW3M_AT   equ     0x0021
   177                              <1> defb ICW4M_AT   equ     0x0021
   178                              <1> defb OCW1M_AT   equ     0x0021
   179                              <1> defb OCW2M_AT   equ     0x0020
   180                              <1> defb OCW3M_AT   equ     0x0020
   181                              <1> 
   182                              <1> defb ICW1M      equ     0xF020
   183                              <1> defb ICW2M      equ     0xF021
   184                              <1> defb ICW3M      equ     0xF021
   185                              <1> defb ICW4M      equ     0xF021
   186                              <1> defb OCW1M      equ     0xF021
   187                              <1> defb OCW2M      equ     0xF020
   188                              <1> defb OCW3M      equ     0xF020
   189                              <1> defb IRR_M	equ	0xF020
   190                              <1> 
   191                              <1> ;
   192                              <1> ;/* The Slave Interrupt Controller
   193                              <1> ;*/
   194                              <1> defb ICW1S_AT   equ     0x00A0
   195                              <1> defb ICW2S_AT   equ     0x00A1
   196                              <1> defb ICW3S_AT   equ     0x00A1
   197                              <1> defb ICW4S_AT   equ     0x00A1
   198                              <1> defb OCW1S_AT   equ     0x00A1
   199                              <1> defb OCW2S_AT   equ     0x00A0
   200                              <1> defb OCW3S_AT   equ     0x00A0
   201                              <1> defb IRR_M_AT	equ	0x00A0
   202                              <1> 
   203                              <1> defb ICW1S      equ     0xF0A0
   204                              <1> defb ICW2S      equ     0xF0A1
   205                              <1> defb ICW3S      equ     0xF0A1
   206                              <1> defb ICW4S      equ     0xF0A1
   207                              <1> defb OCW1S      equ     0xF0A1
   208                              <1> defb OCW2S      equ     0xF0A0
   209                              <1> defb OCW3S      equ     0xF0A0
   210                              <1> 
   211                              <1> ;
   212                              <1> ;/* The Timer/Counter Unit
   213                              <1> ;*/
   214                              <1> defb    TMR0    equ     0xF040
   215                              <1> defb    TMR0_AT equ     0x0040
   216                              <1> defb    TMR1    equ     0xF041
   217                              <1> defb    TMR1_AT equ     0x0041
   218                              <1> defb    TMR2    equ     0xF042
   219                              <1> defb    TMR2_AT equ     0x0042
   220                              <1> defb    TMRCON  equ     0xF043
   221                              <1> defb    TMRCON_AT  equ  0x0043
   222                              <1> 
   223                              <1> ;
   224                              <1> ;/* The Chip Select Unit
   225                              <1> ;*/
   226                              <1> defw    CS0ADL  equ     0xF400
   227                              <1> defw    CS0ADH  equ     0xF402
   228                              <1> defw    CS0MSKL equ     0xF404
   229                              <1> defw    CS0MSKH equ     0xF406
   230                              <1> defw    CS1ADL  equ     0xF408
   231                              <1> defw    CS1ADH  equ     0xF40A
   232                              <1> defw    CS1MSKL equ     0xF40C
   233                              <1> defw    CS1MSKH equ     0xF40E
   234                              <1> defw    CS2ADL  equ     0xF410
   235                              <1> defw    CS2ADH  equ     0xF412
   236                              <1> defw    CS2MSKL equ     0xF414
   237                              <1> defw    CS2MSKH equ     0xF416
   238                              <1> defw    CS3ADL  equ     0xF418
   239                              <1> defw    CS3ADH  equ     0xF41A
   240                              <1> defw    CS3MSKL equ     0xF41C
   241                              <1> defw    CS3MSKH equ     0xF41E
   242                              <1> defw    CS4ADL  equ     0xF420
   243                              <1> defw    CS4ADH  equ     0xF422
   244                              <1> defw    CS4MSKL equ     0xF424
   245                              <1> defw    CS4MSKH equ     0xF426
   246                              <1> defw    CS5ADL  equ     0xF428
   247                              <1> defw    CS5ADH  equ     0xF42A
   248                              <1> defw    CS5MSKL equ     0xF42C
   249                              <1> defw    CS5MSKH equ     0xF42E
   250                              <1> defw    CS6ADL  equ     0xF430
   251                              <1> defw    CS6ADH  equ     0xF432
   252                              <1> defw    CS6MSKL equ     0xF434
   253                              <1> defw    CS6MSKH equ     0xF436
   254                              <1> defw    UCSADL  equ     0xF438
   255                              <1> defw    UCSADH  equ     0xF43A
   256                              <1> defw    UCSMSKL equ     0xF43C
   257                              <1> defw    UCSMSKH equ     0xF43E
   258                              <1> 
   259                              <1> ;
   260                              <1> ;/* The Synchronous Serial I/O Unit
   261                              <1> ;*/
   262                              <1> defw    SSIOTBUF equ    0xF480
   263                              <1> defw    SSIORBUF equ    0xF482
   264                              <1> defw    SSIOBAUD equ    0xF484
   265                              <1> defw    SSIOCON1 equ    0xF486
   266                              <1> defw    SSIOCON2 equ    0xF488
   267                              <1> defw    SSIOCTR  equ    0xF48A
   268                              <1> 
   269                              <1> ;
   270                              <1> ;/* The Refresh Control Unit
   271                              <1> ;*/
   272                              <1> defw    RFSBAD  equ     0xF4A0
   273                              <1> defw    RFSCIR  equ     0xF4A2
   274                              <1> defw    RFSCON  equ     0xF4A4
   275                              <1> defw    RFSADD  equ     0xF4A6
   276                              <1> 
   277                              <1> ;
   278                              <1> ;/* The Watchdog Timer Unit
   279                              <1> ;*/
   280                              <1> defw    WDTRLDH equ     0xF4C0
   281                              <1> defw    WDTRLDL equ     0xF4C2
   282                              <1> defw    WDTCNTH equ     0xF4C4
   283                              <1> defw    WDTCNTL equ     0xF4C6
   284                              <1> defw    WDTCLR  equ     0xF4C8
   285                              <1> defb    WDTSTATUS  equ  0xF4CA
   286                              <1> 
   287                              <1> ;
   288                              <1> ;/* Clock Generation and Power Management
   289                              <1> ;*/
   290                              <1> defb    PWRCON  equ     0xF800
   291                              <1> defw    CLKPRS  equ     0xF804
   292                              <1> 
   293                              <1> ;
   294                              <1> ;/* Device Configuration Registers
   295                              <1> ;*/
   296                              <1> defb    P1CFG   equ     0xF820
   297                              <1> defb    P2CFG   equ     0xF822
   298                              <1> defb    P3CFG   equ     0xF824
   299                              <1> defb    PINCFG  equ     0xF826
   300                              <1> defb    DMACFG  equ     0xF830
   301                              <1> defb    INTCFG  equ     0xF832
   302                              <1> defb    TMRCFG  equ     0xF834
   303                              <1> defb    SIOCFG  equ     0xF836
   304                              <1> 
   305                              <1> ;
   306                              <1> ;/* Parallel I/O Ports
   307                              <1> ;*/
   308                              <1> defb    P1PIN   equ     0xF860
   309                              <1> defb    P1LTC   equ     0xF862
   310                              <1> defb    P1DIR   equ     0xF864
   311                              <1> defb    P2PIN   equ     0xF868
   312                              <1> defb    P2LTC   equ     0xF86A
   313                              <1> defb    P2DIR   equ     0xF86C
   314                              <1> defb    P3PIN   equ     0xF870
   315                              <1> defb    P3LTC   equ     0xF872
   316                              <1> defb    P3DIR   equ     0xF874
   317                              <1> 
   318                              <1> 
   319                              <1> ; bits.inc
   320                              <1> ;
   321                              <1> ; assembly language bit definitions
   322                              <1> ;
   323                              <1> defb    BIT0    equ     0x01
   324                              <1> defb    BIT1    equ     0x02
   325                              <1> defb    BIT2    equ     0x04
   326                              <1> defb    BIT3    equ     0x08
   327                              <1> defb    BIT4    equ     0x10
   328                              <1> defb    BIT5    equ     0x20
   329                              <1> defb    BIT6    equ     0x40
   330                              <1> defb    BIT7    equ     0x80
   331                              <1> 
   332                              <1> defw    BIT8    equ     0x0100
   333                              <1> defw    BIT9    equ     0x0200
   334                              <1> defw    BIT10   equ     0x0400
   335                              <1> defw    BIT11   equ     0x0800
   336                              <1> defw    BIT12   equ     0x1000
   337                              <1> defw    BIT13   equ     0x2000
   338                              <1> defw    BIT14   equ     0x4000
   339                              <1> defw    BIT15   equ     0x8000
   340                              <1> 
   341                              <1> defd    BIT16   equ     0x00010000
   342                              <1> defd    BIT31   equ     0x80000000
   343                              <1> 
   344                              <1> defb    ZBIT0    equ     0
   345                              <1> defb    ZBIT1    equ     0
   346                              <1> defb    ZBIT2    equ     0
   347                              <1> defb    ZBIT3    equ     0
   348                              <1> defb    ZBIT4    equ     0
   349                              <1> defb    ZBIT5    equ     0
   350                              <1> defb    ZBIT6    equ     0
   351                              <1> defb    ZBIT7    equ     0
   352                              <1> 
   353                              <1> defw    ZBIT8    equ     0
   354                              <1> defw    ZBIT9    equ     0
   355                              <1> defw    ZBIT10   equ     0
   356                              <1> defw    ZBIT11   equ     0
   357                              <1> defw    ZBIT12   equ     0
   358                              <1> defw    ZBIT13   equ     0
   359                              <1> defw    ZBIT14   equ     0
   360                              <1> defw    ZBIT15   equ     0
   361                              <1> 
   362                              <1> 
   363                              <1> ;
   364                              <1> ;/* Asynchronout Serial I/O channel 0  (COM1)
   365                              <1> ;*/
   366                              <1> defb    RBR0_F4 equ     0xF4F8
   367                              <1> defb    TBR0_F4 equ     0xF4F8
   368                              <1> defb    DLL0_F4 equ     0xF4F8
   369                              <1> defb    DLH0_F4 equ     0xF4F9
   370                              <1> defb    IER0_F4 equ     0xF4F9
   371                              <1> defb    IIR0_F4 equ     0xF4FA
   372                              <1> defb    LCR0_F4 equ     0xF4FB
   373                              <1> defb    MCR0_F4 equ     0xF4FC
   374                              <1> defb    LSR0_F4 equ     0xF4FD
   375                              <1> defb    MSR0_F4 equ     0xF4FE
   376                              <1> defb    SCR0_F4 equ     0xF4FF
   377                              <1> 
   378                              <1> defb    RBR0    equ     0x03F8
   379                              <1> defb    TBR0    equ     0x03F8
   380                              <1> defb    DLL0    equ     0x03F8
   381                              <1> defb    DLH0    equ     0x03F9
   382                              <1> defb    IER0    equ     0x03F9
   383                              <1> defb    IIR0    equ     0x03FA
   384                              <1> defb    LCR0    equ     0x03FB
   385                              <1> defb    MCR0    equ     0x03FC
   386                              <1> defb    LSR0    equ     0x03FD
   387                              <1> defb    MSR0    equ     0x03FE
   388                              <1> defb    SCR0    equ     0x03FF
   389                              <1> 
   390                              <1> ;
   391                              <1> ;/* Asynchronout Serial I/O channel 1  (COM2)
   392                              <1> ;*/
   393                              <1> defb    RBR1_F8 equ     0xF8F8
   394                              <1> defb    TBR1_F8 equ     0xF8F8
   395                              <1> defb    DLL1_F8 equ     0xF8F8
   396                              <1> defb    DLH1_F8 equ     0xF8F9
   397                              <1> defb    IER1_F8 equ     0xF8F9
   398                              <1> defb    IIR1_F8 equ     0xF8FA
   399                              <1> defb    LCR1_F8 equ     0xF8FB
   400                              <1> defb    MCR1_F8 equ     0xF8FC
   401                              <1> defb    LSR1_F8 equ     0xF8FD
   402                              <1> defb    MSR1_F8 equ     0xF8FE
   403                              <1> defb    SCR1_F8 equ     0xF8FF
   404                              <1> 
   405                              <1> defb    RBR1    equ     0x02F8
   406                              <1> defb    TBR1    equ     0x02F8
   407                              <1> defb    DLL1    equ     0x02F8
   408                              <1> defb    DLH1    equ     0x02F9
   409                              <1> defb    IER1    equ     0x02F9
   410                              <1> defb    IIR1    equ     0x02FA
   411                              <1> defb    LCR1    equ     0x02FB
   412                              <1> defb    MCR1    equ     0x02FC
   413                              <1> defb    LSR1    equ     0x02FD
   414                              <1> defb    MSR1    equ     0x02FE
   415                              <1> defb    SCR1    equ     0x02FF
   416                              <1> 
   417                              <1> ;/* LSRx bits
   418                              <1> ;*/
   419                              <1> defb    LSR_TE  equ     BIT6
   420                              <1> defb    LSR_TBE equ     BIT5
   421                              <1> defb    LSR_BI  equ     BIT4
   422                              <1> defb    LSR_FE  equ     BIT3
   423                              <1> defb    LSR_PE  equ     BIT2
   424                              <1> defb    LSR_OE  equ     BIT1
   425                              <1> defb    LSR_RBF equ     BIT0
   426                              <1> 
   427                              <1> ;/* Bits in CR0
   428                              <1> ;*/
   429                              <1> defb    CR0_PE  equ     BIT0
   430                              <1> defb    CR0_MP  equ     BIT1
   431                              <1> defb    CR0_EM  equ     BIT2
   432                              <1> defb    CR0_TS  equ     BIT3
   433                              <1> defd    CR0_WP  equ     BIT16
   434                              <1> defd    CR0_PG  equ     BIT31
   435                              <1> 
   436                              <1> ;/* Some ASCII character codes
   437                              <1> ;*/
   438                              <1> defb    ASCII_NUL       equ     0x00
   439                              <1> defb    ASCII_BS        equ     0x08
   440                              <1> defb    ASCII_HT        equ     0x09
   441                              <1> defb    ASCII_LF        equ     0x0A
   442                              <1> defb    ASCII_NL        equ     0x0A
   443                              <1> defb    ASCII_FF        equ     0x0C
   444                              <1> defb    ASCII_CR        equ     0x0D
   445                              <1> defb	ASCII_ESC	equ	0x1B
   446                              <1> defb    ASCII_SP        equ     0x20
   447                              <1> defb    ASCII_DEL       equ     0x7F
   448                              <1> defb	ASCII_RUB	equ	0xFF
   449                              <1> 
   450                              <1> 
   451                              <1> ;/* End of i386EX.inc */
   452                                  %include "macro.inc"
   453                              <1> ;;;;;;;;;;;;;;;;;;;;;;;;;;;;;;;;;;;;;;;;;;;;;;;;;;;;;;;;;;;;;;;;;;;;;;;;;
   454                              <1> ;
   455                              <1> ; some useful macros:
   456                              <1> ;
   457                              <1> ;;;;;;;;;;;;;;;;;;;;;;;;;;;;;;;;;;;;;;;;;;;;;;;;;;;;;;;;;;;;;;;;;;;;;;;;;
   458                              <1> ;
   459                              <1> ;
   460                              <1> ; format of the BYTE initialization table:  address, byte
   461                              <1> ;
   462                              <1> %imacro  binit 2
   463                              <1>         dw      %1
   464                              <1>         db      %2
   465                              <1> %endmacro
   466                              <1> ; end with DW -1
   467                              <1> 
   468                              <1> ;
   469                              <1> ; format of the WORD initialization table:  address, word
   470                              <1> ;
   471                              <1> %imacro  winit 2
   472                              <1>         dw      %1
   473                              <1>         dw      %2
   474                              <1> %endmacro
   475                              <1> ; end with DW -1
   476                              <1> 
   477                              <1> 
   478                              <1> ; get the BIOS Data Area segment pointer to a [segment] register
   479                              <1> %imacro get_bda	1.nolist
   480                              <1> 	push	0x0040
   481                              <1> 	pop	%1
   482                              <1> %endm
   483                              <1> 
   484                              <1> 
   485                              <1> ; get the Location 0 (Interrupt Descriptor Table) pointer to a register
   486                              <1> %imacro	get_loc0 1.nolist
   487                              <1> 	push	0x0000
   488                              <1> 	pop	%1
   489                              <1> %endm
   490                              <1> 
   491                              <1> 
   492                              <1> 
   493                              <1> %imacro setloc  1.nolist
   494                              <1>  times   (%1-($-$$)) db 0FFh
   495                              <1> %endm
   496                              <1> 
   497                              <1> %imacro db_lo   1
   498                              <1>  db (%1)&255
   499                              <1> %endm
   500                              <1> 
   501                              <1> %imacro cnop    0.nolist
   502                              <1> %ifdef SOFT_DEBUG
   503                              <1> %if SOFT_DEBUG
   504                              <1>         nop
   505                              <1> %endif
   506                              <1> %endif
   507                              <1> %endm
   508                              <1> 
   509                              <1> %imacro popm 1-*.nolist
   510                              <1> %rep %0
   511                              <1> %ifidni %1,ALL
   512                              <1>  popa
   513                              <1> %elifidni %1,F
   514                              <1>  popf
   515                              <1> %else
   516                              <1>  pop %1
   517                              <1> %ifidni %1,DS
   518                              <1>  cnop
   519                              <1> %elifidni %1,ES
   520                              <1>  cnop
   521                              <1> %endif
   522                              <1> %endif
   523                              <1> %rotate 1
   524                              <1> %endrep
   525                              <1> %endm
   526                              <1> 
   527                              <1> %imacro pushm 1-*.nolist
   528                              <1> %rep %0
   529                              <1> %rotate -1
   530                              <1> %ifidni %1,ALL
   531                              <1>  pusha
   532                              <1> %elifidni %1,F
   533                              <1>  pushf
   534                              <1> %else
   535                              <1>  push %1
   536                              <1> %endif
   537                              <1> %endrep
   538                              <1> %endm
   539                              <1> 
   540                              <1> %imacro descr_linear_data 2-3.nolist	; address, size [, E]  E!=0 means expand down
   541                              <1> %assign __size__ (%2-1)	| 0xFF
   542                              <1> %if (__size__ <= 0xFFFF)
   543                              <1> %assign __gran__ 0
   544                              <1> %else
   545                              <1> %assign __gran__ 0xC0			; G B 0 0
   546                              <1> %endif
   547                              <1> %assign __expand__ 0
   548                              <1> %if %0==3
   549                              <1> %if %3
   550                              <1> %assign __expand__ 4
   551                              <1> %endif
   552                              <1> %endif
   553                              <1> dd (((%1)&0xFFFF)<<16)|(__size__&0xFFFF)
   554                              <1> dd (((%1)>>24)&0xFF)|((__gran__|(__size__>>16)&0x0F)<<16)|((0x93|__expand__)<<8)|(((%1)>>16)&0xFF)
   555                              <1> %endm
   556                              <1> 
   557                              <1> %imacro descr_linear_code 2-3.nolist	; address, size [,C]  C!=0 means conforming
   558                              <1> %assign __size__ (%2-1)	| 0xFF
   559                              <1> %if (__size__ <= 0xFFFF)
   560                              <1> %assign __gran__ 0
   561                              <1> %else
   562                              <1> %assign __gran__ 0xC0			; G D 0 0
   563                              <1> %endif
   564                              <1> %assign __conform__ 0
   565                              <1> %if %0==3
   566                              <1> %if %3
   567                              <1> %assign __conform__ 4
   568                              <1> %endif
   569                              <1> %endif
   570                              <1> dd (((%1)&0xFFFF)<<16)|(__size__&0xFFFF)
   571                              <1> dd (((%1)>>24)&0xFF)|((__gran__|(__size__>>16)&0x0F)<<16)|((0x9B|__conform__)<<8)|(((%1)>>16)&0xFF)
   572                              <1> %endm
   573                              <1> 
   574                              <1> ;/* End of macro.inc */
   575                                  %define XXX
   576                                  %include "bda.inc"
   577                              <1> XXX
   578                              <1> ; bda.h -- definitions of the BIOS Data Area at 0040:0000 (0x400)  */
   579                              <1> %define BDA_segment 0x40
   580                              <1> struc _BDA
   581                              <1> ; first items at 0x40:0	*/
   582 00000000 <res 00000008>      <1> serial_dev	resw	4	; serial port device codes */
   583 00000008 <res 00000008>      <1> parallel_dev	resw	4	; printer port device codes */
   584 00000010 <res 00000002>      <1> equip_flag	resw	1		; int 12h equipment flags */
   585 00000012 <res 00000001>      <1> mfg_test	resb	1		; initialization flags */
   586 00000013 <res 00000002>      <1> memory_size	resw	1	; base memory size in Kilowords (1024) */
   587 00000015 <res 00000001>      <1> mfg_err_flag	resb	1
   588 00000016 <res 00000001>      <1> mfg_err_flag2	resb	1
   589                              <1> ; */
   590                              <1> ; first Keyboard data area */
   591 00000017 <res 00000001>      <1> kbd_flag	resb	1	; shift status &c. */
   592 00000018 <res 00000001>      <1> kbd_flag1	resb	1	;  more  */
   593 00000019 <res 00000001>      <1> alt_input	resb	1	; save alternate kbd entry code */
   594 0000001A <res 00000002>      <1> buffer_head	resw	1
   595 0000001C <res 00000002>      <1> buffer_tail	resw	1
   596                              <1> ; */
   597 0000001E <res 00000020>      <1> kbd_buffer	resw	16	; buffer empty when  head==tail */
   598                              <1> ; */
   599                              <1> ; Diskette data area */
   600 0000003E <res 00000001>      <1> seek_status	resb	1	; drive recalibration status */
   601                              <1> ; bits 3..0 drive must recalibrate before next seek */
   602 0000003F <res 00000001>      <1> motor_status	resb	1	; bits 3..0 motor running */
   603                              <1> ; bit 7 current op is write */
   604 00000040 <res 00000001>      <1> motor_count	resb	1	; timeout counter for motor turn-off */
   605 00000041 <res 00000001>      <1> fd_status	resb	1	; return code status byte */
   606 00000042 <res 00000007>      <1> fd_ctrl_stat	resb	7	; controller return bytes */
   607                              <1> ; */
   608                              <1> ; Video Display data area -- also used for video emulation */
   609 00000049 <res 00000001>      <1> vid_mode	resb	1	; current display mode */
   610 0000004A <res 00000002>      <1> vid_columns	resw	1	; no. of columns on the screen */
   611 0000004C <res 00000002>      <1> vid_buf_len	resw	1	; length of video buffer in bytes */
   612 0000004E <res 00000002>      <1> vid_start	resw	1	; start address of screen regeneration (in vid buf) */
   613 00000050 <res 00000010>      <1> vid_cursor	resw	8	; cursor postition on up to 8 screens */
   614 00000060 <res 00000002>      <1> vid_cursor_mode	resw	1
   615 00000062 <res 00000001>      <1> vid_active_page	resb	1
   616 00000063 <res 00000002>      <1> vid_addr_chip	resw	1	; I/O address for the video chip (6845,EGA,VGA) */
   617 00000065 <res 00000001>      <1> vid_crt_mode	resb	1	; current setting of the 3x8 register ???? */
   618 00000066 <res 00000001>      <1> vid_palette	resb	1	; current color setting / palette  */
   619                              <1> ; */
   620                              <1> ; POST and ROM data */
   621 00000067 <res 00000004>      <1> io_rom_addr	resd	1	; far word to ROM initialization routine */
   622                              <1> %define io_rom_addr_low io_rom_addr
   623                              <1> %define io_rom_addr_seg (io_rom_addr+2)
   624 0000006B <res 00000001>      <1> interrupt_flag	resb	1	; indicates an interrupt occurred */
   625                              <1> ; */
   626                              <1> ; Timer data area  18.206602 hz  = ~54.925 ms  */
   627 0000006C <res 00000002>      <1> timer_count_low	resw	1	; low word of timer count */
   628 0000006E <res 00000002>      <1> timer_count_high	resw	1
   629                              <1> %define timer_count timer_count_low
   630                              <1> ; use timer_count as the double word timer counter */
   631 00000070 <res 00000001>      <1> timer_overflow	resb	1	; timer has rolled over since last read */
   632                              <1> ; */
   633                              <1> ; System & Keboard data area */
   634 00000071 <res 00000001>      <1> kbd_break_flag	resb	1	; bit 7 set if Break key is pressed */
   635 00000072 <res 00000002>      <1> reset_flag	resw	1	; word=0x1234 if Reset is underway (80286) */
   636                              <1> ; */
   637                              <1> ; Fixed (Hard) disk data area */
   638 00000074 <res 00000001>      <1> hd_status	resb	1	; status info for hard disk */
   639                              <1> %define disk_status1 hd_status
   640 00000075 <res 00000001>      <1> hd_number	resb	1	; number of hard disks (for int 13h, fn 8h) */
   641 00000076 <res 00000001>      <1> control_byte	resb	1	; head control ???? */
   642 00000077 <res 00000001>      <1> port_offset	resb	1	; obsolete, maybe ???? */
   643                              <1> ; */
   644                              <1> ; Timeout counters *;
   645 00000078 <res 00000004>      <1> printer_timeout	resb	4
   646 0000007C <res 00000004>      <1> serial_timeout	resb	4	; one byte for each interface */
   647                              <1> ; */
   648                              <1> ; Keyboard additional data area -- buffer location within segment 40h */
   649 00000080 <res 00000002>      <1> buffer_start	resw	1	; offset of keyboard buffer start */
   650 00000082 <res 00000002>      <1> buffer_end	resw	1		; offset of end of kbd buffer */
   651                              <1> ; */
   652                              <1> ; EGA/PGA? data work area (graphic mode?  probably available) */
   653 00000084 <res 00000001>      <1> ega_rows	resb	1		; rows on the active screen (less 1) */
   654 00000085 <res 00000002>      <1> ega_points	resw	1		; bytes per character	*/
   655 00000087 <res 00000001>      <1> ega_info	resb	1		; mode options ???? */
   656 00000088 <res 00000001>      <1> ega_info_3	resb	1		; switch settings */
   657 00000089 <res 00000002>      <1> ega_rsvd	resb	2	; reserved for adapter mfgrs */
   658                              <1> ; */
   659                              <1> ; Disk / Diskette media data */
   660 0000008B <res 00000001>      <1> fd_last_data_rate	resb	1	; last data rate selected */
   661 0000008C <res 00000001>      <1> hd_status_reg	resb	1		; hard disk status register */
   662 0000008D <res 00000001>      <1> hd_error_reg	resb	1		; hard disk error register */
   663 0000008E <res 00000001>      <1> hd_int_flag	resb	1	; HD interrupt flag */
   664 0000008F <res 00000001>      <1> hd_cntrl	resb	1		; HD/FD combo controller bit flag */
   665 00000090 <res 00000002>      <1> hd_media	resb	2	; media state */
   666 00000092 <res 00000002>      <1> hd_op_start	resb	2	; operation start state */
   667 00000094 <res 00000002>      <1> hd_track	resb	2	; HD present cylinder number */
   668                              <1> ; */
   669                              <1> ; Additional Keyboard flags */
   670 00000096 <res 00000001>      <1> kbd_flag3	resb	1	; mode state & type flags */
   671 00000097 <res 00000001>      <1> kbd_flag2	resb	1	; kbd LED flags */
   672                              <1> ; */
   673                              <1> ; Real Time Clock data area */
   674 00000098 <res 00000004>      <1> rtc_user_flag_addr	resd	1	; far address of user's wait flag */
   675 0000009C <res 00000004>      <1> rtc_user_wait_flag	resd	1	; user wait flag */
   676 000000A0 <res 00000001>      <1> rtc_wait_active	resb	1	; 01=busy, 80=posted, 00=post acknowledge */
   677                              <1> ; */
   678                              <1> ; Miscellaneous */
   679 000000A1 <res 00000007>      <1> rsvd_network	resb	7	; reserved for network adapters */
   680 000000A8 <res 00000004>      <1> ptr_ega_save	resd	1		; far pointer to EGA parameter control block */
   681                              <1> ; */
   682                              <1> ;	byte	rsvd_unused[84];	; reserved for 386EX usage */
   683 000000AC <res 00000002>      <1> extended_memory	resw	1	; size of Extended Memory in Kilobytes */
   684                              <1> ; this size is stored in CMOS on the PC/AT */
   685 000000AE <res 00000048>      <1> rsvd_unused	resb	72	; reserved for 386EX usage */
   686 000000F6 <res 00000008>      <1> disk_tab	resb	8  		; hard disk driver table */
   687 000000FE <res 00000002>      <1> floppy_tab	resb	2		; floppy disk driver table */
   688                              <1> ; */
   689 00000100 <res 00000001>      <1> AT_status_byte	resb	1	; at 40:100h, 00500h, Print Screen Status byte */
   690                              <1> ; 00=ready/ok  01=busy  0FF=error	*/
   691                              <1> ; */
   692                              <1> ; Extentsion to BDA during BIOS startup */
   693 00000101 <res 00000001>      <1> SRAM_size	resb	1	; size of SRAM in Kilobytes */
   694 00000102 <res 0000001F>      <1> nvram_info	resb	31	; 31 bytes of NVRAM information (this may move) */
   695 00000121 <res 00000002>      <1> CPU_freq	resw	1	; CPU frequency in kilohertz */
   696                              <1> ; */
   697                              <1> endstruc
   698                                  %undef XXX
   699                                  
   700                                  NL      equ     ASCII_NL
   701                                  NUL     equ     ASCII_NUL
   702                                  
   703                                          cpu     386
   704                                          bits    16
   705                                  
   706                                  	global	origin, notice, start
   707                                  
   708                                  extern	int_zero_divide		; 0
   709                                  extern	int_single_step		; 1
   710                                  extern	int_NMI_interrupt	; 2
   711                                  extern	int_breakpoint		; 3  trap on INT3
   712                                  extern	int_overflow		; 4
   713                                  extern	int_bounds_check	; 5
   714                                  extern	int_invalid_opcode	; 6
   715                                  extern	int_FPU_escape		; 7
   716                                  
   717                                  extern	int_irq0	; (timer 0)	int_double_fault
   718                                  extern	int_irq1	; (keyboard)	int_FPU_seg_overrun
   719                                  extern	int_irq2	; (IRQ cascade)	int_invalid_TSS
   720                                  extern	int_irq3	;		int_seg_not_present
   721                                  extern	int_irq4	; (COM1)	int_stack_fault
   722                                  extern	int_irq5	;		int_gen_prot_fault
   723                                  extern	int_irq6	; (FDC)		int_page_fault
   724                                  extern	int_irq7	;
   725                                  
   726                                  extern	int_10h		; (video)	int_FPU_error
   727                                  extern	int_11h		; (equip. config)
   728                                  extern	int_12h		; (conv. memory size)
   729                                  extern	int_13h		; (disk I/O)
   730                                  extern	int_14h		; (serial I/O)
   731                                  extern	int_15h		; (cassette I/O + much more)
   732                                  extern	int_16h		; (keyboard)
   733                                  extern	int_17h		; (parallel port)
   734                                  
   735                                  extern	int_18h		; (ROM Basic)
   736                                  extern	int_19h		; (Reboot)
   737                                  extern	int_1Ah		; (CMOS clock)
   738                                  extern	int_1Bh		; (ctrl-Break)
   739                                  extern	int_1Ch		; (timer tick)
   740                                  extern	int_1Dh		; (video parameter table)
   741                                  extern	int_1Eh		; (floppy disk params)
   742                                  extern	int_1Fh		; (font 80h..0FFh)
   743                                  
   744                                  extern	int_msdos	; returns error code
   745                                  
   746                                  extern	int_40h		; Floppy disk driver
   747                                  extern	param_hd0	; fixed disk parameters
   748                                  extern	int_42h		; Video driver
   749                                  extern	param_VGA	; VGA/EGA character table
   750                                  extern	param_font	; PCjr chars 00h..7Fh
   751                                  extern	int_nop		; unused
   752                                  extern	param_hd1	; fixed disk parameters
   753                                  extern	int_4Ah		; BIOS alarm handler
   754                                  
   755                                  extern	int_EMM		; LIM EMS driver
   756                                  
   757                                  extern	int_irq8	; (1024hz clock)
   758                                  extern	int_irq9	; (irq2 redirect)
   759                                  extern	int_irq10
   760                                  extern	int_irq11
   761                                  extern	int_irq12
   762                                  extern	int_irq13
   763                                  extern	int_irq14	; (IDE interrupt)
   764                                  extern	int_irq15	; (Watchdog Timer)
   765                                  
   766                                  
   767                                  
   768                                  
   769                                  
   770                                  segment CODE
   771                                  
   772                                  origin:
   773 00000000 FA                      	cli
   774 00000001 EB57                    	jmp	start		;skip over boilerplate
   775                                  
   776                                  ; notice at the beginning of the ROM
   777                                  
   778 00000003 436F70797269676874-     db "Copyright (C) 2018  John R Coffman.  All rights reserved."
   779 0000000C 202843292032303138-
   780 00000015 20204A6F686E205220-
   781 0000001E 436F66666D616E2E20-
   782 00000027 20416C6C2072696768-
   783 00000030 747320726573657276-
   784 00000039 65642E             
   785 0000003C 00000000                dd	0
   786                                  
   787                                  segment CONST
   788                                  
   789                                  	align	2
   790                                  page0vectors:	; these are condensed
   791 00000000 [0000]                  	dw	int_zero_divide		; 0
   792 00000002 [0000]                  	dw	int_single_step		; 1
   793 00000004 [0000]                  	dw	int_NMI_interrupt	; 2
   794 00000006 [0000]                  	dw	int_breakpoint		; 3  trap on INT3
   795 00000008 [0000]                  	dw	int_overflow		; 4
   796 0000000A [0000]                  	dw	int_bounds_check	; 5
   797 0000000C [0000]                  	dw	int_invalid_opcode	; 6
   798 0000000E [0000]                  	dw	int_FPU_escape		; 7
   799                                  
   800 00000010 [0000]                  	dw	int_irq0	; (timer 0)	int_double_fault
   801 00000012 [0000]                  	dw	int_irq1	; (keyboard)	int_FPU_seg_overrun
   802 00000014 [0000]                  	dw	int_irq2	; (IRQ cascade)	int_invalid_TSS
   803 00000016 [0000]                  	dw	int_irq3	;		int_seg_not_present
   804 00000018 [0000]                  	dw	int_irq4	; (COM1)	int_stack_fault
   805 0000001A [0000]                  	dw	int_irq5	;		int_gen_prot_fault
   806 0000001C [0000]                  	dw	int_irq6	; (FDC)		int_page_fault
   807 0000001E [0000]                  	dw	int_irq7	;
   808                                  
   809 00000020 [0000]                  	dw	int_10h		; (video)	int_FPU_error
   810 00000022 [0000]                  	dw	int_11h		; (equip. config)
   811 00000024 [0000]                  	dw	int_12h		; (conv. memory size)
   812 00000026 [0000]                  	dw	int_13h		; (disk I/O)
   813 00000028 [0000]                  	dw	int_14h		; (serial I/O)
   814 0000002A [0000]                  	dw	int_15h		; (cassette I/O + much more)
   815 0000002C [0000]                  	dw	int_16h		; (keyboard)
   816 0000002E [0000]                  	dw	int_17h		; (parallel port)
   817                                  
   818 00000030 [0000]                  	dw	int_18h		; (ROM Basic)
   819 00000032 [0000]                  	dw	int_19h		; (Reboot)
   820 00000034 [0000]                  	dw	int_1Ah		; (CMOS clock)
   821 00000036 [0000]                  	dw	int_1Bh		; (ctrl-Break)
   822 00000038 [0000]                  	dw	int_1Ch		; (timer tick)
   823 0000003A [0000]                  	dw	int_1Dh		; (video parameter table)
   824 0000003C [0000]                  	dw	int_1Eh		; (floppy disk params)
   825 0000003E [0000]                  	dw	int_1Fh		; (font 80h..0FFh)
   826                                  ;
   827                                  ;  MSDOS reserved	20h .. 3Fh
   828                                  ;
   829 00000040 [0000]<rept>              times 20h dw	int_msdos	; IRET w/ error
   830                                  ;
   831 00000080 [0000]                  	dw	int_40h		; Floppy disk driver
   832 00000082 [0000]                  	dw	param_hd0	; fixed disk parameters
   833 00000084 [0000]                  	dw	int_42h		; Video driver
   834 00000086 [0000]                  	dw	param_VGA	; VGA/EGA character table
   835 00000088 [0000]                  	dw	param_font	; PCjr chars 00h..7Fh
   836 0000008A [0000]                  	dw	int_nop		; unused
   837 0000008C [0000]                  	dw	param_hd1	; fixed disk parameters
   838 0000008E [0000]<rept>              times 3  dw	int_nop		; IRET
   839 00000094 [0000]                  	dw	int_4Ah		; BIOS alarm handler
   840 00000096 [0000]<rept>              times 15h dw	int_nop		; IRET
   841                                  
   842 000000C0 [0000]<rept>              times 7  dw	int_nop		; User interrupts
   843 000000CE [0000]                    	dw	int_EMM		; LIM EMS driver
   844 000000D0 [0000]<rept>              times 8  dw	int_nop		; User interrupts
   845                                  
   846 000000E0 [0000]                    	dw	int_irq8	; (1024hz clock)
   847 000000E2 [0000]                  	dw	int_irq9	; (irq2 redirect)
   848 000000E4 [0000]                  	dw	int_irq10
   849 000000E6 [0000]                  	dw	int_irq11
   850 000000E8 [0000]                  	dw	int_irq12
   851 000000EA [0000]                  	dw	int_irq13
   852 000000EC [0000]                  	dw	int_irq14	; (IDE interrupt)
   853 000000EE [0000]                  	dw	int_irq15	; (Watchdog Timer)
   854                                  
   855 000000F0 [0000]<rept>              times 8  dw int_nop
   856                                  
   857                                  ;
   858                                  ;  Reserved locations INT 80h..0F0h for Basic
   859                                  ;  Locations 0F1h..0FFh not assigned
   860                                  
   861                                  n_page0vectors	equ	($-page0vectors)/2
   862                                  
   863                                  
   864                                  
   865                                  
   866                                  	
   867                                  
   868                                  ;
   869                                  ; WORD port initialization table
   870                                  ;
   871                                  wtab1:
   872                                  	winit	CLKPRS, 50-2	;PSCLK divider (PSCLK = (CLK2/2) / (denom+2)
   873 00000100 04F8                <1>  dw %1
   874 00000102 3000                <1>  dw %2
   875                                  			    	;initially divide by 50
   876                                  
   877                                  ; set up UCS for 64K ROM
   878                                  	winit	UCSADH, 0x000F
   879 00000104 3AF4                <1>  dw %1
   880 00000106 0F00                <1>  dw %2
   881                                  	winit	UCSADL, ZBIT9+BIT8 + 5;w.s.  BS8, MEM
   882 00000108 38F4                <1>  dw %1
   883 0000010A 0501                <1>  dw %2
   884                                  	winit	UCSMSKH, 0x0000
   885 0000010C 3EF4                <1>  dw %1
   886 0000010E 0000                <1>  dw %2
   887                                  	winit	UCSMSKL, 0xFC01	; 0x000F_0000..0x000F_FFFF; mask SMM, csEN
   888 00000110 3CF4                <1>  dw %1
   889 00000112 01FC                <1>  dw %2
   890                                  
   891                                  ; Enable SRAM select for SBC386-0 on CS4#
   892                                  SRAM_AD	equ	0x000A8000	; set at address 0xA800:0000
   893                                  SRAM_MS equ	0x00007FFF	; 15 bits
   894                                  REFRESH_AD equ	0x00020000	; refresh select address
   895                                  TEST_AD	equ	0x00010000	; do tests here
   896                                  XFER_AD equ	0x00020000
   897                                  
   898                                  
   899                                  	winit	CS4ADH, (SRAM_AD>>16)&0xFFFF	;high address
   900 00000114 22F4                <1>  dw %1
   901 00000116 0A00                <1>  dw %2
   902                                  	winit	CS4ADL, (SRAM_AD&0xF800)| ZBIT9+BIT8 + 1;w.s.  8-bit, MEM, ~RDY
   903 00000118 20F4                <1>  dw %1
   904 0000011A 0181                <1>  dw %2
   905                                  	winit	CS4MSKH, (SRAM_MS>>16)&0xFFFF|0xFC00 ;set for 32k only
   906 0000011C 26F4                <1>  dw %1
   907 0000011E 00FC                <1>  dw %2
   908                                  %if HALF_MEM
   909                                  	winit	CS4MSKL, (SRAM_MS&0xF800)|0x401	;32Kb, mask SMM, enable
   910 00000120 24F4                <1>  dw %1
   911 00000122 017C                <1>  dw %2
   912                                  %else
   913                                  	winit	CS4MSKL, (SRAM_MS&0xF800)|0x400	;32Kb, mask SMM, disable
   914                                  %endif
   915                                  
   916                                  ; set up CS0# for the external I/O at 0400..04FF
   917                                  	winit	CS0ADH, (0x400 >> 6) & 0xFFFF
   918 00000124 02F4                <1>  dw %1
   919 00000126 1000                <1>  dw %2
   920                                  	winit	CS0ADL, (0x400 <<10) & 0xFFFF | ZBIT9+ZBIT8 + ZBIT7+ 7;w.s.
   921 00000128 00F4                <1>  dw %1
   922 0000012A 0700                <1>  dw %2
   923                                  	winit	CS0MSKH, ~(0x00FF00 >> 6) & 0xFFFF
   924 0000012C 06F4                <1>  dw %1
   925 0000012E 03FC                <1>  dw %2
   926                                  	winit	CS0MSKL, ~(0x00FF00 <<10) & 0xF800 | BIT10+BIT0
   927 00000130 04F4                <1>  dw %1
   928 00000132 01FC                <1>  dw %2
   929                                  ;
   930                                  ; set up CS1# for the IDE I/O at 01F0..01FF	-- ZBIT0 disables it
   931                                  	winit	CS1ADH, (0x1F0 >> 6) & 0xFFFF
   932 00000134 0AF4                <1>  dw %1
   933 00000136 0700                <1>  dw %2
   934                                  	winit	CS1ADL, (0x1F0 <<10) & 0xFFFF | ZBIT9+ZBIT8 + ZBIT7+ 3;w.s.
   935 00000138 08F4                <1>  dw %1
   936 0000013A 03C0                <1>  dw %2
   937                                  	winit	CS1MSKH, ~(0x00FFF0 >> 6) & 0xFFFF
   938 0000013C 0EF4                <1>  dw %1
   939 0000013E 00FC                <1>  dw %2
   940                                  	winit	CS1MSKL, ~(0x00FFF0 <<10) & 0xF800 | BIT10+BIT0
   941 00000140 0CF4                <1>  dw %1
   942 00000142 013C                <1>  dw %2
   943                                  ;
   944                                  ; set up CS3# for the external Memory select at $000B_xxxx
   945                                  	winit	CS3ADH, 0x000B
   946 00000144 1AF4                <1>  dw %1
   947 00000146 0B00                <1>  dw %2
   948                                  	winit	CS3ADL, 0x0000 | ZBIT9+BIT8+ZBIT7 + 5;w.s.
   949 00000148 18F4                <1>  dw %1
   950 0000014A 0501                <1>  dw %2
   951                                  	winit	CS3MSKH, 0x0000
   952 0000014C 1EF4                <1>  dw %1
   953 0000014E 0000                <1>  dw %2
   954                                  	winit	CS3MSKL, 0xF800 | BIT10+BIT0
   955 00000150 1CF4                <1>  dw %1
   956 00000152 01FC                <1>  dw %2
   957                                  
   958                                  ;
   959                                  ; set up CS2# for the DRAM address range
   960                                  	winit	CS2ADH, 0x0000		; address == 00000000
   961 00000154 12F4                <1>  dw %1
   962 00000156 0000                <1>  dw %2
   963                                  	winit	CS2ADL, 0x0000 | BIT9+BIT8+ZBIT7 + 2;w.s.
   964 00000158 10F4                <1>  dw %1
   965 0000015A 0203                <1>  dw %2
   966                                  %if HALF_MEM
   967                                  	winit	CS2MSKH, 0x03F7		; 8000:xxxx .. F000:xxxx off limits
   968 0000015C 16F4                <1>  dw %1
   969 0000015E F703                <1>  dw %2
   970                                  %else
   971                                  	winit	CS2MSKH, 0x03FF		; DRAM and ROM overlap
   972                                  %endif
   973                                  	winit	CS2MSKL, 0xF800 | BIT10 + BIT0  ; enable the chip select
   974 00000160 14F4                <1>  dw %1
   975 00000162 01FC                <1>  dw %2
   976                                  
   977                                  %if 1
   978                                  ;
   979                                  ; set up the Refresh unit
   980                                  	winit	RFSBAD, (REFRESH_AD>>14) & 0xFFFF  ; Base Address
   981 00000164 A0F4                <1>  dw %1
   982 00000166 0800                <1>  dw %2
   983                                  	winit	RFSADD, (REFRESH_AD & 0x3FFF) | 1  ; low 14 address bits
   984 00000168 A6F4                <1>  dw %1
   985 0000016A 0100                <1>  dw %2
   986                                  	winit	RFSCIR, 16000/64 | 0xFC00	   ; for a 16mhz clk (clk2=32mhz)
   987 0000016C A2F4                <1>  dw %1
   988 0000016E FAFC                <1>  dw %2
   989                                  	winit	RFSCON, BIT15		; enable/disable the refresh
   990 00000170 A4F4                <1>  dw %1
   991 00000172 0080                <1>  dw %2
   992                                  %endif
   993                                  
   994                                  ; set up the WATCHDOG timer to monitor the bus
   995                                  ;  try to trap FPU hangs
   996                                  ;
   997                                  ;;;;	winit	WDTSTATUS, BIT1		; set BUSMON
   998                                  ; PWRCON must also be set to enable this function (a byte init)
   999                                  
  1000 00000174 FFFF                    	dw	-1		;EOF marker
  1001                                  
  1002                                  
  1003                                  
  1004                                  
  1005                                  btab1:
  1006                                          binit   PORT92_AT,0x02  ; enable the A20 line
  1007 00000176 9200                <1>  dw %1
  1008 00000178 02                  <1>  db %2
  1009                                  
  1010                                  ;    LITES[3:0], DSRST, DSCLK, RTS0#, DSDAT
  1011                                  ;;;	binit   P1LTC, 0x6F	; LITES (weak)1100 --> 1001 (inverted outputs)
  1012                                  	binit   P1LTC, 0x63	; LITES (weak)1100 --> 1001 (inverted outputs)
  1013 00000179 62F8                <1>  dw %1
  1014 0000017B 63                  <1>  db %2
  1015                                  				; DSRST asserted, DSCLK low, RTS0# de-asserted, DSDAT o.c. high 
  1016                                  ;;;	binit	P1DIR, 0x00+DSDAT	; LITES (7..4) are DRIVEN now, DSDAT is input
  1017                                  	binit	P1DIR, 0x00+BIT0 	; LITES (7..4) are DRIVEN now, DSDAT is input
  1018 0000017C 64F8                <1>  dw %1
  1019 0000017E 01                  <1>  db %2
  1020                                          binit   P1CFG, BIT1     ; RTS0# is connected to SIO0
  1021 0000017F 20F8                <1>  dw %1
  1022 00000181 02                  <1>  db %2
  1023                                  
  1024                                  ; for the WATCHDOG timer bus monitor READY function
  1025                                  ;;;;	binit	PWRCON, BIT3	; WDTRDY bit enable
  1026                                  
  1027                                  ;    CTS0, TXD0, RXD0, CS4, CS3, CS2, CS1, CS0
  1028                                          binit   P2LTC,0xFF      ; set all high
  1029 00000182 6AF8                <1>  dw %1
  1030 00000184 FF                  <1>  db %2
  1031                                          binit   P2DIR,0xA0      ; CTS0# & RXD0 are inputs
  1032 00000185 6CF8                <1>  dw %1
  1033 00000187 A0                  <1>  db %2
  1034                                          binit   P2CFG,0xFF      ; all are alternate function:
  1035 00000188 22F8                <1>  dw %1
  1036 0000018A FF                  <1>  db %2
  1037                                  
  1038                                  ;    COMCLK, SD-CS#, IR7, IR6, IR5, IR1, SD-CD#, PEREQ(sense)	
  1039                                  	binit   P3LTC,0xFF      ; set all high
  1040 0000018B 72F8                <1>  dw %1
  1041 0000018D FF                  <1>  db %2
  1042                                          binit   P3DIR,0xFF	; all are O.C. or inputs
  1043 0000018E 74F8                <1>  dw %1
  1044 00000190 FF                  <1>  db %2
  1045                                          binit   P3CFG,BIT7+ ZBIT6 +BIT5+BIT4+BIT3+BIT2 +ZBIT1+ZBIT0
  1046 00000191 24F8                <1>  dw %1
  1047 00000193 BC                  <1>  db %2
  1048                                  ; move to SDcard codes, later
  1049                                  ;
  1050                                  SDLTC	equ	P3LTC		;Latch (output) port for SDcard bits
  1051                                  SDPIN	equ	P3PIN		;Pin (input) value for port
  1052                                  SDnCS	equ	BIT6		;'not' Chip Select
  1053                                  SDnCD	equ	BIT1		;'not' Card Detect
  1054                                  
  1055                                  
  1056                                          binit   PINCFG, BIT6+ZBIT5+ZBIT4+ZBIT3+ZBIT2+ZBIT1+ZBIT0
  1057 00000194 26F8                <1>  dw %1
  1058 00000196 40                  <1>  db %2
  1059                                  
  1060                                  TIMER_STOP	equ	BIT6+BIT0 + ZBIT1 + ZBIT3 + ZBIT5 ; stop 0, 1, 2
  1061                                  TIMER_RUN	equ	TIMER_STOP + BIT1 + BIT3	; run counters 0, 1
  1062                                  
  1063                                          binit   TMRCFG, ZBIT7+TIMER_STOP ; bit6: s/w control of GATEn, bit7=0 enables all clocks
  1064 00000197 34F8                <1>  dw %1
  1065 00000199 41                  <1>  db %2
  1066                                  		;Timers enabled, 1&2 use PSCLK, 0 uses TMRCLK0 (COMCLK/2)
  1067                                  CTR0 equ ZBIT7+ZBIT6	;select counter 0
  1068                                  CTR1 equ ZBIT7+ BIT6	;select counter 1
  1069                                  CTR2 equ  BIT7+ZBIT6	;select counter 2
  1070                                  CWR01 equ BIT5+BIT4	;Write Count low, then high
  1071                                  MODE0 equ 0
  1072                                  MODE1 equ BIT1
  1073                                  ; counter 0 runs at 1.8432mhz / 2  =  921600  (just under 1mhz)
  1074                                  ; @20hz, the divisor is 46080 yielding a 50ms time slot
  1075                                  COMCLK	equ	1843200		; standard 1.8432mhz oscillator
  1076                                  BAUD	equ	9600		; default SIO0 bit rate
  1077                                  DIVISOR	equ	COMCLK/16/BAUD	; SIO0 divisor to achieve BAUD rate
  1078                                  CLKIN0	equ	COMCLK/2	; Timer0 input count rate
  1079                                  MS50	equ	CLKIN0 / 20
  1080                                  MS50HI	equ	MS50/256
  1081                                  MS50LO	equ	MS50 & 0xFF
  1082                                  
  1083                                  	binit	TMRCON, CTR0 + CWR01 + MODE0 + ZBIT0	;binary
  1084 0000019A 43F0                <1>  dw %1
  1085 0000019C 30                  <1>  db %2
  1086                                  	binit	TMR0, MS50LO	;low byte
  1087 0000019D 40F0                <1>  dw %1
  1088 0000019F 00                  <1>  db %2
  1089                                  	binit	TMR0, MS50HI	;high byte = 46080
  1090 000001A0 40F0                <1>  dw %1
  1091 000001A2 B4                  <1>  db %2
  1092                                  	binit	TMRCON, CTR1 + CWR01 + MODE0 + ZBIT0	;binary
  1093 000001A3 43F0                <1>  dw %1
  1094 000001A5 70                  <1>  db %2
  1095                                  	binit	TMR1, 0
  1096 000001A6 41F0                <1>  dw %1
  1097 000001A8 00                  <1>  db %2
  1098                                  	binit	TMR1, 0		; 65536
  1099 000001A9 41F0                <1>  dw %1
  1100 000001AB 00                  <1>  db %2
  1101                                  	binit	TMRCON, CTR2 + CWR01 + MODE0 + ZBIT0	;binary
  1102 000001AC 43F0                <1>  dw %1
  1103 000001AE B0                  <1>  db %2
  1104                                  	binit	TMR2, 0
  1105 000001AF 42F0                <1>  dw %1
  1106 000001B1 00                  <1>  db %2
  1107                                  	binit	TMR2, 0		; 65536
  1108 000001B2 42F0                <1>  dw %1
  1109 000001B4 00                  <1>  db %2
  1110                                  
  1111                                  ;
  1112                                  ; Initialize the Serial output channel 0  (SIO0)
  1113                                  ;
  1114                                          binit   SIOCFG, BIT7+ZBIT6 + BIT2+ZBIT1+ZBIT0
  1115 000001B5 36F8                <1>  dw %1
  1116 000001B7 84                  <1>  db %2
  1117                                          binit   LCR0, 0x80      ; enable divisor latch
  1118 000001B8 FB03                <1>  dw %1
  1119 000001BA 80                  <1>  db %2
  1120                                          binit   DLL0, DIVISOR & 0xFF	   ; 9600 bps
  1121 000001BB F803                <1>  dw %1
  1122 000001BD 0C                  <1>  db %2
  1123                                          binit   DLH0, (DIVISOR>>8) & 0xFF  ; **
  1124 000001BE F903                <1>  dw %1
  1125 000001C0 00                  <1>  db %2
  1126                                          binit   LCR0, 3         ; 8-bit, no parity, 1 stop bit
  1127 000001C1 FB03                <1>  dw %1
  1128 000001C3 03                  <1>  db %2
  1129                                          binit   IER0, 0         ; disable interrupts
  1130 000001C4 F903                <1>  dw %1
  1131 000001C6 00                  <1>  db %2
  1132                                          binit   MCR0, 3         ; set RTS & DTR
  1133 000001C7 FC03                <1>  dw %1
  1134 000001C9 03                  <1>  db %2
  1135                                  
  1136                                  ;;moved down        binit   TBR0, '*'       ;Test output one character
  1137                                  
  1138                                  ;
  1139                                  ; ICU initialization (must be last):
  1140                                  ;
  1141                                  	binit   INTCFG, BIT6+ZBIT5+BIT4+BIT3+BIT2+BIT1+ZBIT0
  1142 000001CA 32F8                <1>  dw %1
  1143 000001CC 5E                  <1>  db %2
  1144                                  
  1145                                  	binit	ICW1M,	BIT4+ ZBIT3 +BIT0	;bit3: 0=edge
  1146 000001CD 20F0                <1>  dw %1
  1147 000001CF 11                  <1>  db %2
  1148                                  	binit	ICW2M,	0x08			;INT 8..F vectors
  1149 000001D0 21F0                <1>  dw %1
  1150 000001D2 08                  <1>  db %2
  1151                                  	binit	ICW3M,	BIT2			;slave on IR2 is used
  1152 000001D3 21F0                <1>  dw %1
  1153 000001D5 04                  <1>  db %2
  1154                                  	binit	ICW4M,	ZBIT4+ZBIT1+BIT0	;bit4: SFNM off; bit1: AEOI off
  1155 000001D6 21F0                <1>  dw %1
  1156 000001D8 01                  <1>  db %2
  1157                                  	binit	OCW1M,	0xFF			;mask all interrupts
  1158 000001D9 21F0                <1>  dw %1
  1159 000001DB FF                  <1>  db %2
  1160                                  	binit	OCW3M,	BIT6+ZBIT5+ ZBIT4+BIT3+BIT1+BIT0 ;disable SpMskM,
  1161 000001DC 20F0                <1>  dw %1
  1162 000001DE 4B                  <1>  db %2
  1163                                  						; enable read of ISreg
  1164                                  
  1165                                  	binit	ICW1S,	BIT4+ ZBIT3 +BIT0	;bit3 0=edge
  1166 000001DF A0F0                <1>  dw %1
  1167 000001E1 11                  <1>  db %2
  1168                                  	binit	ICW2S,	0x70			;INT 70h-77h vectors
  1169 000001E2 A1F0                <1>  dw %1
  1170 000001E4 70                  <1>  db %2
  1171                                  	binit	ICW3S,	2			;slave is #2
  1172 000001E5 A1F0                <1>  dw %1
  1173 000001E7 02                  <1>  db %2
  1174                                  	binit	ICW4S,	ZBIT4+ZBIT1+BIT0	;no SFNM, no AEOI on slave
  1175 000001E8 A1F0                <1>  dw %1
  1176 000001EA 01                  <1>  db %2
  1177                                  	binit	OCW1S,	0xFF			;mask all interrupts
  1178 000001EB A1F0                <1>  dw %1
  1179 000001ED FF                  <1>  db %2
  1180                                  	binit	OCW3S,	BIT6+ZBIT5+ ZBIT4+BIT3 +BIT1+BIT0 ;disable SpMskM,
  1181 000001EE A0F0                <1>  dw %1
  1182 000001F0 4B                  <1>  db %2
  1183                                  
  1184                                  
  1185                                  
  1186                                  ; enable read of ISreg
  1187                                  ;  serial character output:
  1188                                  	binit   TBR0, '*'       ;Test output one character
  1189 000001F1 F803                <1>  dw %1
  1190 000001F3 2A                  <1>  db %2
  1191                                  
  1192 000001F4 FFFF                            dw      -1
  1193                                  
  1194                                  	global	_bda_ptr
  1195                                  	global	bda_ptr
  1196                                  _bda_ptr:
  1197 000001F6 00004000                bda_ptr:	dw	0, BDA_segment
  1198                                  
  1199                                  ; initial contents of NVRAM on ice-cold start
  1200                                  ;
  1201                                  NVRAM00:
  1202 000001FA 6B5F                    	dw	00_0000_00111_00_0_11		;serial line
  1203                                  ; no protocols, rsvd, baud=9600, no parity, 1 stop, 8-bit
  1204                                  
  1205 000001FC 0000000000000000        	db	0,0,0,0,0,0,0,0	; 8 empty disk table slots
  1206 00000204 00<rept>                	times (31-8-2) db 0
  1207                                  
  1208                                  
  1209                                  
  1210                                  segment CODE
  1211                                  ;;;;;;;;;;;;;;;;;;;;;;;;;;;;;;;;;;;;;;;;;;;;;;;;;;;;;;;;;;;;;;;;;;;;;;;;;
  1212                                  ; initb_cx	primitive entry
  1213                                  ; initb		callable entry (but uses CX)
  1214                                  ;
  1215                                  ;    Enter with:
  1216                                  ;
  1217                                  ;	DS:SI	pointing at the table of BYTES to init.
  1218                                  ;	CX	used to hold the return address
  1219                                  ;
  1220                                  ;    Exit with:
  1221                                  ;	AX,DX	trashed
  1222                                  ;	CX	used to hold the return
  1223                                  ;	SI	updated
  1224                                  ;	
  1225                                  ;	All other registers preserved
  1226                                  ;;;;;;;;;;;;;;;;;;;;;;;;;;;;;;;;;;;;;;;;;;;;;;;;;;;;;;;;;;;;;;;;;;;;;;;;;
  1227                                  initb:
  1228 00000040 59                              pop     cx
  1229                                  initb_cx:
  1230 00000041 AD                      	lodsw                   ; get destination port
  1231 00000042 89C2                            mov     dx,ax		; put where useful
  1232 00000044 40                              inc     ax              ; test for EOF
  1233 00000045 7404                    	jz	.9		; EOF? if so, return
  1234                                  
  1235 00000047 AC                      	lodsb                   ; get port value
  1236 00000048 EE                              out     dx,al           ; output port value
  1237 00000049 EBF6                            jmp     initb_cx
  1238                                  .9:
  1239 0000004B FFE1                            jmp     cx              ; EOF, return
  1240                                  
  1241                                  
  1242                                  ;;;;;;;;;;;;;;;;;;;;;;;;;;;;;;;;;;;;;;;;;;;;;;;;;;;;;;;;;;;;;;;;;;;;;;;;;
  1243                                  ; initw_cx	primitive entry
  1244                                  ; initw		callable entry (but uses CX)
  1245                                  ;
  1246                                  ;    Enter with:
  1247                                  ;
  1248                                  ;	DS:SI	pointing at the table of WORDS to init.
  1249                                  ;	CX	used to hold the return address
  1250                                  ;
  1251                                  ;    Exit with:
  1252                                  ;	AX,DX	trashed
  1253                                  ;	CX	used to hold the return
  1254                                  ;	SI	updated
  1255                                  ;	
  1256                                  ;	All other registers preserved
  1257                                  ;;;;;;;;;;;;;;;;;;;;;;;;;;;;;;;;;;;;;;;;;;;;;;;;;;;;;;;;;;;;;;;;;;;;;;;;;
  1258                                  initw:
  1259 0000004D 59                              pop     cx
  1260                                  initw_cx:
  1261 0000004E AD                      	lodsw                   ; get destination port
  1262 0000004F 89C2                            mov     dx,ax		; put where useful
  1263 00000051 40                              inc     ax              ; test for EOF
  1264 00000052 7404                    	jz	.9		; EOF? if so, return
  1265                                  
  1266 00000054 AD                      	lodsw                   ; get port value
  1267 00000055 EF                              out     dx,ax           ; output to word port
  1268 00000056 EBF6                            jmp     initw_cx
  1269 00000058 FFE1                    .9:	jmp	cx		; EOF, return
  1270                                  
  1271                                  
  1272                                  
  1273                                  segment CODE
  1274                                  ;       global  start
  1275                                  start:
  1276 0000005A FA                              cli
  1277 0000005B 89D5                    	mov	bp,dx		;save Component ID
  1278                                  ; Enable access to the Expanded I/O ports (F000..FXXX)
  1279 0000005D E423                            in	al,REMAPCFGH	; reset the state machine (state A)
  1280 0000005F B80080                          mov     ax,0x8000
  1281 00000062 E623                            out     REMAPCFGH,al	; move to (state B)
  1282 00000064 86E0                            xchg    ah,al
  1283 00000066 E622                            out     REMAPCFGL,al	; move to (state C)
  1284 00000068 E722                            out     REMAPCFG,ax	; move to (state D), sets ESE bit
  1285                                  ; Expanded I/O is now available -- ESE bit is set
  1286 0000006A FC                              cld                     ; do this as insurance (direction=forward)
  1287                                  
  1288 0000006B B8[0000]                	mov	ax,DGROUP	; set up data area (CONST & CONST2)
  1289 0000006E 8ED8                    	mov	ds,ax		;  addressing thru DS
  1290 00000070 90                      	cnop
  1291 00000071 8EC0                    	mov	es,ax		;  and ES
  1292 00000073 90                      	cnop
  1293                                  
  1294                                  ; Do the word port initialization
  1295                                  ;
  1296 00000074 BE[0001]                        mov     si,wtab1        ; get table address to SI
  1297 00000077 B9[7C00]                        mov     cx,return2      ; set return address
  1298 0000007A EBD2                            jmp     initw_cx        ; simulate call
  1299                                  return2:
  1300                                  
  1301                                  ; Do the byte port initialization
  1302                                  ;
  1303 0000007C BE[7601]                        mov     si,btab1        ; get table address to SI
  1304 0000007F B9[8400]                        mov     cx,return1      ; set return address
  1305 00000082 EBBD                            jmp     initb_cx        ; simulate call
  1306                                  return1:
  1307                                  
  1308 00000084 81FD0923                	cmp	bp,0x2309	; device ID
  1309 00000088 7401                    	je	$+3
  1310 0000008A F4                      	hlt			; not on this device
  1311 0000008B 31ED                    	xor	bp,bp		; restore to 0
  1312                                  
  1313                                  %if 1
  1314 0000008D BAFF04                  	mov	dx,0x4FF
  1315 00000090 88D0                    	mov	al,dl
  1316 00000092 EE                      	out	dx,al		; Zap jrc LEDs to 0xFF
  1317                                  %endif
  1318                                  
  1319                                  
  1320                                  ; Size the SRAM
  1321                                  size_SRAM:
  1322 00000093 BF00A8                  	mov	di,SRAM_AD>>4	; SRAM segment
  1323 00000096 8ED7                    	mov	ss,di		; set up SS
  1324 00000098 90                      	cnop
  1325 00000099 8EC7                    	mov	es,di		; set ES for later testing
  1326 0000009B 90                      	cnop
  1327 0000009C BA0020                  	mov	dx,(32<<8)	; DH=32, DL=0
  1328                                  .2:
  1329 0000009F 89D7                    	mov	di,dx		; get address
  1330 000000A1 C1E70A                  	shl	di,10		; convert to Kilobytes
  1331 000000A4 368815                     ss	mov	[di],dl		; store a byte
  1332 000000A7 FEC2                       	inc	dl
  1333 000000A9 38F2                    	cmp	dl,dh		; test up to 32K
  1334 000000AB 72F2                    	jb	.2
  1335                                  ; compute SRAM size
  1336 000000AD 362A160000                 ss	sub	dl,[0]
  1337 000000B2 C1E20A                     	shl	dx,10		; convert DL to DX=?? Kilobytes
  1338 000000B5 89D4                    	mov	sp,dx		; SS:8000h is stack start for 32K SRAM
  1339                                  
  1340                                  ; test the SRAM
  1341 000000B7 C1EA02                  	shr	dx,2		; count of DWORDs
  1342 000000BA 31F6                    	xor	si,si		; ES:SI is area to test
  1343 000000BC BB[C200]                	mov	bx, .3
  1344 000000BF E93101                  	jmp	seg_test_bx	; do the single bit test
  1345                                  .3:  ; return here
  1346                                  
  1347                                  
  1348                                  ; All okay with the SRAM
  1349                                  ; We now have a stack, & can use CALL
  1350                                  ;	shr	dx,8    (already shifted by 2) == Kbytes in DL
  1351                                  ;   so we will just use DH as the Kilobyte count
  1352                                  %if HALF_MEM
  1353 000000C2 89D5                    	mov	bp,dx		; Save SRAM size in BP for later
  1354                                  %else
  1355                                  	xor	bp,bp		; No SRAM, just DRAM was tested
  1356                                  %endif
  1357                                  
  1358                                  
  1359                                  ;
  1360                                  ; Test low 64K memory and ROM checksum
  1361                                  ;
  1362 000000C4 B001                    	mov	al,0001b	; show '0001' in the LITES
  1363 000000C6 E84F01                  	call	lites
  1364                                  ;
  1365                                  ; Test and zero the entirety of SEGMENT 0x0000:xxxx
  1366                                  ;
  1367 000000C9 31F6                    	xor	si,si
  1368 000000CB 8EC6                    	mov	es,si		; select segment 0
  1369 000000CD BA0040                  	mov	dx,1<<14	; 16K dwords = 64K bytes
  1370 000000D0 E81F01                  	call	seg_test
  1371                                  
  1372                                  ; Will halt with '0001' in the LITES if there is a memory problem
  1373                                  
  1374                                  
  1375                                  ; Calculate ROM CRC
  1376                                  ;
  1377                                  crc_computation:
  1378 000000D3 8CC8                    	mov	ax,cs
  1379 000000D5 8EC0                    	mov	es,ax		; ES:BX addresses ROM
  1380 000000D7 90                      	cnop
  1381                                  
  1382 000000D8 31C0                    	xor	ax,ax
  1383 000000DA BBF0FF                  	mov	bx,(CRC_AT+2)&0xFFFF	;start here
  1384 000000DD 31C9                    	xor	cx,cx
  1385 000000DF 31D2                    	xor	dx,dx		;overflow for 1's complement
  1386                                  ; CRC16 computation
  1387                                  	extern	crc16
  1388                                  
  1389 000000E1 E8(0000)                	call	crc16
  1390 000000E4 09C0                    	or	ax,ax		; test for zero checksum
  1391 000000E6 7401                    	jz	.1
  1392 000000E8 F4                      	hlt
  1393                                  .1:
  1394                                  
  1395                                  
  1396                                  
  1397                                  ; Determine the CPU frequency
  1398                                  
  1399                                  get_CLKOUT:
  1400 000000E9 BA34F8                  	mov	dx,TMRCFG	; Timer control
  1401 000000EC B04B                    	mov	al,TIMER_RUN	;start counters 0 & 1
  1402 000000EE EE                      	out	dx,al		; **
  1403                                  
  1404 000000EF BA20F0                  	mov	dx,OCW3M
  1405 000000F2 B04A                    	mov	al,BIT6+ZBIT5+ ZBIT4+BIT3 +BIT1+ZBIT0  ;IRreg
  1406 000000F4 EE                      	out	dx,al
  1407                                  wait00:
  1408 000000F5 EB00                    	jmp	$+2
  1409 000000F7 EB00                    	jmp	$+2
  1410 000000F9 EB00                    	jmp	$+2
  1411 000000FB EC                      	in	al,dx		;has an interrupt been generated
  1412 000000FC A801                    	test	al,BIT0		; from Timer 0
  1413 000000FE 74F5                    	jz	wait00		;Out0 is still low
  1414                                  
  1415 00000100 BA34F8                  	mov	dx,TMRCFG
  1416 00000103 B041                    	mov	al,TIMER_STOP	; turn off all the gates
  1417 00000105 EE                      	out	dx,al
  1418                                  
  1419 00000106 BA41F0                  	mov	dx,TMR1		; read what is left in timer 1
  1420 00000109 EC                      	in	al,dx		;low byte
  1421 0000010A 88C3                    	mov	bl,al
  1422 0000010C EC                      	in	al,dx		;high byte
  1423 0000010D 88C7                    	mov	bh,al
  1424 0000010F F7D3                    	not	bx		; -count-1
  1425                                  
  1426                                  ;
  1427                                  ; set up the refresh counter correctly
  1428 00000111 89D8                    	mov	ax,bx		; count in khz
  1429 00000113 C1E806                  	shr	ax,6		; divide by 64khz
  1430 00000116 BAA2F4                  	mov	dx,RFSCIR	; Refresh Count
  1431 00000119 EF                      	out	dx,ax
  1432                                  
  1433                                  ; put out CPU frequency message
  1434                                  
  1435 0000011A 8D87F401                	lea	ax,[bx+500]	; round to nearest integer
  1436 0000011E B9E803                  	mov	cx,1000
  1437 00000121 31D2                    	xor	dx,dx
  1438 00000123 F7F1                    	div	cx		;integer frequency
  1439                                  %if 1
  1440 00000125 BAFF04                  	mov	dx,0x4FF	; jrc LEDs
  1441 00000128 EE                      	out	dx,al
  1442                                  %endif
  1443 00000129 48                      	dec	ax
  1444 0000012A 48                      	dec	ax		; divisor is 2 less
  1445 0000012B BA04F8                  	mov	dx,CLKPRS	; pre-scale clock
  1446 0000012E EF                      	out	dx,ax		; PSCLK is now 1.000 mhz (1 usec clock)
  1447                                  
  1448 0000012F 6A4007                  	get_bda	ES
  1449 00000132 26891E2101                 es	mov	[CPU_freq],bx
  1450 00000137 89EB                    	mov	bx,bp		;restore SRAM size to BH
  1451 00000139 26883E0101                 es	mov	[SRAM_size],bh
  1452                                  
  1453                                  
  1454                                  %if 0
  1455                                  	pusha
  1456                                  
  1457                                  	extern	uart_det_
  1458                                  	mov	ax,0x3F8
  1459                                  ; this call will trash AX,BX,CX,DX
  1460                                  	call	uart_det_
  1461                                  ; this detection code confirms that the UART on the 386EX is a 16450
  1462                                  
  1463                                  %if 1
  1464                                  	mov	dx,0x4FF	; jrc LEDs
  1465                                  	out	dx,al
  1466                                  %endif
  1467                                  	popa
  1468                                  %endif
  1469                                  
  1470                                  
  1471 0000013E B002                    	mov	al,0010b	; show '0010' in the LITES
  1472 00000140 E8D500                  	call	lites
  1473                                  
  1474                                  ;
  1475                                  ; Test memory from 1000:0000h to 7000:FFFFh
  1476                                  ;
  1477                                  test_1to8:
  1478 00000143 31F6                    	xor	si,si
  1479 00000145 BA0040                  	mov	dx,1<<14	; 16K dwords
  1480 00000148 B80010                  	mov	ax,1000h	; 2nd 64K segment
  1481 0000014B 8EC0                    .1:	mov	es,ax		; set the segment register
  1482 0000014D 90                      	cnop
  1483 0000014E E8A100                  	call	seg_test	; halts on error
  1484 00000151 8CC0                    	mov	ax,es
  1485 00000153 80C410                  	add	ah,10h		; increment to next segment
  1486                                  %if HALF_MEM
  1487 00000156 80FC80                  	cmp	ah,0x80		; are we done
  1488                                  %else
  1489                                  	cmp	ah,0xA0		; test all of low 64K
  1490                                  %endif
  1491 00000159 72F0                    	jb	.1
  1492                                  
  1493                                  	; segment 8000:0000 is not yet enabled
  1494                                  
  1495                                  
  1496                                  ;
  1497                                  ; Set up the interrupt vectors in 0x0000:  0000h..0200h
  1498                                  ;
  1499                                  ; ES will point at location 0:0
  1500                                  ;
  1501                                  set_the_vectors:
  1502 0000015B 6A0007                  	get_loc0 ES
  1503 0000015E 31FF                    	xor	di,di
  1504                                  ; DS is set to DGROUP already
  1505 00000160 BE[0000]                	mov	si,page0vectors	; DS:SI points at word addresses
  1506 00000163 B98000                  	mov	cx,n_page0vectors
  1507 00000166 8CC8                    	mov	ax,cs		; CS=0xF000
  1508                                  .1:
  1509 00000168 A5                      	movsw			;move low word of address
  1510 00000169 AB                      	stosw			;set segment part
  1511 0000016A E2FC                    	loop	.1
  1512                                  
  1513                                  ;
  1514                                  ; vectors for int's 00..7Fh are set
  1515                                  ;
  1516                                  
  1517                                  
  1518                                  ; test for presence of the FPU
  1519                                  ;
  1520 0000016C 6A4007                  	get_bda	ES		;get the BDA pointer
  1521                                  
  1522 0000016F BA70F8                  	mov     dx,P3PIN        ; get P3 port status
  1523 00000172 EC                              in      al,dx           ; P3.0 is co-processor presence detect
  1524 00000173 A801                    	test	al,01		; test for FPU present==0, absent==1
  1525 00000175 750D                    	jnz	skip_fpu	
  1526                                  
  1527 00000177 26830E100002                es	or	word [equip_flag],BIT1	;set h/w FPU flag
  1528                                  
  1529 0000017D B005                    	mov	al,0101b		; FPU error code
  1530 0000017F E89600                  	call	lites
  1531                                  
  1532 00000182 DBE3                    	fninit				; this may hang
  1533                                  
  1534                                  skip_fpu:
  1535 00000184 B004                    	mov	al,0100b		; FPU clear code
  1536 00000186 E88F00                  	call	lites
  1537                                  
  1538                                  	extern	ext_mem_size
  1539 00000189 E8(0000)                	call	ext_mem_size
  1540                                  
  1541 0000018C 6A4007                  	get_BDA	ES
  1542                                  
  1543 0000018F 48                      	dec	ax
  1544 00000190 BAFF04                  	mov	dx,0x4FF
  1545 00000193 EE                      	out	dx,al
  1546 00000194 C1E00A                  	shl	ax,20-10			;convert MB count to Kbyte count
  1547                                  
  1548 00000197 26A3AC00                   es	mov	[extended_memory],ax	; save Ext Mem count
  1549                                  
  1550                                  ; 
  1551                                  ; read the NVRAM into the BIOS Data Area
  1552                                  ;
  1553 0000019B 6A4007                  	get_BDA	ES
  1554 0000019E BB0201                  	mov	bx,nvram_info		; ES:BX points at BDA extension
  1555                                  
  1556 000001A1 B81F20                  	mov	ax, 0x20<<8 | 31	; burst read all NVRAM
  1557                                  	extern	ds_read
  1558 000001A4 E8(0000)                	call	ds_read
  1559 000001A7 7306                    	jnc	form_crc
  1560                                  ds_err:
  1561 000001A9 B00F                    	mov	al,1111b
  1562 000001AB E86A00                  	call	lites
  1563 000001AE F4                      	hlt
  1564                                  
  1565                                  form_crc:
  1566 000001AF 6A4007                  	get_BDA	ES
  1567 000001B2 BB0201                  	mov	bx,nvram_info		; ES:BX points at BDA extension
  1568 000001B5 B91F00                  	mov	cx,31			; use 31 bytes
  1569                                  	extern	crc7
  1570 000001B8 E8(0000)                	call	crc7
  1571                                  
  1572 000001BB 6A00                    	push	0
  1573 000001BD 89E5                    	mov	bp,sp			; address the stack
  1574                                  
  1575 000001BF 08C0                    	or	al,al			; is the CRC zero?
  1576 000001C1 7412                    	jz	.2
  1577 000001C3 804E0001                	or	byte [bp],1		; flag CRC error
  1578                                  
  1579 000001C7 BE[0000]                	mov	si,DGROUP		; make sure DS is correct
  1580                                  
  1581 000001CA BE[FA01]                	mov	si,NVRAM00		;DS is already set
  1582                                  
  1583 000001CD BF0201                  	mov	di,nvram_info		; ES is *BDA
  1584 000001D0 B91F00                  	mov	cx,31
  1585 000001D3 F3A4                    	rep	movsb
  1586                                  
  1587                                  .2:
  1588                                  	extern	get_time
  1589 000001D5 E8(0000)                	call	get_time
  1590 000001D8 7304                    	jnc	.3
  1591 000001DA 804E0002                	or	byte [bp],2		; flag clock stopped
  1592                                  .3:
  1593                                  
  1594 000001DE 8B4600                  	mov	ax,[bp]			; argument to _main_
  1595                                  
  1596                                  	extern	_main__			; C-callable
  1597 000001E1 E8(0000)                	call	_main__
  1598                                  
  1599                                  
  1600                                  
  1601                                  
  1602                                  	extern	_testide__			; C-callable
  1603 000001E4 E8(0000)                	call	_testide__
  1604                                  
  1605                                    
  1606 000001E7 E82E00                  	call	lites
  1607                                  
  1608 000001EA FA                      	cli
  1609 000001EB F4                      	hlt
  1610 000001EC EBFC                    	jmp	$-2
  1611                                  
  1612                                  
  1613                                  	global	_SecBuffer
  1614                                  	global	SecBuffer
  1615                                  _SecBuffer:
  1616 000001EE 00601200                SecBuffer:	dw	6000h, 0012h
  1617                                  
  1618                                  
  1619                                  
  1620                                  ; STOP STOP STOP STOP
  1621                                  
  1622                                  segment	CODE
  1623                                  ;;;;;;;;;;;;;;;;;;;;;;;;;;;;;;;;;;;;;;;;;;;;;;;;;;;;;;;;;;;;;;;;;;;;;;;;;
  1624                                  ; seg_test -- test a segment of memory (variable size)
  1625                                  ; seg_test_bx	ditto, but returns through BX
  1626                                  ;
  1627                                  ;    Enter with:
  1628                                  ;	ES:SI	points at area to test
  1629                                  ;	DX	count of size of area in DWORDS (16K==full segment)
  1630                                  ;
  1631                                  ;    Exit with:
  1632                                  ;	ES:SI	unchanged
  1633                                  ;	DX	unchanged
  1634                                  ;	memory area is cleared to Zeroes if successful
  1635                                  ;
  1636                                  ;    Error Condition:
  1637                                  ;	*** WILL HALT ***	so have the LITES set up
  1638                                  ;
  1639                                  ;    Trashes:
  1640                                  ;	EAX
  1641                                  ;	BX	is used for the return
  1642                                  ;	CX
  1643                                  ;	DI
  1644                                  ;
  1645                                  ;;;;;;;;;;;;;;;;;;;;;;;;;;;;;;;;;;;;;;;;;;;;;;;;;;;;;;;;;;;;;;;;;;;;;;;;;
  1646                                  
  1647                                  seg_test:
  1648 000001F2 5B                      	pop	bx
  1649                                  seg_test_bx:
  1650                                  
  1651 000001F3 66B801000000            	mov	eax,1		; EAX = 0000_0001h
  1652                                  .4:
  1653 000001F9 31FF                    	xor	di,di		;
  1654 000001FB 89D1                    	mov	cx,dx		; set DWORD count
  1655 000001FD F366AB                  	rep stosd		; store all of memory
  1656                                  
  1657 00000200 89D1                    	mov	cx,dx		; reset the count
  1658 00000202 31FF                    	xor	di,di		; reset start address
  1659 00000204 F366AF                  	repe	scasd		;
  1660 00000207 7401                    	je	.5		; continue on no error
  1661 00000209 F4                      	hlt			; with the LITES as set
  1662                                  
  1663 0000020A 66D1E0                  .5:	shl	eax,1
  1664 0000020D 73EA                    	jnc	.4
  1665                                  ; now zero the SRAM
  1666 0000020F 31FF                    	xor	di,di		; reset the start address
  1667 00000211 89D1                    	mov	cx,dx		; reset the count
  1668 00000213 F366AB                  	rep	stosd		; zero the SRAM
  1669                                  
  1670 00000216 FFE3                    	jmp	bx	; return
  1671                                  
  1672                                  
  1673                                  ;;;;;;;;;;;;;;;;;;;;;;;;;;;;;;;;;;;;;;;;;;;;;;;;;;;;;;;;;;;;;;;;;;;;;;;;;
  1674                                  ; lites -- show a 4-bit value in the lites
  1675                                  ; lites_ -- Watcom C callable:   "int lites(int value);"
  1676                                  ;
  1677                                  ;    Enter with:
  1678                                  ;	AL	set to value to display (0h..0Fh)
  1679                                  ;
  1680                                  ;    Exit with:
  1681                                  ;	All registers preserved
  1682                                  ;
  1683                                  ;;;;;;;;;;;;;;;;;;;;;;;;;;;;;;;;;;;;;;;;;;;;;;;;;;;;;;;;;;;;;;;;;;;;;;;;;
  1684                                  	global	lites_
  1685                                  lites_:
  1686                                  lites:
  1687 00000218 5250                    	pushm	ax,dx
  1688                                  
  1689 0000021A FA                      	cli
  1690 0000021B FC                      	cld
  1691 0000021C BA62F8                  	mov	dx,P1LTC	; get the LITES latch
  1692 0000021F F6D0                    	not	al
  1693 00000221 C0E004                  	shl	al,4		; shift complement to position
  1694 00000224 88C4                    	mov	ah,al		; save in AH
  1695 00000226 EC                      	in	al,dx		; read the latch
  1696 00000227 240F                    	and	al,0Fh		; preserve bits
  1697 00000229 08E0                    	or	al,ah		; set the new bits
  1698 0000022B EE                      	out	dx,al		; put out the new LITES value
  1699                                  
  1700 0000022C 585A                    	popm	ax,dx
  1701 0000022E C3                      	ret
  1702                                  
  1703                                  	global	jleds_
  1704                                  jleds_:
  1705 0000022F 52                      	pushm	dx
  1706 00000230 BAFF04                  	mov	dx,0x4FF
  1707 00000233 EE                      	out	dx,al
  1708 00000234 5A                      	popm	dx
  1709 00000235 C3                      	ret
  1710                                  
  1711                                  	global	jledsh_
  1712                                  jledsh_:
  1713 00000236 52                      	pushm	dx
  1714 00000237 BAFF04                  	mov	dx,0x4FF
  1715 0000023A EE                      	out	dx,al
  1716 0000023B 5A                      	popm	dx
  1717 0000023C FA                      	cli
  1718 0000023D F4                      	hlt
  1719 0000023E C3                      	ret
  1720                                  
  1721                                  
  1722                                  
  1723                                  ;****** debugging stuff ******
  1724                                  %if 0
  1725                                  
  1726                                  
  1727                                  ; Hexadecimal output:
  1728                                  ; extdword(EAX)
  1729                                  ; dword(DX:AX) word(AX) byte(AL) nibble(AL[3..0])   output
  1730                                  ;
  1731                                  eout:   ror     eax,16          ; put out high word first
  1732                                          call    wout
  1733                                          shr     eax,16          ; put out the low word
  1734                                          jmp     wout
  1735                                  dout:   xchg    ax,dx           ; put out DX first
  1736                                          call    wout
  1737                                          mov     ax,dx
  1738                                  wout:   xchg    ah,al           ; put out AH first
  1739                                          call    bout
  1740                                          mov     al,ah           ; put out former AL
  1741                                  bout:   push    ax              ; save AL
  1742                                          shr     al,4            ; position High nibble
  1743                                          call    nout            ; write high nibble
  1744                                          pop     ax
  1745                                  nout:   and     al,0x0F         ; mask low nibble
  1746                                          daa                     ; divide by 10, AH=quotient, AL=remainder
  1747                                          add     al,0xF0         ; propagate quotient into the Carry flag
  1748                                          adc     al,0x40         ; form HEX digit
  1749                                          jmp     putc            ; 'putc' does the return
  1750                                  
  1751                                  
  1752                                  
  1753                                  ;
  1754                                  ; output an ASCII_SP to the console
  1755                                  ;
  1756                                  space:
  1757                                  	mov	al,ASCII_SP
  1758                                  	jmp	putc
  1759                                  ;
  1760                                  ; output a CR/LF to the console
  1761                                  ;
  1762                                  ;;crlf:
  1763                                  ;
  1764                                  ; outc -- write an ASCII 'cooked' character
  1765                                  ;       Convert NL to CR,NL
  1766                                  ;
  1767                                  outc:
  1768                                          cmp     al,ASCII_NL     ; test for NL
  1769                                          jne     putc            ; if not, just put out the character
  1770                                  crlf:
  1771                                          mov     al,ASCII_CR     ; get a CR
  1772                                          call    putc            ; write it out
  1773                                          mov     al,ASCII_NL     ; restore NL
  1774                                  ;
  1775                                  ; putc -- put out a character in AL to the SIO0 port
  1776                                  ;
  1777                                  putc:
  1778                                  	push	dx		; register save
  1779                                  	push	ax		; PUSH EAX
  1780                                  putc1:
  1781                                          mov     dx,LSR0         ; Line Status Register
  1782                                  
  1783                                          in      al,dx
  1784                                          test    al,LSR_TBE      ; Transmit Buffer Empty
  1785                                          jz      putc1
  1786                                  
  1787                                          pop     ax
  1788                                          mov     dx,TBR0         ; Transmit buffer register
  1789                                          out     dx,al           ; send the character
  1790                                  
  1791                                          pop     dx              ; register restore
  1792                                          ret
  1793                                  %endif
  1794                                  
  1795                                  
  1796                                  
  1797                                  ;        setloc (0x100000-(ROM<<10)-16)
  1798 0000023F 90                      	align	16
  1799                                  ;;;;;;;;;;;;;;;;;;;;;;;;;;;;;;;;;;;;;;;;;;;;;;;;;;;;;;;;;;;;;;;;;;;;;;;;;
  1800                                  ; The Real Mode statup jump
  1801                                  ;;;;;;;;;;;;;;;;;;;;;;;;;;;;;;;;;;;;;;;;;;;;;;;;;;;;;;;;;;;;;;;;;;;;;;;;;
  1802                                  	bits	16
  1803 00000240 EA[0000][0000]          	jmp	far origin
  1804 00000245 FF<rept>                	times 9 db 0FFh
  1805 0000024E FC00                    	db	0FCh, 00h		; PC/AT
  1806                                  
  1807                                  segment BOOT
  1808                                  %include "boot.asm"
  1809                              <1> ;;;;;;;;;;;;;;;;;;;;;;;;;;;;;;;;;;;;;;;;;;;;;;;;;;;;;;;;;;;;;;;;;;;;;;;;;
  1810                              <1> ;boot.asm
  1811                              <1> ;;;;;;;;;;;;;;;;;;;;;;;;;;;;;;;;;;;;;;;;;;;;;;;;;;;;;;;;;;;;;;;;;;;;;;;;;
  1812                              <1> ; The Real Mode statup jump
  1813                              <1> ;;;;;;;;;;;;;;;;;;;;;;;;;;;;;;;;;;;;;;;;;;;;;;;;;;;;;;;;;;;;;;;;;;;;;;;;;
  1814                              <1> 	bits	16
  1815                              <1> 
  1816                              <1> SEGBASE equ 0x10000-(ROM<<6)
  1817                              <1> 
  1818                              <1>         align   16
  1819                              <1> bootstrap:
  1820 00000000 EA000000F0          <1>         jmp     SEGBASE:0000	; 5 byte real-mode far call
  1821                              <1> %include "date.inc"
  1822                              <2> ; date.inc
  1823                              <2> ;
  1824                              <2> ; must be exactly 8 characters
  1825                              <2> ;
  1826 00000005 30332F32342F3138    <2> 	db	"03/24/18"
  1827 0000000D FFFC00              <1> 	db	0xFF, 0xFC, 0x00	; PC/AT
  1828                              <1> 
  1829                              <1> 
  1830                              <1> 
  1831                              <1> 
  1832                                  
