     1                                  ;;;;;;;;;;;;;;;;;;;;;;;;;;;;;;;;;;;;;;;;;;;;;;;;;;;;;;;;;;;;;;;;;;;;;;;;;;;;;
     2                                  ; 13h_disk.asm -- hard disk calls
     3                                  ;;;;;;;;;;;;;;;;;;;;;;;;;;;;;;;;;;;;;;;;;;;;;;;;;;;;;;;;;;;;;;;;;;;;;;;;;;;;;
     4                                  ;
     5                                  ; Copyright (C) 2018 John R. Coffman.  All rights reserved.
     6                                  ; Provided for hobbyist use on the RetroBrew SBC-386EX board.
     7                                  ;
     8                                  ; This program is free software: you can redistribute it and/or modify
     9                                  ; it under the terms of the GNU General Public License as published by
    10                                  ; the Free Software Foundation, either version 3 of the License, or
    11                                  ; (at your option) any later version.
    12                                  ;
    13                                  ; This program is distributed in the hope that it will be useful,
    14                                  ; but WITHOUT ANY WARRANTY; without even the implied warranty of
    15                                  ; MERCHANTABILITY or FITNESS FOR A PARTICULAR PURPOSE.  See the
    16                                  ; GNU General Public License for more details.
    17                                  ;
    18                                  ; You should have received a copy of the GNU General Public License
    19                                  ; along with this program in the file COPYING in the topmost source
    20                                  ; directory.  If not, see <http://www.gnu.org/licenses/>.
    21                                  ;
    22                                  ;
    23                                  ; SBC-386 board revisions:
    24                                  ;       SBC386-0   prototype / concept testing
    25                                  ;	SBC-386EX 2.0	production / January 2018
    26                                  ;
    27                                  ; Assembly by NASM 2.08 is preferred
    28                                  ;;;;;;;;;;;;;;;;;;;;;;;;;;;;;;;;;;;;;;;;;;;;;;;;;;;;;;;;;;;;;;;;;;;;;;;;;;;;;
    29                                  %include "seg_def.inc"
    30                              <1> ; SEG_DEF.inc
    31                              <1> ;
    32                              <1> %ifndef SEG_DEF
    33                              <1> %define SEG_DEF 1
    34                              <1> 
    35                              <1> segment _TEXT	use16 	align=16	class=CODE	public
    36                              <1> 
    37                              <1> segment CONST		align=16	class=DATA	public
    38                              <1> segment CONST2		align=2		class=DATA	public
    39                              <1> segment _DATA		align=16	class=DATA	public
    40                              <1> segment _BSS		align=16	class=DATA	public
    41                              <1> ;group DGROUP CONST2 CONST _DATA _BSS
    42                              <1> 
    43                              <1> group DGROUP  _TEXT CONST2 CONST _DATA _BSS
    44                              <1> 
    45                              <1> 
    46                              <1> segment BOOT at 0xFFFF	align=16	class=BOOT	use16
    47                              <1> 
    48                              <1> %define XXX
    49                              <1> %endif
    50                              <1> ;
    51                              <1> ; end SEG_DEF.inc
    30                                  %include "i386ex.inc"
    31                              <1> ;/*;;;;;;;;;;;;;;;;;;;;;;;;;;;;;;;;;;;;;;;;;;;;;;;;;;;;;;;;;;;;;;;;;;;;;;
    32                              <1> ; i386EX.inc  --  register definitions for the Intel 80386EX processor
    33                              <1> ;;;;;;;;;;;;;;;;;;;;;;;;;;;;;;;;;;;;;;;;;;;;;;;;;;;;;;;;;;;;;;;;;;;;;;;;;
    34                              <1> ;
    35                              <1> ; Copyright (C) 2018 John R. Coffman.  All rights reserved.
    36                              <1> ; Provided for hobbyist use on the RetroBrew SBC-386 board.
    37                              <1> ;
    38                              <1> ; This program is free software: you can redistribute it and/or modify
    39                              <1> ; it under the terms of the GNU General Public License as published by
    40                              <1> ; the Free Software Foundation, either version 3 of the License, or
    41                              <1> ; (at your option) any later version.
    42                              <1> ;
    43                              <1> ; This program is distributed in the hope that it will be useful,
    44                              <1> ; but WITHOUT ANY WARRANTY; without even the implied warranty of
    45                              <1> ; MERCHANTABILITY or FITNESS FOR A PARTICULAR PURPOSE.  See the
    46                              <1> ; GNU General Public License for more details.
    47                              <1> ;
    48                              <1> ; You should have received a copy of the GNU General Public License
    49                              <1> ; along with this program in the file COPYING in the topmost source
    50                              <1> ; directory.  If not, see <http://www.gnu.org/licenses/>.
    51                              <1> ;
    52                              <1> ;
    53                              <1> ; SBC-386 board revisions:
    54                              <1> ;       SBC386-0   prototype / concept testing
    55                              <1> ;	SBC386EX 2.0 production board (Jan 2018, not 2017 as labeled)
    56                              <1> ;
    57                              <1> ; Assembly by NASM 2.08 is preferred
    58                              <1> ;;;;;;;;;;;;;;;;;;;;;;;;;;;;;;;;;;;;;;;;;;;;;;;;;;;;;;;;;;;;;;;;;;;;;;;;*/
    59                              <1> 
    60                              <1> ;/* i386EX.inc  --  register definitions for the Intel 80386EX processor
    61                              <1> ;
    62                              <1> %define defb
    63                              <1> %define defw
    64                              <1> %define defd
    65                              <1> ;*/
    66                              <1> 
    67                              <1> ;/* The Address Configuration register
    68                              <1> ;*/
    69                              <1> defb REMAPCFGH  equ     0x0023
    70                              <1> defb REMAPCFGL  equ     0x0022
    71                              <1> defw REMAPCFG   equ     0x0022
    72                              <1> 
    73                              <1> ;/* The A20gate and fast CPU Reset
    74                              <1> ;*/
    75                              <1> defb PORT92     equ     0xF092
    76                              <1> defb PORT92_AT  equ     0x0092
    77                              <1> 
    78                              <1> ;
    79                              <1> ;/* The DMA Controller and Bus Arbiter
    80                              <1> ;*/
    81                              <1> defb DMA0TAR    equ     0xF000
    82                              <1> defb DMA0TAR_AT equ     0x0000
    83                              <1> defb DMA0BYC    equ     0xF001
    84                              <1> defb DMA0BYC_AT equ     0x0001
    85                              <1> defb DMA1TAR    equ     0xF002
    86                              <1> defb DMA1TAR_AT equ     0x0002
    87                              <1> defb DMA1BYC    equ     0xF003
    88                              <1> defb DMA1BYC_AT equ     0x0003
    89                              <1> defb DMACMD1    equ     0xF008
    90                              <1> defb DMACMD1_AT equ     0x0008
    91                              <1> defb DMASTS     equ     0xF008
    92                              <1> defb DMASTS_AT  equ     0x0008
    93                              <1> defb DMASRR     equ     0xF009
    94                              <1> defb DMASRR_AT  equ     0x0009
    95                              <1> defb DMAMSK     equ     0xF00A
    96                              <1> defb DMAMSK_AT  equ     0x000A
    97                              <1> defb DMAMOD1    equ     0xF00B
    98                              <1> defb DMAMOD1_AT equ     0x000B
    99                              <1> defb DMACLRBP   equ     0xF00C
   100                              <1> defb DMACLRBP_AT equ    0x000C
   101                              <1> defb DMACLR     equ     0xF00D
   102                              <1> defb DMACLR_AT  equ     0x000D
   103                              <1> defb DMACLRMSK  equ     0xF00E
   104                              <1> defb DMACLRMSK_AT equ   0x000E
   105                              <1> defb DMAGRPMSK  equ     0xF00F
   106                              <1> defb DMAGRPMSK_AT equ   0x000F
   107                              <1> defb DMA0REQ0_1 equ     0xF010
   108                              <1> defb DMA0REQ2_3 equ     0xF011
   109                              <1> defb DMA1REQ0_1 equ     0xF012
   110                              <1> defb DMA1REQ2_3 equ     0xF013
   111                              <1> defb DMABSR     equ     0xF018
   112                              <1> defb DMACHR     equ     0xF019
   113                              <1> defb DMAIS      equ     0xF019
   114                              <1> defb DMACMD2    equ     0xF01A
   115                              <1> defb DMAMOD2    equ     0xF01B
   116                              <1> defb DMAIEN     equ     0xF01C
   117                              <1> defb DMAOVFE    equ     0xF01D
   118                              <1> defb DMACLRTC   equ     0xF01E
   119                              <1> ;
   120                              <1> ;/* The DMA Page Registers
   121                              <1> ;*/
   122                              <1> defb DMA1TAR2    equ    0xF083
   123                              <1> defb DMA1TAR2_AT equ    0x0083
   124                              <1> defb DMA1TAR3    equ    0xF085
   125                              <1> defb DMA1TAR3_AT equ    0x0085
   126                              <1> defb DMA0TAR3    equ    0xF086
   127                              <1> defb DMA0TAR3_AT equ    0x0086
   128                              <1> defb DMA0TAR2    equ    0xF087
   129                              <1> defb DMA0TAR2_AT equ    0x0087
   130                              <1> ;
   131                              <1> defb DMA0BYC2   equ     0xF098
   132                              <1> defb DMA1BYC2   equ     0xF099
   133                              <1> 
   134                              <1> ;
   135                              <1> ;/* The Master Interrupt Controller
   136                              <1> ;*/
   137                              <1> defb ICW1M_AT   equ     0x0020
   138                              <1> defb ICW2M_AT   equ     0x0021
   139                              <1> defb ICW3M_AT   equ     0x0021
   140                              <1> defb ICW4M_AT   equ     0x0021
   141                              <1> defb OCW1M_AT   equ     0x0021
   142                              <1> defb OCW2M_AT   equ     0x0020
   143                              <1> defb OCW3M_AT   equ     0x0020
   144                              <1> 
   145                              <1> defb ICW1M      equ     0xF020
   146                              <1> defb ICW2M      equ     0xF021
   147                              <1> defb ICW3M      equ     0xF021
   148                              <1> defb ICW4M      equ     0xF021
   149                              <1> defb OCW1M      equ     0xF021
   150                              <1> defb OCW2M      equ     0xF020
   151                              <1> defb OCW3M      equ     0xF020
   152                              <1> defb IRR_M	equ	0xF020
   153                              <1> 
   154                              <1> ;
   155                              <1> ;/* The Slave Interrupt Controller
   156                              <1> ;*/
   157                              <1> defb ICW1S_AT   equ     0x00A0
   158                              <1> defb ICW2S_AT   equ     0x00A1
   159                              <1> defb ICW3S_AT   equ     0x00A1
   160                              <1> defb ICW4S_AT   equ     0x00A1
   161                              <1> defb OCW1S_AT   equ     0x00A1
   162                              <1> defb OCW2S_AT   equ     0x00A0
   163                              <1> defb OCW3S_AT   equ     0x00A0
   164                              <1> defb IRR_M_AT	equ	0x00A0
   165                              <1> 
   166                              <1> defb ICW1S      equ     0xF0A0
   167                              <1> defb ICW2S      equ     0xF0A1
   168                              <1> defb ICW3S      equ     0xF0A1
   169                              <1> defb ICW4S      equ     0xF0A1
   170                              <1> defb OCW1S      equ     0xF0A1
   171                              <1> defb OCW2S      equ     0xF0A0
   172                              <1> defb OCW3S      equ     0xF0A0
   173                              <1> 
   174                              <1> ;
   175                              <1> ;/* The Timer/Counter Unit
   176                              <1> ;*/
   177                              <1> defb    TMR0    equ     0xF040
   178                              <1> defb    TMR0_AT equ     0x0040
   179                              <1> defb    TMR1    equ     0xF041
   180                              <1> defb    TMR1_AT equ     0x0041
   181                              <1> defb    TMR2    equ     0xF042
   182                              <1> defb    TMR2_AT equ     0x0042
   183                              <1> defb    TMRCON  equ     0xF043
   184                              <1> defb    TMRCON_AT  equ  0x0043
   185                              <1> 
   186                              <1> ;
   187                              <1> ;/* The Chip Select Unit
   188                              <1> ;*/
   189                              <1> defw    CS0ADL  equ     0xF400
   190                              <1> defw    CS0ADH  equ     0xF402
   191                              <1> defw    CS0MSKL equ     0xF404
   192                              <1> defw    CS0MSKH equ     0xF406
   193                              <1> defw    CS1ADL  equ     0xF408
   194                              <1> defw    CS1ADH  equ     0xF40A
   195                              <1> defw    CS1MSKL equ     0xF40C
   196                              <1> defw    CS1MSKH equ     0xF40E
   197                              <1> defw    CS2ADL  equ     0xF410
   198                              <1> defw    CS2ADH  equ     0xF412
   199                              <1> defw    CS2MSKL equ     0xF414
   200                              <1> defw    CS2MSKH equ     0xF416
   201                              <1> defw    CS3ADL  equ     0xF418
   202                              <1> defw    CS3ADH  equ     0xF41A
   203                              <1> defw    CS3MSKL equ     0xF41C
   204                              <1> defw    CS3MSKH equ     0xF41E
   205                              <1> defw    CS4ADL  equ     0xF420
   206                              <1> defw    CS4ADH  equ     0xF422
   207                              <1> defw    CS4MSKL equ     0xF424
   208                              <1> defw    CS4MSKH equ     0xF426
   209                              <1> defw    CS5ADL  equ     0xF428
   210                              <1> defw    CS5ADH  equ     0xF42A
   211                              <1> defw    CS5MSKL equ     0xF42C
   212                              <1> defw    CS5MSKH equ     0xF42E
   213                              <1> defw    CS6ADL  equ     0xF430
   214                              <1> defw    CS6ADH  equ     0xF432
   215                              <1> defw    CS6MSKL equ     0xF434
   216                              <1> defw    CS6MSKH equ     0xF436
   217                              <1> defw    UCSADL  equ     0xF438
   218                              <1> defw    UCSADH  equ     0xF43A
   219                              <1> defw    UCSMSKL equ     0xF43C
   220                              <1> defw    UCSMSKH equ     0xF43E
   221                              <1> 
   222                              <1> ;
   223                              <1> ;/* The Synchronous Serial I/O Unit
   224                              <1> ;*/
   225                              <1> defw    SSIOTBUF equ    0xF480
   226                              <1> defw    SSIORBUF equ    0xF482
   227                              <1> defw    SSIOBAUD equ    0xF484
   228                              <1> defw    SSIOCON1 equ    0xF486
   229                              <1> defw    SSIOCON2 equ    0xF488
   230                              <1> defw    SSIOCTR  equ    0xF48A
   231                              <1> 
   232                              <1> ;
   233                              <1> ;/* The Refresh Control Unit
   234                              <1> ;*/
   235                              <1> defw    RFSBAD  equ     0xF4A0
   236                              <1> defw    RFSCIR  equ     0xF4A2
   237                              <1> defw    RFSCON  equ     0xF4A4
   238                              <1> defw    RFSADD  equ     0xF4A6
   239                              <1> 
   240                              <1> ;
   241                              <1> ;/* The Watchdog Timer Unit
   242                              <1> ;*/
   243                              <1> defw    WDTRLDH equ     0xF4C0
   244                              <1> defw    WDTRLDL equ     0xF4C2
   245                              <1> defw    WDTCNTH equ     0xF4C4
   246                              <1> defw    WDTCNTL equ     0xF4C6
   247                              <1> defw    WDTCLR  equ     0xF4C8
   248                              <1> defb    WDTSTATUS  equ  0xF4CA
   249                              <1> 
   250                              <1> ;
   251                              <1> ;/* Clock Generation and Power Management
   252                              <1> ;*/
   253                              <1> defb    PWRCON  equ     0xF800
   254                              <1> defw    CLKPRS  equ     0xF804
   255                              <1> 
   256                              <1> ;
   257                              <1> ;/* Device Configuration Registers
   258                              <1> ;*/
   259                              <1> defb    P1CFG   equ     0xF820
   260                              <1> defb    P2CFG   equ     0xF822
   261                              <1> defb    P3CFG   equ     0xF824
   262                              <1> defb    PINCFG  equ     0xF826
   263                              <1> defb    DMACFG  equ     0xF830
   264                              <1> defb    INTCFG  equ     0xF832
   265                              <1> defb    TMRCFG  equ     0xF834
   266                              <1> defb    SIOCFG  equ     0xF836
   267                              <1> 
   268                              <1> ;
   269                              <1> ;/* Parallel I/O Ports
   270                              <1> ;*/
   271                              <1> defb    P1PIN   equ     0xF860
   272                              <1> defb    P1LTC   equ     0xF862
   273                              <1> defb    P1DIR   equ     0xF864
   274                              <1> defb    P2PIN   equ     0xF868
   275                              <1> defb    P2LTC   equ     0xF86A
   276                              <1> defb    P2DIR   equ     0xF86C
   277                              <1> defb    P3PIN   equ     0xF870
   278                              <1> defb    P3LTC   equ     0xF872
   279                              <1> defb    P3DIR   equ     0xF874
   280                              <1> 
   281                              <1> 
   282                              <1> ; bits.inc
   283                              <1> ;
   284                              <1> ; assembly language bit definitions
   285                              <1> ;
   286                              <1> defb    BIT0    equ     0x01
   287                              <1> defb    BIT1    equ     0x02
   288                              <1> defb    BIT2    equ     0x04
   289                              <1> defb    BIT3    equ     0x08
   290                              <1> defb    BIT4    equ     0x10
   291                              <1> defb    BIT5    equ     0x20
   292                              <1> defb    BIT6    equ     0x40
   293                              <1> defb    BIT7    equ     0x80
   294                              <1> 
   295                              <1> defw    BIT8    equ     0x0100
   296                              <1> defw    BIT9    equ     0x0200
   297                              <1> defw    BIT10   equ     0x0400
   298                              <1> defw    BIT11   equ     0x0800
   299                              <1> defw    BIT12   equ     0x1000
   300                              <1> defw    BIT13   equ     0x2000
   301                              <1> defw    BIT14   equ     0x4000
   302                              <1> defw    BIT15   equ     0x8000
   303                              <1> 
   304                              <1> defd    BIT16   equ     0x00010000
   305                              <1> defd    BIT31   equ     0x80000000
   306                              <1> 
   307                              <1> defb    ZBIT0    equ     0
   308                              <1> defb    ZBIT1    equ     0
   309                              <1> defb    ZBIT2    equ     0
   310                              <1> defb    ZBIT3    equ     0
   311                              <1> defb    ZBIT4    equ     0
   312                              <1> defb    ZBIT5    equ     0
   313                              <1> defb    ZBIT6    equ     0
   314                              <1> defb    ZBIT7    equ     0
   315                              <1> 
   316                              <1> defw    ZBIT8    equ     0
   317                              <1> defw    ZBIT9    equ     0
   318                              <1> defw    ZBIT10   equ     0
   319                              <1> defw    ZBIT11   equ     0
   320                              <1> defw    ZBIT12   equ     0
   321                              <1> defw    ZBIT13   equ     0
   322                              <1> defw    ZBIT14   equ     0
   323                              <1> defw    ZBIT15   equ     0
   324                              <1> 
   325                              <1> 
   326                              <1> ;
   327                              <1> ;/* Asynchronout Serial I/O channel 0  (COM1)
   328                              <1> ;*/
   329                              <1> defb    RBR0_F4 equ     0xF4F8
   330                              <1> defb    TBR0_F4 equ     0xF4F8
   331                              <1> defb    DLL0_F4 equ     0xF4F8
   332                              <1> defb    DLH0_F4 equ     0xF4F9
   333                              <1> defb    IER0_F4 equ     0xF4F9
   334                              <1> defb    IIR0_F4 equ     0xF4FA
   335                              <1> defb    LCR0_F4 equ     0xF4FB
   336                              <1> defb    MCR0_F4 equ     0xF4FC
   337                              <1> defb    LSR0_F4 equ     0xF4FD
   338                              <1> defb    MSR0_F4 equ     0xF4FE
   339                              <1> defb    SCR0_F4 equ     0xF4FF
   340                              <1> 
   341                              <1> %define MFPIC 0
   342                              <1> %if MFPIC
   343                              <1> defb    RBR0    equ     0x0448
   344                              <1> defb    TBR0    equ     0x0448
   345                              <1> defb    DLL0    equ     0x0448
   346                              <1> defb    DLH0    equ     0x0449
   347                              <1> defb    IER0    equ     0x0449
   348                              <1> defb    IIR0    equ     0x044A
   349                              <1> defb    LCR0    equ     0x044B
   350                              <1> defb    MCR0    equ     0x044C
   351                              <1> defb    LSR0    equ     0x044D
   352                              <1> defb    MSR0    equ     0x044E
   353                              <1> defb    SCR0    equ     0x044F
   354                              <1> %else
   355                              <1> defb    RBR0    equ     0x03F8
   356                              <1> defb    TBR0    equ     0x03F8
   357                              <1> defb    DLL0    equ     0x03F8
   358                              <1> defb    DLH0    equ     0x03F9
   359                              <1> defb    IER0    equ     0x03F9
   360                              <1> defb    IIR0    equ     0x03FA
   361                              <1> defb    LCR0    equ     0x03FB
   362                              <1> defb    MCR0    equ     0x03FC
   363                              <1> defb    LSR0    equ     0x03FD
   364                              <1> defb    MSR0    equ     0x03FE
   365                              <1> defb    SCR0    equ     0x03FF
   366                              <1> %endif
   367                              <1> 
   368                              <1> ;
   369                              <1> ;/* Asynchronout Serial I/O channel 1  (COM2)
   370                              <1> ;*/
   371                              <1> defb    RBR1_F8 equ     0xF8F8
   372                              <1> defb    TBR1_F8 equ     0xF8F8
   373                              <1> defb    DLL1_F8 equ     0xF8F8
   374                              <1> defb    DLH1_F8 equ     0xF8F9
   375                              <1> defb    IER1_F8 equ     0xF8F9
   376                              <1> defb    IIR1_F8 equ     0xF8FA
   377                              <1> defb    LCR1_F8 equ     0xF8FB
   378                              <1> defb    MCR1_F8 equ     0xF8FC
   379                              <1> defb    LSR1_F8 equ     0xF8FD
   380                              <1> defb    MSR1_F8 equ     0xF8FE
   381                              <1> defb    SCR1_F8 equ     0xF8FF
   382                              <1> 
   383                              <1> defb    RBR1    equ     0x02F8
   384                              <1> defb    TBR1    equ     0x02F8
   385                              <1> defb    DLL1    equ     0x02F8
   386                              <1> defb    DLH1    equ     0x02F9
   387                              <1> defb    IER1    equ     0x02F9
   388                              <1> defb    IIR1    equ     0x02FA
   389                              <1> defb    LCR1    equ     0x02FB
   390                              <1> defb    MCR1    equ     0x02FC
   391                              <1> defb    LSR1    equ     0x02FD
   392                              <1> defb    MSR1    equ     0x02FE
   393                              <1> defb    SCR1    equ     0x02FF
   394                              <1> 
   395                              <1> ;/* LSRx bits
   396                              <1> ;*/
   397                              <1> defb    LSR_TE  equ     BIT6
   398                              <1> defb    LSR_TBE equ     BIT5
   399                              <1> defb    LSR_BI  equ     BIT4
   400                              <1> defb    LSR_FE  equ     BIT3
   401                              <1> defb    LSR_PE  equ     BIT2
   402                              <1> defb    LSR_OE  equ     BIT1
   403                              <1> defb    LSR_RBF equ     BIT0
   404                              <1> 
   405                              <1> ;/* MSRx bits
   406                              <1> ;*/
   407                              <1> defb	MSR_DCD	equ	BIT7
   408                              <1> defb	MSR_RI 	equ	BIT6
   409                              <1> defb	MSR_DSR	equ	BIT5
   410                              <1> defb	MSR_CTS	equ	BIT4
   411                              <1> defb	MSR_deltaDCD	equ	BIT3
   412                              <1> defb	MSR_deltaRI	equ	BIT2
   413                              <1> defb	MSR_deltaDSR	equ	BIT1
   414                              <1> defb	MSR_deltaCTS	equ	BIT0
   415                              <1> 
   416                              <1> ;/* Bits in CR0
   417                              <1> ;*/
   418                              <1> defb    CR0_PE  equ     BIT0
   419                              <1> defb    CR0_MP  equ     BIT1
   420                              <1> defb    CR0_EM  equ     BIT2
   421                              <1> defb    CR0_TS  equ     BIT3
   422                              <1> defd    CR0_WP  equ     BIT16
   423                              <1> defd    CR0_PG  equ     BIT31
   424                              <1> 
   425                              <1> ;/* Some ASCII character codes
   426                              <1> ;*/
   427                              <1> defb    ASCII_NUL       equ     0x00
   428                              <1> defb    ASCII_BS        equ     0x08
   429                              <1> defb    ASCII_HT        equ     0x09
   430                              <1> defb    ASCII_LF        equ     0x0A
   431                              <1> defb    ASCII_NL        equ     0x0A
   432                              <1> defb    ASCII_FF        equ     0x0C
   433                              <1> defb    ASCII_CR        equ     0x0D
   434                              <1> defb	ASCII_ESC	equ	0x1B
   435                              <1> defb    ASCII_SP        equ     0x20
   436                              <1> defb    ASCII_DEL       equ     0x7F
   437                              <1> defb	ASCII_RUB	equ	0xFF
   438                              <1> 
   439                              <1> 
   440                              <1> ;/* End of i386EX.inc */
    31                                  %include "bda.inc"
    32                              <1> XXX
    33                              <1> ; bda.h -- definitions of the BIOS Data Area at 0040:0000 (0x400)  */
    34                              <1> %define BDA_segment 0x40
    35                              <1> struc _BDA
    36                              <1> ; first items at 0x40:0	*/
    37 00000000 ????????????????    <1> serial_dev	resw	4	; serial port device codes */
    38 00000008 ????????????????    <1> parallel_dev	resw	4	; printer port device codes */
    39 00000010 ????                <1> equip_flag	resw	1		; int 12h equipment flags */
    40 00000012 ??                  <1> mfg_test	resb	1		; initialization flags */
    41 00000013 ????                <1> memory_size	resw	1	; base memory size in Kilowords (1224) */
    42 00000015 ??                  <1> mfg_err_flag	resb	1
    43 00000016 ??                  <1> mfg_err_flag2	resb	1
    44                              <1> ; */
    45                              <1> ; first Keyboard data area */
    46 00000017 ??                  <1> kbd_flag	resb	1	; shift status &c. */
    47 00000018 ??                  <1> kbd_flag1	resb	1	;  mrre  */
    48 00000019 ??                  <1> alt_input	resb	1	; save alternate kbd entry code */
    49 0000001A ????                <1> buffer_head	resw	1
    50 0000001C ????                <1> buffer_tail	resw	1
    51                              <1> ; */
    52 0000001E <res 20h>           <1> kbd_buffer	resw	16	; buffer empty when  head==tail**/
    53                              <1> ; */
    54                              <1> ; Diskette data area */
    55 0000003E ??                  <1> seek_status	resb	1	; drive recalibration status */
    56                              <1> ; bits 3..0 drive must recalibrate before next seek */
    57 0000003F ??                  <1> motor_status	resb	1	; bits 3..0 motor running */
    58                              <1> ; bit 7 current op is write */
    59 00000040 ??                  <1> motor_count	resb	1	; timeout counter for motor turn-off */
    60 00000041 ??                  <1> fd_status	resb	1	; return code status byte */
    61 00000042 ??????????????      <1> fd_ctrl_stat	resb	7	; controller return bytes */
    62                              <1> ; */
    63                              <1> ; Video Display data area -- also used for video emulation */
    64 00000049 ??                  <1> vid_mode	resb	1	; current display mode */
    65 0000004A ????                <1> vid_columns	resw	1	; no. of columns on the screen */
    66 0000004C ????                <1> vid_buf_len	resw	1	; length of video buffer in bytes*//
    67 0000004E ????                <1> vid_start	resw	1	; start address of screen regeneration (in vid buf)*//
    68 00000050 <res 10h>           <1> vid_cursor	resw	8	; cursor postition on up to 8 screens */
    69 00000060 ????                <1> vid_cursor_mode	resw	1
    70 00000062 ??                  <1> vid_active_page	resb	1
    71 00000063 ????                <1> vid_addr_chip	resw	1	; I/O address for the video chip (6845,EGA,VGA)*//
    72 00000065 ??                  <1> vid_crt_mode	resb	1	; current setting of the 3x8 register ???? */
    73 00000066 ??                  <1> vid_palette	resb	1	; current color setting / palette **/
    74                              <1> ; */
    75                              <1> ; POST and ROM data */
    76 00000067 ????????            <1> io_rom_addr	resd	1	; far word to ROM initialization routine */
    77                              <1> %define io_rom_addr_low io_rom_addr
    78                              <1> %define io_rom_addr_seg (io_rom_addr+2)
    79 0000006B ??                  <1> interrupt_flag	resb	1	; indicates an interrupt occurred */
    80                              <1> ; */
    81                              <1> ; Timer data area  18.206602 hz  = ~54.925 ms  */
    82 0000006C ????                <1> timer_count_low	resw	1	; low word of timer count */
    83 0000006E ????                <1> timer_count_high	resw	1
    84                              <1> %define timer_count timer_count_low
    85                              <1> ; use timer_count as the double word timer counter */
    86 00000070 ??                  <1> timer_overflow	resb	1	; timer has rolled over since last read */
    87                              <1> ; */
    88                              <1> ; System & Keboard data area */
    89 00000071 ??                  <1> kbd_break_flag	resb	1	; bit 7 set if Break key is pressed */
    90 00000072 ????                <1> reset_flag	resw	1	; word=0x1234 if Reset is underway (80286) */
    91                              <1> ; */
    92                              <1> ; Fixed (Hard) disk data area */
    93 00000074 ??                  <1> hd_status	resb	1	; status info for hard disk */
    94                              <1> %define disk_status1 hd_status
    95 00000075 ??                  <1> hd_number	resb	1	; number of hard disks (for int 13h, fn 8h) */
    96 00000076 ??                  <1> control_byte	resb	1	; head control ???? */
    97 00000077 ??                  <1> port_offset	resb	1	; obsolete, maybe ???? */
    98                              <1> ; */
    99                              <1> ; Timeout counters */
   100 00000078 ????????            <1> printer_timeout	resb	4	; four bytes for each interaace */
   101 0000007C ????????            <1> serial_timeout	resb	4	; four bytes for each interacce */
   102                              <1> ; */
   103                              <1> ; Keyboard additional data area -- buffer location within segment 40h */
   104 00000080 ????                <1> buffer_start	resw	1	; offset of keyboard buffer start**/
   105 00000082 ????                <1> buffer_end	resw	1		; offset of end of kbd buffer */
   106                              <1> ; */
   107                              <1> ; EGA/PGA? data work area (graphic mode?  probably available) */
   108 00000084 ??                  <1> ega_rows	resb	1		; rows on the active screen (less 1)**/
   109 00000085 ????                <1> ega_points	resw	1		; bytes per charateer	*/
   110 00000087 ??                  <1> ega_info	resb	1		; mode options ????*//
   111 00000088 ??                  <1> ega_info_3	resb	1		; switch settings*//
   112 00000089 ????                <1> ega_rsvd	resb	2	; reserved for adapter mfgrs */
   113                              <1> ; */
   114                              <1> ; Disk / Diskette media data */
   115 0000008B ??                  <1> fd_last_data_rate	resb	1	; last data rate selected */
   116 0000008C ??                  <1> hd_status_reg	resb	1		; hard disk status register */
   117 0000008D ??                  <1> hd_error_reg	resb	1		; hard disk error register */
   118 0000008E ??                  <1> hd_int_flag	resb	1	; HD interrupt flag */
   119 0000008F ??                  <1> hd_cntrl	resb	1		; HD/FD combo controller bit flag */
   120 00000090 ????                <1> hd_media	resb	2	; media state */
   121 00000092 ????                <1> hd_op_start	resb	2	; operation start state */
   122 00000094 ????                <1> hd_track	resw	1		; HD present cylinder number */
   123                              <1> ; */
   124                              <1> ; Additional Keyboard flags */
   125 00000096 ??                  <1> kbd_flag3	resb	1	; mode state & type flags */
   126 00000097 ??                  <1> kbd_flag2	resb	1	; kbd LED flags */
   127                              <1> ; */
   128                              <1> ; Real Time Clock data area */
   129 00000098 ????????            <1> rtc_user_flag_addr	resd	1	; far address of user's wait flag */
   130 0000009C ????????            <1> rtc_user_wait_flag	resd	1	; user wait flag */
   131 000000A0 ??                  <1> rtc_wait_active	resb	1	; 01=busy, 80=posted, 00=post acknowledge */
   132                              <1> ; */
   133                              <1> ; Miscellaneous */
   134 000000A1 ??????????????      <1> rsvd_network	resb	7	; reserved for network adapters */
   135 000000A8 ????????            <1> ptr_ega_save	resd	1		; far pointer to EGA parameter control block */
   136                              <1> ; */
   137                              <1> ;	byte	rsvd_unused[84];	; reserved for 386EX usage */
   138 000000AC ????                <1> errno	resw	1				; library error flag (errno.h) */
   139 000000AE <res 29h>           <1> rsvd_unused	resb	41	; reserved for 386EX usage */
   140 000000D7 ????????            <1> serial_flags	resb	4	; flags for each serial device**/
   141 000000DB ????                <1> extended_memory	resw	1	; size of Extended Memory in Kilobytes */
   142                              <1> ; this size is stored in CMOS on the PC/AT */
   143 000000DD ????                <1> CPU_freq	resw	1	; CPU frequency in kilohertz */
   144 000000DF ????                <1> ebda_seg_ptr	resw	1		; for EBDA allocations; c.f., memory_size */
   145                              <1> ; */
   146                              <1> ; start of 31 bytes of NVRAM informaiion */
   147 000000E1 ????                <1> nvram_info	resb	2	; 31 bytes of NVRAM information (this may move)*//
   148                              <1> ; starts with 2 bytes of SIO0 params */
   149 000000E3 ????                <1> floppy_tab	resb	2		; floppy disk driver table */
   150 000000E5 ????????????????    <1> disk_tab	resb	8  		; hard disk driver table */
   151 000000ED <res 11h>           <1> nvram_unused	resb	17
   152 000000FE ????                <1> nvram_checksum	resw	1	; 31st byte of the NVRAM info */
   153                              <1> ; end of 31 bytes of NVRAM information */
   154                              <1> ; */
   155 00000100 ??                  <1> AT_status_byte	resb	1	; at 40:100h, 00500h, Print Screen Status byte*//
   156                              <1> ; 00=ready/ok  01=busy  0FF=error	*/
   157 00000101 ??                  <1> SRAM_size	resb	1	; size of SRAM in Kilobytes */
   158                              <1> ; */
   159                              <1> ; Extentsion to BDA during BIOS startup */
   160                              <1> ; */
   161                              <1> endstruc
   161          ******************  <1>  warning: segment attributes specified on redeclaration of segment: ignoring [-w+other]
    32                                  %include "macro.inc"
    33                              <1> ;;;;;;;;;;;;;;;;;;;;;;;;;;;;;;;;;;;;;;;;;;;;;;;;;;;;;;;;;;;;;;;;;;;;;;;;;
    34                              <1> ;
    35                              <1> ; some useful macros:
    36                              <1> ;
    37                              <1> ;;;;;;;;;;;;;;;;;;;;;;;;;;;;;;;;;;;;;;;;;;;;;;;;;;;;;;;;;;;;;;;;;;;;;;;;;
    38                              <1> %define NREPEAT 0
    39                              <1> 
    40                              <1> %if NREPEAT
    41                              <1> 
    42                              <1> %macro	rep	1
    43                              <1> %%loop:	%1
    44                              <1> 	dec	cx
    45                              <1> 	jnz	%%loop
    46                              <1> %endm
    47                              <1> 
    48                              <1> %macro	repne	1
    49                              <1> %%loop:	%1
    50                              <1> 	je	%%e
    51                              <1> 	dec	cx
    52                              <1> 	jnz	%%loop
    53                              <1> 	cmp	cx,1
    54                              <1> 	jmp	%%done
    55                              <1> %%e:	dec	cx
    56                              <1> 	cmp	cx,cx
    57                              <1> %%done:
    58                              <1> %endm
    59                              <1> 
    60                              <1> %macro	repe	1
    61                              <1> %%loop:	%1
    62                              <1> 	jne	%%ne
    63                              <1> 	dec	cx
    64                              <1> 	jnz	%%loop
    65                              <1> 	jmp	%%done
    66                              <1> %%ne:	dec	cx
    67                              <1> 	jcxz	%%cxz
    68                              <1> 	jmp	%%done
    69                              <1> %%cxz:	cmp	cx,1
    70                              <1> %%done:
    71                              <1> %endm
    72                              <1> 
    73                              <1> %macro	REP	1
    74                              <1> %%loop:	%1
    75                              <1> 	dec	ecx
    76                              <1> 	jnz	%%loop
    77                              <1> %endm
    78                              <1> 
    79                              <1> %macro	REPNE	1
    80                              <1> %%loop:	%1
    81                              <1> 	je	%%e
    82                              <1> 	dec	ecx
    83                              <1> 	jnz	%%loop
    84                              <1> 	cmp	cl,1
    85                              <1> 	jmp	%%done
    86                              <1> %%e:	dec	ecx
    87                              <1> 	cmp	cl,cl
    88                              <1> %%done:
    89                              <1> %endm
    90                              <1> 
    91                              <1> %macro	REPE	1
    92                              <1> %%loop:	%1
    93                              <1> 	jne	%%ne
    94                              <1> 	dec	ecx
    95                              <1> 	jnz	%%loop
    96                              <1> 	jmp	%%done
    97                              <1> %%ne:	dec	ecx
    98                              <1> 	jecxz	%%cxz
    99                              <1> 	jmp	%%done
   100                              <1> %%cxz:	cmp	cl,1
   101                              <1> %%done:
   102                              <1> %endm
   103                              <1> 
   104                              <1> %endif
   105                              <1> 
   106                              <1> 
   107                              <1> ;
   108                              <1> ; format of the BYTE initialization table:  address, byte
   109                              <1> ;
   110                              <1> %imacro  binit 2
   111                              <1>         dw      %1
   112                              <1>         db      %2
   113                              <1> %endmacro
   114                              <1> ; end with DW -1
   115                              <1> 
   116                              <1> ;
   117                              <1> ; format of the WORD initialization table:  address, word
   118                              <1> ;
   119                              <1> %imacro  winit 2
   120                              <1>         dw      %1
   121                              <1>         dw      %2
   122                              <1> %endmacro
   123                              <1> ; end with DW -1
   124                              <1> 
   125                              <1> 
   126                              <1> ; get the BIOS Data Area segment pointer to a [segment] register
   127                              <1> %imacro get_bda	1.nolist
   128                              <1> 	push	0x0040
   129                              <1> 	pop	%1
   130                              <1> 	cnop
   131                              <1> %endm
   132                              <1> 
   133                              <1> 
   134                              <1> ; get the Location 0 (Interrupt Descriptor Table) pointer to a register
   135                              <1> %imacro	get_loc0 1.nolist
   136                              <1> 	push	0x0000
   137                              <1> 	pop	%1
   138                              <1> 	cnop
   139                              <1> %endm
   140                              <1> 
   141                              <1> 
   142                              <1> 
   143                              <1> %imacro setloc  1.nolist
   144                              <1>  times   (%1-($-$$)) db 0FFh
   145                              <1> %endm
   146                              <1> 
   147                              <1> %imacro db_lo   1
   148                              <1>  db (%1)&255
   149                              <1> %endm
   150                              <1> 
   151                              <1> %imacro cnop    0.nolist
   152                              <1> %ifdef SOFT_DEBUG
   153                              <1> %if SOFT_DEBUG
   154                              <1>         nop
   155                              <1> %endif
   156                              <1> %endif
   157                              <1> %endm
   158                              <1> 
   159                              <1> %imacro popm 1-*.nolist
   160                              <1> %rep %0
   161                              <1> %ifidni %1,ALL
   162                              <1>  popa
   163                              <1> %elifidni %1,F
   164                              <1>  popf
   165                              <1> %else
   166                              <1>  pop %1
   167                              <1> %ifidni %1,DS
   168                              <1>  cnop
   169                              <1> %elifidni %1,ES
   170                              <1>  cnop
   171                              <1> %elifidni %1,FS
   172                              <1>  cnop
   173                              <1> %elifidni %1,GS
   174                              <1>  cnop
   175                              <1> %endif
   176                              <1> %endif
   177                              <1> %rotate 1
   178                              <1> %endrep
   179                              <1> %endm
   180                              <1> 
   181                              <1> %imacro pushm 1-*.nolist
   182                              <1> %rep %0
   183                              <1> %rotate -1
   184                              <1> %ifidni %1,ALL
   185                              <1>  pusha
   186                              <1> %elifidni %1,F
   187                              <1>  pushf
   188                              <1> %else
   189                              <1>  push %1
   190                              <1> %endif
   191                              <1> %endrep
   192                              <1> %endm
   193                              <1> 
   194                              <1> %imacro descr_linear_data 2-3.nolist	; address, size [, E]  E!=0 means expand down
   195                              <1> %assign __size__ (%2-1)	| 0xFF
   196                              <1> %if (__size__ <= 0xFFFF)
   197                              <1> %assign __gran__ 0
   198                              <1> %else
   199                              <1> %assign __gran__ 0xC0			; G B 0 0
   200                              <1> %endif
   201                              <1> %assign __expand__ 0
   202                              <1> %if %0==3
   203                              <1> %if %3
   204                              <1> %assign __expand__ 4
   205                              <1> %endif
   206                              <1> %endif
   207                              <1> dd (((%1)&0xFFFF)<<16)|(__size__&0xFFFF)
   208                              <1> dd (((%1)>>24)&0xFF)|((__gran__|(__size__>>16)&0x0F)<<16)|((0x93|__expand__)<<8)|(((%1)>>16)&0xFF)
   209                              <1> %endm
   210                              <1> 
   211                              <1> %imacro descr_linear_code 2-3.nolist	; address, size [,C]  C!=0 means conforming
   212                              <1> %assign __size__ (%2-1)	| 0xFF
   213                              <1> %if (__size__ <= 0xFFFF)
   214                              <1> %assign __gran__ 0
   215                              <1> %else
   216                              <1> %assign __gran__ 0xC0			; G D 0 0
   217                              <1> %endif
   218                              <1> %assign __conform__ 0
   219                              <1> %if %0==3
   220                              <1> %if %3
   221                              <1> %assign __conform__ 4
   222                              <1> %endif
   223                              <1> %endif
   224                              <1> dd (((%1)&0xFFFF)<<16)|(__size__&0xFFFF)
   225                              <1> dd (((%1)>>24)&0xFF)|((__gran__|(__size__>>16)&0x0F)<<16)|((0x9B|__conform__)<<8)|(((%1)>>16)&0xFF)
   226                              <1> %endm
   227                              <1> 
   228                              <1> ;/* End of macro.inc */
    33                                  %include "stack.inc"
    34                              <1> XXX
    35                              <1> ; stack.h -- format of the stack formed by				*/
    36                              <1> ; */
    37                              <1> ;	PUSHM	ALL,DS,ES							*/
    38                              <1> ;	MOV	BP,SP									*/
    39                              <1> ; */
    40                              <1> ; */
    41                              <1> ; */
    42                              <1> struc _STD_STACK
    43 00000000 ????                <1> offset_di	resw	1		; PUSHA (all) save*//
    44 00000002 ????                <1> offset_si	resw	1
    45 00000004 ????                <1> offset_bp	resw	1
    46 00000006 ????                <1> offset_sp	resw	1
    47 00000008 ????                <1> offset_bx	resw	1
    48 0000000A ????                <1> offset_dx	resw	1
    49 0000000C ????                <1> offset_cx	resw	1
    50 0000000E ????                <1> offset_ax	resw	1
    51                              <1> ; */
    52 00000010 ????                <1> offset_ds	resw	1		; segment register aave */
    53 00000012 ????                <1> offset_es	resw	1
    54                              <1> ; */
    55 00000014 ????                <1> offset_ip	resw	1
    56 00000016 ????                <1> offset_cs	resw	1		; set for IRET */
    57 00000018 ????                <1> offset_flags	resw	1	; flag.0 is the Crrry */
    58                              <1> endstruc
    58          ******************  <1>  warning: segment attributes specified on redeclaration of segment: ignoring [-w+other]
    59                              <1> ; */
    34                                  %include "disktab.inc"
    35                              <1> XXX
    36                              <1> ; disktab.h -- layout of the fixed disk parameter table */
    37                              <1> struc _DISKTAB
    38                              <1> ; */
    39                              <1> ; N.B.:   Disk Driver INIT must fill in at least:				*/
    40                              <1> ; */
    41                              <1> ;		ncylinders	1..1024		*/
    42                              <1> ;		n__heads	1..254		*/
    43                              <1> ;		nsectors	1..63		*/
    44                              <1> ;		max_lba		up to 2^28    number of LBA sectors		*/
    45                              <1> ;		flags		(see below)		*/
    46                              <1> ; */
    47                              <1> %define USE_CHS 0x01			; may use Cyl:Hd:Sec access */
    48                              <1> %define USE_LBA 0x02			; may use LBA access up to 28-bits */
    49                              <1> %define USE_DMA 0x04			; may use DMA access */
    50                              <1> %define USE_8BIT 0x08			; may/must use 8 bit access */
    51                              <1> %define USE_16BIT 0x10			; may/must use 16 bit access */
    52                              <1> %define USE_BIG_LBA 0x20		; may use LBA 40-bit addressing */
    53                              <1> ; */
    54 00000000 ????                <1> ncylinders	resw	1		; maximum number of cylinders */
    55 00000002 ??                  <1> n__heads	resb	1		; maximum number of heads */
    56 00000003 ????                <1> used_on_XT	resw	1
    57 00000005 ????                <1> precomp_cylinder	resw	1
    58                              <1> ; was	byte	ECC_length;		*/
    59 00000007 ??                  <1> unit_number	resb	1	; unit number Master=0, Slave=1 */
    60 00000008 ??                  <1> control_bits	resb	1	; PC/AT definitions below */
    61                              <1> ; bit 7 -or- bit 6 disables retries */
    62                              <1> ; bit 3 - more than 8 heads */
    63                              <1> ; SBC-386EX definitions TBD */
    64                              <1> ; */
    65                              <1> ; was	byte	reserved[3];	; may become more control bit options */
    66 00000009 ??                  <1> res1	resb	1
    67                              <1> ;	byte	res2;
    68                              <1> ;	byte	res3;
    69                              <1> ;	word	landing_zone;	; 386EX does not use this */
    70 0000000A ????????            <1> max_lba	resd	1	; up to 28 bits  ==  128Gb = 137gb */
    71 0000000E ??                  <1> nsectors	resb	1	; maximum number of sectors per track**/
    72                              <1> ; was	byte	reserved2;	   386EX usage TBD */
    73 0000000F ??                  <1> disk_flags	resb	1		; see bit definitions above */
    74                              <1> ; */
    75                              <1> ; ncylinders / n__heads / nsectors above carry the TRANSLATED geometry */
    76                              <1> ; -- what INT 13h AH=08h reports, and what the INT 41h and INT 46h */
    77                              <1> ; tables expose.  The numbers the drive itself reports are kept here, */
    78                              <1> ; so both are available. */
    79 00000010 ????                <1> phys_cylinders	resw	1
    80 00000012 ??                  <1> phys_heads	resb	1
    81 00000013 ??                  <1> phys_sectors	resb	1
    82                              <1> endstruc
    82          ******************  <1>  warning: segment attributes specified on redeclaration of segment: ignoring [-w+other]
    83                              <1> ; */
    84                              <1> ; */
    85                              <1> ; */
    86                              <1> ; */
    87                              <1> ; disk packet call structure */
    88                              <1> struc _PACKET
    89 00000000 ????                <1> pkt_size	resw	1		; R/W = 16 */
    90 00000002 ????                <1> pkt_blocks	resw	1		; blocks to transfer up to 127 */
    91 00000004 ????????            <1> pkt_address	resd	1	; Seg:Off of source/destination */
    92 00000008 ????????            <1> pkt_disk_LBA	resd	1	; LBA address on disk (only 28 bits implemented)**/
    93 0000000C ????????            <1> pkt_LBA_high	resd	1	; extension to 40-bit LBA (not ueed) */
    94                              <1> endstruc
    94          ******************  <1>  warning: segment attributes specified on redeclaration of segment: ignoring [-w+other]
    95                              <1> ; */
    96                              <1> ; */
    97                              <1> ; */
    98                              <1> ; */
    99                              <1> ; disk parameter packet (for return) */
   100                              <1> ; */
   101                              <1> struc _PARAM_PACKET
   102 00000000 ????                <1> pkt_param_size	resw	1		; same offset as 'pkt_size' aovve */
   103                              <1> ; Size will be 26 (no EDD ptr) or 30 (EDD ptr present, but may be invalid */
   104 00000002 ????                <1> ppt_info	resw	1
   105                              <1> ;        ; bit   usage		*/
   106                              <1> ;        ;  0    DMA boundary errors are handled transparently		*/
   107                              <1> ;        ;  1    Geometry valid (bytes 8-12)		*/
   108                              <1> ;        ;  2    Removable device (no)		*/
   109                              <1> ;        ;  3    Supports Write with Verify (no)		*/
   110                              <1> ;        ;  4    change line support (no)		*/
   111                              <1> ;        ;  5    removable & lockable (no)		*/
   112                              <1> ;        ;  6    max. geometry for a removable drive (no)		*/
   113                              <1> ;        ;  7-15  MBZ		*/
   114 00000004 ????????            <1> pkt_phys_cylinders	resd	1	; cylinders per disk */
   115 00000008 ????????            <1> pkt_phys_heads	resd	1		; tracks per cylinder */
   116 0000000C ????????            <1> pkt_phys_sectors	resd	1	; sectors per track */
   117 00000010 ????????????????    <1> pkt_total_sectors	resd	2	; total sectors on disk*//
   118 00000018 ????                <1> pkt_bytes	resw	1		; bytes per sector (512) */
   119 0000001A ????????            <1> pkt_EDD_param_ptr	resd	1	; EDD configuration parameter pointer */
   120                              <1> ; FFFF:FFFF means invalid pointer */
   121                              <1> endstruc
   121          ******************  <1>  warning: segment attributes specified on redeclaration of segment: ignoring [-w+other]
   122                              <1> ; */
   123                              <1> ;------------------------------------------------------------------
   124                              <1> ;   Specific to the IDE drivers
   125                              <1> ; More symbolic constants... these should not be changed, unless of
   126                              <1> ; course the IDE drive interface changes, perhaps when drives get
   127                              <1> ; to 128G and the PC industry will do yet another kludge.
   128                              <1> ; */
   129                              <1> ;IDE Command Constants.  These should never change. */
   130                              <1> %define	ide_cmd_recal	0x10
   131                              <1> %define	ide_cmd_read	0x20
   132                              <1> %define	ide_cmd_write	0x30
   133                              <1> %define	ide_cmd_init	0x91
   134                              <1> %define	ide_cmd_dma_read	0xC8
   135                              <1> %define	ide_cmd_dma_write	0xCA
   136                              <1> %define	ide_cmd_spindown	0xE0
   137                              <1> %define	ide_cmd_spinup	0xE1
   138                              <1> %define	ide_cmd_ident	0xEC
   139                              <1> %define	ide_cmd_set_feature	0xEF
    35                                  %include "error.inc"
    36                              <1> XXX
    37                              <1> ; error.h -- defines for disk-specific error codes */
    38                              <1> ; */
    39                              <1> %define NO_ERROR	0
    40                              <1> %define INVALID_COMMAND		1
    41                              <1> %define ADDRESS_MARK_NOT_FOUND	2	; F */
    42                              <1> %define WRITE_PROTECTED		3	; F, SD */
    43                              <1> %define SECTOR_NOT_FOUND	4
    44                              <1> %define RESET_FAILED	5		; H */
    45                              <1> ; */
    46                              <1> %define DISK_REMOVED	6		; F, SD */
    47                              <1> %define	MEDIA_CHANGED	6
    48                              <1> ; */
    49                              <1> %define BAD_PARAMETER_TABLE	7
    50                              <1> %define DMA_OVERRUN		8		; F, H */
    51                              <1> ; */
    52                              <1> %define DMA_CROSSED_64K_BOUND	9
    53                              <1> %define DMA_BOUNDARY	9
    54                              <1> ; */
    55                              <1> %define BAD_SECTOR_FLAG	0x0A
    56                              <1> %define BAD_TRACK_FLAG	0x0B
    57                              <1> %define MEDIA_TYPE_NOT_FOUND	0x0C	; F */
    58                              <1> %define INVALID_NUMBER_OF_SECTORS	0x0D	; H */
    59                              <1> %define CONTROL_DATA_ADDRESS_MARK_DETECTED	0x0E	; H */
    60                              <1> %define DMA_ARBITRATION_LEVEL_OUT_OF_RANGE	0x0F	; H */
    61                              <1> %define BAD_CRC			0x10	; F */
    62                              <1> %define ECC_CORRECTED_DATA_ERROR	0x11	; H */
    63                              <1> %define CONTROLLER_FAILED		0x20
    64                              <1> %define BAD_SEEK		0x40
    65                              <1> %define TIME_OUT		0x80
    66                              <1> ; */
    67                              <1> %define DRIVE_NOT_READY		0xAA	; SD, H */
    68                              <1> %define UNDEFINED_ERROR		0xBB
    69                              <1> %define WRITE_FAULT		0xCC	; H */
    70                              <1> %define STATUS_REGISTER_ERROR	0xE0	; H */
    71                              <1> %define SENSE_OPERATION_FAILED	0xFF	; H */
    72                              <1> ; */
    73                              <1> ; */
    74                              <1> ; */
    75                              <1> ;---------- DISKETTE ERROR -------------------------------------	*/
    76                              <1> ; TIME_OUT	EQU	080H		; ATTACHMENT FAILED TO RESPOND		*/
    77                              <1> ; BAD_SEEK	EQU	040H		; SEEK OPERATION FAILED		*/
    78                              <1> ; BAD_NEC		EQU	020H		; DISKETTE CONTROLLER HAS FAILED		*/
    79                              <1> ; BAD_CRC		EQU	010H		; BAD CRC ON DISKETTE READ		*/
    80                              <1> ; DMA_BOUNDARY	EQU	009H		; ATTEMPT TO DMA ACROSS 64K BOUNDARY		*/
    81                              <1> ; BAD_DMA		EQU	008H		; DMA OVERRUN ON OPERATION		*/
    82                              <1> ; MEDIA_CHANGE	EQU	006H		; MEDIA REMOVED ON DUAL ATTACH CARD		*/
    83                              <1> ; RECORD_NOT_FND	EQU	004H		; REQUESTED SECTOR NOT FOUND		*/
    84                              <1> ; WRITE_PROTECT	EQU	003H		; WRITE ATTEMPTED ON WRITE PROTECT DISK		*/
    85                              <1> ; BAD_ADDR_MARK	EQU	002H		; ADDRESS MARK NOT FOUND		*/
    86                              <1> ; BAD_CMD		EQU	001H		; BAD COMMAND PASSED TO DISKETTE I/O		*/
    87                              <1> ; */
    88                              <1> ; */
    36                                  
    37                                  
    38                                  	global	int_13h
    39                                  
    40                                  segment	_TEXT
    41                                  
    42                                  
    43                                  ;;;;;;;;;;;;;;;;;;;;;;;;;;;;;;;;;;;;;;;;;;;;;;;;;;;;;;;;;;;;;;;;;;;;;;;;;;;;;
    44                                  ; INT 13H
    45                                  ;
    46                                  ; The C:H:S calls:
    47                                  ;
    48                                  ;    Function         Operation
    49                                  ;    ========         =========
    50                                  ;	00:           ; Reset Disk System
    51                                  ;---	01:           ; Get Disk System Status
    52                                  ;	02:           ; Read Sector
    53                                  ;	03:           ; Write Sector
    54                                  ;	04:           ; Verify Sector
    55                                  ;---	05:           ; Format Track
    56                                  ;---	06:           ; Format Bad Track (fixed disk) [PC]
    57                                  ;---	07:           ; Format Drive (fixed disk)     [PC]
    58                                  ;	08:           ; Get Drive Parameters
    59                                  ;---	09:           ; Initialize Fixed Disk Characteristics [PC,AT,PS/2]
    60                                  ;---	0A:           ; Read Sector Long (fixed disk) [PC,AT,PS/2]
    61                                  ;---	0B:           ; Write Sector Long (fixed disk) [PC,AT,PS/2]
    62                                  ;---	0C:           ; Seek (fixed disk)
    63                                  ;---	0D:           ; Reset Fixed Disk System
    64                                  ;---	0E:           ; Read Sector Buffer (fixed disk) [PC only]
    65                                  ;---	0F:           ; Write Sector Buffer (fixed disk) [PC only]
    66                                  ;---	10:           ; Get Drive Status (fixed disk)
    67                                  ;---	11:           ; Recalibrate Drive (fixed disk)
    68                                  ;---	12:           ; Controller RAM Diagnostic (fixed disk) [PC/XT]
    69                                  ;---	13:           ; Controller Drive Diagnostic (fixed disk) [PC/XT]
    70                                  ;---	14:           ; Controller Internal Diagnostic (fixed disk) [PC,AT,PS/2]
    71                                  ;	15:           ; Get Disk Type                 [AT]
    72                                  ;---	16:           ; Get Disk Change Status (floppy)
    73                                  ;---	17:           ; Set Disk Type (floppy)
    74                                  ;---	18:           ; Set Media Type for Format (floppy)
    75                                  ;
    76                                  ;
    77                                  ; The packet calls (LBA):
    78                                  ;
    79                                  ;    Function         Operation
    80                                  ;    ========         =========
    81                                  ;	41:           ; Check Extensions Present
    82                                  ;	42:           ; Extended Read
    83                                  ;	43:           ; Extended Write
    84                                  ;	44:           ; Extended Verify
    85                                  ;---	45:           ; Lock/Unlock Drive
    86                                  ;---	46:           ; Eject Drive
    87                                  ;	47:           ; Extended Seek
    88                                  ;	48:           ; Get Drive Parameters
    89                                  ;---	49:           ; Get Extended Disk Change Status
    90                                  ;	4E:           ; Set Hardware Configuration
    91                                  ;;;;;;;;;;;;;;;;;;;;;;;;;;;;;;;;;;;;;;;;;;;;;;;;;;;;;;;;;;;;;;;;;;;;;;;;;;;;;
    92                                  int_13h:
    93 00000000 FB                      	sti
    94 00000001 F6C280                  	test	dl,0x80		;Fixed disk or floppy disk call
    95 00000004 7422                    	jz	floppy_call
    96                                  ; the call is to the fixed disk driver
    97 00000006 061E60                  	pushm	all,ds,es
    98 00000009 89E5                    	mov	bp,sp		;establish stack addressing
    99                                  
   100 0000000B FC                      	cld			;just in case
   101                                  
   102 0000000C BF[3000]                	mov	di,chs_call_tab
   103 0000000F 80FC16                  	cmp	ah,len_chs_call_tab
   104 00000012 720B                    	jb	dispatch
   105                                  ; not CHS call; test for Packet call
   106 00000014 80EC41                  	sub	ah,0x41
   107 00000017 BF[5C00]                	mov	di,packet_call_tab
   108 0000001A 80FC0E                  	cmp	ah,len_packet_call_tab
   109 0000001D 7359                    	jnb	ret_invalid_command	; was JB -- inverted, so every packet
   110                                  					;  call was rejected and anything above
   111                                  					;  the table jumped through a bad index
   112                                  dispatch:
   113 0000001F 88E3                    	mov	bl,ah
   114 00000021 30FF                    	xor	bh,bh
   115 00000023 01DB                    	add	bx,bx		; word indexing
   116 00000025 2EFF21                     cs	jmp	word [bx+di]
   117                                  
   118                                  
   119                                  
   120                                  ; the call is to the floppy driver
   121                                  floppy_call:
   122 00000028 CD40                    	int	0x40		;call the floppy driver
   123 0000002A CA0200                  	retf	2		; an INT handler returns FAR -- a near RET here
   124                                  				;  popped IP, threw away CS and left the
   125                                  				;  callers flags on the stack
   126                                  
   127                                  
   128                                  ; Still unimplemented -- falls through to the invalid-command return.
   129                                  fn4E_set_hardware_configuration:
   130 0000002D EB49                    	jmp	ret_invalid_command
   131                                  
   132 0000002F 90                      	align	2
   133                                  chs_call_tab:
   134 00000030 [F401]                  	dw	fn00_reset_disk
   135 00000032 [9900]                  	dw	fn01_get_status
   136 00000034 [2402]                  	dw	fn02_read_sector
   137 00000036 [2902]                  	dw	fn03_write_sector
   138 00000038 [2E02]                  	dw	fn04_verify_sector
   139 0000003A [7800]                  	dw	ret_invalid_command
   140 0000003C [7800]                  	dw	ret_invalid_command
   141 0000003E [7800]                  	dw	ret_invalid_command
   142 00000040 [D602]                  	dw	fn08_get_drive_parameters
   143 00000042 [7800]                  	dw	ret_invalid_command
   144 00000044 [7800]                  	dw	ret_invalid_command
   145 00000046 [7800]                  	dw	ret_invalid_command
   146 00000048 [7800]                  	dw	ret_invalid_command	; fn0C_seek
   147 0000004A [7800]                  	dw	ret_invalid_command	; fn0D_reset_fixed_disk
   148 0000004C [7800]                  	dw	ret_invalid_command
   149 0000004E [7800]                  	dw	ret_invalid_command
   150 00000050 [7800]                  	dw	ret_invalid_command
   151 00000052 [7800]                  	dw	ret_invalid_command
   152 00000054 [7800]                  	dw	ret_invalid_command
   153 00000056 [7800]                  	dw	ret_invalid_command
   154 00000058 [7800]                  	dw	ret_invalid_command
   155 0000005A [0903]                  	dw	fn15_get_disk_type
   156                                  len_chs_call_tab	equ	($-chs_call_tab)/2
   157                                  
   158                                  packet_call_tab:
   159 0000005C [3C01]                  	dw	fn41_check_extensions_present
   160 0000005E [6001]                  	dw	fn42_read_sector
   161 00000060 [2003]                  	dw	fn43_write_sector
   162 00000062 [5F03]                  	dw	fn44_verify_sector
   163 00000064 [7800]                  	dw	ret_invalid_command	; fn45_lock_unlock_drive
   164 00000066 [7800]                  	dw	ret_invalid_command	; fn46_eject_drive
   165 00000068 [DD03]                  	dw	fn47_extended_seek
   166 0000006A [F303]                  	dw	fn48_get_drive_parameters
   167 0000006C [7800]                  	dw	ret_invalid_command	; fn49_get_disk_change_status
   168 0000006E [7800]                  	dw	ret_invalid_command
   169 00000070 [7800]                  	dw	ret_invalid_command
   170 00000072 [7800]                  	dw	ret_invalid_command
   171 00000074 [7800]                  	dw	ret_invalid_command
   172 00000076 [2D00]                  	dw	fn4E_set_hardware_configuration
   173                                  len_packet_call_tab	equ	($-packet_call_tab)/2
   174                                  
   175                                  
   176                                  
   177                                  
   178                                  ; error & good returns
   179                                  ;
   180                                  ret_invalid_command:
   181 00000078 B401                    	mov	ah,INVALID_COMMAND
   182                                  error_return:
   183 0000007A 804E1801                	or	byte [bp+offset_flags], 01
   184 0000007E EB06                    	jmp	short record_status
   185                                  good_return:
   186 00000080 30E4                    	xor	ah,ah		;zero Carry & AH
   187                                  good_return_AH:
   188 00000082 806618FE                	and	byte [bp+offset_flags], ~01
   189                                  
   190                                  ; Every path through here records the outcome, so that INT 13h function
   191                                  ; 01h has something to report.  DOS reads it after a failure to decide
   192                                  ; whether to retry.  Errors raised inside this module land here with AH
   193                                  ; already set; errors from the driver were recorded by ide_error, and
   194                                  ; the code it returned has been carried up into AH, so the two agree.
   195                                  record_status:
   196 00000086 06                      	push	es
   197 00000087 6A4007                  	get_bda	ES
   198 0000008A 2688267400                  es	mov	[hd_status],ah
   199 0000008F 07                      	pop	es
   200                                  
   201                                  do_return:
   202 00000090 88660F                  	mov	byte [bp+offset_ax+1],ah	;save error code
   203                                  
   204 00000093 89EC                    	mov	sp,bp
   205 00000095 611F07                  	popm	all,ds,es
   206 00000098 CF                      	iret		; must use IRET because CLD was used
   207                                  
   208                                  
   209                                  ;;;;;;;;;;;;;;;;;;;;;;;;;;;;;;;;;;;;;;;;;;;;;;;;;;;;;;;;;;;;;;;;;;;;;;;;;
   210                                  ; fn01 -- Get Disk System Status
   211                                  ;
   212                                  ;  Enter with:
   213                                  ;	AH = 01h
   214                                  ;	DL = drive code
   215                                  ;
   216                                  ;  Exit with:
   217                                  ;	AH = the status left by the previous operation
   218                                  ;	Carry set if that status was non-zero
   219                                  ;
   220                                  ;  The drive code is deliberately not validated: this call has to work
   221                                  ;  after a failure, including one caused by a bad drive code.  The status
   222                                  ;  is not cleared, so it can be read more than once.
   223                                  ;;;;;;;;;;;;;;;;;;;;;;;;;;;;;;;;;;;;;;;;;;;;;;;;;;;;;;;;;;;;;;;;;;;;;;;;;
   224                                  fn01_get_status:
   225 00000099 6A4007                  	get_bda	ES
   226 0000009C 268A267400                  es	mov	ah,[hd_status]
   227 000000A1 08E4                    	or	ah,ah
   228 000000A3 7506                    	jnz	.bad
   229 000000A5 806618FE                	and	byte [bp+offset_flags], ~01
   230 000000A9 EBE5                    	jmp	do_return
   231                                  .bad:
   232 000000AB 804E1801                	or	byte [bp+offset_flags], 01
   233 000000AF EBDF                    	jmp	do_return
   234 000000B1 CF                      	iret		; must use IRET because CLD was used
   235                                  
   236                                  
   237                                  
   238                                  ; the tables of interrupt vectors which point to the disk tables
   239                                  ;
   240                                  	global	_dtab_vectors
   241                                  _dtab_vectors:
   242                                  dtab_vectors:
   243 000000B2 414668696A6B6C6D        	db	0x41,0x46,0x68,0x69,0x6A,0x6B,0x6C,0x6D ; 8 of them
   244                                  len_dtab_vectors	equ	$ - dtab_vectors
   245                                  
   246                                  ; the DRIVER Tables
   247                                  ;
   248                                  read_tab:
   249 000000BA 0000                    	dw	0			;driver 0  micro SD
   250 000000BC 0000                    	dw	0			;driver 1  Dual SD card
   251                                  	extern	IDE_READ_SECTOR_
   252 000000BE [0000]                  	dw	IDE_READ_SECTOR_	;driver 2
   253                                  len_read_tab	equ	($ - read_tab)/2
   254                                  
   255                                  write_tab:
   256 000000C0 0000                    	dw	0			;driver 0  micro SD
   257 000000C2 0000                    	dw	0			;driver 1  Dual SD card
   258                                  	extern	IDE_WRITE_SECTOR_
   259 000000C4 [0000]                  	dw	IDE_WRITE_SECTOR_	;driver 2
   260                                  len_write_tab	equ	($ - write_tab)/2
   261                                  
   262                                  
   263                                  ;;;;;;;;;;;;;;;;;;;;;;;;;;;;;;;;;;;;;;;;;;;;;;;;;;;;;;;;;;;;;;;;;;;;;;;;;
   264                                  ; get_disk_table -- locate the parameter table for a BIOS drive code
   265                                  ;
   266                                  ;  Enter with:
   267                                  ;	DL	drive code, 80h and up
   268                                  ;
   269                                  ;  Exit with:
   270                                  ;	ES:DI	points at the T_DISKTAB for the drive
   271                                  ;	BX	driver index, for read_tab / write_tab
   272                                  ;	AX, CX, DX unchanged
   273                                  ;
   274                                  ;  A bad drive code does not return: it jumps to ret_invalid_command,
   275                                  ;  which resets SP from BP, so the return address left on the stack
   276                                  ;  here does not matter.
   277                                  ;;;;;;;;;;;;;;;;;;;;;;;;;;;;;;;;;;;;;;;;;;;;;;;;;;;;;;;;;;;;;;;;;;;;;;;;;
   278                                  get_disk_table:
   279 000000C6 50                      	push	ax
   280                                  
   281 000000C7 88D0                    	mov	al,dl
   282 000000C9 247F                    	and	al,0x7F			; drive number, counting from 0
   283 000000CB 6A4007                  	get_bda	ES			; BIOS data area segment
   284 000000CE 263A067500                  es	cmp	al,[hd_number]
   285 000000D3 7330                    	jnb	.bad
   286 000000D5 0FB6F8                  	movzx	di,al			; byte index into disk_tab
   287                                  
   288 000000D8 268A85E500                  es	mov	al,[di+disk_tab]	; the FX_ device code POST recorded
   289 000000DD 08C0                    	or	al,al
   290 000000DF 7424                    	jz	.bad			; FX_NONE -- nothing registered here
   291 000000E1 3C06                    	cmp	al,len_drv_index
   292 000000E3 7320                    	jnb	.bad
   293                                  
   294 000000E5 0FB6D8                  	movzx	bx,al
   295 000000E8 2E8A9F[0A01]                cs	mov	bl,[bx+drv_index]	; device code -> driver index
   296 000000ED 80FBFF                  	cmp	bl,0xFF
   297 000000F0 7413                    	je	.bad			; no driver for that device code
   298 000000F2 30FF                    	xor	bh,bh
   299                                  
   300                                  ; dtab_vectors is a table of BYTES: 41h, 46h, 68h ...  It used to be
   301                                  ; read a word at a time, which returned 4641h for index 0 and turned the
   302                                  ; shift and LES below into a garbage far pointer.
   303 000000F4 2E0FB6BD[B200]              cs	movzx	di,byte [di+dtab_vectors]
   304 000000FA C1E702                  	shl	di,2			; interrupt number -> vector address
   305 000000FD 6A0007                  	get_loc0 ES
   306 00000100 26C43D                      es	les	di,[di]			; ES:DI -> T_DISKTAB
   307                                  
   308 00000103 58                      	pop	ax
   309 00000104 C3                      	ret
   310                                  
   311                                  .bad:
   312 00000105 58                      	pop	ax
   313 00000106 E96FFF                  	jmp	ret_invalid_command
   314                                  
   315                                  
   316                                  ; FX_ device code (see the enum in nvram.h) -> index into read_tab and
   317                                  ; write_tab.  FFh marks a code with no driver behind it.
   318 00000109 90                      	align	2
   319                                  drv_index:
   320 0000010A FF                      	db	0xFF			; FX_NONE
   321 0000010B 00                      	db	0			; FX_uSD   -> microSD
   322 0000010C 01                      	db	1			; FX_SD0   -> dual SD
   323 0000010D 01                      	db	1			; FX_SD1
   324 0000010E 02                      	db	2			; FX_IDEm  -> IDE
   325 0000010F 02                      	db	2			; FX_IDEs
   326                                  len_drv_index	equ	$ - drv_index
   327                                  
   328                                  
   329                                  ; validate a R/W disk packet
   330                                  ;	DS:SI points at the packet
   331                                  ;
   332                                  pkt_rw_validate:
   333 00000110 803C10                  	cmp	byte [pkt_size + si], 16	; must be 16 bytes
   334 00000113 0F8561FF                	jne	ret_invalid_command
   335 00000117 807C0280                	cmp	byte [pkt_blocks + si], 128	; must be .le. 127
   336 0000011B 0F8359FF                	jnb	ret_invalid_command
   337 0000011F 66837C0C00              	cmp	dword [pkt_LBA_high + si], 0	; must be zero
   338 00000124 0F8550FF                	jne	ret_invalid_command
   339 00000128 66817C08FFFFFF0F        	cmp	dword [pkt_disk_LBA + si],0x0FFF_FFFF	; max. LBA
   340 00000130 0F8744FF                	ja	ret_invalid_command
   341 00000134 83FB03                  	cmp	bx,len_read_tab
   342 00000137 0F833DFF                	jnb	ret_invalid_command
   343 0000013B C3                      	ret			; packet validates for Read/Write
   344                                  
   345                                  
   346                                  ;;;;;;;;;;;;;;;;;;;;;;;;;;;;;;;;;;;;;;;;;;;;;;;;;;;;;;;;;;;;;;;;;;;;;;;;;
   347                                  ; fn41 -- Check Extensions Present
   348                                  ;
   349                                  ;  Call With:
   350                                  ;       AH = 41h        function code
   351                                  ;       BX = 55AAh      magic number
   352                                  ;       DL = drive code (80h or 81h)
   353                                  ;
   354                                  ;  Exit With:
   355                                  ;     carry clear
   356                                  ;       AH = 21h        version 1.1 support
   357                                  ;       BX = AA55h      magic number II
   358                                  ;       CX = 0001b  bit0=packet support; bit2=EDD drive support
   359                                  ;
   360                                  ;     carry set
   361                                  ;       AH = 01h        Invalid Command
   362                                  ;
   363                                  ;;;;;;;;;;;;;;;;;;;;;;;;;;;;;;;;;;;;;;;;;;;;;;;;;;;;;;;;;;;;;;;;;;;;;;;;;
   364                                  fn41_check_extensions_present:
   365 0000013C E887FF                  	call	get_disk_table	; validate
   366                                  ; ES:DI now points at the disktab.inc data area for the disk
   367 0000013F 817E08AA55              	cmp	word [bp+offset_bx],0x55AA
   368 00000144 0F8530FF                	jne	ret_invalid_command
   369 00000148 26F6450F02                   es	test	byte [di+disk_flags],USE_LBA	; was [bx+...], and BX still
   370                                  						;  held the callers 55AA magic
   371 0000014D 0F8427FF                	jz	ret_invalid_command
   372                                  ; it is okay to use LBA calls for this disk
   373 00000151 C7460855AA                      mov     word [offset_bx + bp],0xAA55	; magic number II
   374 00000156 C7460C0500                      mov     word [offset_cx + bp],00000101b ; packet calls & EDD i/f
   375 0000015B B421                            mov     ah,21h				; version 1.1
   376 0000015D E922FF                  	jmp	good_return_AH
   377                                  
   378                                  
   379                                  
   380                                  ;;;;;;;;;;;;;;;;;;;;;;;;;;;;;;;;;;;;;;;;;;;;;;;;;;;;;;;;;;;;;;;;;;;;;;;;;;;;;
   381                                  ; fn42 -- read sectors (packet call)
   382                                  ;
   383                                  ;  Enter with:
   384                                  ;	DS:SI	pointer to disk packet (16 bytes)
   385                                  ;
   386                                  ;
   387                                  ;;;;;;;;;;;;;;;;;;;;;;;;;;;;;;;;;;;;;;;;;;;;;;;;;;;;;;;;;;;;;;;;;;;;;;;;;;;;;
   388                                  fn42_read_sector:
   389                                  ; The driver index used to be hard-coded to 1, which selected the null
   390                                  ; DualSD slot in read_tab.  Take it from the drive's own device code,
   391                                  ; and take master/slave from its parameter table.
   392 00000160 E863FF                  	call	get_disk_table		; ES:DI -> T_DISKTAB, BX = driver
   393 00000163 260FB64507              	movzx	ax,byte [es:di+unit_number]
   394 00000168 C1E004                  	shl	ax,4			; 0 -> 00h master, 1 -> 10h slave
   395                                  
   396 0000016B E8A2FF                  	call	pkt_rw_validate
   397 0000016E 01DB                    	add	bx,bx
   398 00000170 2E8BBF[BA00]               cs	mov	di,[read_tab + bx]	;routine to call
   399 00000175 09FF                    	or	di,di
   400 00000177 0F84FDFE                	jz	ret_invalid_command
   401                                  
   402 0000017B 8B4C02                  	mov	cx,[si + pkt_blocks]
   403 0000017E 83E17F                  	and	cx,127
   404                                  
   405 00000181 51                      	push	cx		; push number of sectors to read
   406 00000182 66FF7408                	push	dword [si + pkt_disk_LBA]	; push LBA
   407 00000186 C45C04                  	les	bx,[si + pkt_address]
   408 00000189 8CC1                    	mov	cx,es		; CX:BX is address
   409                                  	; AX is Slave/master
   410                                  
   411 0000018B FFD7                    	call	di
   412                                  ; the driver removes the arguments from the stack
   413                                  
   414 0000018D 3C00                    	cmp	al,NO_ERROR
   415 0000018F 0F84EDFE                	je	good_return
   416                                  
   417 00000193 C1E008                  	shl	ax,8
   418 00000196 884402                  	mov	byte [si + pkt_blocks],al
   419 00000199 88460E                  	mov	byte [bp + offset_ax],al
   420 0000019C E9DBFE                  	jmp	error_return
   421                                  
   422                                  
   423                                  ;;;;;;;;;;;;;;;;;;;;;;;;;;;;;;;;;;;;;;;;;;;;;;;;;;;;;;;;;;;;;;;;;;;;;;;;;
   424                                  ; The C:H:S entry points, ported from SBC386/HardDisk/DIDE.ASM.
   425                                  ;
   426                                  ; The shape of the original is kept -- validate, convert to LBA, then a
   427                                  ; one-sector-at-a-time transfer loop -- but everything it read out of
   428                                  ; the SBC-188 fx80/fx81 tables now comes from a T_DISKTAB, and the 32x16
   429                                  ; multiply helper it needed is a single 386 instruction here.
   430                                  ;;;;;;;;;;;;;;;;;;;;;;;;;;;;;;;;;;;;;;;;;;;;;;;;;;;;;;;;;;;;;;;;;;;;;;;;;
   431                                  
   432                                  ret_sector_not_found:
   433 0000019F B404                    	mov	ah,SECTOR_NOT_FOUND
   434 000001A1 E9D6FE                  	jmp	error_return
   435                                  
   436                                  
   437                                  ;;;;;;;;;;;;;;;;;;;;;;;;;;;;;;;;;;;;;;;;;;;;;;;;;;;;;;;;;;;;;;;;;;;;;;;;;
   438                                  ; cv_lba -- convert the C:H:S in CX and DX to an LBA sector number
   439                                  ;
   440                                  ;  Enter with:
   441                                  ;	ES:DI	points at the T_DISKTAB for the drive
   442                                  ;	CH	low 8 bits of the cylinder number
   443                                  ;	CL	bits 7:6 high 2 bits of cylinder, bits 5:0 sector (1..63)
   444                                  ;	DH	head number
   445                                  ;
   446                                  ;  Exit with:
   447                                  ;	EAX	the LBA sector number
   448                                  ;	Carry set if the address is outside the drive's geometry
   449                                  ;
   450                                  ;  Trashes:
   451                                  ;	EBX, ECX, EDX
   452                                  ;
   453                                  ;  The geometry used is the TRANSLATED one in ncylinders/n__heads/
   454                                  ;  nsectors, which is the same geometry AH=08h reports -- so a caller
   455                                  ;  that asks for what fn08 told it will always land inside the drive.
   456                                  ;;;;;;;;;;;;;;;;;;;;;;;;;;;;;;;;;;;;;;;;;;;;;;;;;;;;;;;;;;;;;;;;;;;;;;;;;
   457                                  cv_lba:
   458 000001A4 88CB                    	mov	bl,cl
   459 000001A6 80E33F                  	and	bl,0x3F			; sector, numbered from 1
   460 000001A9 88F7                    	mov	bh,dh			; head
   461                                  
   462 000001AB 88C8                    	mov	al,cl
   463 000001AD 25C000                  	and	ax,0x00C0		; high 2 cylinder bits, in 7:6
   464 000001B0 C1E002                  	shl	ax,2			; ...to 9:8, so AH = them and AL = 0
   465 000001B3 88E8                    	mov	al,ch			; AX = cylinder number
   466                                  
   467                                  ; range check before doing any arithmetic
   468 000001B5 08DB                    	or	bl,bl
   469 000001B7 7439                    	jz	.bad			; sector 0 does not exist
   470 000001B9 263A5D0E                    es	cmp	bl,[di+nsectors]
   471 000001BD 7733                    	ja	.bad
   472 000001BF 263A7D02                    es	cmp	bh,[di+n__heads]
   473 000001C3 732D                    	jnb	.bad			; heads count from 0
   474 000001C5 263B05                      es	cmp	ax,[di+ncylinders]
   475 000001C8 7328                    	jnb	.bad
   476                                  
   477 000001CA 660FB7C0                	movzx	eax,ax
   478 000001CE 26660FB64D02            	movzx	ecx,byte [es:di+n__heads]
   479 000001D4 66F7E1                  	mul	ecx			; EAX = cylinder * heads
   480 000001D7 660FB6CF                	movzx	ecx,bh
   481 000001DB 6601C8                  	add	eax,ecx			; + head number
   482                                  
   483 000001DE 26660FB64D0E            	movzx	ecx,byte [es:di+nsectors]
   484 000001E4 66F7E1                  	mul	ecx			; EAX = (cyl*heads + head) * sectors
   485 000001E7 660FB6CB                	movzx	ecx,bl
   486 000001EB 6649                    	dec	ecx			; sectors are numbered from 1
   487 000001ED 6601C8                  	add	eax,ecx
   488                                  
   489 000001F0 F8                      	clc
   490 000001F1 C3                      	ret
   491                                  .bad:
   492 000001F2 F9                      	stc
   493 000001F3 C3                      	ret
   494                                  
   495                                  
   496                                  ;;;;;;;;;;;;;;;;;;;;;;;;;;;;;;;;;;;;;;;;;;;;;;;;;;;;;;;;;;;;;;;;;;;;;;;;;
   497                                  ; fn00 -- Reset Disk System
   498                                  ;
   499                                  ;  Enter with:
   500                                  ;	AH = 0
   501                                  ;	DL = drive code
   502                                  ;
   503                                  ;  A soft reset drops both devices on the cable back to 16-bit PIO, and
   504                                  ;  every transfer routine in diskide.asm moves single bytes, so 8-bit
   505                                  ;  mode has to be put back before anything else touches the drives.
   506                                  ;;;;;;;;;;;;;;;;;;;;;;;;;;;;;;;;;;;;;;;;;;;;;;;;;;;;;;;;;;;;;;;;;;;;;;;;;
   507                                  	extern	hd_reset_
   508                                  	extern	hd_set_8bit_
   509                                  
   510                                  fn00_reset_disk:
   511 000001F4 E8CFFE                  	call	get_disk_table		; validates the drive code
   512                                  
   513 000001F7 1E                      	push	ds
   514 000001F8 B8[ssss]                	mov	ax,DGROUP
   515 000001FB 8ED8                    	mov	ds,ax			; the C helpers address through DGROUP
   516                                  
   517 000001FD E8(0000)                	call	hd_reset_
   518 00000200 09C0                    	or	ax,ax
   519 00000202 751A                    	jnz	.failed
   520                                  
   521 00000204 31C0                    	xor	ax,ax
   522 00000206 E8(0000)                	call	hd_set_8bit_		; master
   523                                  
   524 00000209 6A4007                  	get_bda	ES
   525 0000020C 26803E750001                es	cmp	byte [hd_number],1
   526 00000212 7606                    	jbe	.done
   527 00000214 B80100                  	mov	ax,1
   528 00000217 E8(0000)                	call	hd_set_8bit_		; slave, if one was registered
   529                                  .done:
   530 0000021A 1F                      	pop	ds
   531 0000021B E962FE                  	jmp	good_return
   532                                  
   533                                  .failed:
   534 0000021E 1F                      	pop	ds
   535 0000021F B405                    	mov	ah,RESET_FAILED
   536 00000221 E956FE                  	jmp	error_return
   537                                  
   538                                  
   539                                  ;;;;;;;;;;;;;;;;;;;;;;;;;;;;;;;;;;;;;;;;;;;;;;;;;;;;;;;;;;;;;;;;;;;;;;;;;
   540                                  ; fn02 -- Read Sectors
   541                                  ; fn03 -- Write Sectors
   542                                  ; fn04 -- Verify Sectors
   543                                  ;
   544                                  ;  Enter with:
   545                                  ;	AH	2 read, 3 write, 4 verify
   546                                  ;	AL	number of sectors
   547                                  ;	CH	low 8 bits of cylinder
   548                                  ;	CL	bits 7:6 cylinder high, bits 5:0 sector
   549                                  ;	DH	head
   550                                  ;	DL	drive code
   551                                  ;	ES:BX	caller's buffer (not used by verify)
   552                                  ;
   553                                  ;  Exit with:
   554                                  ;	AL	number of sectors actually transferred
   555                                  ;	AH	0 and Carry clear, or an error code with Carry set
   556                                  ;;;;;;;;;;;;;;;;;;;;;;;;;;;;;;;;;;;;;;;;;;;;;;;;;;;;;;;;;;;;;;;;;;;;;;;;;
   557                                  
   558                                  ; locals, carved below BP.  The return path does MOV SP,BP, so they are
   559                                  ; discarded for free.
   560                                  %define	lcl_lba		[bp-4]		; dword, current LBA
   561                                  %define lcl_count	[bp-6]		; sectors still to do
   562                                  %define lcl_drv		[bp-8]		; driver entry point
   563                                  %define lcl_unit	[bp-10]		; 00h master, 10h slave
   564                                  %define lcl_off		[bp-12]		; buffer offset
   565                                  %define lcl_seg		[bp-14]		; buffer segment
   566                                  %define lcl_want	[bp-16]		; sectors asked for
   567                                  LCL_SIZE	equ	16
   568                                  
   569                                  fn02_read_sector:
   570 00000224 BE[BA00]                	mov	si,read_tab
   571 00000227 EB08                    	jmp	short rwv_common
   572                                  fn03_write_sector:
   573 00000229 BE[C000]                	mov	si,write_tab
   574 0000022C EB03                    	jmp	short rwv_common
   575                                  fn04_verify_sector:
   576 0000022E BE[BA00]                	mov	si,read_tab		; verify reads and throws away
   577                                  
   578                                  rwv_common:
   579 00000231 E892FE                  	call	get_disk_table		; ES:DI -> T_DISKTAB, BX = driver
   580 00000234 01DB                    	add	bx,bx			; word index
   581 00000236 2E8B30                     cs	mov	si,[bx+si]		; driver entry for this device
   582 00000239 09F6                    	or	si,si
   583 0000023B 0F8439FE                	jz	ret_invalid_command	; slot is null -- no such driver
   584                                  
   585 0000023F E862FF                  	call	cv_lba			; EAX = LBA, Carry if out of range
   586 00000242 0F8259FF                	jc	ret_sector_not_found
   587                                  
   588 00000246 83EC10                  	sub	sp,LCL_SIZE
   589 00000249 8976F8                  	mov	lcl_drv,si
   590 0000024C 668946FC                	mov	dword lcl_lba,eax
   591                                  
   592 00000250 260FB64507              	movzx	ax,byte [es:di+unit_number]
   593 00000255 C1E004                  	shl	ax,4			; 0 -> 00h, 1 -> 10h
   594 00000258 8946F6                  	mov	lcl_unit,ax
   595                                  
   596 0000025B 8A460E                  	mov	al,[bp+offset_ax]	; sector count from the caller
   597 0000025E 30E4                    	xor	ah,ah
   598 00000260 8946FA                  	mov	lcl_count,ax
   599 00000263 8946F0                  	mov	lcl_want,ax
   600                                  
   601 00000266 8B4608                  	mov	ax,[bp+offset_bx]
   602 00000269 8946F4                  	mov	lcl_off,ax
   603 0000026C 8B4612                  	mov	ax,[bp+offset_es]
   604 0000026F 8946F2                  	mov	lcl_seg,ax
   605                                  
   606 00000272 807E0F04                	cmp	byte [bp+offset_ax+1],4		; is this a verify?
   607 00000276 750E                    	jne	.loop
   608                                  ; Verify has no buffer of its own.  Read into the BIOS sector buffer and
   609                                  ; discard: proving the sectors read back is what verify is for.
   610                                  	extern	_SecBuffer
   611 00000278 2EA1[0000]                 cs	mov	ax,[_SecBuffer]
   612 0000027C 8946F4                  	mov	lcl_off,ax
   613 0000027F 2EA1[0200]                 cs	mov	ax,[_SecBuffer+2]
   614 00000283 8946F2                  	mov	lcl_seg,ax
   615                                  
   616                                  .loop:
   617 00000286 837EFA00                	cmp	word lcl_count,0
   618 0000028A 7431                    	je	.done
   619                                  
   620                                  ; One sector per call.  The DRQ wait in diskide.asm sits outside its own
   621                                  ; sector loop, so a multi-sector request there runs ahead of the drive.
   622 0000028C 6A01                    	push	word 1
   623 0000028E 66FF76FC                	push	dword lcl_lba
   624 00000292 8B5EF4                  	mov	bx,lcl_off
   625 00000295 8B4EF2                  	mov	cx,lcl_seg
   626 00000298 8B46F6                  	mov	ax,lcl_unit		; AL = 00h or 10h
   627 0000029B FF56F8                  	call	word lcl_drv		; the driver pops its own arguments
   628                                  
   629 0000029E 09C0                    	or	ax,ax
   630 000002A0 7524                    	jnz	.failed
   631                                  
   632 000002A2 66FF46FC                	inc	dword lcl_lba
   633 000002A6 FF4EFA                  	dec	word lcl_count
   634                                  
   635 000002A9 807E0F04                	cmp	byte [bp+offset_ax+1],4
   636 000002AD 74D7                    	je	.loop			; verify keeps reusing the one buffer
   637                                  
   638 000002AF 8146F40002              	add	word lcl_off,512
   639 000002B4 73D0                    	jnc	.loop
   640 000002B6 8146F20010              	add	word lcl_seg,0x1000	; the offset wrapped 64K
   641 000002BB EBC9                    	jmp	.loop
   642                                  
   643                                  .done:
   644 000002BD 8B46F0                  	mov	ax,lcl_want
   645 000002C0 88460E                  	mov	[bp+offset_ax],al	; all of them transferred
   646 000002C3 E9BAFD                  	jmp	good_return
   647                                  
   648                                  .failed:
   649                                  ; Report how many sectors did make it before reporting the error.
   650 000002C6 89C3                    	mov	bx,ax			; the driver left a real status code
   651 000002C8 8B46F0                  	mov	ax,lcl_want
   652 000002CB 2B46FA                  	sub	ax,lcl_count
   653 000002CE 88460E                  	mov	[bp+offset_ax],al	; sectors that did transfer
   654 000002D1 88DC                    	mov	ah,bl			; carry the code up, do not invent one
   655 000002D3 E9A4FD                  	jmp	error_return
   656                                  
   657                                  
   658                                  ;;;;;;;;;;;;;;;;;;;;;;;;;;;;;;;;;;;;;;;;;;;;;;;;;;;;;;;;;;;;;;;;;;;;;;;;;
   659                                  ; fn08 -- Get Drive Parameters
   660                                  ;
   661                                  ;  Enter with:
   662                                  ;	AH = 8
   663                                  ;	DL = drive code
   664                                  ;
   665                                  ;  Exit with:
   666                                  ;	CH	low 8 bits of the maximum cylinder number
   667                                  ;	CL	bits 7:6 cylinder high, bits 5:0 sectors per track
   668                                  ;	DH	maximum head number
   669                                  ;	DL	number of fixed disks in the system
   670                                  ;	AH	0, Carry clear
   671                                  ;
   672                                  ;  The geometry returned is the TRANSLATED one, which is what makes the
   673                                  ;  numbers safe to feed back into AH=02h.
   674                                  ;;;;;;;;;;;;;;;;;;;;;;;;;;;;;;;;;;;;;;;;;;;;;;;;;;;;;;;;;;;;;;;;;;;;;;;;;
   675                                  fn08_get_drive_parameters:
   676 000002D6 C6460A00                	mov	byte [bp+offset_dx],0	; no drives, until proven otherwise
   677 000002DA E8E9FD                  	call	get_disk_table		; ES:DI -> T_DISKTAB
   678                                  
   679 000002DD 268B05                      es	mov	ax,[di+ncylinders]
   680 000002E0 09C0                    	or	ax,ax
   681 000002E2 0F8492FD                	jz	ret_invalid_command	; no usable geometry to report
   682 000002E6 48                      	dec	ax			; maximum cylinder number
   683 000002E7 88C5                    	mov	ch,al			; low 8 bits
   684 000002E9 88E1                    	mov	cl,ah
   685 000002EB C0E106                  	shl	cl,6			; high 2 bits into 7:6
   686 000002EE 260A4D0E                    es	or	cl,[di+nsectors]	; sectors per track into 5:0
   687 000002F2 894E0C                  	mov	[bp+offset_cx],cx
   688                                  
   689 000002F5 268A7502                    es	mov	dh,[di+n__heads]
   690 000002F9 FECE                    	dec	dh			; maximum head number
   691 000002FB 6A4007                  	get_bda	ES
   692 000002FE 268A167500                  es	mov	dl,[hd_number]
   693 00000303 89560A                  	mov	[bp+offset_dx],dx
   694                                  
   695 00000306 E977FD                  	jmp	good_return
   696                                  
   697                                  
   698                                  ;;;;;;;;;;;;;;;;;;;;;;;;;;;;;;;;;;;;;;;;;;;;;;;;;;;;;;;;;;;;;;;;;;;;;;;;;
   699                                  ; fn15 -- Get Disk Type
   700                                  ;
   701                                  ;  Enter with:
   702                                  ;	AH = 15h
   703                                  ;	DL = drive code
   704                                  ;
   705                                  ;  Exit with:
   706                                  ;	AH	3, meaning a fixed disk
   707                                  ;	CX:DX	number of 512-byte sectors on the drive
   708                                  ;	Carry clear
   709                                  ;
   710                                  ;  The count is max_lba, the drive's real capacity, rather than the
   711                                  ;  product of the translated geometry -- translation rounds the cylinder
   712                                  ;  count down and would under-report the disk.
   713                                  ;;;;;;;;;;;;;;;;;;;;;;;;;;;;;;;;;;;;;;;;;;;;;;;;;;;;;;;;;;;;;;;;;;;;;;;;;
   714                                  fn15_get_disk_type:
   715 00000309 E8BAFD                  	call	get_disk_table		; ES:DI -> T_DISKTAB
   716                                  
   717 0000030C 26668B450A                  es	mov	eax,[di+max_lba]
   718 00000311 89460A                  	mov	[bp+offset_dx],ax	; low order word
   719 00000314 66C1E810                	shr	eax,16
   720 00000318 89460C                  	mov	[bp+offset_cx],ax	; high order word
   721                                  
   722 0000031B B403                    	mov	ah,3			; code for a fixed disk
   723 0000031D E962FD                  	jmp	good_return_AH
   724                                  
   725                                  
   726                                  ;;;;;;;;;;;;;;;;;;;;;;;;;;;;;;;;;;;;;;;;;;;;;;;;;;;;;;;;;;;;;;;;;;;;;;;;;
   727                                  ; fn43 -- Extended Write (packet call)
   728                                  ;
   729                                  ;  Enter with:
   730                                  ;	AH = 43h
   731                                  ;	AL bit 0 selects write-with-verify, which this driver cannot do
   732                                  ;	   any more cheaply than a plain write, so it is ignored
   733                                  ;	DL = drive code
   734                                  ;	DS:SI = the 16-byte disk packet
   735                                  ;
   736                                  ;  The mirror of fn42, against write_tab.
   737                                  ;;;;;;;;;;;;;;;;;;;;;;;;;;;;;;;;;;;;;;;;;;;;;;;;;;;;;;;;;;;;;;;;;;;;;;;;;
   738                                  fn43_write_sector:
   739 00000320 E8A3FD                  	call	get_disk_table		; ES:DI -> T_DISKTAB, BX = driver
   740 00000323 260FB64507              	movzx	ax,byte [es:di+unit_number]
   741 00000328 C1E004                  	shl	ax,4			; 0 -> 00h master, 1 -> 10h slave
   742                                  
   743 0000032B E8E2FD                  	call	pkt_rw_validate
   744 0000032E 01DB                    	add	bx,bx
   745 00000330 2E8BBF[C000]               cs	mov	di,[write_tab + bx]	;routine to call
   746 00000335 09FF                    	or	di,di
   747 00000337 0F843DFD                	jz	ret_invalid_command	; no write driver for this device
   748                                  
   749 0000033B 8B4C02                  	mov	cx,[si + pkt_blocks]
   750 0000033E 83E17F                  	and	cx,127
   751                                  
   752 00000341 51                      	push	cx		; number of sectors
   753 00000342 66FF7408                	push	dword [si + pkt_disk_LBA]
   754 00000346 C45C04                  	les	bx,[si + pkt_address]
   755 00000349 8CC1                    	mov	cx,es		; CX:BX is the source address
   756                                  	; AX is Slave/master
   757                                  
   758 0000034B FFD7                    	call	di
   759                                  ; the driver removes the arguments from the stack
   760                                  
   761 0000034D 3C00                    	cmp	al,NO_ERROR
   762 0000034F 0F842DFD                	je	good_return
   763                                  
   764 00000353 C1E008                  	shl	ax,8
   765 00000356 884402                  	mov	byte [si + pkt_blocks],al
   766 00000359 88460E                  	mov	byte [bp + offset_ax],al
   767 0000035C E91BFD                  	jmp	error_return
   768                                  
   769                                  
   770                                  ;;;;;;;;;;;;;;;;;;;;;;;;;;;;;;;;;;;;;;;;;;;;;;;;;;;;;;;;;;;;;;;;;;;;;;;;;
   771                                  ; fn44 -- Extended Verify (packet call)
   772                                  ;
   773                                  ;  Enter with:
   774                                  ;	AH = 44h
   775                                  ;	DL = drive code
   776                                  ;	DS:SI = the 16-byte disk packet
   777                                  ;
   778                                  ;  pkt_address is not used: verify reads the sectors and throws the data
   779                                  ;  away, one at a time into the BIOS sector buffer.  On failure
   780                                  ;  pkt_blocks is set to the number that did verify.
   781                                  ;;;;;;;;;;;;;;;;;;;;;;;;;;;;;;;;;;;;;;;;;;;;;;;;;;;;;;;;;;;;;;;;;;;;;;;;;
   782                                  fn44_verify_sector:
   783 0000035F E864FD                  	call	get_disk_table		; ES:DI -> T_DISKTAB, BX = driver
   784 00000362 260FB64507              	movzx	ax,byte [es:di+unit_number]
   785 00000367 C1E004                  	shl	ax,4
   786                                  
   787 0000036A E8A3FD                  	call	pkt_rw_validate
   788 0000036D 01DB                    	add	bx,bx
   789 0000036F 2E8BBF[BA00]               cs	mov	di,[read_tab + bx]
   790 00000374 09FF                    	or	di,di
   791 00000376 0F84FEFC                	jz	ret_invalid_command
   792                                  
   793 0000037A 83EC10                  	sub	sp,LCL_SIZE
   794 0000037D 897EF8                  	mov	lcl_drv,di
   795 00000380 8946F6                  	mov	lcl_unit,ax
   796                                  
   797 00000383 8B4402                  	mov	ax,[si + pkt_blocks]
   798 00000386 83E07F                  	and	ax,127
   799 00000389 8946FA                  	mov	lcl_count,ax
   800 0000038C 8946F0                  	mov	lcl_want,ax
   801                                  
   802 0000038F 668B4408                	mov	eax,[si + pkt_disk_LBA]
   803 00000393 668946FC                	mov	dword lcl_lba,eax
   804                                  
   805 00000397 2EA1[0000]                 cs	mov	ax,[_SecBuffer]
   806 0000039B 8946F4                  	mov	lcl_off,ax
   807 0000039E 2EA1[0200]                 cs	mov	ax,[_SecBuffer+2]
   808 000003A2 8946F2                  	mov	lcl_seg,ax
   809                                  
   810                                  .loop:
   811 000003A5 837EFA00                	cmp	word lcl_count,0
   812 000003A9 741F                    	je	.done
   813                                  
   814 000003AB 6A01                    	push	word 1
   815 000003AD 66FF76FC                	push	dword lcl_lba
   816 000003B1 8B5EF4                  	mov	bx,lcl_off
   817 000003B4 8B4EF2                  	mov	cx,lcl_seg
   818 000003B7 8B46F6                  	mov	ax,lcl_unit
   819 000003BA FF56F8                  	call	word lcl_drv
   820                                  
   821 000003BD 09C0                    	or	ax,ax
   822 000003BF 750C                    	jnz	.failed
   823                                  
   824 000003C1 66FF46FC                	inc	dword lcl_lba
   825 000003C5 FF4EFA                  	dec	word lcl_count
   826 000003C8 EBDB                    	jmp	.loop
   827                                  
   828                                  .done:
   829 000003CA E9B3FC                  	jmp	good_return
   830                                  
   831                                  .failed:
   832 000003CD 89C3                    	mov	bx,ax			; the driver left a real status code
   833 000003CF 8B46F0                  	mov	ax,lcl_want
   834 000003D2 2B46FA                  	sub	ax,lcl_count
   835 000003D5 894402                  	mov	[si + pkt_blocks],ax	; how many did verify
   836 000003D8 88DC                    	mov	ah,bl
   837 000003DA E99DFC                  	jmp	error_return
   838                                  
   839                                  
   840                                  ;;;;;;;;;;;;;;;;;;;;;;;;;;;;;;;;;;;;;;;;;;;;;;;;;;;;;;;;;;;;;;;;;;;;;;;;;
   841                                  ; fn47 -- Extended Seek (packet call)
   842                                  ;
   843                                  ;  Enter with:
   844                                  ;	AH = 47h
   845                                  ;	DL = drive code
   846                                  ;	DS:SI = the 16-byte disk packet
   847                                  ;
   848                                  ;  There is no seek command in the 8-bit PIO path -- the drive seeks as
   849                                  ;  part of the next transfer -- so the useful work here is checking that
   850                                  ;  the caller is asking for somewhere that exists.  Unlike fn42/43/44,
   851                                  ;  which leave the drive to reject a bad address, this one has nothing
   852                                  ;  else to do, so it range-checks against max_lba.
   853                                  ;;;;;;;;;;;;;;;;;;;;;;;;;;;;;;;;;;;;;;;;;;;;;;;;;;;;;;;;;;;;;;;;;;;;;;;;;
   854                                  fn47_extended_seek:
   855 000003DD E8E6FC                  	call	get_disk_table		; ES:DI -> T_DISKTAB, BX = driver
   856 000003E0 E82DFD                  	call	pkt_rw_validate
   857                                  
   858 000003E3 668B4408                	mov	eax,[si + pkt_disk_LBA]
   859 000003E7 26663B450A                  es	cmp	eax,[di+max_lba]
   860 000003EC 0F83AFFD                	jnb	ret_sector_not_found
   861                                  
   862 000003F0 E98DFC                  	jmp	good_return
   863                                  
   864                                  
   865                                  ;;;;;;;;;;;;;;;;;;;;;;;;;;;;;;;;;;;;;;;;;;;;;;;;;;;;;;;;;;;;;;;;;;;;;;;;;
   866                                  ; fn48 -- Get Drive Parameters (packet call)
   867                                  ;
   868                                  ;  Enter with:
   869                                  ;	AH = 48h
   870                                  ;	DL = drive code
   871                                  ;	DS:SI = the result buffer, with pkt_param_size already set
   872                                  ;
   873                                  ;  Exit with:
   874                                  ;	the buffer filled in, pkt_param_size set to what was written
   875                                  ;	AH = 0, Carry clear
   876                                  ;
   877                                  ;  The C:H:S reported is the TRANSLATED geometry, the same one AH=08h
   878                                  ;  gives, so the two calls cannot disagree.  pkt_total_sectors is
   879                                  ;  max_lba, the real capacity, which is generally larger -- that is
   880                                  ;  expected, and is the whole reason the packet calls exist.
   881                                  ;;;;;;;;;;;;;;;;;;;;;;;;;;;;;;;;;;;;;;;;;;;;;;;;;;;;;;;;;;;;;;;;;;;;;;;;;
   882                                  fn48_get_drive_parameters:
   883 000003F3 E8D0FC                  	call	get_disk_table		; ES:DI -> T_DISKTAB
   884                                  
   885 000003F6 833C1A                  	cmp	word [si + pkt_param_size],26
   886 000003F9 0F827BFC                	jb	ret_invalid_command	; buffer too small to fill in
   887                                  
   888 000003FD 26660FB705              	movzx	eax,word [es:di+ncylinders]
   889 00000402 66894404                	mov	[si + pkt_phys_cylinders],eax
   890 00000406 26660FB64502            	movzx	eax,byte [es:di+n__heads]
   891 0000040C 66894408                	mov	[si + pkt_phys_heads],eax
   892 00000410 26660FB6450E            	movzx	eax,byte [es:di+nsectors]
   893 00000416 6689440C                	mov	[si + pkt_phys_sectors],eax
   894                                  
   895 0000041A 26668B450A                  es	mov	eax,[di+max_lba]
   896 0000041F 66894410                	mov	[si + pkt_total_sectors],eax
   897 00000423 66C7441400000000        	mov	dword [si + pkt_total_sectors+4],0
   898                                  
   899 0000042B C744180002              	mov	word [si + pkt_bytes],512
   900 00000430 C744020200              	mov	word [si + ppt_info],0x0002	; bit 1: geometry is valid
   901                                  
   902 00000435 833C1E                  	cmp	word [si + pkt_param_size],30
   903 00000438 720F                    	jb	.short_form
   904                                  
   905                                  ; room for the EDD pointer, which this BIOS does not publish
   906 0000043A 66C7441AFFFFFFFF        	mov	dword [si + pkt_EDD_param_ptr],0xFFFFFFFF
   907 00000442 C7041E00                	mov	word [si + pkt_param_size],30
   908 00000446 E937FC                  	jmp	good_return
   909                                  
   910                                  .short_form:
   911 00000449 C7041A00                	mov	word [si + pkt_param_size],26
   912 0000044D E930FC                  	jmp	good_return
