     1                                  ;;;;;;;;;;;;;;;;;;;;;;;;;;;;;;;;;;;;;;;;;;;;;;;;;;;;;;;;;;;;;;;;;;;;;;;;;;;;;
     2                                  ; 16h_kbd.asm -- INT 16h keyboard services, fed by two interrupts:
     3                                  ;                the SIO0 receive (IRQ4) for the serial console, and
     4                                  ;                the 8242 on the VGA3 board (IRQ1) for a PS/2 keyboard.
     5                                  ;                Both feed the one ring buffer at 40:1E; INT 16h does
     6                                  ;                not know or care which a key came from.
     7                                  ;;;;;;;;;;;;;;;;;;;;;;;;;;;;;;;;;;;;;;;;;;;;;;;;;;;;;;;;;;;;;;;;;;;;;;;;;;;;;
     8                                  ;
     9                                  ; Copyright (C) 2026 Dan Werner.  All rights reserved.
    10                                  ; Provided for hobbyist use on the RetroBrew SBC-386EX board.
    11                                  ;
    12                                  ; This program is free software: you can redistribute it and/or modify
    13                                  ; it under the terms of the GNU General Public License as published by
    14                                  ; the Free Software Foundation, either version 3 of the License, or
    15                                  ; (at your option) any later version.
    16                                  ;
    17                                  ; This program is distributed in the hope that it will be useful,
    18                                  ; but WITHOUT ANY WARRANTY; without even the implied warranty of
    19                                  ; MERCHANTABILITY or FITNESS FOR A PARTICULAR PURPOSE.  See the
    20                                  ; GNU General Public License for more details.
    21                                  ;
    22                                  ; You should have received a copy of the GNU General Public License
    23                                  ; along with this program in the file COPYING in the topmost source
    24                                  ; directory.  If not, see <http://www.gnu.org/licenses/>.
    25                                  ;
    26                                  ;
    27                                  ; Receive is interrupt-driven, and that is not an optimisation.  INT 14h
    28                                  ; is polled; if INT 16h polled as well, every key struck while DOS was
    29                                  ; producing output would be lost, because nothing would be looking at
    30                                  ; the UART during the write.  The ISR fills the ring buffer the PC BIOS
    31                                  ; has always kept at 40:1E, and INT 16h only ever reads from that.
    32                                  ;
    33                                  ; SIO0 receive lands on IRQ4 -- measured with IRQFIND in the monitor,
    34                                  ; and the same line a PC/AT gives COM1.  With ICW2M = 08h that is
    35                                  ; INT 0Ch, which is where int_irq4 sits.
    36                                  ;
    37                                  ; Assembly by NASM 2.08 is preferred
    38                                  ;;;;;;;;;;;;;;;;;;;;;;;;;;;;;;;;;;;;;;;;;;;;;;;;;;;;;;;;;;;;;;;;;;;;;;;;;;;;;
    39                                  %include "seg_def.inc"
    40                              <1> ; SEG_DEF.inc
    41                              <1> ;
    42                              <1> %ifndef SEG_DEF
    43                              <1> %define SEG_DEF 1
    44                              <1> 
    45                              <1> segment _TEXT	use16 	align=16	class=CODE	public
    46                              <1> 
    47                              <1> segment CONST		align=16	class=DATA	public
    48                              <1> segment CONST2		align=2		class=DATA	public
    49                              <1> segment _DATA		align=16	class=DATA	public
    50                              <1> segment _BSS		align=16	class=DATA	public
    51                              <1> ;group DGROUP CONST2 CONST _DATA _BSS
    52                              <1> 
    53                              <1> group DGROUP  _TEXT CONST2 CONST _DATA _BSS
    54                              <1> 
    55                              <1> 
    56                              <1> segment BOOT at 0xFFFF	align=16	class=BOOT	use16
    57                              <1> 
    58                              <1> %define XXX
    59                              <1> %endif
    60                              <1> ;
    61                              <1> ; end SEG_DEF.inc
    40                                  %include "i386ex.inc"
    41                              <1> ;/*;;;;;;;;;;;;;;;;;;;;;;;;;;;;;;;;;;;;;;;;;;;;;;;;;;;;;;;;;;;;;;;;;;;;;;
    42                              <1> ; i386EX.inc  --  register definitions for the Intel 80386EX processor
    43                              <1> ;;;;;;;;;;;;;;;;;;;;;;;;;;;;;;;;;;;;;;;;;;;;;;;;;;;;;;;;;;;;;;;;;;;;;;;;;
    44                              <1> ;
    45                              <1> ; Copyright (C) 2018 John R. Coffman.  All rights reserved.
    46                              <1> ; Provided for hobbyist use on the RetroBrew SBC-386 board.
    47                              <1> ;
    48                              <1> ; This program is free software: you can redistribute it and/or modify
    49                              <1> ; it under the terms of the GNU General Public License as published by
    50                              <1> ; the Free Software Foundation, either version 3 of the License, or
    51                              <1> ; (at your option) any later version.
    52                              <1> ;
    53                              <1> ; This program is distributed in the hope that it will be useful,
    54                              <1> ; but WITHOUT ANY WARRANTY; without even the implied warranty of
    55                              <1> ; MERCHANTABILITY or FITNESS FOR A PARTICULAR PURPOSE.  See the
    56                              <1> ; GNU General Public License for more details.
    57                              <1> ;
    58                              <1> ; You should have received a copy of the GNU General Public License
    59                              <1> ; along with this program in the file COPYING in the topmost source
    60                              <1> ; directory.  If not, see <http://www.gnu.org/licenses/>.
    61                              <1> ;
    62                              <1> ;
    63                              <1> ; SBC-386 board revisions:
    64                              <1> ;       SBC386-0   prototype / concept testing
    65                              <1> ;	SBC386EX 2.0 production board (Jan 2018, not 2017 as labeled)
    66                              <1> ;
    67                              <1> ; Assembly by NASM 2.08 is preferred
    68                              <1> ;;;;;;;;;;;;;;;;;;;;;;;;;;;;;;;;;;;;;;;;;;;;;;;;;;;;;;;;;;;;;;;;;;;;;;;;*/
    69                              <1> 
    70                              <1> ;/* i386EX.inc  --  register definitions for the Intel 80386EX processor
    71                              <1> ;
    72                              <1> %define defb
    73                              <1> %define defw
    74                              <1> %define defd
    75                              <1> ;*/
    76                              <1> 
    77                              <1> ;/* The component identifier the 386EX leaves in DX after a hardware reset:
    78                              <1> ;*  DH is the device (23h, 386EX) and DL the stepping.  POST tests it as the
    79                              <1> ;*  first thing it does, so anything that restarts the board in software has
    80                              <1> ;*  to present it too -- see reboot_ in 19h_boot.asm, which learned that the
    81                              <1> ;*  hard way.
    82                              <1> ;*/
    83                              <1> defw    DEVICE_ID equ   0x2309
    84                              <1> 
    85                              <1> ;/* The Address Configuration register
    86                              <1> ;*/
    87                              <1> defb REMAPCFGH  equ     0x0023
    88                              <1> defb REMAPCFGL  equ     0x0022
    89                              <1> defw REMAPCFG   equ     0x0022
    90                              <1> 
    91                              <1> ;/* The A20gate and fast CPU Reset
    92                              <1> ;*/
    93                              <1> defb PORT92     equ     0xF092
    94                              <1> defb PORT92_AT  equ     0x0092
    95                              <1> 
    96                              <1> ;
    97                              <1> ;/* The DMA Controller and Bus Arbiter
    98                              <1> ;*/
    99                              <1> defb DMA0TAR    equ     0xF000
   100                              <1> defb DMA0TAR_AT equ     0x0000
   101                              <1> defb DMA0BYC    equ     0xF001
   102                              <1> defb DMA0BYC_AT equ     0x0001
   103                              <1> defb DMA1TAR    equ     0xF002
   104                              <1> defb DMA1TAR_AT equ     0x0002
   105                              <1> defb DMA1BYC    equ     0xF003
   106                              <1> defb DMA1BYC_AT equ     0x0003
   107                              <1> defb DMACMD1    equ     0xF008
   108                              <1> defb DMACMD1_AT equ     0x0008
   109                              <1> defb DMASTS     equ     0xF008
   110                              <1> defb DMASTS_AT  equ     0x0008
   111                              <1> defb DMASRR     equ     0xF009
   112                              <1> defb DMASRR_AT  equ     0x0009
   113                              <1> defb DMAMSK     equ     0xF00A
   114                              <1> defb DMAMSK_AT  equ     0x000A
   115                              <1> defb DMAMOD1    equ     0xF00B
   116                              <1> defb DMAMOD1_AT equ     0x000B
   117                              <1> defb DMACLRBP   equ     0xF00C
   118                              <1> defb DMACLRBP_AT equ    0x000C
   119                              <1> defb DMACLR     equ     0xF00D
   120                              <1> defb DMACLR_AT  equ     0x000D
   121                              <1> defb DMACLRMSK  equ     0xF00E
   122                              <1> defb DMACLRMSK_AT equ   0x000E
   123                              <1> defb DMAGRPMSK  equ     0xF00F
   124                              <1> defb DMAGRPMSK_AT equ   0x000F
   125                              <1> defb DMA0REQ0_1 equ     0xF010
   126                              <1> defb DMA0REQ2_3 equ     0xF011
   127                              <1> defb DMA1REQ0_1 equ     0xF012
   128                              <1> defb DMA1REQ2_3 equ     0xF013
   129                              <1> defb DMABSR     equ     0xF018
   130                              <1> defb DMACHR     equ     0xF019
   131                              <1> defb DMAIS      equ     0xF019
   132                              <1> defb DMACMD2    equ     0xF01A
   133                              <1> defb DMAMOD2    equ     0xF01B
   134                              <1> defb DMAIEN     equ     0xF01C
   135                              <1> defb DMAOVFE    equ     0xF01D
   136                              <1> defb DMACLRTC   equ     0xF01E
   137                              <1> ;
   138                              <1> ;/* The DMA Page Registers
   139                              <1> ;*/
   140                              <1> defb DMA1TAR2    equ    0xF083
   141                              <1> defb DMA1TAR2_AT equ    0x0083
   142                              <1> defb DMA1TAR3    equ    0xF085
   143                              <1> defb DMA1TAR3_AT equ    0x0085
   144                              <1> defb DMA0TAR3    equ    0xF086
   145                              <1> defb DMA0TAR3_AT equ    0x0086
   146                              <1> defb DMA0TAR2    equ    0xF087
   147                              <1> defb DMA0TAR2_AT equ    0x0087
   148                              <1> ;
   149                              <1> defb DMA0BYC2   equ     0xF098
   150                              <1> defb DMA1BYC2   equ     0xF099
   151                              <1> 
   152                              <1> ;
   153                              <1> ;/* The Master Interrupt Controller
   154                              <1> ;*/
   155                              <1> defb ICW1M_AT   equ     0x0020
   156                              <1> defb ICW2M_AT   equ     0x0021
   157                              <1> defb ICW3M_AT   equ     0x0021
   158                              <1> defb ICW4M_AT   equ     0x0021
   159                              <1> defb OCW1M_AT   equ     0x0021
   160                              <1> defb OCW2M_AT   equ     0x0020
   161                              <1> defb OCW3M_AT   equ     0x0020
   162                              <1> 
   163                              <1> defb ICW1M      equ     0xF020
   164                              <1> defb ICW2M      equ     0xF021
   165                              <1> defb ICW3M      equ     0xF021
   166                              <1> defb ICW4M      equ     0xF021
   167                              <1> defb OCW1M      equ     0xF021
   168                              <1> defb OCW2M      equ     0xF020
   169                              <1> defb OCW3M      equ     0xF020
   170                              <1> defb IRR_M	equ	0xF020
   171                              <1> 
   172                              <1> ;
   173                              <1> ;/* The Slave Interrupt Controller
   174                              <1> ;*/
   175                              <1> defb ICW1S_AT   equ     0x00A0
   176                              <1> defb ICW2S_AT   equ     0x00A1
   177                              <1> defb ICW3S_AT   equ     0x00A1
   178                              <1> defb ICW4S_AT   equ     0x00A1
   179                              <1> defb OCW1S_AT   equ     0x00A1
   180                              <1> defb OCW2S_AT   equ     0x00A0
   181                              <1> defb OCW3S_AT   equ     0x00A0
   182                              <1> defb IRR_M_AT	equ	0x00A0
   183                              <1> 
   184                              <1> defb ICW1S      equ     0xF0A0
   185                              <1> defb ICW2S      equ     0xF0A1
   186                              <1> defb ICW3S      equ     0xF0A1
   187                              <1> defb ICW4S      equ     0xF0A1
   188                              <1> defb OCW1S      equ     0xF0A1
   189                              <1> defb OCW2S      equ     0xF0A0
   190                              <1> defb OCW3S      equ     0xF0A0
   191                              <1> 
   192                              <1> ;
   193                              <1> ;/* The Timer/Counter Unit
   194                              <1> ;*/
   195                              <1> defb    TMR0    equ     0xF040
   196                              <1> defb    TMR0_AT equ     0x0040
   197                              <1> defb    TMR1    equ     0xF041
   198                              <1> defb    TMR1_AT equ     0x0041
   199                              <1> defb    TMR2    equ     0xF042
   200                              <1> defb    TMR2_AT equ     0x0042
   201                              <1> defb    TMRCON  equ     0xF043
   202                              <1> defb    TMRCON_AT  equ  0x0043
   203                              <1> 
   204                              <1> ;
   205                              <1> ;/* The Chip Select Unit
   206                              <1> ;*/
   207                              <1> defw    CS0ADL  equ     0xF400
   208                              <1> defw    CS0ADH  equ     0xF402
   209                              <1> defw    CS0MSKL equ     0xF404
   210                              <1> defw    CS0MSKH equ     0xF406
   211                              <1> defw    CS1ADL  equ     0xF408
   212                              <1> defw    CS1ADH  equ     0xF40A
   213                              <1> defw    CS1MSKL equ     0xF40C
   214                              <1> defw    CS1MSKH equ     0xF40E
   215                              <1> defw    CS2ADL  equ     0xF410
   216                              <1> defw    CS2ADH  equ     0xF412
   217                              <1> defw    CS2MSKL equ     0xF414
   218                              <1> defw    CS2MSKH equ     0xF416
   219                              <1> defw    CS3ADL  equ     0xF418
   220                              <1> defw    CS3ADH  equ     0xF41A
   221                              <1> defw    CS3MSKL equ     0xF41C
   222                              <1> defw    CS3MSKH equ     0xF41E
   223                              <1> defw    CS4ADL  equ     0xF420
   224                              <1> defw    CS4ADH  equ     0xF422
   225                              <1> defw    CS4MSKL equ     0xF424
   226                              <1> defw    CS4MSKH equ     0xF426
   227                              <1> defw    CS5ADL  equ     0xF428
   228                              <1> defw    CS5ADH  equ     0xF42A
   229                              <1> defw    CS5MSKL equ     0xF42C
   230                              <1> defw    CS5MSKH equ     0xF42E
   231                              <1> defw    CS6ADL  equ     0xF430
   232                              <1> defw    CS6ADH  equ     0xF432
   233                              <1> defw    CS6MSKL equ     0xF434
   234                              <1> defw    CS6MSKH equ     0xF436
   235                              <1> defw    UCSADL  equ     0xF438
   236                              <1> defw    UCSADH  equ     0xF43A
   237                              <1> defw    UCSMSKL equ     0xF43C
   238                              <1> defw    UCSMSKH equ     0xF43E
   239                              <1> 
   240                              <1> ;
   241                              <1> ;/* The Synchronous Serial I/O Unit
   242                              <1> ;*/
   243                              <1> defw    SSIOTBUF equ    0xF480
   244                              <1> defw    SSIORBUF equ    0xF482
   245                              <1> defw    SSIOBAUD equ    0xF484
   246                              <1> defw    SSIOCON1 equ    0xF486
   247                              <1> defw    SSIOCON2 equ    0xF488
   248                              <1> defw    SSIOCTR  equ    0xF48A
   249                              <1> 
   250                              <1> ;
   251                              <1> ;/* The Refresh Control Unit
   252                              <1> ;*/
   253                              <1> defw    RFSBAD  equ     0xF4A0
   254                              <1> defw    RFSCIR  equ     0xF4A2
   255                              <1> defw    RFSCON  equ     0xF4A4
   256                              <1> defw    RFSADD  equ     0xF4A6
   257                              <1> 
   258                              <1> ;
   259                              <1> ;/* The Watchdog Timer Unit
   260                              <1> ;*/
   261                              <1> defw    WDTRLDH equ     0xF4C0
   262                              <1> defw    WDTRLDL equ     0xF4C2
   263                              <1> defw    WDTCNTH equ     0xF4C4
   264                              <1> defw    WDTCNTL equ     0xF4C6
   265                              <1> defw    WDTCLR  equ     0xF4C8
   266                              <1> defb    WDTSTATUS  equ  0xF4CA
   267                              <1> 
   268                              <1> ;
   269                              <1> ;/* Clock Generation and Power Management
   270                              <1> ;*/
   271                              <1> defb    PWRCON  equ     0xF800
   272                              <1> defw    CLKPRS  equ     0xF804
   273                              <1> 
   274                              <1> ;
   275                              <1> ;/* Device Configuration Registers
   276                              <1> ;*/
   277                              <1> defb    P1CFG   equ     0xF820
   278                              <1> defb    P2CFG   equ     0xF822
   279                              <1> defb    P3CFG   equ     0xF824
   280                              <1> defb    PINCFG  equ     0xF826
   281                              <1> defb    DMACFG  equ     0xF830
   282                              <1> defb    INTCFG  equ     0xF832
   283                              <1> defb    TMRCFG  equ     0xF834
   284                              <1> defb    SIOCFG  equ     0xF836
   285                              <1> 
   286                              <1> ;
   287                              <1> ;/* Parallel I/O Ports
   288                              <1> ;*/
   289                              <1> defb    P1PIN   equ     0xF860
   290                              <1> defb    P1LTC   equ     0xF862
   291                              <1> defb    P1DIR   equ     0xF864
   292                              <1> defb    P2PIN   equ     0xF868
   293                              <1> defb    P2LTC   equ     0xF86A
   294                              <1> defb    P2DIR   equ     0xF86C
   295                              <1> defb    P3PIN   equ     0xF870
   296                              <1> defb    P3LTC   equ     0xF872
   297                              <1> defb    P3DIR   equ     0xF874
   298                              <1> 
   299                              <1> 
   300                              <1> ; bits.inc
   301                              <1> ;
   302                              <1> ; assembly language bit definitions
   303                              <1> ;
   304                              <1> defb    BIT0    equ     0x01
   305                              <1> defb    BIT1    equ     0x02
   306                              <1> defb    BIT2    equ     0x04
   307                              <1> defb    BIT3    equ     0x08
   308                              <1> defb    BIT4    equ     0x10
   309                              <1> defb    BIT5    equ     0x20
   310                              <1> defb    BIT6    equ     0x40
   311                              <1> defb    BIT7    equ     0x80
   312                              <1> 
   313                              <1> defw    BIT8    equ     0x0100
   314                              <1> defw    BIT9    equ     0x0200
   315                              <1> defw    BIT10   equ     0x0400
   316                              <1> defw    BIT11   equ     0x0800
   317                              <1> defw    BIT12   equ     0x1000
   318                              <1> defw    BIT13   equ     0x2000
   319                              <1> defw    BIT14   equ     0x4000
   320                              <1> defw    BIT15   equ     0x8000
   321                              <1> 
   322                              <1> defd    BIT16   equ     0x00010000
   323                              <1> defd    BIT31   equ     0x80000000
   324                              <1> 
   325                              <1> defb    ZBIT0    equ     0
   326                              <1> defb    ZBIT1    equ     0
   327                              <1> defb    ZBIT2    equ     0
   328                              <1> defb    ZBIT3    equ     0
   329                              <1> defb    ZBIT4    equ     0
   330                              <1> defb    ZBIT5    equ     0
   331                              <1> defb    ZBIT6    equ     0
   332                              <1> defb    ZBIT7    equ     0
   333                              <1> 
   334                              <1> defw    ZBIT8    equ     0
   335                              <1> defw    ZBIT9    equ     0
   336                              <1> defw    ZBIT10   equ     0
   337                              <1> defw    ZBIT11   equ     0
   338                              <1> defw    ZBIT12   equ     0
   339                              <1> defw    ZBIT13   equ     0
   340                              <1> defw    ZBIT14   equ     0
   341                              <1> defw    ZBIT15   equ     0
   342                              <1> 
   343                              <1> 
   344                              <1> ;
   345                              <1> ;/* Asynchronout Serial I/O channel 0  (COM1)
   346                              <1> ;*/
   347                              <1> defb    RBR0_F4 equ     0xF4F8
   348                              <1> defb    TBR0_F4 equ     0xF4F8
   349                              <1> defb    DLL0_F4 equ     0xF4F8
   350                              <1> defb    DLH0_F4 equ     0xF4F9
   351                              <1> defb    IER0_F4 equ     0xF4F9
   352                              <1> defb    IIR0_F4 equ     0xF4FA
   353                              <1> defb    LCR0_F4 equ     0xF4FB
   354                              <1> defb    MCR0_F4 equ     0xF4FC
   355                              <1> defb    LSR0_F4 equ     0xF4FD
   356                              <1> defb    MSR0_F4 equ     0xF4FE
   357                              <1> defb    SCR0_F4 equ     0xF4FF
   358                              <1> 
   359                              <1> %define MFPIC 0
   360                              <1> %if MFPIC
   361                              <1> defb    RBR0    equ     0x0448
   362                              <1> defb    TBR0    equ     0x0448
   363                              <1> defb    DLL0    equ     0x0448
   364                              <1> defb    DLH0    equ     0x0449
   365                              <1> defb    IER0    equ     0x0449
   366                              <1> defb    IIR0    equ     0x044A
   367                              <1> defb    LCR0    equ     0x044B
   368                              <1> defb    MCR0    equ     0x044C
   369                              <1> defb    LSR0    equ     0x044D
   370                              <1> defb    MSR0    equ     0x044E
   371                              <1> defb    SCR0    equ     0x044F
   372                              <1> %else
   373                              <1> defb    RBR0    equ     0x03F8
   374                              <1> defb    TBR0    equ     0x03F8
   375                              <1> defb    DLL0    equ     0x03F8
   376                              <1> defb    DLH0    equ     0x03F9
   377                              <1> defb    IER0    equ     0x03F9
   378                              <1> defb    IIR0    equ     0x03FA
   379                              <1> defb    LCR0    equ     0x03FB
   380                              <1> defb    MCR0    equ     0x03FC
   381                              <1> defb    LSR0    equ     0x03FD
   382                              <1> defb    MSR0    equ     0x03FE
   383                              <1> defb    SCR0    equ     0x03FF
   384                              <1> %endif
   385                              <1> 
   386                              <1> ;
   387                              <1> ;/* Asynchronout Serial I/O channel 1  (COM2)
   388                              <1> ;*/
   389                              <1> defb    RBR1_F8 equ     0xF8F8
   390                              <1> defb    TBR1_F8 equ     0xF8F8
   391                              <1> defb    DLL1_F8 equ     0xF8F8
   392                              <1> defb    DLH1_F8 equ     0xF8F9
   393                              <1> defb    IER1_F8 equ     0xF8F9
   394                              <1> defb    IIR1_F8 equ     0xF8FA
   395                              <1> defb    LCR1_F8 equ     0xF8FB
   396                              <1> defb    MCR1_F8 equ     0xF8FC
   397                              <1> defb    LSR1_F8 equ     0xF8FD
   398                              <1> defb    MSR1_F8 equ     0xF8FE
   399                              <1> defb    SCR1_F8 equ     0xF8FF
   400                              <1> 
   401                              <1> defb    RBR1    equ     0x02F8
   402                              <1> defb    TBR1    equ     0x02F8
   403                              <1> defb    DLL1    equ     0x02F8
   404                              <1> defb    DLH1    equ     0x02F9
   405                              <1> defb    IER1    equ     0x02F9
   406                              <1> defb    IIR1    equ     0x02FA
   407                              <1> defb    LCR1    equ     0x02FB
   408                              <1> defb    MCR1    equ     0x02FC
   409                              <1> defb    LSR1    equ     0x02FD
   410                              <1> defb    MSR1    equ     0x02FE
   411                              <1> defb    SCR1    equ     0x02FF
   412                              <1> 
   413                              <1> ;/* LSRx bits
   414                              <1> ;*/
   415                              <1> defb    LSR_TE  equ     BIT6
   416                              <1> defb    LSR_TBE equ     BIT5
   417                              <1> defb    LSR_BI  equ     BIT4
   418                              <1> defb    LSR_FE  equ     BIT3
   419                              <1> defb    LSR_PE  equ     BIT2
   420                              <1> defb    LSR_OE  equ     BIT1
   421                              <1> defb    LSR_RBF equ     BIT0
   422                              <1> 
   423                              <1> ;/* MSRx bits
   424                              <1> ;*/
   425                              <1> defb	MSR_DCD	equ	BIT7
   426                              <1> defb	MSR_RI 	equ	BIT6
   427                              <1> defb	MSR_DSR	equ	BIT5
   428                              <1> defb	MSR_CTS	equ	BIT4
   429                              <1> defb	MSR_deltaDCD	equ	BIT3
   430                              <1> defb	MSR_deltaRI	equ	BIT2
   431                              <1> defb	MSR_deltaDSR	equ	BIT1
   432                              <1> defb	MSR_deltaCTS	equ	BIT0
   433                              <1> 
   434                              <1> ;/* Bits in CR0
   435                              <1> ;*/
   436                              <1> defb    CR0_PE  equ     BIT0
   437                              <1> defb    CR0_MP  equ     BIT1
   438                              <1> defb    CR0_EM  equ     BIT2
   439                              <1> defb    CR0_TS  equ     BIT3
   440                              <1> defd    CR0_WP  equ     BIT16
   441                              <1> defd    CR0_PG  equ     BIT31
   442                              <1> 
   443                              <1> ;/* Some ASCII character codes
   444                              <1> ;*/
   445                              <1> defb    ASCII_NUL       equ     0x00
   446                              <1> defb    ASCII_BS        equ     0x08
   447                              <1> defb    ASCII_HT        equ     0x09
   448                              <1> defb    ASCII_LF        equ     0x0A
   449                              <1> defb    ASCII_NL        equ     0x0A
   450                              <1> defb    ASCII_FF        equ     0x0C
   451                              <1> defb    ASCII_CR        equ     0x0D
   452                              <1> defb	ASCII_ESC	equ	0x1B
   453                              <1> defb    ASCII_SP        equ     0x20
   454                              <1> defb    ASCII_DEL       equ     0x7F
   455                              <1> defb	ASCII_RUB	equ	0xFF
   456                              <1> 
   457                              <1> 
   458                              <1> ;/* End of i386EX.inc */
    41                                  %include "macro.inc"
    42                              <1> ;;;;;;;;;;;;;;;;;;;;;;;;;;;;;;;;;;;;;;;;;;;;;;;;;;;;;;;;;;;;;;;;;;;;;;;;;
    43                              <1> ;
    44                              <1> ; some useful macros:
    45                              <1> ;
    46                              <1> ;;;;;;;;;;;;;;;;;;;;;;;;;;;;;;;;;;;;;;;;;;;;;;;;;;;;;;;;;;;;;;;;;;;;;;;;;
    47                              <1> %define NREPEAT 0
    48                              <1> 
    49                              <1> %if NREPEAT
    50                              <1> 
    51                              <1> %macro	rep	1
    52                              <1> %%loop:	%1
    53                              <1> 	dec	cx
    54                              <1> 	jnz	%%loop
    55                              <1> %endm
    56                              <1> 
    57                              <1> %macro	repne	1
    58                              <1> %%loop:	%1
    59                              <1> 	je	%%e
    60                              <1> 	dec	cx
    61                              <1> 	jnz	%%loop
    62                              <1> 	cmp	cx,1
    63                              <1> 	jmp	%%done
    64                              <1> %%e:	dec	cx
    65                              <1> 	cmp	cx,cx
    66                              <1> %%done:
    67                              <1> %endm
    68                              <1> 
    69                              <1> %macro	repe	1
    70                              <1> %%loop:	%1
    71                              <1> 	jne	%%ne
    72                              <1> 	dec	cx
    73                              <1> 	jnz	%%loop
    74                              <1> 	jmp	%%done
    75                              <1> %%ne:	dec	cx
    76                              <1> 	jcxz	%%cxz
    77                              <1> 	jmp	%%done
    78                              <1> %%cxz:	cmp	cx,1
    79                              <1> %%done:
    80                              <1> %endm
    81                              <1> 
    82                              <1> %macro	REP	1
    83                              <1> %%loop:	%1
    84                              <1> 	dec	ecx
    85                              <1> 	jnz	%%loop
    86                              <1> %endm
    87                              <1> 
    88                              <1> %macro	REPNE	1
    89                              <1> %%loop:	%1
    90                              <1> 	je	%%e
    91                              <1> 	dec	ecx
    92                              <1> 	jnz	%%loop
    93                              <1> 	cmp	cl,1
    94                              <1> 	jmp	%%done
    95                              <1> %%e:	dec	ecx
    96                              <1> 	cmp	cl,cl
    97                              <1> %%done:
    98                              <1> %endm
    99                              <1> 
   100                              <1> %macro	REPE	1
   101                              <1> %%loop:	%1
   102                              <1> 	jne	%%ne
   103                              <1> 	dec	ecx
   104                              <1> 	jnz	%%loop
   105                              <1> 	jmp	%%done
   106                              <1> %%ne:	dec	ecx
   107                              <1> 	jecxz	%%cxz
   108                              <1> 	jmp	%%done
   109                              <1> %%cxz:	cmp	cl,1
   110                              <1> %%done:
   111                              <1> %endm
   112                              <1> 
   113                              <1> %endif
   114                              <1> 
   115                              <1> 
   116                              <1> ;
   117                              <1> ; format of the BYTE initialization table:  address, byte
   118                              <1> ;
   119                              <1> %imacro  binit 2
   120                              <1>         dw      %1
   121                              <1>         db      %2
   122                              <1> %endmacro
   123                              <1> ; end with DW -1
   124                              <1> 
   125                              <1> ;
   126                              <1> ; format of the WORD initialization table:  address, word
   127                              <1> ;
   128                              <1> %imacro  winit 2
   129                              <1>         dw      %1
   130                              <1>         dw      %2
   131                              <1> %endmacro
   132                              <1> ; end with DW -1
   133                              <1> 
   134                              <1> 
   135                              <1> ; get the BIOS Data Area segment pointer to a [segment] register
   136                              <1> %imacro get_bda	1.nolist
   137                              <1> 	push	0x0040
   138                              <1> 	pop	%1
   139                              <1> 	cnop
   140                              <1> %endm
   141                              <1> 
   142                              <1> 
   143                              <1> ; get the Location 0 (Interrupt Descriptor Table) pointer to a register
   144                              <1> %imacro	get_loc0 1.nolist
   145                              <1> 	push	0x0000
   146                              <1> 	pop	%1
   147                              <1> 	cnop
   148                              <1> %endm
   149                              <1> 
   150                              <1> 
   151                              <1> 
   152                              <1> %imacro setloc  1.nolist
   153                              <1>  times   (%1-($-$$)) db 0FFh
   154                              <1> %endm
   155                              <1> 
   156                              <1> %imacro db_lo   1
   157                              <1>  db (%1)&255
   158                              <1> %endm
   159                              <1> 
   160                              <1> %imacro cnop    0.nolist
   161                              <1> %ifdef SOFT_DEBUG
   162                              <1> %if SOFT_DEBUG
   163                              <1>         nop
   164                              <1> %endif
   165                              <1> %endif
   166                              <1> %endm
   167                              <1> 
   168                              <1> %imacro popm 1-*.nolist
   169                              <1> %rep %0
   170                              <1> %ifidni %1,ALL
   171                              <1>  popa
   172                              <1> %elifidni %1,F
   173                              <1>  popf
   174                              <1> %else
   175                              <1>  pop %1
   176                              <1> %ifidni %1,DS
   177                              <1>  cnop
   178                              <1> %elifidni %1,ES
   179                              <1>  cnop
   180                              <1> %elifidni %1,FS
   181                              <1>  cnop
   182                              <1> %elifidni %1,GS
   183                              <1>  cnop
   184                              <1> %endif
   185                              <1> %endif
   186                              <1> %rotate 1
   187                              <1> %endrep
   188                              <1> %endm
   189                              <1> 
   190                              <1> %imacro pushm 1-*.nolist
   191                              <1> %rep %0
   192                              <1> %rotate -1
   193                              <1> %ifidni %1,ALL
   194                              <1>  pusha
   195                              <1> %elifidni %1,F
   196                              <1>  pushf
   197                              <1> %else
   198                              <1>  push %1
   199                              <1> %endif
   200                              <1> %endrep
   201                              <1> %endm
   202                              <1> 
   203                              <1> %imacro descr_linear_data 2-3.nolist	; address, size [, E]  E!=0 means expand down
   204                              <1> %assign __size__ (%2-1)	| 0xFF
   205                              <1> %if (__size__ <= 0xFFFF)
   206                              <1> %assign __gran__ 0
   207                              <1> %else
   208                              <1> %assign __gran__ 0xC0			; G B 0 0
   209                              <1> %endif
   210                              <1> %assign __expand__ 0
   211                              <1> %if %0==3
   212                              <1> %if %3
   213                              <1> %assign __expand__ 4
   214                              <1> %endif
   215                              <1> %endif
   216                              <1> dd (((%1)&0xFFFF)<<16)|(__size__&0xFFFF)
   217                              <1> dd (((%1)>>24)&0xFF)|((__gran__|(__size__>>16)&0x0F)<<16)|((0x93|__expand__)<<8)|(((%1)>>16)&0xFF)
   218                              <1> %endm
   219                              <1> 
   220                              <1> %imacro descr_linear_code 2-3.nolist	; address, size [,C]  C!=0 means conforming
   221                              <1> %assign __size__ (%2-1)	| 0xFF
   222                              <1> %if (__size__ <= 0xFFFF)
   223                              <1> %assign __gran__ 0
   224                              <1> %else
   225                              <1> %assign __gran__ 0xC0			; G D 0 0
   226                              <1> %endif
   227                              <1> %assign __conform__ 0
   228                              <1> %if %0==3
   229                              <1> %if %3
   230                              <1> %assign __conform__ 4
   231                              <1> %endif
   232                              <1> %endif
   233                              <1> dd (((%1)&0xFFFF)<<16)|(__size__&0xFFFF)
   234                              <1> dd (((%1)>>24)&0xFF)|((__gran__|(__size__>>16)&0x0F)<<16)|((0x9B|__conform__)<<8)|(((%1)>>16)&0xFF)
   235                              <1> %endm
   236                              <1> 
   237                              <1> ;/* End of macro.inc */
    42                                  %include "stack.inc"
    43                              <1> XXX
    44                              <1> ; stack.h -- format of the stack formed by				*/
    45                              <1> ; */
    46                              <1> ;	PUSHM	ALL,DS,ES							*/
    47                              <1> ;	MOV	BP,SP									*/
    48                              <1> ; */
    49                              <1> ; */
    50                              <1> ; */
    51                              <1> struc _STD_STACK
    52 00000000 ????                <1> offset_di	resw	1		; PUSHA (all) save*//
    53 00000002 ????                <1> offset_si	resw	1
    54 00000004 ????                <1> offset_bp	resw	1
    55 00000006 ????                <1> offset_sp	resw	1
    56 00000008 ????                <1> offset_bx	resw	1
    57 0000000A ????                <1> offset_dx	resw	1
    58 0000000C ????                <1> offset_cx	resw	1
    59 0000000E ????                <1> offset_ax	resw	1
    60                              <1> ; */
    61 00000010 ????                <1> offset_ds	resw	1		; segment register aave */
    62 00000012 ????                <1> offset_es	resw	1
    63                              <1> ; */
    64 00000014 ????                <1> offset_ip	resw	1
    65 00000016 ????                <1> offset_cs	resw	1		; set for IRET */
    66 00000018 ????                <1> offset_flags	resw	1	; flag.0 is the Crrry */
    67                              <1> endstruc
    67          ******************  <1>  warning: segment attributes specified on redeclaration of segment: ignoring [-w+other]
    68                              <1> ; */
    43                                  %define XXX
    44                                  %include "bda.inc"
    45                              <1> XXX
    46                              <1> ; bda.h -- definitions of the BIOS Data Area at 0040:0000 (0x400)  */
    47                              <1> %define BDA_segment 0x40
    48                              <1> ; bda.console -- which consoles INT 10h drives.  Set before the first */
    49                              <1> ; printf of POST; vga3_init adds the video bit when the board answers. */
    50                              <1> ; Both at once mirrors the screen down the serial line.  One comment  */
    51                              <1> ; per line here: bda.rul turns this file into bda.inc a line at a time. */
    52                              <1> %define CON_SERIAL	0x01
    53                              <1> %define CON_VIDEO	0x02
    54                              <1> struc _BDA
    55                              <1> ; first items at 0x40:0	*/
    56 00000000 ????????????????    <1> serial_dev	resw	4	; serial port device codes */
    57 00000008 ????????????????    <1> parallel_dev	resw	4	; printer port device codes */
    58 00000010 ????                <1> equip_flag	resw	1		; int 12h equipment flags */
    59 00000012 ??                  <1> mfg_test	resb	1		; initialization flags */
    60                              <1> ; */
    61                              <1> ; POST writes what it decided here, after the test of segment 0 has */
    62                              <1> ; zeroed the area, so the answer survives to be reported.  Nothing else */
    63                              <1> ; in this BIOS writes mfg_test.                                        */
    64                              <1> %define WARM_POST 0x01	; warm start: the memory march was skipped */
    65 00000013 ????                <1> memory_size	resw	1	; base memory size in Kilowords (1224) */
    66 00000015 ??                  <1> mfg_err_flag	resb	1
    67 00000016 ??                  <1> mfg_err_flag2	resb	1
    68                              <1> ; */
    69                              <1> ; first Keyboard data area */
    70 00000017 ??                  <1> kbd_flag	resb	1	; shift status &c. */
    71 00000018 ??                  <1> kbd_flag1	resb	1	;  mrre  */
    72 00000019 ??                  <1> alt_input	resb	1	; save alternate kbd entry code */
    73 0000001A ????                <1> buffer_head	resw	1
    74 0000001C ????                <1> buffer_tail	resw	1
    75                              <1> ; */
    76 0000001E <res 20h>           <1> kbd_buffer	resw	16	; buffer empty when  head==tail**/
    77                              <1> ; */
    78                              <1> ; Diskette data area */
    79 0000003E ??                  <1> seek_status	resb	1	; drive recalibration status */
    80                              <1> ; bits 3..0 drive must recalibrate before next seek */
    81 0000003F ??                  <1> motor_status	resb	1	; bits 3..0 motor running */
    82                              <1> ; bit 7 current op is write */
    83 00000040 ??                  <1> motor_count	resb	1	; timeout counter for motor turn-off */
    84 00000041 ??                  <1> fd_status	resb	1	; return code status byte */
    85 00000042 ??????????????      <1> fd_ctrl_stat	resb	7	; controller return bytes */
    86                              <1> ; */
    87                              <1> ; Video Display data area -- also used for video emulation */
    88 00000049 ??                  <1> vid_mode	resb	1	; current display mode */
    89 0000004A ????                <1> vid_columns	resw	1	; no. of columns on the screen */
    90 0000004C ????                <1> vid_buf_len	resw	1	; length of video buffer in bytes*//
    91 0000004E ????                <1> vid_start	resw	1	; start address of screen regeneration (in vid buf)*//
    92 00000050 <res 10h>           <1> vid_cursor	resw	8	; cursor postition on up to 8 screens */
    93 00000060 ????                <1> vid_cursor_mode	resw	1
    94 00000062 ??                  <1> vid_active_page	resb	1
    95 00000063 ????                <1> vid_addr_chip	resw	1	; I/O address for the video chip (6845,EGA,VGA)*//
    96 00000065 ??                  <1> vid_crt_mode	resb	1	; current setting of the 3x8 register ???? */
    97 00000066 ??                  <1> vid_palette	resb	1	; current color setting / palette **/
    98                              <1> ; */
    99                              <1> ; POST and ROM data */
   100 00000067 ????????            <1> io_rom_addr	resd	1	; far word to ROM initialization routine */
   101                              <1> %define io_rom_addr_low io_rom_addr
   102                              <1> %define io_rom_addr_seg (io_rom_addr+2)
   103 0000006B ??                  <1> interrupt_flag	resb	1	; indicates an interrupt occurred */
   104                              <1> ; */
   105                              <1> ; Timer data area  18.206602 hz  = ~54.925 ms  */
   106 0000006C ????                <1> timer_count_low	resw	1	; low word of timer count */
   107 0000006E ????                <1> timer_count_high	resw	1
   108                              <1> %define timer_count timer_count_low
   109                              <1> ; use timer_count as the double word timer counter */
   110 00000070 ??                  <1> timer_overflow	resb	1	; timer has rolled over since last read */
   111                              <1> ; */
   112                              <1> ; System & Keboard data area */
   113 00000071 ??                  <1> kbd_break_flag	resb	1	; bit 7 set if Break key is pressed */
   114 00000072 ????                <1> reset_flag	resw	1	; word=0x1234 if Reset is underway (80286) */
   115                              <1> ; */
   116                              <1> ; reboot() writes WARM_BOOT here before restarting the board, and POST */
   117                              <1> ; reads it to decide whether the memory march can be skipped.  Any       */
   118                              <1> ; program can set it and jump to FFFF:0000 -- that is the PC convention  */
   119                              <1> ; and this BIOS honours it.                                             */
   120                              <1> %define WARM_BOOT 0x1234
   121                              <1> ; */
   122                              <1> ; Fixed (Hard) disk data area */
   123 00000074 ??                  <1> hd_status	resb	1	; status info for hard disk */
   124                              <1> %define disk_status1 hd_status
   125 00000075 ??                  <1> hd_number	resb	1	; number of hard disks (for int 13h, fn 8h) */
   126 00000076 ??                  <1> control_byte	resb	1	; head control ???? */
   127 00000077 ??                  <1> port_offset	resb	1	; obsolete, maybe ???? */
   128                              <1> ; */
   129                              <1> ; Timeout counters */
   130 00000078 ????????            <1> printer_timeout	resb	4	; four bytes for each interaace */
   131 0000007C ????????            <1> serial_timeout	resb	4	; four bytes for each interacce */
   132                              <1> ; */
   133                              <1> ; Keyboard additional data area -- buffer location within segment 40h */
   134 00000080 ????                <1> buffer_start	resw	1	; offset of keyboard buffer start**/
   135 00000082 ????                <1> buffer_end	resw	1		; offset of end of kbd buffer */
   136                              <1> ; */
   137                              <1> ; EGA/PGA? data work area (graphic mode?  probably available) */
   138 00000084 ??                  <1> ega_rows	resb	1		; rows on the active screen (less 1)**/
   139 00000085 ????                <1> ega_points	resw	1		; bytes per charateer	*/
   140 00000087 ??                  <1> ega_info	resb	1		; mode options ????*//
   141 00000088 ??                  <1> ega_info_3	resb	1		; switch settings*//
   142 00000089 ??                  <1> console	resb	1	; CON_SERIAL, CON_VIDEO, or both: where INT 10h writes**/
   143 0000008A ??                  <1> ega_rsvd	resb	1	; reserved for adapter mfgrs */
   144                              <1> ; */
   145                              <1> ; Disk / Diskette media data */
   146 0000008B ??                  <1> fd_last_data_rate	resb	1	; last data rate selected */
   147 0000008C ??                  <1> hd_status_reg	resb	1		; hard disk status register */
   148 0000008D ??                  <1> hd_error_reg	resb	1		; hard disk error register */
   149 0000008E ??                  <1> hd_int_flag	resb	1	; HD interrupt flag */
   150 0000008F ??                  <1> hd_cntrl	resb	1		; HD/FD combo controller bit flag */
   151 00000090 ????                <1> hd_media	resb	2	; media state */
   152 00000092 ????                <1> hd_op_start	resb	2	; operation start state */
   153 00000094 ????                <1> hd_track	resw	1		; HD present cylinder number */
   154                              <1> ; */
   155                              <1> ; Additional Keyboard flags */
   156 00000096 ??                  <1> kbd_flag3	resb	1	; mode state & type flags */
   157 00000097 ??                  <1> kbd_flag2	resb	1	; kbd LED flags */
   158                              <1> ; */
   159                              <1> ; Real Time Clock data area */
   160 00000098 ????????            <1> rtc_user_flag_addr	resd	1	; far address of user's wait flag */
   161 0000009C ????????            <1> rtc_user_wait_flag	resd	1	; user wait flag */
   162 000000A0 ??                  <1> rtc_wait_active	resb	1	; 01=busy, 80=posted, 00=post acknowledge */
   163                              <1> ; */
   164                              <1> ; Miscellaneous */
   165 000000A1 ??????????????      <1> rsvd_network	resb	7	; reserved for network adapters */
   166 000000A8 ????????            <1> ptr_ega_save	resd	1		; far pointer to EGA parameter control block */
   167                              <1> ; */
   168                              <1> ;	byte	rsvd_unused[84];	; reserved for 386EX usage */
   169 000000AC ????                <1> errno	resw	1				; library error flag (errno.h) */
   170 000000AE <res 29h>           <1> rsvd_unused	resb	41	; reserved for 386EX usage */
   171 000000D7 ????????            <1> serial_flags	resb	4	; flags for each serial device**/
   172 000000DB ????                <1> extended_memory	resw	1	; size of Extended Memory in Kilobytes */
   173                              <1> ; this size is stored in CMOS on the PC/AT */
   174 000000DD ????                <1> CPU_freq	resw	1	; CPU frequency in kilohertz */
   175 000000DF ????                <1> ebda_seg_ptr	resw	1		; for EBDA allocations; c.f., memory_size */
   176                              <1> ; */
   177                              <1> ; start of 31 bytes of NVRAM informaiion */
   178 000000E1 ????                <1> nvram_info	resb	2	; 31 bytes of NVRAM information (this may move)*//
   179                              <1> ; starts with 2 bytes of SIO0 params */
   180 000000E3 ????                <1> floppy_tab	resb	2		; floppy disk driver table */
   181 000000E5 ????????????????    <1> disk_tab	resb	8  		; hard disk driver table */
   182 000000ED ??                  <1> boot_order	resb	1		; which device INT 19h tries, and in what order */
   183 000000EE <res 10h>           <1> nvram_unused	resb	16
   184 000000FE ????                <1> nvram_checksum	resw	1	; 31st byte of the NVRAM info */
   185                              <1> ; end of 31 bytes of NVRAM information */
   186                              <1> ; */
   187 00000100 ??                  <1> AT_status_byte	resb	1	; at 40:100h, 00500h, Print Screen Status byte*//
   188                              <1> ; 00=ready/ok  01=busy  0FF=error	*/
   189 00000101 ??                  <1> SRAM_size	resb	1	; size of SRAM in Kilobytes */
   190                              <1> ; */
   191                              <1> ; Extentsion to BDA during BIOS startup */
   192                              <1> ; */
   193                              <1> endstruc
   193          ******************  <1>  warning: segment attributes specified on redeclaration of segment: ignoring [-w+other]
    45                                  %undef XXX
    46                                  
    47                                  	global	int_16h
    48                                  	global	int_irq4
    49                                  	global	int_irq1
    50                                  	global	kbd_init_
    51                                  
    52                                  	extern	reboot_			; 19h_boot.asm -- restarts the board
    53                                  
    54                                  segment	_TEXT
    55                                  
    56                                  ;;;;;;;;;;;;;;;;;;;;;;;;;;;;;;;;;;;;;;;;;;;;;;;;;;;;;;;;;;;;;;;;;;;;;;;;;
    57                                  ; The console reset sequence -- this machine's Ctrl-Alt-Del
    58                                  ;
    59                                  ; A serial console has no Ctrl and no Alt to press: it delivers characters,
    60                                  ; not key events, which is why kbd_flag never holds anything.  Nothing
    61                                  ; requires the sequence to be that particular one, though, so the trigger is
    62                                  ; a character unlikely to arrive by accident, three times in a row.
    63                                  ;
    64                                  ; 1Eh is Ctrl-^.  It was picked over the more obvious Ctrl-] (1Dh) because
    65                                  ; that is the telnet escape and would be eaten by the terminal program
    66                                  ; before it ever reached the board, and over Ctrl-\ (1Ch) because that is
    67                                  ; SIGQUIT to a Unix terminal.  Nothing in common use binds Ctrl-^.
    68                                  ;
    69                                  ; The count lives in alt_input, which on a PC accumulates Alt+numpad digits
    70                                  ; and here has nothing to do: the serial console has no Alt and no numpad.
    71                                  ; The PS/2 keyboard, which has both, has a real Ctrl-Alt-Del in kbd_scan1
    72                                  ; and does not use this field.
    73                                  ;;;;;;;;;;;;;;;;;;;;;;;;;;;;;;;;;;;;;;;;;;;;;;;;;;;;;;;;;;;;;;;;;;;;;;;;;
    74                                  RESET_KEY	equ	0x1E		; Ctrl-^
    75                                  RESET_COUNT	equ	3		; how many in a row
    76                                  ASCII_BEL	equ 	0X08
    77                                  
    78                                  NS_EOI		equ	0x20		; non-specific end of interrupt
    79                                  KBD_START	equ	0x1E		; kbd_buffer, at 40:1E as on a PC
    80                                  KBD_END		equ	0x3E		; one past its last word
    81                                  
    82                                  
    83                                  ;;;;;;;;;;;;;;;;;;;;;;;;;;;;;;;;;;;;;;;;;;;;;;;;;;;;;;;;;;;;;;;;;;;;;;;;;
    84                                  ; kbd_init -- set the ring buffer up and turn the receive interrupt on
    85                                  ;
    86                                  ;	void kbd_init(void);
    87                                  ;
    88                                  ; Called from POST.  Until this runs the buffer pointers are zero, which
    89                                  ; would make the buffer look like a 16-word ring based at 40:0000 -- on
    90                                  ; top of the serial device table.
    91                                  ;;;;;;;;;;;;;;;;;;;;;;;;;;;;;;;;;;;;;;;;;;;;;;;;;;;;;;;;;;;;;;;;;;;;;;;;;
    92                                  kbd_init_:
    93 00000000 1E5250                  	pushm	ax,dx,ds
    94                                  
    95 00000003 6A401F                  	get_bda	DS
    96 00000006 C70680001E00            	mov	word [buffer_start],KBD_START
    97 0000000C C70682003E00            	mov	word [buffer_end],KBD_END
    98 00000012 C7061A001E00            	mov	word [buffer_head],KBD_START
    99 00000018 C7061C001E00            	mov	word [buffer_tail],KBD_START
   100 0000001E C606170000              	mov	byte [kbd_flag],0
   101 00000023 C606180000              	mov	byte [kbd_flag1],0
   102 00000028 C606190000              	mov	byte [alt_input],0	; the console reset sequence counter
   103 0000002D C606970000              	mov	byte [kbd_flag2],0
   104 00000032 C606960000              	mov	byte [kbd_flag3],0	; no scan code prefix outstanding
   105                                  
   106 00000037 BAF903                  	mov	dx,IER0			; receive data available
   107 0000003A B001                    	mov	al,0x01
   108 0000003C EE                      	out	dx,al
   109                                  
   110 0000003D 585A1F                  	popm	ax,dx,ds
   111                                  
   112 00000040 B80400                  	mov	ax,4			; IRQ4 -- SIO0 receive
   113                                  	extern	unmask_interrupt_
   114 00000043 E8(0000)                	call	unmask_interrupt_
   115                                  
   116 00000046 E87101                  	call	kbc_init		; and the PS/2 keyboard, if the board is in
   117 00000049 C3                      	ret
   118                                  
   119                                  
   120                                  ;;;;;;;;;;;;;;;;;;;;;;;;;;;;;;;;;;;;;;;;;;;;;;;;;;;;;;;;;;;;;;;;;;;;;;;;;
   121                                  ; int_irq4 -- the SIO0 receive interrupt
   122                                  ;
   123                                  ; Drains the UART into the ring buffer.  The loop matters: at 9600 baud
   124                                  ; with interrupts occasionally masked elsewhere, more than one character
   125                                  ; can be waiting by the time this runs, and leaving one behind would
   126                                  ; leave the interrupt asserted with nothing to clear it.
   127                                  ;
   128                                  ; A full buffer drops the character and beeps, which is what a PC does.
   129                                  ;;;;;;;;;;;;;;;;;;;;;;;;;;;;;;;;;;;;;;;;;;;;;;;;;;;;;;;;;;;;;;;;;;;;;;;;;
   130                                  int_irq4:
   131 0000004A 1E575652515350          	pushm	ax,bx,cx,dx,si,di,ds
   132                                  
   133 00000051 6A401F                  	get_bda	DS
   134 00000054 FC                      	cld
   135                                  .1:
   136 00000055 BAFD03                  	mov	dx,LSR0
   137 00000058 EC                      	in	al,dx
   138 00000059 A801                    	test	al,0x01			; anything in the receiver?
   139 0000005B 7424                    	jz	.9
   140                                  
   141 0000005D BAF803                  	mov	dx,RBR0
   142 00000060 EC                      	in	al,dx
   143 00000061 247F                    	and	al,0x7F			; the console is 7-bit clean
   144                                  
   145                                  ; Watch for the reset sequence before the character goes anywhere.  The
   146                                  ; matching characters are eaten rather than delivered: this is an escape
   147                                  ; out of the running system, not data, and a partial sequence reaching DOS
   148                                  ; would be worse than losing it.
   149 00000063 3C1E                    	cmp	al,RESET_KEY
   150 00000065 7407                    	je	.rkey
   151 00000067 C606190000              	mov	byte [alt_input],0	; anything else breaks the run
   152 0000006C EB0E                    	jmp	short .stuff
   153                                  .rkey:
   154 0000006E FE061900                	inc	byte [alt_input]
   155 00000072 803E190003              	cmp	byte [alt_input],RESET_COUNT
   156 00000077 72DC                    	jb	.1			; not there yet; eat it and carry on
   157 00000079 E9(0000)                	jmp	reboot_			; does not return
   158                                  .stuff:
   159 0000007C E80E00                  	call	kbd_stuff
   160 0000007F EBD4                    	jmp	.1
   161                                  .9:
   162 00000081 B020                    	mov	al,NS_EOI
   163 00000083 E620                    	out	OCW2M_AT,al
   164                                  
   165 00000085 585B595A5E5F1F          	popm	ax,bx,cx,dx,si,di,ds
   166 0000008C CF                      	iret
   167                                  
   168                                  
   169                                  ;;;;;;;;;;;;;;;;;;;;;;;;;;;;;;;;;;;;;;;;;;;;;;;;;;;;;;;;;;;;;;;;;;;;;;;;;
   170                                  ; kbd_stuff -- put the character in AL into the ring buffer
   171                                  ;
   172                                  ;  DS is the BDA.  AX, BX, CX are destroyed.
   173                                  ;
   174                                  ; The stored word is the PC convention: scan code in the high byte,
   175                                  ; ASCII in the low.  DOS reads the ASCII; a few programs check the scan
   176                                  ; code, which is why it is synthesised rather than left zero.
   177                                  ;;;;;;;;;;;;;;;;;;;;;;;;;;;;;;;;;;;;;;;;;;;;;;;;;;;;;;;;;;;;;;;;;;;;;;;;;
   178                                  kbd_stuff:
   179 0000008D 52515350                	pushm	ax,bx,cx,dx
   180                                  
   181                                  ; DEL from a terminal means backspace to DOS
   182 00000091 3C7F                    	cmp	al,0x7F
   183 00000093 7502                    	jne	.1
   184 00000095 B008                    	mov	al,ASCII_BS
   185                                  .1:
   186 00000097 0FB6D8                  	movzx	bx,al
   187 0000009A 2E8AA7[3A01]               cs	mov	ah,[bx+kbd_scan]	; synthesise the scan code
   188 0000009F 89C1                    	mov	cx,ax			; CX is the word to store
   189                                  kbd_stuff_word:				; entered from kbd_stuff_ax with CX made
   190                                  
   191 000000A1 8B1E1C00                	mov	bx,[buffer_tail]
   192 000000A5 89D8                    	mov	ax,bx
   193 000000A7 83C002                  	add	ax,2
   194 000000AA 83F83E                  	cmp	ax,KBD_END
   195 000000AD 7203                    	jb	.2
   196 000000AF B81E00                  	mov	ax,KBD_START		; wrapped
   197                                  .2:
   198 000000B2 3B061A00                	cmp	ax,[buffer_head]
   199 000000B6 7407                    	je	.full			; tail would meet head: no room
   200                                  
   201 000000B8 890F                    	mov	[bx],cx			; DS is 0040, BX is the offset
   202 000000BA A31C00                  	mov	[buffer_tail],ax
   203 000000BD EB08                    	jmp	.9
   204                                  .full:
   205 000000BF B008                    	mov	al,ASCII_BEL		; the buffer is full -- complain
   206 000000C1 B401                    	mov	ah,1
   207 000000C3 31D2                    	xor	dx,dx
   208 000000C5 CD14                    	int	0x14
   209                                  .9:
   210 000000C7 585B595A                	popm	ax,bx,cx,dx
   211 000000CB C3                      	ret
   212                                  
   213                                  
   214                                  ;;;;;;;;;;;;;;;;;;;;;;;;;;;;;;;;;;;;;;;;;;;;;;;;;;;;;;;;;;;;;;;;;;;;;;;;;
   215                                  ; INT 16h -- keyboard services
   216                                  ;
   217                                  ;    Function		Usage
   218                                  ;    ========		=====
   219                                  ;	00	read a key, waiting for one
   220                                  ;	01	report whether a key is waiting, without taking it
   221                                  ;	02	read the shift flags
   222                                  ;	10h	as 00, extended
   223                                  ;	11h	as 01, extended
   224                                  ;	12h	as 02, extended
   225                                  ;
   226                                  ; 10h/11h/12h are the 101-key forms.  On a serial console they have
   227                                  ; nothing extra to report, so they share the code.
   228                                  ;;;;;;;;;;;;;;;;;;;;;;;;;;;;;;;;;;;;;;;;;;;;;;;;;;;;;;;;;;;;;;;;;;;;;;;;;
   229                                  int_16h:
   230 000000CC FB                      	sti
   231 000000CD 061E60                  	pushm	all,ds,es
   232 000000D0 89E5                    	mov	bp,sp
   233 000000D2 FC                      	cld
   234 000000D3 6A401F                  	get_bda	DS
   235                                  
   236 000000D6 88E0                    	mov	al,ah
   237 000000D8 240F                    	and	al,0x0F			; 10h/11h/12h behave as 00/01/02
   238 000000DA 3C02                    	cmp	al,2
   239 000000DC 7710                    	ja	k_bad
   240                                  
   241 000000DE 08C0                    	or	al,al
   242 000000E0 7415                    	jz	k_read
   243 000000E2 FEC8                    	dec	al
   244 000000E4 7435                    	jz	k_peek
   245                                  
   246                                  ; function 02 -- shift flags
   247 000000E6 A01700                  	mov	al,[kbd_flag]
   248 000000E9 88460E                  	mov	[bp+offset_ax],al
   249 000000EC EB05                    	jmp	k_done
   250                                  
   251                                  k_bad:
   252 000000EE C7460E0000              	mov	word [bp+offset_ax],0
   253                                  k_done:
   254 000000F3 611F07                  	popm	all,ds,es
   255 000000F6 CF                      	iret
   256                                  
   257                                  
   258                                  ;;;;;;;;;;;;;;;;;;;;;;;;;;;;;;;;;;;;;;;;;;;;;;;;;;;;;;;;;;;;;;;;;;;;;;;;;
   259                                  ; function 00 -- read a key, waiting until there is one
   260                                  ;
   261                                  ; HLT rather than a spin: the tick and the receive interrupt both wake
   262                                  ; it, and it keeps the bus quiet while DOS is idle at the prompt.
   263                                  ;;;;;;;;;;;;;;;;;;;;;;;;;;;;;;;;;;;;;;;;;;;;;;;;;;;;;;;;;;;;;;;;;;;;;;;;;
   264                                  k_read:
   265 000000F7 FB                      	sti
   266                                  .1:
   267 000000F8 8B1E1A00                	mov	bx,[buffer_head]
   268 000000FC 3B1E1C00                	cmp	bx,[buffer_tail]
   269 00000100 7503                    	jne	.2
   270 00000102 F4                      	hlt				; nothing yet; wait for an interrupt
   271 00000103 EBF3                    	jmp	.1
   272                                  .2:
   273 00000105 8B07                    	mov	ax,[bx]			; the waiting key
   274                                  
   275 00000107 83C302                  	add	bx,2
   276 0000010A 83FB3E                  	cmp	bx,KBD_END
   277 0000010D 7203                    	jb	.3
   278 0000010F BB1E00                  	mov	bx,KBD_START
   279                                  .3:
   280 00000112 891E1A00                	mov	[buffer_head],bx
   281                                  
   282 00000116 89460E                  	mov	[bp+offset_ax],ax
   283 00000119 EBD8                    	jmp	k_done
   284                                  
   285                                  
   286                                  ;;;;;;;;;;;;;;;;;;;;;;;;;;;;;;;;;;;;;;;;;;;;;;;;;;;;;;;;;;;;;;;;;;;;;;;;;
   287                                  ; function 01 -- is a key waiting?
   288                                  ;
   289                                  ;  ZF set means the buffer is empty.  The key is left where it is.
   290                                  ;
   291                                  ; The Zero flag has to reach the caller, so this returns with RETF 2 --
   292                                  ; discarding the stacked flags -- rather than IRET, which would put them
   293                                  ; back and lose the answer.
   294                                  ;;;;;;;;;;;;;;;;;;;;;;;;;;;;;;;;;;;;;;;;;;;;;;;;;;;;;;;;;;;;;;;;;;;;;;;;;
   295                                  k_peek:
   296 0000011B 8B1E1A00                	mov	bx,[buffer_head]
   297 0000011F 3B1E1C00                	cmp	bx,[buffer_tail]
   298 00000123 740D                    	je	.empty
   299                                  
   300 00000125 8B07                    	mov	ax,[bx]
   301 00000127 89460E                  	mov	[bp+offset_ax],ax
   302                                  
   303 0000012A 611F07                  	popm	all,ds,es
   304 0000012D 09E4                    	or	sp,sp			; SP is never zero, so ZF clear:
   305 0000012F CA0200                  	retf	2			;  a key is waiting
   306                                  .empty:
   307 00000132 611F07                  	popm	all,ds,es
   308 00000135 39E4                    	cmp	sp,sp			; ZF set: nothing waiting
   309 00000137 CA0200                  	retf	2
   310                                  
   311                                  
   312                                  ;;;;;;;;;;;;;;;;;;;;;;;;;;;;;;;;;;;;;;;;;;;;;;;;;;;;;;;;;;;;;;;;;;;;;;;;;
   313                                  ; kbd_scan -- ASCII to the scan code of the key that would produce it
   314                                  ;
   315                                  ; A serial console delivers characters, not key events, so the scan code
   316                                  ; has to be invented.  Most software reads only the ASCII byte, but
   317                                  ; enough of it looks at the scan code -- for Enter, Backspace and Escape
   318                                  ; especially -- that returning zero causes trouble.
   319                                  ;
   320                                  ; The value is the set-1 make code of the key bearing that character;
   321                                  ; shifted symbols carry the code of the unshifted key, which is what a
   322                                  ; real keyboard would have reported.
   323                                  ;
   324                                  ; 00h..1Fh are the control codes: Ctrl+letter carries the letter's code,
   325                                  ; with Backspace, Tab, Enter and Escape given their own keys.
   326                                  ;;;;;;;;;;;;;;;;;;;;;;;;;;;;;;;;;;;;;;;;;;;;;;;;;;;;;;;;;;;;;;;;;;;;;;;;;
   327                                  	align	2
   328                                  kbd_scan:
   329                                  ;	  ^@   ^A   ^B   ^C   ^D   ^E   ^F   ^G
   330 0000013A 031E302E20122122        	db 0x03,0x1E,0x30,0x2E,0x20,0x12,0x21,0x22
   331                                  ;	  BS   TAB  ^J   ^K   ^L   CR   ^N   ^O
   332 00000142 0E0F2425261C3118        	db 0x0E,0x0F,0x24,0x25,0x26,0x1C,0x31,0x18
   333                                  ;	  ^P   ^Q   ^R   ^S   ^T   ^U   ^V   ^W
   334 0000014A 1910131F14162F11        	db 0x19,0x10,0x13,0x1F,0x14,0x16,0x2F,0x11
   335                                  ;	  ^X   ^Y   ^Z   ESC  ^\   ^]   ^^   ^_
   336 00000152 2D152C012B1B070C        	db 0x2D,0x15,0x2C,0x01,0x2B,0x1B,0x07,0x0C
   337                                  ;	  SP   !    "    #    $    %    &    '
   338 0000015A 3902280405060828        	db 0x39,0x02,0x28,0x04,0x05,0x06,0x08,0x28
   339                                  ;	  (    )    *    +    ,    -    .    /
   340 00000162 0A0B090D330C3435        	db 0x0A,0x0B,0x09,0x0D,0x33,0x0C,0x34,0x35
   341                                  ;	  0    1    2    3    4    5    6    7
   342 0000016A 0B02030405060708        	db 0x0B,0x02,0x03,0x04,0x05,0x06,0x07,0x08
   343                                  ;	  8    9    :    ;    <    =    >    ?
   344 00000172 090A2727330D3435        	db 0x09,0x0A,0x27,0x27,0x33,0x0D,0x34,0x35
   345                                  ;	  @    A    B    C    D    E    F    G
   346 0000017A 031E302E20122122        	db 0x03,0x1E,0x30,0x2E,0x20,0x12,0x21,0x22
   347                                  ;	  H    I    J    K    L    M    N    O
   348 00000182 2317242526323118        	db 0x23,0x17,0x24,0x25,0x26,0x32,0x31,0x18
   349                                  ;	  P    Q    R    S    T    U    V    W
   350 0000018A 1910131F14162F11        	db 0x19,0x10,0x13,0x1F,0x14,0x16,0x2F,0x11
   351                                  ;	  X    Y    Z    [    \    ]    ^    _
   352 00000192 2D152C1A2B1B070C        	db 0x2D,0x15,0x2C,0x1A,0x2B,0x1B,0x07,0x0C
   353                                  ;	  `    a    b    c    d    e    f    g
   354 0000019A 291E302E20122122        	db 0x29,0x1E,0x30,0x2E,0x20,0x12,0x21,0x22
   355                                  ;	  h    i    j    k    l    m    n    o
   356 000001A2 2317242526323118        	db 0x23,0x17,0x24,0x25,0x26,0x32,0x31,0x18
   357                                  ;	  p    q    r    s    t    u    v    w
   358 000001AA 1910131F14162F11        	db 0x19,0x10,0x13,0x1F,0x14,0x16,0x2F,0x11
   359                                  ;	  x    y    z    {    |    }    ~    DEL
   360 000001B2 2D152C1A2B1B2953        	db 0x2D,0x15,0x2C,0x1A,0x2B,0x1B,0x29,0x53
   361                                  len_kbd_scan	equ	$ - kbd_scan
   362                                  
   363                                  
   364                                  ;;;;;;;;;;;;;;;;;;;;;;;;;;;;;;;;;;;;;;;;;;;;;;;;;;;;;;;;;;;;;;;;;;;;;;;;;
   365                                  ; The PS/2 keyboard on the ECB VGA3 board
   366                                  ;
   367                                  ; The board carries an Intel 8242 -- an 8042 with the PC/AT keyboard
   368                                  ; firmware in it -- at the first two ports of its I/O block, which P3 on
   369                                  ; the board puts at 4E0h.  That makes this the port 60h/64h protocol at a
   370                                  ; different address and nothing else: translation is on, so scan codes
   371                                  ; arrive in set 1 exactly as INT 09h on a PC receives them.
   372                                  ;
   373                                  ; The interrupt goes out on the bus line K4 selects; both positions reach
   374                                  ; the 386EX INT0 pin, which is master IR1, which with ICW2 = 08h is INT 09h.
   375                                  ; K1 puts the video interrupt on INT5 (slave IR1, INT 71h) so the two never
   376                                  ; share a line; nothing enables it.
   377                                  ;
   378                                  ; Established with V3KBD in the monitor before a line of this was written.
   379                                  ;;;;;;;;;;;;;;;;;;;;;;;;;;;;;;;;;;;;;;;;;;;;;;;;;;;;;;;;;;;;;;;;;;;;;;;;;
   380                                  KBC_DATA	equ	0x4E0		; 8242 data, read and write
   381                                  KBC_STAT	equ	0x4E1		; status on read, command on write
   382                                  
   383                                  KBC_OBF		equ	0x01		; a byte is waiting at KBC_DATA
   384                                  KBC_IBF		equ	0x02		; the last byte written is not yet taken
   385                                  
   386                                  KBC_SELFTEST	equ	0xAA		; resets the controller; replies 55
   387                                  KBC_WRCMD	equ	0x60		; write the command byte
   388                                  KBC_ENABLE	equ	0xAE		; keyboard interface on
   389                                  KB_RESET	equ	0xFF		; to the keyboard; replies FA, then AA
   390                                  KBC_CMDBYTE	equ	0x41		; IRQ on, set-2-to-1 translation on,
   391                                  				; interface enabled, no system flag
   392                                  
   393                                  ; kbd_flag, 40:17, PC layout
   394                                  KF_RSHIFT	equ	0x01
   395                                  KF_LSHIFT	equ	0x02
   396                                  KF_CTRL		equ	0x04
   397                                  KF_ALT		equ	0x08
   398                                  KF_SCROLL	equ	0x10
   399                                  KF_NUM		equ	0x20
   400                                  KF_CAPS		equ	0x40
   401                                  KF_INS		equ	0x80
   402                                  
   403                                  ; kbd_flag3, 40:96, PC layout: the prefix state between interrupts
   404                                  KF3_E1		equ	0x01		; last code was E1 (Pause)
   405                                  KF3_E0		equ	0x02		; last code was E0
   406                                  
   407                                  
   408                                  ;;;;;;;;;;;;;;;;;;;;;;;;;;;;;;;;;;;;;;;;;;;;;;;;;;;;;;;;;;;;;;;;;;;;;;;;;
   409                                  ; kbc_init -- bring the controller up, if it is there
   410                                  ;
   411                                  ; Called from kbd_init.  The board may be absent, in which case the port
   412                                  ; floats and reads FF; that case leaves quietly and IR1 stays masked.  The
   413                                  ; timer is not running yet when this is called, so waits are counted, not
   414                                  ; timed: 64K reads of a port at seven wait states is some 30 ms, which is
   415                                  ; more than an 8042 ever needs and short enough not to notice at POST.
   416                                  ;
   417                                  ; The sequence is the PC/AT one, in full, because a shorter one did not
   418                                  ; work: drain, write the command byte and enable left the keyboard silent
   419                                  ; until the monitor's V3KBD -- self-test, enable, keyboard reset -- was
   420                                  ; run by hand.  The self-test resets the controller; the keyboard reset
   421                                  ; resets the keyboard.  Its replies, FA then AA, take up to half a second
   422                                  ; and are not waited for: IR1 is unmasked before they arrive and the ISR
   423                                  ; takes them as the break codes of 7A and 2A, which mean nothing.
   424                                  ;;;;;;;;;;;;;;;;;;;;;;;;;;;;;;;;;;;;;;;;;;;;;;;;;;;;;;;;;;;;;;;;;;;;;;;;;
   425                                  kbc_init:
   426 000001BA 525150                  	pushm	ax,cx,dx
   427                                  
   428 000001BD BAE104                  	mov	dx,KBC_STAT
   429 000001C0 EC                      	in	al,dx
   430 000001C1 3CFF                    	cmp	al,0xFF
   431 000001C3 7437                    	je	.9			; nothing there
   432                                  
   433                                  ; Whatever the controller has been holding since power-up goes.
   434 000001C5 B91000                  	mov	cx,16
   435                                  .drain:
   436 000001C8 EC                      	in	al,dx
   437 000001C9 A801                    	test	al,KBC_OBF
   438 000001CB 7409                    	jz	.drained
   439 000001CD BAE004                  	mov	dx,KBC_DATA
   440 000001D0 EC                      	in	al,dx
   441 000001D1 BAE104                  	mov	dx,KBC_STAT
   442 000001D4 E2F2                    	loop	.drain
   443                                  .drained:
   444 000001D6 B0AA                    	mov	al,KBC_SELFTEST		; reset the controller ...
   445 000001D8 E83C00                  	call	kbc_put_cmd
   446 000001DB E82200                  	call	kbc_take		; ... and take its 55, or give up
   447 000001DE B060                    	mov	al,KBC_WRCMD
   448 000001E0 E83400                  	call	kbc_put_cmd
   449 000001E3 B041                    	mov	al,KBC_CMDBYTE
   450 000001E5 E83500                  	call	kbc_put_data
   451 000001E8 B0AE                    	mov	al,KBC_ENABLE
   452 000001EA E82A00                  	call	kbc_put_cmd
   453 000001ED B0FF                    	mov	al,KB_RESET		; and reset the keyboard; see above
   454 000001EF E82B00                  	call	kbc_put_data
   455                                  
   456 000001F2 58595A                  	popm	ax,cx,dx
   457 000001F5 B80100                  	mov	ax,1			; IRQ1 -- the keyboard
   458 000001F8 E8(0000)                	call	unmask_interrupt_
   459 000001FB C3                      	ret
   460                                  .9:
   461 000001FC 58595A                  	popm	ax,cx,dx
   462 000001FF C3                      	ret
   463                                  
   464                                  ; Wait, bounded, for the controller to offer a byte, and take it.  The
   465                                  ; value is not wanted; the point is that the controller has finished
   466                                  ; what it was asked before it is asked the next thing.
   467                                  kbc_take:
   468 00000200 525150                  	pushm	ax,cx,dx
   469 00000203 BAE104                  	mov	dx,KBC_STAT
   470 00000206 31C9                    	xor	cx,cx
   471 00000208 EC                      .w:	in	al,dx
   472 00000209 A801                    	test	al,KBC_OBF
   473 0000020B E1FB                    	loopz	.w
   474 0000020D 7404                    	jz	.9			; gave up
   475 0000020F BAE004                  	mov	dx,KBC_DATA
   476 00000212 EC                      	in	al,dx
   477 00000213 58595A                  .9:	popm	ax,cx,dx
   478 00000216 C3                      	ret
   479                                  
   480                                  ; Write AL to the controller (command) or to the keyboard (data), once
   481                                  ; the input buffer is free.  Gives up rather than hangs.
   482                                  kbc_put_cmd:
   483 00000217 52                      	push	dx
   484 00000218 BAE104                  	mov	dx,KBC_STAT
   485 0000021B EB04                    	jmp	short kbc_put
   486                                  kbc_put_data:
   487 0000021D 52                      	push	dx
   488 0000021E BAE004                  	mov	dx,KBC_DATA
   489                                  kbc_put:
   490 00000221 5150                    	pushm	ax,cx
   491 00000223 B90000                  	mov	cx,0			; 64K tries
   492                                  .wait:
   493 00000226 52                      	push	dx
   494 00000227 BAE104                  	mov	dx,KBC_STAT
   495 0000022A EC                      	in	al,dx
   496 0000022B 5A                      	pop	dx
   497 0000022C A802                    	test	al,KBC_IBF
   498 0000022E E0F6                    	loopnz	.wait
   499 00000230 5859                    	popm	ax,cx
   500 00000232 EE                      	out	dx,al
   501 00000233 5A                      	pop	dx
   502 00000234 C3                      	ret
   503                                  
   504                                  
   505                                  ;;;;;;;;;;;;;;;;;;;;;;;;;;;;;;;;;;;;;;;;;;;;;;;;;;;;;;;;;;;;;;;;;;;;;;;;;
   506                                  ; int_irq1 -- INT 09h, a scan code from the 8242
   507                                  ;
   508                                  ; One byte per interrupt: the 8042 holds the keyboard off until the byte
   509                                  ; is read, then lets the next one through, which raises the line again.
   510                                  ; The line is edge-triggered, so the byte is taken before EOI and nothing
   511                                  ; is left to re-arm.
   512                                  ;
   513                                  ; An interrupt with no byte waiting is spurious and is simply
   514                                  ; acknowledged.  The VGA3's retrace interrupt is not used (vga3.asm
   515                                  ; reads the CRTC's blanking bit instead), so K1 belongs on 2-3, off
   516                                  ; this line.
   517                                  ;;;;;;;;;;;;;;;;;;;;;;;;;;;;;;;;;;;;;;;;;;;;;;;;;;;;;;;;;;;;;;;;;;;;;;;;;
   518                                  int_irq1:
   519 00000235 1E52515350              	pushm	ax,bx,cx,dx,ds
   520                                  
   521 0000023A BAE104                  	mov	dx,KBC_STAT
   522 0000023D EC                      	in	al,dx
   523 0000023E A801                    	test	al,KBC_OBF
   524 00000240 740A                    	jz	.eoi			; no byte: spurious, acknowledge only
   525 00000242 BAE004                  	mov	dx,KBC_DATA
   526 00000245 EC                      	in	al,dx
   527                                  
   528 00000246 6A401F                  	get_bda	DS
   529 00000249 E80A00                  	call	kbd_scan1
   530                                  .eoi:
   531 0000024C B020                    	mov	al,NS_EOI
   532 0000024E E620                    	out	OCW2M_AT,al
   533                                  
   534 00000250 585B595A1F              	popm	ax,bx,cx,dx,ds
   535 00000255 CF                      	iret
   536                                  
   537                                  
   538                                  ;;;;;;;;;;;;;;;;;;;;;;;;;;;;;;;;;;;;;;;;;;;;;;;;;;;;;;;;;;;;;;;;;;;;;;;;;
   539                                  ; kbd_scan1 -- one set-1 scan code in AL, DS the BDA
   540                                  ;
   541                                  ; Shift-state keys change kbd_flag and produce nothing.  Everything else
   542                                  ; is looked up by the shift state in force and stored as the PC word,
   543                                  ; scan in AH and ASCII in AL, through kbd_stuff_ax.
   544                                  ;
   545                                  ; Prefixes: E0 marks the keys that were added to the 101-key board --
   546                                  ; the cursor cluster, the right Ctrl and Alt, keypad Enter and /.  It is
   547                                  ; remembered in kbd_flag3 across the interrupt boundary and consumed by
   548                                  ; the next code.  E1 opens the six-byte Pause sequence, which is thrown
   549                                  ; away in its entirety.
   550                                  ;;;;;;;;;;;;;;;;;;;;;;;;;;;;;;;;;;;;;;;;;;;;;;;;;;;;;;;;;;;;;;;;;;;;;;;;;
   551                                  kbd_scan1:
   552 00000256 3CE0                    	cmp	al,0xE0
   553 00000258 7439                    	je	.pfx_e0
   554 0000025A 3CE1                    	cmp	al,0xE1
   555 0000025C 743B                    	je	.pfx_e1
   556 0000025E F606960001              	test	byte [kbd_flag3],KF3_E1
   557 00000263 753A                    	jnz	.in_pause
   558                                  
   559 00000265 8A1E9600                	mov	bl,[kbd_flag3]		; BL bit 1: this code had an E0
   560 00000269 80269600FD              	and	byte [kbd_flag3],~KF3_E0
   561                                  
   562 0000026E A880                    	test	al,0x80
   563 00000270 7537                    	jnz	.release
   564 00000272 E86400                  	call	.shifter		; a shift-state key?
   565 00000275 721B                    	jc	.done			;   yes, and it has been handled
   566                                  
   567 00000277 3C53                    	cmp	al,0x53			; Del
   568 00000279 750F                    	jne	.lookup
   569 0000027B 8A261700                	mov	ah,[kbd_flag]
   570 0000027F 80E40C                  	and	ah,KF_CTRL+KF_ALT
   571 00000282 80FC0C                  	cmp	ah,KF_CTRL+KF_ALT
   572 00000285 7503                    	jne	.lookup
   573 00000287 E9(0000)                	jmp	reboot_			; Ctrl-Alt-Del: does not return
   574                                  
   575                                  .lookup:
   576 0000028A E8AE00                  	call	kbd_lookup		; AX = the word, or CF if nothing
   577 0000028D 7203                    	jc	.done
   578 0000028F E8AC01                  	call	kbd_stuff_ax
   579                                  .done:
   580 00000292 C3                      	ret
   581                                  
   582                                  .pfx_e0:
   583 00000293 800E960002              	or	byte [kbd_flag3],KF3_E0
   584 00000298 C3                      	ret
   585                                  .pfx_e1:
   586 00000299 800E960001              	or	byte [kbd_flag3],KF3_E1
   587 0000029E C3                      	ret
   588                                  .in_pause:
   589 0000029F 3CC5                    	cmp	al,0xC5			; the sequence ends with the break of 45
   590 000002A1 75EF                    	jne	.done
   591 000002A3 80269600FC              	and	byte [kbd_flag3],~(KF3_E1+KF3_E0)
   592 000002A8 C3                      	ret
   593                                  
   594                                  .release:
   595 000002A9 247F                    	and	al,0x7F
   596 000002AB 3C1D                    	cmp	al,0x1D
   597 000002AD 741E                    	je	.rel_ctrl
   598 000002AF 3C38                    	cmp	al,0x38
   599 000002B1 7420                    	je	.rel_alt
   600 000002B3 F6C302                  	test	bl,KF3_E0		; E0 AA, E0 B6: the fake shifts (below)
   601 000002B6 75DA                    	jnz	.done
   602 000002B8 3C2A                    	cmp	al,0x2A
   603 000002BA 7405                    	je	.rel_ls
   604 000002BC 3C36                    	cmp	al,0x36
   605 000002BE 7407                    	je	.rel_rs
   606 000002C0 C3                      	ret				; the release of an ordinary key
   607                                  .rel_ls:
   608 000002C1 80261700FD              	and	byte [kbd_flag],~KF_LSHIFT
   609 000002C6 C3                      	ret
   610                                  .rel_rs:
   611 000002C7 80261700FE              	and	byte [kbd_flag],~KF_RSHIFT
   612 000002CC C3                      	ret
   613                                  .rel_ctrl:
   614 000002CD 80261700FB              	and	byte [kbd_flag],~KF_CTRL
   615 000002D2 C3                      	ret
   616                                  .rel_alt:
   617 000002D3 80261700F7              	and	byte [kbd_flag],~KF_ALT
   618 000002D8 C3                      	ret
   619                                  
   620                                  ; The make of a shift-state key.  CF set if AL was one.  Caps, Num and
   621                                  ; Scroll toggle on make.  The LEDs are not yet driven: that wants a small
   622                                  ; state machine for the keyboard's acknowledgements, and belongs with the
   623                                  ; first thing that needs it.
   624                                  ;
   625                                  ; E0 2A and E0 36 are not shifts.  With Num Lock on, the keyboard brackets
   626                                  ; every cursor-cluster key in them so that a host which knows nothing of
   627                                  ; E0 still gets a cursor key rather than a digit.  This host does know,
   628                                  ; so they are swallowed, or they would flip the keypad the wrong way.
   629                                  .shifter:
   630 000002D9 3C2A                    	cmp	al,0x2A
   631 000002DB 741A                    	je	.set_ls
   632 000002DD 3C36                    	cmp	al,0x36
   633 000002DF 7422                    	je	.set_rs
   634 000002E1 3C1D                    	cmp	al,0x1D
   635 000002E3 742C                    	je	.set_ctrl
   636 000002E5 3C38                    	cmp	al,0x38
   637 000002E7 742F                    	je	.set_alt
   638 000002E9 3C3A                    	cmp	al,0x3A
   639 000002EB 7432                    	je	.tog_caps
   640 000002ED 3C45                    	cmp	al,0x45
   641 000002EF 7435                    	je	.tog_num
   642 000002F1 3C46                    	cmp	al,0x46
   643 000002F3 743D                    	je	.tog_scroll
   644 000002F5 F8                      	clc
   645 000002F6 C3                      	ret
   646 000002F7 F6C302                  .set_ls:	test	bl,KF3_E0
   647 000002FA 7513                    		jnz	.fake
   648 000002FC 800E170002              		or	byte [kbd_flag],KF_LSHIFT
   649 00000301 F9                      		stc
   650 00000302 C3                      		ret
   651 00000303 F6C302                  .set_rs:	test	bl,KF3_E0
   652 00000306 7507                    		jnz	.fake
   653 00000308 800E170001              		or	byte [kbd_flag],KF_RSHIFT
   654 0000030D F9                      		stc
   655 0000030E C3                      		ret
   656 0000030F F9                      .fake:		stc			; eaten, nothing changes
   657 00000310 C3                      		ret
   658 00000311 800E170004              .set_ctrl:	or	byte [kbd_flag],KF_CTRL
   659 00000316 F9                      		stc
   660 00000317 C3                      		ret
   661 00000318 800E170008              .set_alt:	or	byte [kbd_flag],KF_ALT
   662 0000031D F9                      		stc
   663 0000031E C3                      		ret
   664 0000031F 8036170040              .tog_caps:	xor	byte [kbd_flag],KF_CAPS
   665 00000324 F9                      		stc
   666 00000325 C3                      		ret
   667 00000326 F6C302                  .tog_num:	test	bl,KF3_E0		; E0 45 is not Num Lock
   668 00000329 750E                    		jnz	.not_shifter
   669 0000032B 8036170020              		xor	byte [kbd_flag],KF_NUM
   670 00000330 F9                      		stc
   671 00000331 C3                      		ret
   672 00000332 8036170010              .tog_scroll:	xor	byte [kbd_flag],KF_SCROLL
   673 00000337 F9                      		stc
   674 00000338 C3                      		ret
   675 00000339 F8                      .not_shifter:	clc
   676 0000033A C3                      		ret
   677                                  
   678                                  
   679                                  ;;;;;;;;;;;;;;;;;;;;;;;;;;;;;;;;;;;;;;;;;;;;;;;;;;;;;;;;;;;;;;;;;;;;;;;;;
   680                                  ; kbd_lookup -- scan code AL, E0 flag in BL bit 1, shift state in kbd_flag
   681                                  ;
   682                                  ; Returns the PC key word in AX, or CF set for a code with no meaning.
   683                                  ; Three regions of the set-1 space, each with its own rule:
   684                                  ;
   685                                  ;    01..39   the typewriter keys, four tables' worth
   686                                  ;    3B..44   F1..F10, plus 57 and 58 for F11 and F12: no ASCII, and the
   687                                  ;             scan code moves by a fixed amount per shift state
   688                                  ;    47..53   the keypad: digits when Num Lock says so and no E0 says
   689                                  ;             otherwise, cursor keys with no ASCII when not
   690                                  ;;;;;;;;;;;;;;;;;;;;;;;;;;;;;;;;;;;;;;;;;;;;;;;;;;;;;;;;;;;;;;;;;;;;;;;;;
   691                                  kbd_lookup:
   692 0000033B 88C4                    	mov	ah,al			; AH: the scan code, kept for the word
   693 0000033D 88DE                    	mov	dh,bl			; DH: the E0 flag; BL becomes an index
   694 0000033F 8A0E1700                	mov	cl,[kbd_flag]
   695                                  
   696 00000343 3C39                    	cmp	al,0x39
   697 00000345 761C                    	jbe	.typewriter
   698 00000347 3C3B                    	cmp	al,0x3B
   699 00000349 7216                    	jb	.none
   700 0000034B 3C44                    	cmp	al,0x44
   701 0000034D 765F                    	jbe	.fkey
   702 0000034F 3C47                    	cmp	al,0x47
   703 00000351 720E                    	jb	.none
   704 00000353 3C53                    	cmp	al,0x53
   705 00000355 0F869800                	jbe	.keypad
   706 00000359 3C57                    	cmp	al,0x57
   707 0000035B 7451                    	je	.fkey
   708 0000035D 3C58                    	cmp	al,0x58
   709 0000035F 744D                    	je	.fkey
   710                                  .none:
   711 00000361 F9                      	stc
   712 00000362 C3                      	ret
   713                                  
   714                                  ; --- the typewriter keys ---------------------------------------------
   715                                  .typewriter:
   716 00000363 0FB6D8                  	movzx	bx,al
   717 00000366 4B                      	dec	bx			; tables begin at scan code 01
   718 00000367 F6C108                  	test	cl,KF_ALT
   719 0000036A 753E                    	jnz	.alt
   720 0000036C F6C104                  	test	cl,KF_CTRL
   721 0000036F 752E                    	jnz	.ctrl
   722 00000371 F6C103                  	test	cl,KF_LSHIFT+KF_RSHIFT
   723 00000374 7507                    	jnz	.shifted
   724 00000376 2E8A87[4804]               cs	mov	al,[bx+kt_normal]
   725 0000037B EB05                    	jmp	short .caps
   726                                  .shifted:
   727 0000037D 2E8A87[8104]               cs	mov	al,[bx+kt_shift]
   728                                  .caps:
   729 00000382 F6C140                  	test	cl,KF_CAPS
   730 00000385 7416                    	jz	.tw_done
   731                                  ; Caps Lock inverts shift for letters and nothing else
   732 00000387 3C61                    	cmp	al,'a'
   733 00000389 7208                    	jb	.caps_upper
   734 0000038B 3C7A                    	cmp	al,'z'
   735 0000038D 770E                    	ja	.tw_done
   736 0000038F 2C20                    	sub	al,'a'-'A'
   737 00000391 EB0A                    	jmp	short .tw_done
   738                                  .caps_upper:
   739 00000393 3C41                    	cmp	al,'A'
   740 00000395 7206                    	jb	.tw_done
   741 00000397 3C5A                    	cmp	al,'Z'
   742 00000399 7702                    	ja	.tw_done
   743 0000039B 0420                    	add	al,'a'-'A'
   744                                  .tw_done:
   745 0000039D F8                      	clc
   746 0000039E C3                      	ret
   747                                  .ctrl:
   748 0000039F 2E8A87[BA04]               cs	mov	al,[bx+kt_ctrl]
   749 000003A4 3CFF                    	cmp	al,0xFF			; FF marks a key with no Ctrl meaning
   750 000003A6 74B9                    	je	.none
   751 000003A8 F8                      	clc
   752 000003A9 C3                      	ret
   753                                  .alt:
   754 000003AA 30C0                    	xor	al,al			; Alt+key: no ASCII, the scan code says which
   755 000003AC F8                      	clc
   756 000003AD C3                      	ret
   757                                  
   758                                  ; --- the function keys -----------------------------------------------
   759                                  .fkey:
   760 000003AE 3C57                    	cmp	al,0x57
   761 000003B0 7202                    	jb	.f10
   762 000003B2 2C4D                    	sub	al,0x57-0x0A		; F11, F12 follow F10 in the numbering
   763                                  .f10:
   764 000003B4 2C3B                    	sub	al,0x3B			; 0..11
   765 000003B6 F6C108                  	test	cl,KF_ALT
   766 000003B9 7528                    	jnz	.f_alt
   767 000003BB F6C104                  	test	cl,KF_CTRL
   768 000003BE 7519                    	jnz	.f_ctrl
   769 000003C0 F6C103                  	test	cl,KF_LSHIFT+KF_RSHIFT
   770 000003C3 750A                    	jnz	.f_shift
   771 000003C5 043B                    	add	al,0x3B			; F1..F10 are 3B..44, F11 and F12 85, 86
   772 000003C7 3C45                    	cmp	al,0x45
   773 000003C9 7220                    	jb	.f_out
   774 000003CB 0440                    	add	al,0x85-0x45
   775 000003CD EB1C                    	jmp	short .f_out
   776                                  .f_shift:
   777 000003CF 0454                    	add	al,0x54			; 54..5D, then 87, 88
   778 000003D1 3C5E                    	cmp	al,0x5E
   779 000003D3 7216                    	jb	.f_out
   780 000003D5 0429                    	add	al,0x87-0x5E
   781 000003D7 EB12                    	jmp	short .f_out
   782                                  .f_ctrl:
   783 000003D9 045E                    	add	al,0x5E			; 5E..67, then 89, 8A
   784 000003DB 3C68                    	cmp	al,0x68
   785 000003DD 720C                    	jb	.f_out
   786 000003DF 0421                    	add	al,0x89-0x68
   787 000003E1 EB08                    	jmp	short .f_out
   788                                  .f_alt:
   789 000003E3 0468                    	add	al,0x68			; 68..71, then 8B, 8C
   790 000003E5 3C72                    	cmp	al,0x72
   791 000003E7 7202                    	jb	.f_out
   792 000003E9 0419                    	add	al,0x8B-0x72
   793                                  .f_out:
   794 000003EB 88C4                    	mov	ah,al
   795 000003ED 30C0                    	xor	al,al
   796 000003EF F8                      	clc
   797 000003F0 C3                      	ret
   798                                  
   799                                  ; --- the keypad ---------------------------------------------------------
   800                                  .keypad:
   801 000003F1 0FB6D8                  	movzx	bx,al
   802 000003F4 83EB47                  	sub	bx,0x47
   803 000003F7 F6C108                  	test	cl,KF_ALT
   804 000003FA 75AE                    	jnz	.alt
   805 000003FC F6C104                  	test	cl,KF_CTRL
   806 000003FF 752C                    	jnz	.kp_ctrl
   807                                  
   808                                  ; Num Lock, an E0 (the cursor cluster), or Shift: each one flips it
   809 00000401 F6C120                  	test	cl,KF_NUM
   810 00000404 0F95C2                  	setnz	dl
   811 00000407 F6C602                  	test	dh,KF3_E0
   812 0000040A 7403                    	jz	.kp1
   813 0000040C 80F201                  	xor	dl,1
   814                                  .kp1:
   815 0000040F F6C103                  	test	cl,KF_LSHIFT+KF_RSHIFT
   816 00000412 7403                    	jz	.kp2
   817 00000414 80F201                  	xor	dl,1
   818                                  .kp2:
   819 00000417 2E8A87[F304]               cs	mov	al,[bx+kt_keypad]	; the digit, or '-' '+' regardless
   820 0000041C 3C2D                    	cmp	al,'-'
   821 0000041E 740B                    	je	.kp_out
   822 00000420 3C2B                    	cmp	al,'+'
   823 00000422 7407                    	je	.kp_out
   824 00000424 F6C201                  	test	dl,1
   825 00000427 7502                    	jnz	.kp_out			; digits wanted
   826 00000429 30C0                    	xor	al,al			; a cursor key: no ASCII
   827                                  .kp_out:
   828 0000042B F8                      	clc
   829 0000042C C3                      	ret
   830                                  .kp_ctrl:
   831 0000042D 2E8A87[0005]               cs	mov	al,[bx+kt_kp_ctrl]
   832 00000432 3CFF                    	cmp	al,0xFF
   833 00000434 0F8429FF                	je	.none
   834 00000438 88C4                    	mov	ah,al			; Ctrl-cursor: the scan code is the meaning
   835 0000043A 30C0                    	xor	al,al
   836 0000043C F8                      	clc
   837 0000043D C3                      	ret
   838                                  
   839                                  
   840                                  ;;;;;;;;;;;;;;;;;;;;;;;;;;;;;;;;;;;;;;;;;;;;;;;;;;;;;;;;;;;;;;;;;;;;;;;;;
   841                                  ; kbd_stuff_ax -- AX is the complete word: scan in AH, ASCII in AL
   842                                  ;
   843                                  ; The tail of kbd_stuff, entered when the caller already knows the scan
   844                                  ; code and does not want one synthesised from the ASCII.
   845                                  ;;;;;;;;;;;;;;;;;;;;;;;;;;;;;;;;;;;;;;;;;;;;;;;;;;;;;;;;;;;;;;;;;;;;;;;;;
   846                                  kbd_stuff_ax:
   847 0000043E 52515350                	pushm	ax,bx,cx,dx
   848 00000442 89C1                    	mov	cx,ax
   849 00000444 E95AFC                  	jmp	kbd_stuff_word
   850                                  
   851                                  
   852                                  ;;;;;;;;;;;;;;;;;;;;;;;;;;;;;;;;;;;;;;;;;;;;;;;;;;;;;;;;;;;;;;;;;;;;;;;;;
   853                                  ; Set-1 scan code to ASCII, scan codes 01 to 39.  US layout.
   854                                  ;
   855                                  ; No line here may END with a backslash -- not even a comment.  NASM
   856                                  ; takes that as a continuation and swallows the next line whole, which
   857                                  ; is how the a..\ row once vanished and shifted every key after it by
   858                                  ; fourteen places.  The listing shows it as a line number that skips.
   859                                  ;;;;;;;;;;;;;;;;;;;;;;;;;;;;;;;;;;;;;;;;;;;;;;;;;;;;;;;;;;;;;;;;;;;;;;;;;
   860 00000447 90                      	align	2
   861                                  kt_normal:
   862                                  ;	  Esc  1    2    3    4    5    6    7    8    9    0    -    =    BS   Tab
   863 00000448 1B3132333435363738-     	db 0x1B,'1', '2', '3', '4', '5', '6', '7', '8', '9', '0', '-', '=', 0x08,0x09
   863 00000451 39302D3D0809       
   864                                  ;	  q    w    e    r    t    y    u    i    o    p    [    ]    Ent  Ctl
   865 00000457 71776572747975696F-     	db 'q', 'w', 'e', 'r', 't', 'y', 'u', 'i', 'o', 'p', '[', ']', 0x0D,0x00
   865 00000460 705B5D0D00         
   866                                  ;	  a    s    d    f    g    h    j    k    l    ;    '    `    LSh  backslash
   867 00000465 6173646667686A6B6C-     	db 'a', 's', 'd', 'f', 'g', 'h', 'j', 'k', 'l', ';', 0x27,'`', 0x00,'\'
   867 0000046E 3B2760005C         
   868                                  ;	  z    x    c    v    b    n    m    ,    .    /    RSh  *    Alt  Sp
   869 00000473 7A786376626E6D2C2E-     	db 'z', 'x', 'c', 'v', 'b', 'n', 'm', ',', '.', '/', 0x00,'*', 0x00,' '
   869 0000047C 2F002A0020         
   870                                  
   871                                  kt_shift:
   872 00000481 1B21402324255E262A-     	db 0x1B,'!', '@', '#', '$', '%', '^', '&', '*', '(', ')', '_', '+', 0x08,0x00
   872 0000048A 28295F2B0800       
   873 00000490 51574552545955494F-     	db 'Q', 'W', 'E', 'R', 'T', 'Y', 'U', 'I', 'O', 'P', '{', '}', 0x0D,0x00
   873 00000499 507B7D0D00         
   874 0000049E 4153444647484A4B4C-     	db 'A', 'S', 'D', 'F', 'G', 'H', 'J', 'K', 'L', ':', '"', '~', 0x00,'|'
   874 000004A7 3A227E007C         
   875 000004AC 5A584356424E4D3C3E-     	db 'Z', 'X', 'C', 'V', 'B', 'N', 'M', '<', '>', '?', 0x00,'*', 0x00,' '
   875 000004B5 3F002A0020         
   876                                  
   877                                  ; FF: no Ctrl meaning.  Ctrl-BS is DEL, Ctrl-Enter is LF, Ctrl-[ ESC,
   878                                  ; Ctrl-\ FS, Ctrl-] GS, Ctrl-- US, Ctrl-6 RS, as on a PC.
   879                                  kt_ctrl:
   880 000004BA 1BFFFFFFFFFF1EFFFF-     	db 0x1B,0xFF,0xFF,0xFF,0xFF,0xFF,0x1E,0xFF,0xFF,0xFF,0xFF,0x1F,0xFF,0x7F,0xFF
   880 000004C3 FFFF1FFF7FFF       
   881 000004C9 11170512141915090F-     	db 0x11,0x17,0x05,0x12,0x14,0x19,0x15,0x09,0x0F,0x10,0x1B,0x1D,0x0A,0xFF
   881 000004D2 101B1D0AFF         
   882 000004D7 0113040607080A0B0C-     	db 0x01,0x13,0x04,0x06,0x07,0x08,0x0A,0x0B,0x0C,0xFF,0xFF,0xFF,0xFF,0x1C
   882 000004E0 FFFFFFFF1C         
   883 000004E5 1A180316020E0DFFFF-     	db 0x1A,0x18,0x03,0x16,0x02,0x0E,0x0D,0xFF,0xFF,0xFF,0xFF,0xFF,0xFF,' '
   883 000004EE FFFFFFFF20         
   884                                  
   885                                  ; The keypad, scan codes 47 to 53, as digits
   886                                  kt_keypad:
   887                                  ;	  7    8    9    -    4    5    6    +    1    2    3    0    .
   888 000004F3 3738392D3435362B31-     	db '7', '8', '9', '-', '4', '5', '6', '+', '1', '2', '3', '0', '.'
   888 000004FC 3233302E           
   889                                  
   890                                  ; The keypad with Ctrl: the extended scan codes a PC returns, FF for none
   891                                  kt_kp_ctrl:
   892                                  ;	  Home Up   PgUp -    Left 5    Rght +    End  Down PgDn Ins  Del
   893 00000500 77FF84FF73FF74FF75-     	db 0x77,0xFF,0x84,0xFF,0x73,0xFF,0x74,0xFF,0x75,0xFF,0x76,0xFF,0xFF
   893 00000509 FF76FFFF           
