     1                                  ;;;;;;;;;;;;;;;;;;;;;;;;;;;;;;;;;;;;;;;;;;;;;;;;;;;;;;;;;;;;;;;;;;;;;;;;;;;;;
     2                                  ; 1Ah_time.asm -- date/time, NVRAM, and timers
     3                                  ;;;;;;;;;;;;;;;;;;;;;;;;;;;;;;;;;;;;;;;;;;;;;;;;;;;;;;;;;;;;;;;;;;;;;;;;;;;;;
     4                                  ;
     5                                  ; Copyright (C) 2018 John R. Coffman.  All rights reserved.
     6                                  ; Provided for hobbyist use on the RetroBrew SBC-386EX board.
     7                                  ;
     8                                  ; This program is free software: you can redistribute it and/or modify
     9                                  ; it under the terms of the GNU General Public License as published by
    10                                  ; the Free Software Foundation, either version 3 of the License, or
    11                                  ; (at your option) any later version.
    12                                  ;
    13                                  ; This program is distributed in the hope that it will be useful,
    14                                  ; but WITHOUT ANY WARRANTY; without even the implied warranty of
    15                                  ; MERCHANTABILITY or FITNESS FOR A PARTICULAR PURPOSE.  See the
    16                                  ; GNU General Public License for more details.
    17                                  ;
    18                                  ; You should have received a copy of the GNU General Public License
    19                                  ; along with this program in the file COPYING in the topmost source
    20                                  ; directory.  If not, see <http://www.gnu.org/licenses/>.
    21                                  ;
    22                                  ;
    23                                  ; SBC-386 board revisions:
    24                                  ;       SBC386-0   prototype / concept testing
    25                                  ;	SBC-386EX 2.0	production / January 2018
    26                                  ;
    27                                  ; Assembly by NASM 2.08 is preferred
    28                                  ;;;;;;;;;;;;;;;;;;;;;;;;;;;;;;;;;;;;;;;;;;;;;;;;;;;;;;;;;;;;;;;;;;;;;;;;;;;;;
    29                                  %include "seg_def.inc"
    30                              <1> ; SEG_DEF.inc
    31                              <1> ;
    32                              <1> %ifndef SEG_DEF
    33                              <1> %define SEG_DEF 1
    34                              <1> 
    35                              <1> segment _TEXT	use16 	align=16	class=CODE	public
    36                              <1> 
    37                              <1> segment CONST		align=16	class=DATA	public
    38                              <1> segment CONST2		align=2		class=DATA	public
    39                              <1> segment _DATA		align=16	class=DATA	public
    40                              <1> segment _BSS		align=16	class=DATA	public
    41                              <1> ;group DGROUP CONST2 CONST _DATA _BSS
    42                              <1> 
    43                              <1> group DGROUP  _TEXT CONST2 CONST _DATA _BSS
    44                              <1> 
    45                              <1> 
    46                              <1> segment BOOT at 0xFFFF	align=16	class=BOOT	use16
    47                              <1> 
    48                              <1> %define XXX
    49                              <1> %endif
    50                              <1> ;
    51                              <1> ; end SEG_DEF.inc
    30                                  %include "i386ex.inc"
    31                              <1> ;/*;;;;;;;;;;;;;;;;;;;;;;;;;;;;;;;;;;;;;;;;;;;;;;;;;;;;;;;;;;;;;;;;;;;;;;
    32                              <1> ; i386EX.inc  --  register definitions for the Intel 80386EX processor
    33                              <1> ;;;;;;;;;;;;;;;;;;;;;;;;;;;;;;;;;;;;;;;;;;;;;;;;;;;;;;;;;;;;;;;;;;;;;;;;;
    34                              <1> ;
    35                              <1> ; Copyright (C) 2018 John R. Coffman.  All rights reserved.
    36                              <1> ; Provided for hobbyist use on the RetroBrew SBC-386 board.
    37                              <1> ;
    38                              <1> ; This program is free software: you can redistribute it and/or modify
    39                              <1> ; it under the terms of the GNU General Public License as published by
    40                              <1> ; the Free Software Foundation, either version 3 of the License, or
    41                              <1> ; (at your option) any later version.
    42                              <1> ;
    43                              <1> ; This program is distributed in the hope that it will be useful,
    44                              <1> ; but WITHOUT ANY WARRANTY; without even the implied warranty of
    45                              <1> ; MERCHANTABILITY or FITNESS FOR A PARTICULAR PURPOSE.  See the
    46                              <1> ; GNU General Public License for more details.
    47                              <1> ;
    48                              <1> ; You should have received a copy of the GNU General Public License
    49                              <1> ; along with this program in the file COPYING in the topmost source
    50                              <1> ; directory.  If not, see <http://www.gnu.org/licenses/>.
    51                              <1> ;
    52                              <1> ;
    53                              <1> ; SBC-386 board revisions:
    54                              <1> ;       SBC386-0   prototype / concept testing
    55                              <1> ;	SBC386EX 2.0 production board (Jan 2018, not 2017 as labeled)
    56                              <1> ;
    57                              <1> ; Assembly by NASM 2.08 is preferred
    58                              <1> ;;;;;;;;;;;;;;;;;;;;;;;;;;;;;;;;;;;;;;;;;;;;;;;;;;;;;;;;;;;;;;;;;;;;;;;;*/
    59                              <1> 
    60                              <1> ;/* i386EX.inc  --  register definitions for the Intel 80386EX processor
    61                              <1> ;
    62                              <1> %define defb
    63                              <1> %define defw
    64                              <1> %define defd
    65                              <1> ;*/
    66                              <1> 
    67                              <1> ;/* The component identifier the 386EX leaves in DX after a hardware reset:
    68                              <1> ;*  DH is the device (23h, 386EX) and DL the stepping.  POST tests it as the
    69                              <1> ;*  first thing it does, so anything that restarts the board in software has
    70                              <1> ;*  to present it too -- see reboot_ in 19h_boot.asm, which learned that the
    71                              <1> ;*  hard way.
    72                              <1> ;*/
    73                              <1> defw    DEVICE_ID equ   0x2309
    74                              <1> 
    75                              <1> ;/* The Address Configuration register
    76                              <1> ;*/
    77                              <1> defb REMAPCFGH  equ     0x0023
    78                              <1> defb REMAPCFGL  equ     0x0022
    79                              <1> defw REMAPCFG   equ     0x0022
    80                              <1> 
    81                              <1> ;/* The A20gate and fast CPU Reset
    82                              <1> ;*/
    83                              <1> defb PORT92     equ     0xF092
    84                              <1> defb PORT92_AT  equ     0x0092
    85                              <1> 
    86                              <1> ;
    87                              <1> ;/* The DMA Controller and Bus Arbiter
    88                              <1> ;*/
    89                              <1> defb DMA0TAR    equ     0xF000
    90                              <1> defb DMA0TAR_AT equ     0x0000
    91                              <1> defb DMA0BYC    equ     0xF001
    92                              <1> defb DMA0BYC_AT equ     0x0001
    93                              <1> defb DMA1TAR    equ     0xF002
    94                              <1> defb DMA1TAR_AT equ     0x0002
    95                              <1> defb DMA1BYC    equ     0xF003
    96                              <1> defb DMA1BYC_AT equ     0x0003
    97                              <1> defb DMACMD1    equ     0xF008
    98                              <1> defb DMACMD1_AT equ     0x0008
    99                              <1> defb DMASTS     equ     0xF008
   100                              <1> defb DMASTS_AT  equ     0x0008
   101                              <1> defb DMASRR     equ     0xF009
   102                              <1> defb DMASRR_AT  equ     0x0009
   103                              <1> defb DMAMSK     equ     0xF00A
   104                              <1> defb DMAMSK_AT  equ     0x000A
   105                              <1> defb DMAMOD1    equ     0xF00B
   106                              <1> defb DMAMOD1_AT equ     0x000B
   107                              <1> defb DMACLRBP   equ     0xF00C
   108                              <1> defb DMACLRBP_AT equ    0x000C
   109                              <1> defb DMACLR     equ     0xF00D
   110                              <1> defb DMACLR_AT  equ     0x000D
   111                              <1> defb DMACLRMSK  equ     0xF00E
   112                              <1> defb DMACLRMSK_AT equ   0x000E
   113                              <1> defb DMAGRPMSK  equ     0xF00F
   114                              <1> defb DMAGRPMSK_AT equ   0x000F
   115                              <1> defb DMA0REQ0_1 equ     0xF010
   116                              <1> defb DMA0REQ2_3 equ     0xF011
   117                              <1> defb DMA1REQ0_1 equ     0xF012
   118                              <1> defb DMA1REQ2_3 equ     0xF013
   119                              <1> defb DMABSR     equ     0xF018
   120                              <1> defb DMACHR     equ     0xF019
   121                              <1> defb DMAIS      equ     0xF019
   122                              <1> defb DMACMD2    equ     0xF01A
   123                              <1> defb DMAMOD2    equ     0xF01B
   124                              <1> defb DMAIEN     equ     0xF01C
   125                              <1> defb DMAOVFE    equ     0xF01D
   126                              <1> defb DMACLRTC   equ     0xF01E
   127                              <1> ;
   128                              <1> ;/* The DMA Page Registers
   129                              <1> ;*/
   130                              <1> defb DMA1TAR2    equ    0xF083
   131                              <1> defb DMA1TAR2_AT equ    0x0083
   132                              <1> defb DMA1TAR3    equ    0xF085
   133                              <1> defb DMA1TAR3_AT equ    0x0085
   134                              <1> defb DMA0TAR3    equ    0xF086
   135                              <1> defb DMA0TAR3_AT equ    0x0086
   136                              <1> defb DMA0TAR2    equ    0xF087
   137                              <1> defb DMA0TAR2_AT equ    0x0087
   138                              <1> ;
   139                              <1> defb DMA0BYC2   equ     0xF098
   140                              <1> defb DMA1BYC2   equ     0xF099
   141                              <1> 
   142                              <1> ;
   143                              <1> ;/* The Master Interrupt Controller
   144                              <1> ;*/
   145                              <1> defb ICW1M_AT   equ     0x0020
   146                              <1> defb ICW2M_AT   equ     0x0021
   147                              <1> defb ICW3M_AT   equ     0x0021
   148                              <1> defb ICW4M_AT   equ     0x0021
   149                              <1> defb OCW1M_AT   equ     0x0021
   150                              <1> defb OCW2M_AT   equ     0x0020
   151                              <1> defb OCW3M_AT   equ     0x0020
   152                              <1> 
   153                              <1> defb ICW1M      equ     0xF020
   154                              <1> defb ICW2M      equ     0xF021
   155                              <1> defb ICW3M      equ     0xF021
   156                              <1> defb ICW4M      equ     0xF021
   157                              <1> defb OCW1M      equ     0xF021
   158                              <1> defb OCW2M      equ     0xF020
   159                              <1> defb OCW3M      equ     0xF020
   160                              <1> defb IRR_M	equ	0xF020
   161                              <1> 
   162                              <1> ;
   163                              <1> ;/* The Slave Interrupt Controller
   164                              <1> ;*/
   165                              <1> defb ICW1S_AT   equ     0x00A0
   166                              <1> defb ICW2S_AT   equ     0x00A1
   167                              <1> defb ICW3S_AT   equ     0x00A1
   168                              <1> defb ICW4S_AT   equ     0x00A1
   169                              <1> defb OCW1S_AT   equ     0x00A1
   170                              <1> defb OCW2S_AT   equ     0x00A0
   171                              <1> defb OCW3S_AT   equ     0x00A0
   172                              <1> defb IRR_M_AT	equ	0x00A0
   173                              <1> 
   174                              <1> defb ICW1S      equ     0xF0A0
   175                              <1> defb ICW2S      equ     0xF0A1
   176                              <1> defb ICW3S      equ     0xF0A1
   177                              <1> defb ICW4S      equ     0xF0A1
   178                              <1> defb OCW1S      equ     0xF0A1
   179                              <1> defb OCW2S      equ     0xF0A0
   180                              <1> defb OCW3S      equ     0xF0A0
   181                              <1> 
   182                              <1> ;
   183                              <1> ;/* The Timer/Counter Unit
   184                              <1> ;*/
   185                              <1> defb    TMR0    equ     0xF040
   186                              <1> defb    TMR0_AT equ     0x0040
   187                              <1> defb    TMR1    equ     0xF041
   188                              <1> defb    TMR1_AT equ     0x0041
   189                              <1> defb    TMR2    equ     0xF042
   190                              <1> defb    TMR2_AT equ     0x0042
   191                              <1> defb    TMRCON  equ     0xF043
   192                              <1> defb    TMRCON_AT  equ  0x0043
   193                              <1> 
   194                              <1> ;
   195                              <1> ;/* The Chip Select Unit
   196                              <1> ;*/
   197                              <1> defw    CS0ADL  equ     0xF400
   198                              <1> defw    CS0ADH  equ     0xF402
   199                              <1> defw    CS0MSKL equ     0xF404
   200                              <1> defw    CS0MSKH equ     0xF406
   201                              <1> defw    CS1ADL  equ     0xF408
   202                              <1> defw    CS1ADH  equ     0xF40A
   203                              <1> defw    CS1MSKL equ     0xF40C
   204                              <1> defw    CS1MSKH equ     0xF40E
   205                              <1> defw    CS2ADL  equ     0xF410
   206                              <1> defw    CS2ADH  equ     0xF412
   207                              <1> defw    CS2MSKL equ     0xF414
   208                              <1> defw    CS2MSKH equ     0xF416
   209                              <1> defw    CS3ADL  equ     0xF418
   210                              <1> defw    CS3ADH  equ     0xF41A
   211                              <1> defw    CS3MSKL equ     0xF41C
   212                              <1> defw    CS3MSKH equ     0xF41E
   213                              <1> defw    CS4ADL  equ     0xF420
   214                              <1> defw    CS4ADH  equ     0xF422
   215                              <1> defw    CS4MSKL equ     0xF424
   216                              <1> defw    CS4MSKH equ     0xF426
   217                              <1> defw    CS5ADL  equ     0xF428
   218                              <1> defw    CS5ADH  equ     0xF42A
   219                              <1> defw    CS5MSKL equ     0xF42C
   220                              <1> defw    CS5MSKH equ     0xF42E
   221                              <1> defw    CS6ADL  equ     0xF430
   222                              <1> defw    CS6ADH  equ     0xF432
   223                              <1> defw    CS6MSKL equ     0xF434
   224                              <1> defw    CS6MSKH equ     0xF436
   225                              <1> defw    UCSADL  equ     0xF438
   226                              <1> defw    UCSADH  equ     0xF43A
   227                              <1> defw    UCSMSKL equ     0xF43C
   228                              <1> defw    UCSMSKH equ     0xF43E
   229                              <1> 
   230                              <1> ;
   231                              <1> ;/* The Synchronous Serial I/O Unit
   232                              <1> ;*/
   233                              <1> defw    SSIOTBUF equ    0xF480
   234                              <1> defw    SSIORBUF equ    0xF482
   235                              <1> defw    SSIOBAUD equ    0xF484
   236                              <1> defw    SSIOCON1 equ    0xF486
   237                              <1> defw    SSIOCON2 equ    0xF488
   238                              <1> defw    SSIOCTR  equ    0xF48A
   239                              <1> 
   240                              <1> ;
   241                              <1> ;/* The Refresh Control Unit
   242                              <1> ;*/
   243                              <1> defw    RFSBAD  equ     0xF4A0
   244                              <1> defw    RFSCIR  equ     0xF4A2
   245                              <1> defw    RFSCON  equ     0xF4A4
   246                              <1> defw    RFSADD  equ     0xF4A6
   247                              <1> 
   248                              <1> ;
   249                              <1> ;/* The Watchdog Timer Unit
   250                              <1> ;*/
   251                              <1> defw    WDTRLDH equ     0xF4C0
   252                              <1> defw    WDTRLDL equ     0xF4C2
   253                              <1> defw    WDTCNTH equ     0xF4C4
   254                              <1> defw    WDTCNTL equ     0xF4C6
   255                              <1> defw    WDTCLR  equ     0xF4C8
   256                              <1> defb    WDTSTATUS  equ  0xF4CA
   257                              <1> 
   258                              <1> ;
   259                              <1> ;/* Clock Generation and Power Management
   260                              <1> ;*/
   261                              <1> defb    PWRCON  equ     0xF800
   262                              <1> defw    CLKPRS  equ     0xF804
   263                              <1> 
   264                              <1> ;
   265                              <1> ;/* Device Configuration Registers
   266                              <1> ;*/
   267                              <1> defb    P1CFG   equ     0xF820
   268                              <1> defb    P2CFG   equ     0xF822
   269                              <1> defb    P3CFG   equ     0xF824
   270                              <1> defb    PINCFG  equ     0xF826
   271                              <1> defb    DMACFG  equ     0xF830
   272                              <1> defb    INTCFG  equ     0xF832
   273                              <1> defb    TMRCFG  equ     0xF834
   274                              <1> defb    SIOCFG  equ     0xF836
   275                              <1> 
   276                              <1> ;
   277                              <1> ;/* Parallel I/O Ports
   278                              <1> ;*/
   279                              <1> defb    P1PIN   equ     0xF860
   280                              <1> defb    P1LTC   equ     0xF862
   281                              <1> defb    P1DIR   equ     0xF864
   282                              <1> defb    P2PIN   equ     0xF868
   283                              <1> defb    P2LTC   equ     0xF86A
   284                              <1> defb    P2DIR   equ     0xF86C
   285                              <1> defb    P3PIN   equ     0xF870
   286                              <1> defb    P3LTC   equ     0xF872
   287                              <1> defb    P3DIR   equ     0xF874
   288                              <1> 
   289                              <1> 
   290                              <1> ; bits.inc
   291                              <1> ;
   292                              <1> ; assembly language bit definitions
   293                              <1> ;
   294                              <1> defb    BIT0    equ     0x01
   295                              <1> defb    BIT1    equ     0x02
   296                              <1> defb    BIT2    equ     0x04
   297                              <1> defb    BIT3    equ     0x08
   298                              <1> defb    BIT4    equ     0x10
   299                              <1> defb    BIT5    equ     0x20
   300                              <1> defb    BIT6    equ     0x40
   301                              <1> defb    BIT7    equ     0x80
   302                              <1> 
   303                              <1> defw    BIT8    equ     0x0100
   304                              <1> defw    BIT9    equ     0x0200
   305                              <1> defw    BIT10   equ     0x0400
   306                              <1> defw    BIT11   equ     0x0800
   307                              <1> defw    BIT12   equ     0x1000
   308                              <1> defw    BIT13   equ     0x2000
   309                              <1> defw    BIT14   equ     0x4000
   310                              <1> defw    BIT15   equ     0x8000
   311                              <1> 
   312                              <1> defd    BIT16   equ     0x00010000
   313                              <1> defd    BIT31   equ     0x80000000
   314                              <1> 
   315                              <1> defb    ZBIT0    equ     0
   316                              <1> defb    ZBIT1    equ     0
   317                              <1> defb    ZBIT2    equ     0
   318                              <1> defb    ZBIT3    equ     0
   319                              <1> defb    ZBIT4    equ     0
   320                              <1> defb    ZBIT5    equ     0
   321                              <1> defb    ZBIT6    equ     0
   322                              <1> defb    ZBIT7    equ     0
   323                              <1> 
   324                              <1> defw    ZBIT8    equ     0
   325                              <1> defw    ZBIT9    equ     0
   326                              <1> defw    ZBIT10   equ     0
   327                              <1> defw    ZBIT11   equ     0
   328                              <1> defw    ZBIT12   equ     0
   329                              <1> defw    ZBIT13   equ     0
   330                              <1> defw    ZBIT14   equ     0
   331                              <1> defw    ZBIT15   equ     0
   332                              <1> 
   333                              <1> 
   334                              <1> ;
   335                              <1> ;/* Asynchronout Serial I/O channel 0  (COM1)
   336                              <1> ;*/
   337                              <1> defb    RBR0_F4 equ     0xF4F8
   338                              <1> defb    TBR0_F4 equ     0xF4F8
   339                              <1> defb    DLL0_F4 equ     0xF4F8
   340                              <1> defb    DLH0_F4 equ     0xF4F9
   341                              <1> defb    IER0_F4 equ     0xF4F9
   342                              <1> defb    IIR0_F4 equ     0xF4FA
   343                              <1> defb    LCR0_F4 equ     0xF4FB
   344                              <1> defb    MCR0_F4 equ     0xF4FC
   345                              <1> defb    LSR0_F4 equ     0xF4FD
   346                              <1> defb    MSR0_F4 equ     0xF4FE
   347                              <1> defb    SCR0_F4 equ     0xF4FF
   348                              <1> 
   349                              <1> %define MFPIC 0
   350                              <1> %if MFPIC
   351                              <1> defb    RBR0    equ     0x0448
   352                              <1> defb    TBR0    equ     0x0448
   353                              <1> defb    DLL0    equ     0x0448
   354                              <1> defb    DLH0    equ     0x0449
   355                              <1> defb    IER0    equ     0x0449
   356                              <1> defb    IIR0    equ     0x044A
   357                              <1> defb    LCR0    equ     0x044B
   358                              <1> defb    MCR0    equ     0x044C
   359                              <1> defb    LSR0    equ     0x044D
   360                              <1> defb    MSR0    equ     0x044E
   361                              <1> defb    SCR0    equ     0x044F
   362                              <1> %else
   363                              <1> defb    RBR0    equ     0x03F8
   364                              <1> defb    TBR0    equ     0x03F8
   365                              <1> defb    DLL0    equ     0x03F8
   366                              <1> defb    DLH0    equ     0x03F9
   367                              <1> defb    IER0    equ     0x03F9
   368                              <1> defb    IIR0    equ     0x03FA
   369                              <1> defb    LCR0    equ     0x03FB
   370                              <1> defb    MCR0    equ     0x03FC
   371                              <1> defb    LSR0    equ     0x03FD
   372                              <1> defb    MSR0    equ     0x03FE
   373                              <1> defb    SCR0    equ     0x03FF
   374                              <1> %endif
   375                              <1> 
   376                              <1> ;
   377                              <1> ;/* Asynchronout Serial I/O channel 1  (COM2)
   378                              <1> ;*/
   379                              <1> defb    RBR1_F8 equ     0xF8F8
   380                              <1> defb    TBR1_F8 equ     0xF8F8
   381                              <1> defb    DLL1_F8 equ     0xF8F8
   382                              <1> defb    DLH1_F8 equ     0xF8F9
   383                              <1> defb    IER1_F8 equ     0xF8F9
   384                              <1> defb    IIR1_F8 equ     0xF8FA
   385                              <1> defb    LCR1_F8 equ     0xF8FB
   386                              <1> defb    MCR1_F8 equ     0xF8FC
   387                              <1> defb    LSR1_F8 equ     0xF8FD
   388                              <1> defb    MSR1_F8 equ     0xF8FE
   389                              <1> defb    SCR1_F8 equ     0xF8FF
   390                              <1> 
   391                              <1> defb    RBR1    equ     0x02F8
   392                              <1> defb    TBR1    equ     0x02F8
   393                              <1> defb    DLL1    equ     0x02F8
   394                              <1> defb    DLH1    equ     0x02F9
   395                              <1> defb    IER1    equ     0x02F9
   396                              <1> defb    IIR1    equ     0x02FA
   397                              <1> defb    LCR1    equ     0x02FB
   398                              <1> defb    MCR1    equ     0x02FC
   399                              <1> defb    LSR1    equ     0x02FD
   400                              <1> defb    MSR1    equ     0x02FE
   401                              <1> defb    SCR1    equ     0x02FF
   402                              <1> 
   403                              <1> ;/* LSRx bits
   404                              <1> ;*/
   405                              <1> defb    LSR_TE  equ     BIT6
   406                              <1> defb    LSR_TBE equ     BIT5
   407                              <1> defb    LSR_BI  equ     BIT4
   408                              <1> defb    LSR_FE  equ     BIT3
   409                              <1> defb    LSR_PE  equ     BIT2
   410                              <1> defb    LSR_OE  equ     BIT1
   411                              <1> defb    LSR_RBF equ     BIT0
   412                              <1> 
   413                              <1> ;/* MSRx bits
   414                              <1> ;*/
   415                              <1> defb	MSR_DCD	equ	BIT7
   416                              <1> defb	MSR_RI 	equ	BIT6
   417                              <1> defb	MSR_DSR	equ	BIT5
   418                              <1> defb	MSR_CTS	equ	BIT4
   419                              <1> defb	MSR_deltaDCD	equ	BIT3
   420                              <1> defb	MSR_deltaRI	equ	BIT2
   421                              <1> defb	MSR_deltaDSR	equ	BIT1
   422                              <1> defb	MSR_deltaCTS	equ	BIT0
   423                              <1> 
   424                              <1> ;/* Bits in CR0
   425                              <1> ;*/
   426                              <1> defb    CR0_PE  equ     BIT0
   427                              <1> defb    CR0_MP  equ     BIT1
   428                              <1> defb    CR0_EM  equ     BIT2
   429                              <1> defb    CR0_TS  equ     BIT3
   430                              <1> defd    CR0_WP  equ     BIT16
   431                              <1> defd    CR0_PG  equ     BIT31
   432                              <1> 
   433                              <1> ;/* Some ASCII character codes
   434                              <1> ;*/
   435                              <1> defb    ASCII_NUL       equ     0x00
   436                              <1> defb    ASCII_BS        equ     0x08
   437                              <1> defb    ASCII_HT        equ     0x09
   438                              <1> defb    ASCII_LF        equ     0x0A
   439                              <1> defb    ASCII_NL        equ     0x0A
   440                              <1> defb    ASCII_FF        equ     0x0C
   441                              <1> defb    ASCII_CR        equ     0x0D
   442                              <1> defb	ASCII_ESC	equ	0x1B
   443                              <1> defb    ASCII_SP        equ     0x20
   444                              <1> defb    ASCII_DEL       equ     0x7F
   445                              <1> defb	ASCII_RUB	equ	0xFF
   446                              <1> 
   447                              <1> 
   448                              <1> ;/* End of i386EX.inc */
    31                                  %include "bda.inc"
    32                              <1> XXX
    33                              <1> ; bda.h -- definitions of the BIOS Data Area at 0040:0000 (0x400)  */
    34                              <1> %define BDA_segment 0x40
    35                              <1> struc _BDA
    36                              <1> ; first items at 0x40:0	*/
    37 00000000 ????????????????    <1> serial_dev	resw	4	; serial port device codes */
    38 00000008 ????????????????    <1> parallel_dev	resw	4	; printer port device codes */
    39 00000010 ????                <1> equip_flag	resw	1		; int 12h equipment flags */
    40 00000012 ??                  <1> mfg_test	resb	1		; initialization flags */
    41                              <1> ; */
    42                              <1> ; POST writes what it decided here, after the test of segment 0 has */
    43                              <1> ; zeroed the area, so the answer survives to be reported.  Nothing else */
    44                              <1> ; in this BIOS writes mfg_test.                                        */
    45                              <1> %define WARM_POST 0x01	; warm start: the memory march was skipped */
    46 00000013 ????                <1> memory_size	resw	1	; base memory size in Kilowords (1224) */
    47 00000015 ??                  <1> mfg_err_flag	resb	1
    48 00000016 ??                  <1> mfg_err_flag2	resb	1
    49                              <1> ; */
    50                              <1> ; first Keyboard data area */
    51 00000017 ??                  <1> kbd_flag	resb	1	; shift status &c. */
    52 00000018 ??                  <1> kbd_flag1	resb	1	;  mrre  */
    53 00000019 ??                  <1> alt_input	resb	1	; save alternate kbd entry code */
    54 0000001A ????                <1> buffer_head	resw	1
    55 0000001C ????                <1> buffer_tail	resw	1
    56                              <1> ; */
    57 0000001E <res 20h>           <1> kbd_buffer	resw	16	; buffer empty when  head==tail**/
    58                              <1> ; */
    59                              <1> ; Diskette data area */
    60 0000003E ??                  <1> seek_status	resb	1	; drive recalibration status */
    61                              <1> ; bits 3..0 drive must recalibrate before next seek */
    62 0000003F ??                  <1> motor_status	resb	1	; bits 3..0 motor running */
    63                              <1> ; bit 7 current op is write */
    64 00000040 ??                  <1> motor_count	resb	1	; timeout counter for motor turn-off */
    65 00000041 ??                  <1> fd_status	resb	1	; return code status byte */
    66 00000042 ??????????????      <1> fd_ctrl_stat	resb	7	; controller return bytes */
    67                              <1> ; */
    68                              <1> ; Video Display data area -- also used for video emulation */
    69 00000049 ??                  <1> vid_mode	resb	1	; current display mode */
    70 0000004A ????                <1> vid_columns	resw	1	; no. of columns on the screen */
    71 0000004C ????                <1> vid_buf_len	resw	1	; length of video buffer in bytes*//
    72 0000004E ????                <1> vid_start	resw	1	; start address of screen regeneration (in vid buf)*//
    73 00000050 <res 10h>           <1> vid_cursor	resw	8	; cursor postition on up to 8 screens */
    74 00000060 ????                <1> vid_cursor_mode	resw	1
    75 00000062 ??                  <1> vid_active_page	resb	1
    76 00000063 ????                <1> vid_addr_chip	resw	1	; I/O address for the video chip (6845,EGA,VGA)*//
    77 00000065 ??                  <1> vid_crt_mode	resb	1	; current setting of the 3x8 register ???? */
    78 00000066 ??                  <1> vid_palette	resb	1	; current color setting / palette **/
    79                              <1> ; */
    80                              <1> ; POST and ROM data */
    81 00000067 ????????            <1> io_rom_addr	resd	1	; far word to ROM initialization routine */
    82                              <1> %define io_rom_addr_low io_rom_addr
    83                              <1> %define io_rom_addr_seg (io_rom_addr+2)
    84 0000006B ??                  <1> interrupt_flag	resb	1	; indicates an interrupt occurred */
    85                              <1> ; */
    86                              <1> ; Timer data area  18.206602 hz  = ~54.925 ms  */
    87 0000006C ????                <1> timer_count_low	resw	1	; low word of timer count */
    88 0000006E ????                <1> timer_count_high	resw	1
    89                              <1> %define timer_count timer_count_low
    90                              <1> ; use timer_count as the double word timer counter */
    91 00000070 ??                  <1> timer_overflow	resb	1	; timer has rolled over since last read */
    92                              <1> ; */
    93                              <1> ; System & Keboard data area */
    94 00000071 ??                  <1> kbd_break_flag	resb	1	; bit 7 set if Break key is pressed */
    95 00000072 ????                <1> reset_flag	resw	1	; word=0x1234 if Reset is underway (80286) */
    96                              <1> ; */
    97                              <1> ; reboot() writes WARM_BOOT here before restarting the board, and POST */
    98                              <1> ; reads it to decide whether the memory march can be skipped.  Any       */
    99                              <1> ; program can set it and jump to FFFF:0000 -- that is the PC convention  */
   100                              <1> ; and this BIOS honours it.                                             */
   101                              <1> %define WARM_BOOT 0x1234
   102                              <1> ; */
   103                              <1> ; Fixed (Hard) disk data area */
   104 00000074 ??                  <1> hd_status	resb	1	; status info for hard disk */
   105                              <1> %define disk_status1 hd_status
   106 00000075 ??                  <1> hd_number	resb	1	; number of hard disks (for int 13h, fn 8h) */
   107 00000076 ??                  <1> control_byte	resb	1	; head control ???? */
   108 00000077 ??                  <1> port_offset	resb	1	; obsolete, maybe ???? */
   109                              <1> ; */
   110                              <1> ; Timeout counters */
   111 00000078 ????????            <1> printer_timeout	resb	4	; four bytes for each interaace */
   112 0000007C ????????            <1> serial_timeout	resb	4	; four bytes for each interacce */
   113                              <1> ; */
   114                              <1> ; Keyboard additional data area -- buffer location within segment 40h */
   115 00000080 ????                <1> buffer_start	resw	1	; offset of keyboard buffer start**/
   116 00000082 ????                <1> buffer_end	resw	1		; offset of end of kbd buffer */
   117                              <1> ; */
   118                              <1> ; EGA/PGA? data work area (graphic mode?  probably available) */
   119 00000084 ??                  <1> ega_rows	resb	1		; rows on the active screen (less 1)**/
   120 00000085 ????                <1> ega_points	resw	1		; bytes per charateer	*/
   121 00000087 ??                  <1> ega_info	resb	1		; mode options ????*//
   122 00000088 ??                  <1> ega_info_3	resb	1		; switch settings*//
   123 00000089 ????                <1> ega_rsvd	resb	2	; reserved for adapter mfgrs */
   124                              <1> ; */
   125                              <1> ; Disk / Diskette media data */
   126 0000008B ??                  <1> fd_last_data_rate	resb	1	; last data rate selected */
   127 0000008C ??                  <1> hd_status_reg	resb	1		; hard disk status register */
   128 0000008D ??                  <1> hd_error_reg	resb	1		; hard disk error register */
   129 0000008E ??                  <1> hd_int_flag	resb	1	; HD interrupt flag */
   130 0000008F ??                  <1> hd_cntrl	resb	1		; HD/FD combo controller bit flag */
   131 00000090 ????                <1> hd_media	resb	2	; media state */
   132 00000092 ????                <1> hd_op_start	resb	2	; operation start state */
   133 00000094 ????                <1> hd_track	resw	1		; HD present cylinder number */
   134                              <1> ; */
   135                              <1> ; Additional Keyboard flags */
   136 00000096 ??                  <1> kbd_flag3	resb	1	; mode state & type flags */
   137 00000097 ??                  <1> kbd_flag2	resb	1	; kbd LED flags */
   138                              <1> ; */
   139                              <1> ; Real Time Clock data area */
   140 00000098 ????????            <1> rtc_user_flag_addr	resd	1	; far address of user's wait flag */
   141 0000009C ????????            <1> rtc_user_wait_flag	resd	1	; user wait flag */
   142 000000A0 ??                  <1> rtc_wait_active	resb	1	; 01=busy, 80=posted, 00=post acknowledge */
   143                              <1> ; */
   144                              <1> ; Miscellaneous */
   145 000000A1 ??????????????      <1> rsvd_network	resb	7	; reserved for network adapters */
   146 000000A8 ????????            <1> ptr_ega_save	resd	1		; far pointer to EGA parameter control block */
   147                              <1> ; */
   148                              <1> ;	byte	rsvd_unused[84];	; reserved for 386EX usage */
   149 000000AC ????                <1> errno	resw	1				; library error flag (errno.h) */
   150 000000AE <res 29h>           <1> rsvd_unused	resb	41	; reserved for 386EX usage */
   151 000000D7 ????????            <1> serial_flags	resb	4	; flags for each serial device**/
   152 000000DB ????                <1> extended_memory	resw	1	; size of Extended Memory in Kilobytes */
   153                              <1> ; this size is stored in CMOS on the PC/AT */
   154 000000DD ????                <1> CPU_freq	resw	1	; CPU frequency in kilohertz */
   155 000000DF ????                <1> ebda_seg_ptr	resw	1		; for EBDA allocations; c.f., memory_size */
   156                              <1> ; */
   157                              <1> ; start of 31 bytes of NVRAM informaiion */
   158 000000E1 ????                <1> nvram_info	resb	2	; 31 bytes of NVRAM information (this may move)*//
   159                              <1> ; starts with 2 bytes of SIO0 params */
   160 000000E3 ????                <1> floppy_tab	resb	2		; floppy disk driver table */
   161 000000E5 ????????????????    <1> disk_tab	resb	8  		; hard disk driver table */
   162 000000ED ??                  <1> boot_order	resb	1		; which device INT 19h tries, and in what order */
   163 000000EE <res 10h>           <1> nvram_unused	resb	16
   164 000000FE ????                <1> nvram_checksum	resw	1	; 31st byte of the NVRAM info */
   165                              <1> ; end of 31 bytes of NVRAM information */
   166                              <1> ; */
   167 00000100 ??                  <1> AT_status_byte	resb	1	; at 40:100h, 00500h, Print Screen Status byte*//
   168                              <1> ; 00=ready/ok  01=busy  0FF=error	*/
   169 00000101 ??                  <1> SRAM_size	resb	1	; size of SRAM in Kilobytes */
   170                              <1> ; */
   171                              <1> ; Extentsion to BDA during BIOS startup */
   172                              <1> ; */
   173                              <1> endstruc
   173          ******************  <1>  warning: segment attributes specified on redeclaration of segment: ignoring [-w+other]
    32                                  %include "macro.inc"
    33                              <1> ;;;;;;;;;;;;;;;;;;;;;;;;;;;;;;;;;;;;;;;;;;;;;;;;;;;;;;;;;;;;;;;;;;;;;;;;;
    34                              <1> ;
    35                              <1> ; some useful macros:
    36                              <1> ;
    37                              <1> ;;;;;;;;;;;;;;;;;;;;;;;;;;;;;;;;;;;;;;;;;;;;;;;;;;;;;;;;;;;;;;;;;;;;;;;;;
    38                              <1> %define NREPEAT 0
    39                              <1> 
    40                              <1> %if NREPEAT
    41                              <1> 
    42                              <1> %macro	rep	1
    43                              <1> %%loop:	%1
    44                              <1> 	dec	cx
    45                              <1> 	jnz	%%loop
    46                              <1> %endm
    47                              <1> 
    48                              <1> %macro	repne	1
    49                              <1> %%loop:	%1
    50                              <1> 	je	%%e
    51                              <1> 	dec	cx
    52                              <1> 	jnz	%%loop
    53                              <1> 	cmp	cx,1
    54                              <1> 	jmp	%%done
    55                              <1> %%e:	dec	cx
    56                              <1> 	cmp	cx,cx
    57                              <1> %%done:
    58                              <1> %endm
    59                              <1> 
    60                              <1> %macro	repe	1
    61                              <1> %%loop:	%1
    62                              <1> 	jne	%%ne
    63                              <1> 	dec	cx
    64                              <1> 	jnz	%%loop
    65                              <1> 	jmp	%%done
    66                              <1> %%ne:	dec	cx
    67                              <1> 	jcxz	%%cxz
    68                              <1> 	jmp	%%done
    69                              <1> %%cxz:	cmp	cx,1
    70                              <1> %%done:
    71                              <1> %endm
    72                              <1> 
    73                              <1> %macro	REP	1
    74                              <1> %%loop:	%1
    75                              <1> 	dec	ecx
    76                              <1> 	jnz	%%loop
    77                              <1> %endm
    78                              <1> 
    79                              <1> %macro	REPNE	1
    80                              <1> %%loop:	%1
    81                              <1> 	je	%%e
    82                              <1> 	dec	ecx
    83                              <1> 	jnz	%%loop
    84                              <1> 	cmp	cl,1
    85                              <1> 	jmp	%%done
    86                              <1> %%e:	dec	ecx
    87                              <1> 	cmp	cl,cl
    88                              <1> %%done:
    89                              <1> %endm
    90                              <1> 
    91                              <1> %macro	REPE	1
    92                              <1> %%loop:	%1
    93                              <1> 	jne	%%ne
    94                              <1> 	dec	ecx
    95                              <1> 	jnz	%%loop
    96                              <1> 	jmp	%%done
    97                              <1> %%ne:	dec	ecx
    98                              <1> 	jecxz	%%cxz
    99                              <1> 	jmp	%%done
   100                              <1> %%cxz:	cmp	cl,1
   101                              <1> %%done:
   102                              <1> %endm
   103                              <1> 
   104                              <1> %endif
   105                              <1> 
   106                              <1> 
   107                              <1> ;
   108                              <1> ; format of the BYTE initialization table:  address, byte
   109                              <1> ;
   110                              <1> %imacro  binit 2
   111                              <1>         dw      %1
   112                              <1>         db      %2
   113                              <1> %endmacro
   114                              <1> ; end with DW -1
   115                              <1> 
   116                              <1> ;
   117                              <1> ; format of the WORD initialization table:  address, word
   118                              <1> ;
   119                              <1> %imacro  winit 2
   120                              <1>         dw      %1
   121                              <1>         dw      %2
   122                              <1> %endmacro
   123                              <1> ; end with DW -1
   124                              <1> 
   125                              <1> 
   126                              <1> ; get the BIOS Data Area segment pointer to a [segment] register
   127                              <1> %imacro get_bda	1.nolist
   128                              <1> 	push	0x0040
   129                              <1> 	pop	%1
   130                              <1> 	cnop
   131                              <1> %endm
   132                              <1> 
   133                              <1> 
   134                              <1> ; get the Location 0 (Interrupt Descriptor Table) pointer to a register
   135                              <1> %imacro	get_loc0 1.nolist
   136                              <1> 	push	0x0000
   137                              <1> 	pop	%1
   138                              <1> 	cnop
   139                              <1> %endm
   140                              <1> 
   141                              <1> 
   142                              <1> 
   143                              <1> %imacro setloc  1.nolist
   144                              <1>  times   (%1-($-$$)) db 0FFh
   145                              <1> %endm
   146                              <1> 
   147                              <1> %imacro db_lo   1
   148                              <1>  db (%1)&255
   149                              <1> %endm
   150                              <1> 
   151                              <1> %imacro cnop    0.nolist
   152                              <1> %ifdef SOFT_DEBUG
   153                              <1> %if SOFT_DEBUG
   154                              <1>         nop
   155                              <1> %endif
   156                              <1> %endif
   157                              <1> %endm
   158                              <1> 
   159                              <1> %imacro popm 1-*.nolist
   160                              <1> %rep %0
   161                              <1> %ifidni %1,ALL
   162                              <1>  popa
   163                              <1> %elifidni %1,F
   164                              <1>  popf
   165                              <1> %else
   166                              <1>  pop %1
   167                              <1> %ifidni %1,DS
   168                              <1>  cnop
   169                              <1> %elifidni %1,ES
   170                              <1>  cnop
   171                              <1> %elifidni %1,FS
   172                              <1>  cnop
   173                              <1> %elifidni %1,GS
   174                              <1>  cnop
   175                              <1> %endif
   176                              <1> %endif
   177                              <1> %rotate 1
   178                              <1> %endrep
   179                              <1> %endm
   180                              <1> 
   181                              <1> %imacro pushm 1-*.nolist
   182                              <1> %rep %0
   183                              <1> %rotate -1
   184                              <1> %ifidni %1,ALL
   185                              <1>  pusha
   186                              <1> %elifidni %1,F
   187                              <1>  pushf
   188                              <1> %else
   189                              <1>  push %1
   190                              <1> %endif
   191                              <1> %endrep
   192                              <1> %endm
   193                              <1> 
   194                              <1> %imacro descr_linear_data 2-3.nolist	; address, size [, E]  E!=0 means expand down
   195                              <1> %assign __size__ (%2-1)	| 0xFF
   196                              <1> %if (__size__ <= 0xFFFF)
   197                              <1> %assign __gran__ 0
   198                              <1> %else
   199                              <1> %assign __gran__ 0xC0			; G B 0 0
   200                              <1> %endif
   201                              <1> %assign __expand__ 0
   202                              <1> %if %0==3
   203                              <1> %if %3
   204                              <1> %assign __expand__ 4
   205                              <1> %endif
   206                              <1> %endif
   207                              <1> dd (((%1)&0xFFFF)<<16)|(__size__&0xFFFF)
   208                              <1> dd (((%1)>>24)&0xFF)|((__gran__|(__size__>>16)&0x0F)<<16)|((0x93|__expand__)<<8)|(((%1)>>16)&0xFF)
   209                              <1> %endm
   210                              <1> 
   211                              <1> %imacro descr_linear_code 2-3.nolist	; address, size [,C]  C!=0 means conforming
   212                              <1> %assign __size__ (%2-1)	| 0xFF
   213                              <1> %if (__size__ <= 0xFFFF)
   214                              <1> %assign __gran__ 0
   215                              <1> %else
   216                              <1> %assign __gran__ 0xC0			; G D 0 0
   217                              <1> %endif
   218                              <1> %assign __conform__ 0
   219                              <1> %if %0==3
   220                              <1> %if %3
   221                              <1> %assign __conform__ 4
   222                              <1> %endif
   223                              <1> %endif
   224                              <1> dd (((%1)&0xFFFF)<<16)|(__size__&0xFFFF)
   225                              <1> dd (((%1)>>24)&0xFF)|((__gran__|(__size__>>16)&0x0F)<<16)|((0x9B|__conform__)<<8)|(((%1)>>16)&0xFF)
   226                              <1> %endm
   227                              <1> 
   228                              <1> ;/* End of macro.inc */
    33                                  %include "timer.inc"
    34                              <1> ;;;;;;;;;;;;;;;;;;;;;;;;;;;;;;;;;;;;;;;;;;;;;;;;;;;;;;;;;;;;;;;;;;;;;;;;;;;;;
    35                              <1> ; timer.inc -- constants for the timers
    36                              <1> ;;;;;;;;;;;;;;;;;;;;;;;;;;;;;;;;;;;;;;;;;;;;;;;;;;;;;;;;;;;;;;;;;;;;;;;;;;;;;
    37                              <1> ;
    38                              <1> ; Copyright (C) 2018 John R. Coffman.  All rights reserved.
    39                              <1> ; Provided for hobbyist use on the RetroBrew SBC-386EX board.
    40                              <1> ;
    41                              <1> ; This program is free software: you can redistribute it and/or modify
    42                              <1> ; it under the terms of the GNU General Public License as published by
    43                              <1> ; the Free Software Foundation, either version 3 of the License, or
    44                              <1> ; (at your option) any later version.
    45                              <1> ;
    46                              <1> ; This program is distributed in the hope that it will be useful,
    47                              <1> ; but WITHOUT ANY WARRANTY; without even the implied warranty of
    48                              <1> ; MERCHANTABILITY or FITNESS FOR A PARTICULAR PURPOSE.  See the
    49                              <1> ; GNU General Public License for more details.
    50                              <1> ;
    51                              <1> ; You should have received a copy of the GNU General Public License
    52                              <1> ; along with this program in the file COPYING in the topmost source
    53                              <1> ; directory.  If not, see <http://www.gnu.org/licenses/>.
    54                              <1> ;
    55                              <1> ;
    56                              <1> ; SBC-386 board revisions:
    57                              <1> ;       SBC386-0   prototype / concept testing
    58                              <1> ;	SBC-386EX 2.0	production / January 2018
    59                              <1> ;
    60                              <1> ; Assembly by NASM 2.08 is preferred
    61                              <1> ;;;;;;;;;;;;;;;;;;;;;;;;;;;;;;;;;;;;;;;;;;;;;;;;;;;;;;;;;;;;;;;;;;;;;;;;;;;;;
    62                              <1> ;
    63                              <1> ;include "i386EX.inc" -- must be included at a higher level
    64                              <1> 
    65                              <1> TIMER_STOP	equ	BIT6+BIT0 + ZBIT1 + ZBIT3 + ZBIT5 ; stop 0, 1, 2
    66                              <1> TIMER_RUN	equ	TIMER_STOP + BIT1 + BIT3	; run counters 0, 1
    67                              <1> 
    68                              <1>         binit   TMRCFG, ZBIT7+TIMER_STOP ; bit6: s/w control of GATEn, bit7=0 enables all clocks
   111 00000000 34F8                <2>  dw %1
   112 00000002 41                  <2>  db %2
    69                              <1> 		;Timers enabled, 1&2 use PSCLK, 0 uses TMRCLK0 (COMCLK/2)
    70                              <1> CTR0 equ ZBIT7+ZBIT6	;select counter 0
    71                              <1> CTR1 equ ZBIT7+ BIT6	;select counter 1
    72                              <1> CTR2 equ  BIT7+ZBIT6	;select counter 2
    73                              <1> CWR01 equ BIT5+BIT4	;Write Count low, then high
    74                              <1> MODE0 equ ZBIT3+ZBIT2+ZBIT1
    75                              <1> MODE1 equ ZBIT3+ZBIT2+ BIT1
    76                              <1> MODE2 equ ZBIT3+ BIT2+ZBIT1
    77                              <1> MODE3 equ ZBIT3+ BIT2+ BIT1
    78                              <1> MODE4 equ  BIT3+ZBIT2+ZBIT1
    79                              <1> MODE5 equ  BIT3+ZBIT2+ BIT1
    80                              <1> ; counter 0 runs at 1.8432mhz / 2  =  921600  (just under 1mhz)
    81                              <1> ; @20hz, the divisor is 46080 yielding a 50ms time slot
    82                              <1> COMCLK	equ	1843200		; standard 1.8432mhz oscillator
    83                              <1> BAUD	equ	9600		; default SIO0 bit rate
    84                              <1> DIVISOR	equ	COMCLK/16/BAUD	; SIO0 divisor to achieve BAUD rate
    85                              <1> CLKIN0	equ	COMCLK/2	; Timer0 input count rate
    86                              <1> MS50	equ	CLKIN0 / 20	; 50ms clock
    87                              <1> MS50HI	equ	MS50/256
    88                              <1> MS50LO	equ	MS50 & 0xFF
    89                              <1> MS18	equ	50619		; 18.206602hz clock (54.92513ms)
    90                              <1> 				; 0x1800BA = 1573050 ticks/day
    91                              <1> MS18b	equ	50625		; 18.204444hz clock (54.93164ms)
    92                              <1> 				; 0x180000 = 1572864 ticks/day
    93                              <1> MS18HI	equ	MS18/256
    94                              <1> MS18LO	equ	MS18 & 0xFF
    34                                  
    35                                  
    36                                  %ifndef DEBUG
    37                                  %define	DEBUG 1
    38                                  %endif
    39                                  
    40                                  	global	int_1Ah
    41                                  
    42                                  segment	_TEXT
    43                                  ;;;;;;;;;;;;;;;;;;;;;;;;;;;;;;;;;;;;;;;;;;;;;;;;;;;;;;;;;;;;
    44                                  ;
    45                                  ; INT 1A
    46                                  ;
    47                                  ; Enter with:
    48                                  ;       AH      function code
    49                                  ;
    50                                  ; Exit with:
    51                                  ;	varies
    52                                  ;
    53                                  ;       Carry clear
    54                                  ;
    55                                  ; Error:
    56                                  ;	AH	error code
    57                                  ;       Carry set
    58                                  ;
    59                                  ;;;;;;;;;;;;;;;;;;;;;;;;;;;;;;;;;;;;;;;;;;;;;;;;;;;;;;;;;;;;
    60                                  int_1Ah:
    61 00000000 FB                      	sti			;turn on interrupts
    62                                  ;
    63                                  ; Everything that is not a documented return value.  INT 1Ah answers in
    64                                  ; AX, CX, DX and the Carry -- nothing in this dispatch returns BX, DI,
    65                                  ; BP, DS or ES -- so a caller is entitled to get them back untouched,
    66                                  ; and until now only SI was saved.
    67                                  ;
    68                                  ; That is not a theoretical tidiness.  DOS reads the tick through
    69                                  ; AH=00h constantly, and a C caller reaches the clock the same way;
    70                                  ; a handler here that happens to use DS or BP corrupts whatever the
    71                                  ; caller was holding in them.  It was found by writing exactly such a
    72                                  ; caller -- a loop reading the seconds -- and watching it hang.
    73                                  ;
    74                                  ; Same family as the INT 13h defect in Phase 6: what the interface
    75                                  ; promises about registers, rather than what the hardware does.
    76                                  ;
    77 00000001 061E55575653            	pushm	bx,si,di,bp,ds,es
    78                                  
    79 00000007 89C6                    	mov	si,ax		; can't use BX for certain calls
    80 00000009 C1EE08                  	shr	si,8		; zero fill high bits
    81 0000000C 01F6                    	add	si,si		; address words
    82                                  
    83 0000000E 83FE10                  	cmp	si,len_dispatch0  ; length is in words
    84 00000011 7214                    	jb	low_dispatch2
    85                                  
    86 00000013 83EE40                  	sub	si,0x20 * 2	; calls based at 20h
    87 00000016 83FE0A                  	cmp	si,len_dispatch20  ; length is in words
    88 00000019 7213                    	jb	exec20_dispatch
    89                                  
    90                                  fn_not_defined:
    91 0000001B B486                    	mov	ah,0x86		;function not defined
    92 0000001D F9                      	stc
    93                                  exit:	
    94 0000001E 5B5E5F5D1F07            	popm	bx,si,di,bp,ds,es	; POP does not disturb the Carry the
    95                                  					;  handlers set
    96 00000024 CA0200                  	retf	2		;return from call
    97                                  
    98                                  low_dispatch2:
    99 00000027 2EFF94[3600]               cs	call	[dispatch0 + si]
   100 0000002C EBF0                    	jmp	exit
   101                                  
   102                                  exec20_dispatch:
   103 0000002E 2EFF94[4600]               cs	call	[dispatch20 + si]
   104 00000033 EBE9                    	jmp	exit
   105                                  
   106                                  
   107                                  
   108 00000035 90                      	align	2
   109                                  dispatch0:
   110 00000036 [6C00]                  	dw	get_tick_count
   111 00000038 [EA00]                  	dw	set_tick_count
   112 0000003A [0001]                  	dw	get_time
   113 0000003C [3201]                  	dw	set_time
   114 0000003E [6301]                  	dw	get_date
   115 00000040 [9901]                  	dw	set_date
   116 00000042 [5000]                  	dw	set_alarm
   117 00000044 [5000]                  	dw	reset_alarm
   118                                  len_dispatch0	equ	$-dispatch0
   119                                  
   120                                  dispatch20:
   121 00000046 [DC01]                  	dw	ds_read		; 20h
   122 00000048 [4602]                  	dw	ds_write	; 21h
   123 0000004A [7602]                  	dw	wr_protect	; 22h
   124 0000004C [8B02]                  	dw	ds_set_charge	; 23h
   125 0000004E [9B02]                  	dw	ds_get_charge	; 24h
   126                                  len_dispatch20	equ	$-dispatch20
   127                                  
   128                                  set_alarm:
   129                                  reset_alarm:
   130 00000050 EBC9                    	jmp	fn_not_defined
   131                                  ;
   132                                  
   133                                  ;;;;;;;;;;;;;;;;;;;;;;;;;;;;;;;;;;;;;;;;;;;;;;;;;;;;;;;;;;;;
   134                                  ; diagnostic aid
   135                                  ;	AL = read command
   136                                  ; 	AX has byte read in AL
   137                                  ;;;;;;;;;;;;;;;;;;;;;;;;;;;;;;;;;;;;;;;;;;;;;;;;;;;;;;;;;;;;
   138                                  	global	ds_read_reg_
   139                                  ds_read_reg_:
   140 00000052 52                      	pushm	dx
   141 00000053 88C4                    	mov	ah,al			; move command to position
   142 00000055 80CC81                  	or	ah,1000_0001B
   143 00000058 E85902                  	call	ds_reset_on
   144 0000005B E86702                  	call	ds_reset_off
   145 0000005E E87102                  	call	ds_outb
   146 00000061 E88402                  	call	ds_inb
   147 00000064 E84D02                  	call	ds_reset_on
   148 00000067 C1E808                  	shr	ax,8			; return byte value
   149 0000006A 5A                      	popm	dx
   150 0000006B C3                      	ret
   151                                  
   152                                  ;;;;;;;;;;;;;;;;;;;;;;;;;;;;;;;;;;;;;;;;;;;;;;;;;;;;;;;;;;;;
   153                                  ; INT 1A
   154                                  ; function 00	get_tick_count
   155                                  ;
   156                                  ;    Enter with:
   157                                  ;	AH	00h
   158                                  ;
   159                                  ;    Exit with:
   160                                  ;	CX:DX	tick count
   161                                  ;	AL	rolled over flag  0=no	1=day rollover
   162                                  ;
   163                                  ;;;;;;;;;;;;;;;;;;;;;;;;;;;;;;;;;;;;;;;;;;;;;;;;;;;;;;;;;;;;
   164                                  	align	2
   165                                  get_tick_count:
   166 0000006C 1E                      	push	ds		;save
   167 0000006D 6A401F                  	get_bda	DS
   168 00000070 FA                      	cli		;disable interrupts
   169 00000071 8B166C00                	mov	dx,[timer_count_low]
   170 00000075 8B0E6E00                	mov	cx,[timer_count_high]
   171 00000079 30C0                    	xor	al,al
   172 0000007B 86067000                	xchg	al,[timer_overflow]
   173 0000007F FB                      	sti		;restore interrupts
   174 00000080 F8                      	clc
   175 00000081 1F                      	pop	ds
   176 00000082 C3                      	ret
   177                                  
   178                                  ;;;;;;;;;;;;;;;;;;;;;;;;;;;;;;;;;;;;;;;;;;;;;;;;;;;;;;;;;;;;
   179                                  ; Timer 0 interrupt handler
   180                                  ;
   181                                  ;	Count down the tick timer
   182                                  ;	Reset if it reaches zero
   183                                  ;;;;;;;;;;;;;;;;;;;;;;;;;;;;;;;;;;;;;;;;;;;;;;;;;;;;;;;;;;;;
   184                                  	global	int_irq0
   185 00000083 90                      	align	2
   186                                  
   187                                  ;;;;;;;;;;;;;;;;;;;;;;;;;;;;;;;;;;;;;;;;;;;;;;;;;;;;;;;;;;;;;;;;;;;;;;;;;
   188                                  ; A heartbeat, for telling a hung machine from a halted one.
   189                                  ;
   190                                  ; Writes a character to the console about once a second from the timer
   191                                  ; tick.  If it keeps sounding through a lockup then interrupts are alive
   192                                  ; and whatever is stuck is a software loop; if it stops, the tick is not
   193                                  ; arriving at all, and nothing polled will ever recover the machine.  That
   194                                  ; is the difference between a bug to find and a machine to reset, and once
   195                                  ; the console has stopped answering there is no other way to tell.
   196                                  ;
   197                                  ; It is sounded twice, on either side of the INT 1Ch hook, because a hook
   198                                  ; that hangs would silence a single beat placed after it and look exactly
   199                                  ; like a dead tick.  Two characters separate the three cases:
   200                                  ;
   201                                  ;	"~+"	the tick is arriving and the hook returns -- look elsewhere
   202                                  ;	"~"	the tick arrives, the INT 1Ch hook never comes back
   203                                  ;	nothing	the tick is not being delivered: IF clear, IRQ0 masked,
   204                                  ;		 counter 0 stopped, or the CPU halted
   205                                  ;
   206                                  ; Both beats test the same not-yet-incremented count, so they pair up.
   207                                  ; INT 14h transmit is polled, so this works whatever else has failed.
   208                                  ;
   209                                  ; Debugging aid: TICK_BEAT belongs at 0 in any ROM anyone relies on.
   210                                  ;;;;;;;;;;;;;;;;;;;;;;;;;;;;;;;;;;;;;;;;;;;;;;;;;;;;;;;;;;;;;;;;;;;;;;;;;
   211                                  %define TICK_BEAT 0
   212                                  
   213                                  %macro	beat 1
   214                                  %if TICK_BEAT
   215                                  	pushm	ax,dx,ds		; irq0 has saved nothing yet
   216                                  	get_bda	DS
   217                                  	test	word [timer_count_low],0x000F	; every sixteenth tick
   218                                  	jnz	%%quiet
   219                                  	mov	al,%1
   220                                  	mov	ah,1			; INT 14h, write a character
   221                                  	xor	dx,dx			; COM1
   222                                  	int	0x14
   223                                  %%quiet:
   224                                  	popm	ax,dx,ds
   225                                  %endif
   226                                  %endmacro
   227                                  
   228                                  int_irq0:
   229 00000084 FC                      	cld			; insurance
   230                                  	beat	'~'
   214                              <1> %if TICK_BEAT
   215                              <1>  pushm ax,dx,ds
   216                              <1>  get_bda DS
   217                              <1>  test word [timer_count_low],0x000F
   218                              <1>  jnz %%quiet
   219                              <1>  mov al,%1
   220                              <1>  mov ah,1
   221                              <1>  xor dx,dx
   222                              <1>  int 0x14
   223                              <1> %%quiet:
   224                              <1>  popm ax,dx,ds
   225                              <1> %endif
   231 00000085 CD1C                    	int	0x1C
   232                                  	beat	'+'
   214                              <1> %if TICK_BEAT
   215                              <1>  pushm ax,dx,ds
   216                              <1>  get_bda DS
   217                              <1>  test word [timer_count_low],0x000F
   218                              <1>  jnz %%quiet
   219                              <1>  mov al,%1
   220                              <1>  mov ah,1
   221                              <1>  xor dx,dx
   222                              <1>  int 0x14
   223                              <1> %%quiet:
   224                              <1>  popm ax,dx,ds
   225                              <1> %endif
   233                                  
   234 00000087 1E5153                  	pushm	bx,cx,ds
   235 0000008A 6A401F                  	get_bda	DS
   236 0000008D B90800                  	mov	cx,8		; will be used later
   237                                  
   238 00000090 66FF066C00              	inc	dword [timer_count]
   239                                  
   240 00000095 66813E6C00BA001800      	cmp	dword [timer_count],tick
   241 0000009E 720E                    	jb	.2
   242                                  ; tick went to zero (or negative)
   243 000000A0 C606700001              	mov	byte [timer_overflow],1
   244 000000A5 66C7066C0000000000      	mov	dword [timer_count],0
   245                                  .2:
   246                                  ; handle the FDC motor timeout
   247 000000AE 382E4000                	cmp	[motor_count],ch	; CH==0
   248 000000B2 7409                    	je	.3
   249 000000B4 FE0E4000                	dec	byte [motor_count]
   250 000000B8 7503                    	jnz	.3
   251                                  	extern	FDC_stop_motor	; in diskfdc.asm
   252 000000BA E8(0000)                	call	FDC_stop_motor
   253                                  .3:
   254                                  ; handle the printer & serial line timeouts
   255 000000BD BB7800                  	mov	bx,printer_timeout	; 4 printer, 4 serial timeouts
   256 000000C0 382F                    .4:	cmp	byte [bx],ch
   257 000000C2 7402                    	je	.5
   258 000000C4 FE0F                    	dec	byte [bx]
   259 000000C6 43                      .5:	inc	bx
   260 000000C7 E2F7                    	loop	.4
   261                                  
   262                                  ; restore before clearing the interrupt
   263 000000C9 5B591F                  	popm	bx,cx,ds
   264                                  
   265                                  	extern	clear_irq0	; currently in stub.asm
   266 000000CC E9(0000)                	jmp	clear_irq0
   267                                  
   268                                  
   269                                  ; Timer 0 constants
   270                                  ;
   271                                  divide	equ	MS18 		; 50619
   272                                  tick	equ	CLKIN0*86400/divide
   273                                  ttime	equ	(divide*1000000)/(CLKIN0)
   274                                  
   275                                  
   276                                  t0tab:
   277                                  	binit	TMRCON, CTR0 + CWR01 + MODE2 + ZBIT0	;binary
   111 000000CF 43F0                <1>  dw %1
   112 000000D1 34                  <1>  db %2
   278                                  	binit	TMR0, MS18LO	;low byte
   111 000000D2 40F0                <1>  dw %1
   112 000000D4 BB                  <1>  db %2
   279                                  	binit	TMR0, MS18HI	;high byte = 46080
   111 000000D5 40F0                <1>  dw %1
   112 000000D7 C5                  <1>  db %2
   280                                  	binit	TMRCFG, TIMER_STOP + BIT1		; start timer 0
   111 000000D8 34F8                <1>  dw %1
   112 000000DA 43                  <1>  db %2
   281 000000DB FFFF                            dw      -1
   282                                  
   283                                  ; Timer 0 startup
   284                                  ;
   285                                  	global	start_timer0_
   286                                  	extern	initb			; in start.asm
   287                                  start_timer0_:
   288 000000DD 561E                    	pushm	ds,si
   289 000000DF 0E                      	push	cs
   290 000000E0 1F                      	pop	ds
   291 000000E1 BE[CF00]                	mov	si,t0tab
   292 000000E4 E8(0000)                	call	initb
   293 000000E7 1F5E                    	popm	ds,si
   294 000000E9 C3                      	ret
   295                                  
   296                                  
   297                                  ;;;;;;;;;;;;;;;;;;;;;;;;;;;;;;;;;;;;;;;;;;;;;;;;;;;;;;;;;;;;
   298                                  ; INT 1A
   299                                  ; function 01	set_tick_count
   300                                  ;
   301                                  ;    Enter with:
   302                                  ;	AH	01h
   303                                  ;	CX:DX	tick count
   304                                  ;
   305                                  ;    Exit with:
   306                                  ;	nothing
   307                                  ;;;;;;;;;;;;;;;;;;;;;;;;;;;;;;;;;;;;;;;;;;;;;;;;;;;;;;;;;;;;
   308                                  set_tick_count:
   309 000000EA 1E                      	push	ds
   310 000000EB 6A401F                  	get_bda	DS	;address BDA
   311 000000EE FA                      	cli		;disable interrupts
   312 000000EF 89166C00                	mov	[timer_count_low],dx
   313 000000F3 890E6E00                	mov	[timer_count_high],cx
   314 000000F7 C606700000              	mov	byte [timer_overflow],0	; 'byte' qualifier needed
   315 000000FC FB                      	sti		;interrupts back on
   316 000000FD F8                      	clc
   317 000000FE 1F                      	pop	ds
   318 000000FF C3                      	ret
   319                                  
   320                                  
   321                                  
   322                                  
   323                                  ;;;;;;;;;;;;;;;;;;;;;;;;;;;;;;;;;;;;;;;;;;;;;;;;;;;;;;;;;;;;
   324                                  ;
   325                                  ; INT 1A
   326                                  ; function 02   Get Time
   327                                  ;
   328                                  ; Enter with:
   329                                  ;       AH      0x02
   330                                  ;
   331                                  ; Exit with:
   332                                  ;	CH	hours in BCD
   333                                  ;	CL	minutes in BCD
   334                                  ;	DH	seconds in BCD
   335                                  ;	DL	daylight savings time flag
   336                                  ;		  00=not DST, 01==DST
   337                                  ;	
   338                                  ;       Carry clear	if clock is running
   339                                  ;
   340                                  ; Error:
   341                                  ;       Carry set	if clock is stopped
   342                                  ;
   343                                  ;;;;;;;;;;;;;;;;;;;;;;;;;;;;;;;;;;;;;;;;;;;;;;;;;;;;;;;;;;;;
   344                                  	global	get_time
   345                                  get_time:
   346 00000100 50                      	pushm	ax
   347 00000101 31DB                    	xor	bx,bx		; saved at a higher level
   348 00000103 B80081                  	mov	ax, 1000_0001B << 8 | 0		;seconds
   349 00000106 88C2                    	mov	dl,al		; DST off
   350 00000108 E80D01                  	call	byte_read
   351 0000010B 88E6                    	mov	dh,ah		; save seconds
   352                                  
   353 0000010D 52                      .1:	push	dx
   354 0000010E B80181                  	mov	ax, 1000_0001B << 8 | 1		; minutes
   355 00000111 E80401                  	call	byte_read
   356 00000114 88E1                    	mov	cl,ah		; save minutes
   357 00000116 B80281                  	mov	ax, 1000_0001B << 8 | 2		; hours
   358 00000119 E8FC00                  	call	byte_read
   359 0000011C 88E5                    	mov	ch,ah		; save hours
   360 0000011E B80081                  	mov	ax, 1000_0001B << 8 | 0		;seconds
   361 00000121 E8F400                  	call	byte_read
   362 00000124 5A                      	pop	dx
   363 00000125 86F4                    	xchg	dh,ah
   364 00000127 38F4                    	cmp	ah,dh
   365 00000129 75E2                    	jne	.1		; loop back
   366                                  
   367 0000012B 80E67F                  	and	dh,0x7F		; mask clock halt bit
   368 0000012E 00E4                    	add	ah,ah		; set carry if halted
   369                                  
   370 00000130 58                      	popm	ax
   371 00000131 C3                      	ret
   372                                  
   373                                  
   374                                  ;;;;;;;;;;;;;;;;;;;;;;;;;;;;;;;;;;;;;;;;;;;;;;;;;;;;;;;;;;;;
   375                                  ;
   376                                  ; INT 1A
   377                                  ; function 03   Set Time
   378                                  ;
   379                                  ; Enter with:
   380                                  ;       AH      0x03
   381                                  ;
   382                                  ;	CH	hours in BCD
   383                                  ;	CL	minutes in BCD
   384                                  ;	DH	seconds in BCD
   385                                  ;	DL	daylight savings time flag (ignored)
   386                                  ;		  00=not DST, 01==DST
   387                                  ;	
   388                                  ; Exit with:
   389                                  ;       Carry clear	if clock is running
   390                                  ;
   391                                  ; Error:
   392                                  ;       Carry set	if clock is stopped
   393                                  ;
   394                                  ;;;;;;;;;;;;;;;;;;;;;;;;;;;;;;;;;;;;;;;;;;;;;;;;;;;;;;;;;;;;
   395                                  	global	set_time
   396                                  set_time:
   397 00000132 5250                    	pushm	ax,dx
   398                                  
   399 00000134 5251                    	pushm	cx,dx		;protect the parameters
   400                                  
   401 00000136 B000                    	mov	al,0		;disable write protect
   402 00000138 E83B01                  	call	wr_protect	;**
   403                                  %if 0
   404                                  	mov	ax, 1000_0000B << 8 | 0		;seconds
   405                                  	mov	cl,80h			; stop the clock
   406                                  	call	byte_write
   407                                  %endif
   408 0000013B 5B                      	popm	bx		; was CX
   409                                  
   410 0000013C B80280                  	mov	ax, 1000_0000B << 8 | 2		;hours
   411 0000013F 88F9                    	mov	cl,bh		; **
   412 00000141 80E17F                  	and	cl,0x7F		; 24-hr format
   413 00000144 E8E700                  	call	byte_write
   414                                  
   415 00000147 B80180                  	mov	ax, 1000_0000B << 8 | 1		;minutes
   416 0000014A 88D9                    	mov	cl,bl		; **
   417 0000014C E8DF00                  	call	byte_write
   418                                  
   419 0000014F 5B                      	popm	bx		; was DX
   420                                  
   421 00000150 B80080                  	mov	ax, 1000_0000B << 8 | 0		;seconds
   422 00000153 88F9                    	mov	cl,bh
   423 00000155 80E17F                  	and	cl,0x7F			; enable the clock
   424 00000158 E8D300                  	call	byte_write
   425                                  
   426 0000015B B080                    	mov	al,80h		;set Write Protect
   427 0000015D E81601                  	call	wr_protect
   428                                  
   429 00000160 E98B00                  	jmp	ds_full_exit
   430                                  
   431                                  
   432                                  
   433                                  ;;;;;;;;;;;;;;;;;;;;;;;;;;;;;;;;;;;;;;;;;;;;;;;;;;;;;;;;;;;;
   434                                  ;
   435                                  ; INT 1A
   436                                  ; function 04   Get Date
   437                                  ;
   438                                  ; Enter with:
   439                                  ;       AH      0x04
   440                                  ;
   441                                  ; Exit with:
   442                                  ;	CH	century in BCD
   443                                  ;	CL	year in BCD
   444                                  ;	DH	month in BCD
   445                                  ;	DL	day in BCD
   446                                  ;	
   447                                  ;       Carry clear	if clock is running
   448                                  ;
   449                                  ; Error:
   450                                  ;       Carry set	if clock is stopped
   451                                  ;
   452                                  ;;;;;;;;;;;;;;;;;;;;;;;;;;;;;;;;;;;;;;;;;;;;;;;;;;;;;;;;;;;;
   453                                  	global	get_date
   454                                  get_date:
   455 00000163 B80681                  	mov	ax,1000_0001B << 8 | 6	;year
   456 00000166 E8AF00                  	call	byte_read
   457 00000169 88E1                    	mov	cl,ah		; return in CL
   458                                  
   459 0000016B B80481                  	mov	ax,1000_0001B << 8 | 4	;month
   460 0000016E E8A700                  	call	byte_read
   461 00000171 88E7                    	mov	bh,ah		; save in BH
   462                                  
   463 00000173 B80381                  	mov	ax,1000_0001B << 8 | 3	;day of month (DATE)
   464 00000176 E89F00                  	call	byte_read
   465 00000179 88E3                    	mov	bl,ah
   466                                  	
   467 0000017B B80581                  	mov	ax,1000_0001B << 8 | 5	;day of week (DAY)
   468 0000017E E89700                  	call	byte_read
   469 00000181 88E5                    	mov	ch,ah		; save in Century byte
   470                                  
   471 00000183 B80081                  	mov	ax,1000_0001B << 8 | 0	;clock halt flag
   472 00000186 E88F00                  	call	byte_read
   473                                  ; clock halt flag is in AH
   474                                  
   475 00000189 89DA                    	mov	dx,bx		;
   476 0000018B 88E8                    	mov	al,ch		; Day-of-Week flag to AL
   477 0000018D B519                    	mov	ch,0x19		; 20th century in CH
   478 0000018F 80F970                  	cmp	cl,0x70		; year less than '70 sets carry
   479                                  %if 0
   480                                  	adc	al,0		; add in the carry if CL<70h
   481                                  	daa			; correct (DAA doesn't work???)
   482                                  %else
   483 00000192 7302                    	jnb	.8
   484 00000194 B520                    	mov	ch,0x20		; carry is set
   485                                  .8:
   486                                  %endif
   487 00000196 D0E4                    	shl	ah,1		; clock halt to carry
   488 00000198 C3                      	ret
   489                                  
   490                                  
   491                                  
   492                                  ;;;;;;;;;;;;;;;;;;;;;;;;;;;;;;;;;;;;;;;;;;;;;;;;;;;;;;;;;;;;
   493                                  ;
   494                                  ; INT 1A
   495                                  ; function 05   Set Date
   496                                  ;
   497                                  ; Enter with:
   498                                  ;       AH      0x05
   499                                  ;
   500                                  ;	CH	century in BCD	(used for Day Of Week calculation)
   501                                  ;	CL	year in BCD
   502                                  ;	DH	month in BCD
   503                                  ;	DL	day in BCD
   504                                  ;	
   505                                  ; Exit with:
   506                                  ;	Nothing
   507                                  ;
   508                                  ;;;;;;;;;;;;;;;;;;;;;;;;;;;;;;;;;;;;;;;;;;;;;;;;;;;;;;;;;;;;
   509                                  	global	set_date
   510                                  set_date:
   511 00000199 5250                    	pushm	ax,dx		;usual 2 register save
   512 0000019B 80FD20                  	cmp	ch,0x20		; century must be 21st
   513 0000019E 7405                    	je	.1
   514 000001A0 80FD19                  	cmp 	ch,0x19		; century may be 20th
   515 000001A3 754D                    	jne	ds_error
   516                                  .1:
   517 000001A5 5152                    	pushm	dx,cx
   518                                  
   519 000001A7 E86401                  	call	day_of_week_
   520                                  
   521 000001AA 5B59                    	popm	bx,cx		; was DX,CX
   522 000001AC 51                      	pushm	cx		; save CX
   523                                  
   524 000001AD 88C5                    	mov	ch,al		; DOW to CH
   525                                  
   526 000001AF B000                    	mov	al,0		;disable write protect
   527 000001B1 E8C200                  	call	wr_protect
   528                                  
   529 000001B4 B80680                  	mov	ax,1000_0000B << 8 | 6	;year
   530 000001B7 E87400                  	call	byte_write	; year is in CL already
   531                                  
   532 000001BA B80480                  	mov	ax,1000_0000B << 8 | 4	;month
   533 000001BD 88F9                    	mov	cl,bh			; was in DH
   534 000001BF E86C00                  	call	byte_write
   535                                  
   536 000001C2 B80380                  	mov	ax,1000_0000B << 8 | 3	;day (DATE)
   537 000001C5 88D9                    	mov	cl,bl			; was in DL
   538 000001C7 E86400                  	call	byte_write
   539                                  
   540 000001CA B80580                  	mov	ax,1000_0000B << 8 | 5	;day of week (DOW)
   541 000001CD 88E9                    	mov	cl,ch
   542 000001CF FEC1                    	inc	cl		; DS1302 is 1..7, not 0..6
   543 000001D1 E85A00                  	call	byte_write
   544                                  
   545 000001D4 B080                    	mov	al,80h		;set Write Protect
   546 000001D6 E89D00                  	call	wr_protect
   547                                  
   548 000001D9 59                      	popm	cx
   549 000001DA EB12                    	jmp	ds_full_exit
   550                                  
   551                                  
   552                                  ;;;;;;;;;;;;;;;;;;;;;;;;;;;;;;;;;;;;;;;;;;;;;;;;;;;;;;;;;;;;
   553                                  ;;;;;;;;;;;;;;;;;;;;;;;;;;;;;;;;;;;;;;;;;;;;;;;;;;;;;;;;;;;;
   554                                  ;;;;;;;;;;;;;;;;;;;;;;;;;;;;;;;;;;;;;;;;;;;;;;;;;;;;;;;;;;;;
   555                                  ;;;;;;;;;;;;;;;;;;;;;;;;;;;;;;;;;;;;;;;;;;;;;;;;;;;;;;;;;;;;
   556                                  ;;;;;;;;;;;;;;;;;;;;;;;;;;;;;;;;;;;;;;;;;;;;;;;;;;;;;;;;;;;;
   557                                  ;;;;;;;;;;;;;;;;;;;;;;;;;;;;;;;;;;;;;;;;;;;;;;;;;;;;;;;;;;;;
   558                                  ;;;;;;;;;;;;;;;;;;;;;;;;;;;;;;;;;;;;;;;;;;;;;;;;;;;;;;;;;;;;
   559                                  ;;;;;;;;;;;;;;;;;;;;;;;;;;;;;;;;;;;;;;;;;;;;;;;;;;;;;;;;;;;;
   560                                  ;;;;;;;;;;;;;;;;;;;;;;;;;;;;;;;;;;;;;;;;;;;;;;;;;;;;;;;;;;;;
   561                                  ;;;;;;;;;;;;;;;;;;;;;;;;;;;;;;;;;;;;;;;;;;;;;;;;;;;;;;;;;;;;
   562                                  ;;;;;;;;;;;;;;;;;;;;;;;;;;;;;;;;;;;;;;;;;;;;;;;;;;;;;;;;;;;;
   563                                  
   564                                  
   565                                  
   566                                  
   567                                  
   568                                  
   569                                  
   570                                  
   571                                  ;;;;;;;;;;;;;;;;;;;;;;;;;;;;;;;;;;;;;;;;;;;;;;;;;;;;;;;;;;;;
   572                                  ;
   573                                  ; INT 1A
   574                                  ; function 20   Get NVRAM byte
   575                                  ;
   576                                  ; Enter with:
   577                                  ;       AH      0x20
   578                                  ;       AL      byte number ( 0 <= AL <= 30) 
   579                                  ;   (single byte read)
   580                                  ;
   581                                  ;       AH      0x20
   582                                  ;       AL      31
   583                                  ;       ES:BX   pointer to 31 byte buffer
   584                                  ;   (burst read)
   585                                  ;
   586                                  ; Exit with:
   587                                  ;       AL      byte read (single byte read)
   588                                  ;       Carry clear
   589                                  ;
   590                                  ;       AL      byte NVRAM[30] (burst read)
   591                                  ;       ES:BX buffer filled with bytes 0..30
   592                                  ;
   593                                  ;       Carry clear
   594                                  ;
   595                                  ; Error:
   596                                  ;       Carry set
   597                                  ;
   598                                  ;;;;;;;;;;;;;;;;;;;;;;;;;;;;;;;;;;;;;;;;;;;;;;;;;;;;;;;;;;;;
   599                                  	global	ds_read
   600                                  ds_read:
   601 000001DC 5250                            pushm   ax,dx
   602                                  
   603 000001DE 3C1F                    	cmp	al,31
   604 000001E0 7314                    	jae	ds_burstr	; burst or error
   605                                  	
   606 000001E2 B4C1                    	mov	ah,1100_0001B	; NVRAM read
   607 000001E4 E83100                   	call	byte_read
   608                                  
   609                                  ds_read_exit:
   610 000001E7 88E0                    	mov	al,ah		;return in AL
   611 000001E9 5A                      	pop	dx		;get old ax
   612 000001EA 88F4                    	mov	ah,dh		;restore AH
   613 000001EC EB01                    	jmp	ds_good_exit
   614                                  
   615                                  ds_full_exit:
   616 000001EE 58                      	popm	ax
   617                                  ds_good_exit:
   618 000001EF F8                      	clc 			;signal good return
   619 000001F0 5A                      	popm	dx
   620 000001F1 C3                      	ret	
   621                                  
   622                                  ds_error:
   623 000001F2 585A                    	popm	ax,dx
   624 000001F4 F9                      	stc
   625 000001F5 C3                      	ret
   626                                  
   627                                  
   628                                  
   629                                  
   630                                  ;
   631                                  ; handle burst read
   632                                  ds_burstr:
   633 000001F6 75FA                            jne	ds_error	;must be 31 exactly, else error
   634                                  
   635 000001F8 5153                    	pushm	bx,cx		;extra save
   636                                  
   637 000001FA E8B700                  	call	ds_reset_on	;reset before command byte
   638 000001FD E8C500                  	call	ds_reset_off	;set for read
   639                                  
   640                                  
   641 00000200 B4FF                    	mov	ah,1111_1111B	;burst read command
   642 00000202 E8CD00                  	call	ds_outb		;output the command
   643                                  
   644 00000205 B91F00                  	mov	cx,31		;
   645                                  ds_read2:
   646 00000208 E8DD00                  	call	ds_inb		;retrieve a byte in AH
   647 0000020B 268827                    es	mov	byte [bx],ah	;save in the array
   648 0000020E 43                        	inc	bx
   649 0000020F E2F7                    	loop	ds_read2	;and loop back
   650                                  
   651 00000211 E8A000                  	call	ds_reset_on	;terminate read
   652                                  
   653 00000214 5B59                    	popm	bx,cx		;and restore
   654 00000216 EBCF                            jmp	ds_read_exit	;return AH
   655                                   
   656                                  ;;;;;;;;;;;;;;;;;;;;;;;;;;;;;;;;;;;;;;;;;;;;;;;;;;;;;;;;;;;;
   657                                  ;
   658                                  ; byte read into AH
   659                                  ;	AH = command bits
   660                                  ;	AL = register number
   661                                  ; byte read direct
   662                                  ;	AH = command bits + (reg<<1)
   663                                  ;
   664                                  ; Exit with:
   665                                  ;	AH is the byte read in
   666                                  ;
   667                                  ;  Uses AX, DX
   668                                  ;;;;;;;;;;;;;;;;;;;;;;;;;;;;;;;;;;;;;;;;;;;;;;;;;;;;;;;;;;;;
   669                                  byte_read:
   670                                  ; single byte read
   671 00000218 D0E0                    	shl	al,1		; shift by one
   672 0000021A 08E0                            or      al,ah		; Clock or NVRAM read
   673 0000021C 88C4                    	mov	ah,al		; command byte to AH
   674                                  byte_read_direct:
   675 0000021E E89300                  	call	ds_reset_on	;start of command, set AL & DX
   676 00000221 E8A100                  	call	ds_reset_off	;remove the Reset
   677                                  
   678                                  ; output the command
   679 00000224 E8AB00                          call    ds_outb
   680                                  
   681 00000227 E8BE00                  	call	ds_inb		;input byte to AH
   682                                  
   683 0000022A E88700                  	call	ds_reset_on	;terminate command
   684                                  
   685 0000022D C3                      	ret
   686                                  
   687                                  ;;;;;;;;;;;;;;;;;;;;;;;;;;;;;;;;;;;;;;;;;;;;;;;;;;;;;;;;;;;;
   688                                  ; byte write
   689                                  ;	AH = command bits
   690                                  ;	AL = register number
   691                                  ;	CL = byte value to write
   692                                  ;
   693                                  ; byte_write_direct
   694                                  ;	AH = command, register<<1 included
   695                                  ;	CL = byte value to write
   696                                  ;
   697                                  ;  Uses AX, DX
   698                                  ;;;;;;;;;;;;;;;;;;;;;;;;;;;;;;;;;;;;;;;;;;;;;;;;;;;;;;;;;;;;
   699                                  byte_write:
   700                                  ; single byte write
   701 0000022E D0E0                    	shl	al,1		; prepare command
   702 00000230 08E0                            or      al,ah		; clock or NVRAM write
   703 00000232 88C4                    	mov	ah,al		; command byte to AH
   704                                  byte_write_direct:
   705 00000234 E87D00                  	call	ds_reset_on	;start of command, set AL & DX
   706 00000237 E88B00                  	call	ds_reset_off	;prepare for read
   707                                  
   708                                  ; output the command, will turn Reset off
   709 0000023A E89500                          call    ds_outb
   710                                  
   711 0000023D 88CC                            mov     ah,cl		;single byte to write
   712 0000023F E89000                          call    ds_outb
   713                                  
   714 00000242 E86F00                  	call	ds_reset_on	;terminate the write
   715 00000245 C3                      	ret
   716                                  
   717                                  
   718                                  ;;;;;;;;;;;;;;;;;;;;;;;;;;;;;;;;;;;;;;;;;;;;;;;;;;;;;;;;;;;;
   719                                  ;
   720                                  ; INT 1A
   721                                  ; function 21   Set NVRAM byte
   722                                  ;
   723                                  ; Enter with:
   724                                  ;       AH      0x21
   725                                  ;       AL      byte number ( 0 <= AL <= 30) 
   726                                  ;   (single byte write)
   727                                  ;       CL      byte value to write
   728                                  ;
   729                                  ;       AH      0x21
   730                                  ;       AL      31
   731                                  ;       ES:BX   pointer to 31 byte buffer
   732                                  ;   (burst write)
   733                                  ;
   734                                  ; Exit with:
   735                                  ;       Carry clear
   736                                  ;
   737                                  ; Error:
   738                                  ;       Carry set
   739                                  ;
   740                                  ;;;;;;;;;;;;;;;;;;;;;;;;;;;;;;;;;;;;;;;;;;;;;;;;;;;;;;;;;;;;
   741                                  	global	ds_write
   742                                  ds_write:
   743 00000246 5250                            pushm   ax,dx
   744                                  
   745 00000248 3C1F                    	cmp	al,31
   746 0000024A 7307                    	jae	ds_burstw	; burst or error
   747                                  
   748                                  ; single byte write
   749                                  %if 1
   750 0000024C B4C0                    	mov	ah,1100_0000B   ; RAM/WRITE
   751 0000024E E8DDFF                  	call	byte_write
   752                                  %else
   753                                  	shl	al,1		; prepare command
   754                                          or      al,1100_0000B   ; RAM/WRITE
   755                                  	mov	ah,al		; command byte to AH
   756                                  
   757                                  	call	ds_reset_on	;start of command, set AL & DX
   758                                  	call	ds_reset_off	;prepare for read
   759                                  
   760                                  ; output the command, will turn Reset off
   761                                          call    ds_outb
   762                                  
   763                                          mov     ah,cl		;single byte to write
   764                                          call    ds_outb
   765                                  
   766                                  	call	ds_reset_on	;terminate the write
   767                                  %endif
   768 00000251 EB9B                    	jmp	ds_full_exit
   769                                  	
   770                                  	
   771                                  ; burst write
   772                                  ds_burstw:
   773 00000253 759D                            jne	ds_error	;must be 31 exactly, else error
   774                                  
   775 00000255 5153                    	pushm	bx,cx		;extra save
   776                                  
   777 00000257 E85A00                  	call	ds_reset_on	;reset before command byte
   778 0000025A E86800                  	call	ds_reset_off	;prepare for burst write
   779                                  
   780 0000025D B4FE                    	mov	ah,1111_1110B	;burst write command
   781 0000025F E87000                  	call	ds_outb		;output the command
   782                                  
   783 00000262 B91F00                  	mov	cx,31		;
   784                                  ds_write2:
   785 00000265 268A27                     es	mov	ah,byte [bx]	;get byte to write
   786 00000268 E86700                     	call	ds_outb
   787 0000026B 43                      	inc	bx		;increment
   788 0000026C E2F7                    	loop	ds_write2
   789                                  
   790 0000026E E84300                  	call	ds_reset_on	;terminate the write
   791                                  
   792 00000271 5B59                    	popm	bx,cx
   793 00000273 E978FF                  	jmp	ds_full_exit	;restore & return
   794                                  
   795                                  
   796                                  ;;;;;;;;;;;;;;;;;;;;;;;;;;;;;;;;;;;;;;;;;;;;;;;;;;;;;;;;;;;;
   797                                  ;
   798                                  ; INT 1A
   799                                  ; function 22   Enable/Disable write protect
   800                                  ;
   801                                  ; Enter with:
   802                                  ;       AH      0x22
   803                                  ;       AL      0x80 to set write protect
   804                                  ;		0x00 to disable write protect
   805                                  ;
   806                                  ; Exit with:
   807                                  ;       Carry clear
   808                                  ;
   809                                  ; Error:
   810                                  ;       Carry set
   811                                  ;
   812                                  ;;;;;;;;;;;;;;;;;;;;;;;;;;;;;;;;;;;;;;;;;;;;;;;;;;;;;;;;;;;;
   813                                  wr_protect:
   814 00000276 5250                    	pushm	ax,dx
   815 00000278 A87F                    	test	al,0111_1111B	; only 00,80h allowed
   816 0000027A 0F8574FF                	jnz	ds_error
   817                                  
   818 0000027E 51                      	pushm	cx
   819 0000027F 88C1                    	mov	cl,al		; option to write
   820 00000281 B80780                  	mov	ax, 1000_0000B << 8 | 7	; clock write, reg 7
   821 00000284 E8A7FF                  	call	byte_write
   822 00000287 59                      	popm	cx
   823                                  
   824 00000288 E963FF                  	jmp	ds_full_exit
   825                                  
   826                                  
   827                                  ;;;;;;;;;;;;;;;;;;;;;;;;;;;;;;;;;;;;;;;;;;;;;;;;;;;;;;;;;;;;
   828                                  ;
   829                                  ; INT 1A
   830                                  ; function 23   Set charging parameters
   831                                  ;
   832                                  ; Enter with:
   833                                  ;       AH      0x23
   834                                  ;       AL      charge parameter byte
   835                                  ;
   836                                  ; Exit with:
   837                                  ;       Carry clear
   838                                  ;
   839                                  ;;;;;;;;;;;;;;;;;;;;;;;;;;;;;;;;;;;;;;;;;;;;;;;;;;;;;;;;;;;;
   840                                  ds_set_charge:
   841 0000028B 5250                    	pushm	ax,dx
   842 0000028D 51                      	pushm	cx
   843                                  
   844 0000028E B480                    	mov	ah,1000_0000B	; clock write
   845 00000290 88C1                    	mov	cl,al		; byte to write
   846 00000292 B008                    	mov	al,8
   847 00000294 E897FF                  	call	byte_write
   848 00000297 59                      	popm	cx
   849                                  
   850 00000298 E953FF                  	jmp	ds_full_exit
   851                                  
   852                                  
   853                                  ;;;;;;;;;;;;;;;;;;;;;;;;;;;;;;;;;;;;;;;;;;;;;;;;;;;;;;;;;;;;
   854                                  ;
   855                                  ; INT 1A
   856                                  ; function 24   Get charging parameters
   857                                  ;
   858                                  ; Enter with:
   859                                  ;       AH      0x24
   860                                  ;
   861                                  ; Exit with:
   862                                  ;       AL      charge parameter byte
   863                                  ;       Carry clear
   864                                  ;
   865                                  ;;;;;;;;;;;;;;;;;;;;;;;;;;;;;;;;;;;;;;;;;;;;;;;;;;;;;;;;;;;;
   866                                  	global	ds_get_charge
   867                                  ds_get_charge:
   868 0000029B 5250                    	pushm	ax,dx
   869                                  
   870 0000029D B80881                  	mov	ax,1000_0001B << 8  | 8	; clock read
   871 000002A0 E875FF                  	call	byte_read
   872 000002A3 88E2                    	mov	dl,ah		; save in DL
   873 000002A5 58                      	popm	ax
   874 000002A6 88D0                    	mov	al,dl		; return in AL
   875                                  
   876 000002A8 E944FF                  	jmp	ds_good_exit
   877                                  
   878                                  
   879                                  ;**********
   880                                  ; N.B. These will move to P1 from P3 on the final board
   881                                  ; Jan 2018 -- updated to P1 for rev 2.0 board
   882                                  ;**********
   883                                  DSLTC   equ     P1LTC           ; DS1302 latch
   884                                  DSPIN   equ     P1PIN           ;   pin value
   885                                  
   886                                  DSDAT   equ     BIT0            ; Data must be bit 0 & idles high
   887                                  DSCLK   equ     BIT2            ; Clock idles high
   888                                  DSRST   equ     BIT3            ; Reset idles low (asserted)
   889                                  
   890                                  DSMSK   equ     DSRST+DSCLK+DSDAT
   891                                  
   892                                  
   893                                  %macro  us_delay 0
   894                                  	jmp	$+2
   895                                  	jmp	$+2
   896                                  	jmp	$+2
   897                                  %endmacro
   898                                  
   899                                  
   900 000002AB 90                      	align	2
   901                                  ds_out_latch:
   902 000002AC EE                      	out	dx,al
   903                                  	us_delay
   894 000002AD EB00                <1>  jmp $+2
   895 000002AF EB00                <1>  jmp $+2
   896 000002B1 EB00                <1>  jmp $+2
   904 000002B3 C3                      	ret
   905                                  
   906                                  ;
   907                                  ; initializes the DSLTC in DX
   908                                  ; sets the Clock low, then asserts Reset
   909                                  ;
   910                                  	global	ds_reset_on
   911                                  ds_reset_on:
   912 000002B4 BA62F8                  	mov	dx,DSLTC	;set I/O latch address in DX
   913 000002B7 EC                      	in	al,dx		;get the latch value
   914 000002B8 24FB                    	and	al,~DSCLK	;set the clock low (should be idle state)
   915 000002BA E8EFFF                  	call	ds_out_latch
   916 000002BD 0C01                    	or	al,DSDAT	;set data for input
   917 000002BF 24F7                    	and	al,~DSRST	;assert RESET#
   918 000002C1 E8E8FF                  	call	ds_out_latch
   919 000002C4 C3                      	ret
   920                                  
   921                                  ;
   922                                  ; sets the Clock low, then removes the Reset
   923                                  ;
   924                                  	global	ds_reset_off
   925                                  ds_reset_off:		; assume DX is set
   926 000002C5 24FB                    	and	al,~DSCLK	;set the clock low (idle)
   927 000002C7 0C01                    	or	al,DSDAT	;set data for input
   928 000002C9 E8E0FF                  	call	ds_out_latch
   929 000002CC 0C08                    	or	al,DSRST	;deassert RESET#
   930 000002CE E8DBFF                  	call	ds_out_latch
   931 000002D1 C3                      	ret			;clock idles low
   932                                  
   933                                  ;
   934                                  ; moves output bit into position, and then drops the clock low
   935                                  ; pauses, then sets the clock high to clock in the data bit
   936                                  ; loops back for all 8 bits
   937                                  ; exits with the clock HIGH
   938                                  ;
   939                                  ds_outb:	;output the byte in AH
   940 000002D2 51                      	pushm	cx
   941 000002D3 B90800                  	mov	cx,8		;8 bits go out
   942                                  
   943 000002D6 24FB                    .1:	and	al,~DSCLK	;drop the clock
   944 000002D8 D1E8                    	shr	ax,1		;LSB to AL
   945 000002DA D0C0                    	rol	al,1		;data bit to position
   946 000002DC E8CDFF                  	call	ds_out_latch
   947 000002DF 0C04                    	or	al,DSCLK	
   948 000002E1 E8C8FF                  	call	ds_out_latch
   949 000002E4 E2F0                    	loop	.1
   950                                  
   951 000002E6 59                      	popm	cx
   952 000002E7 C3                         	ret			;clock is high on exit
   953                                  
   954                                  ;
   955                                  ; sets clock High and data bit for input
   956                                  ; pauses, drops the clock, pauses, reads the data bit
   957                                  ; shifts 8 bits into AH from the left, hence LSB ends up in AX bit 8
   958                                  ; exits with the clock low
   959                                  ;
   960                                  ds_inb:		;input a byte to AH
   961 000002E8 51                      	pushm	cx
   962 000002E9 B90800                  	mov	cx,8
   963                                  
   964 000002EC 0C05                    .2:	or	al,DSCLK+DSDAT	;raise the clock, O.C. data set for input
   965 000002EE E8BBFF                  	call	ds_out_latch
   966 000002F1 24FB                    	and	al,~DSCLK	;drop the clock
   967 000002F3 E8B6FF                  	call	ds_out_latch
   968 000002F6 52                      	push	dx
   969 000002F7 BA60F8                     	mov	dx,DSPIN	;set to read data bit
   970 000002FA EC                      	in	al,dx		;data bit to LSB
   971 000002FB 5A                      	pop	dx
   972 000002FC D1C8                    	ror	ax,1		;data to AH MSB
   973 000002FE D0E0                    	shl	al,1		;restore latch value just read in
   974 00000300 E2EA                    	loop	.2
   975                                  
   976 00000302 59                      	popm	cx
   977 00000303 C3                      	ret		; exit with clock Low
   978                                  
   979                                  ; convert packed BCD to binary int
   980                                  ;
   981                                  ;	arg in AL
   982                                  ;
   983                                  ;  int bcd2int(byte bcd);
   984                                  ;
   985                                  	global	bcd2int_
   986                                  bcd2int_:
   987 00000304 88C4                    	mov	ah,al
   988 00000306 C0EC04                  	shr	ah,4		; AH is unpacked high decimal digit
   989 00000309 240F                    	and	al,0x0F		; AL is unpacked low decimal digit
   990 0000030B D50A                    	aad			; convert to integer in AX
   991 0000030D C3                      	ret
   992                                  
   993                                  	global	day_of_week_
   994                                  day_of_week_:	;parameters in BCD
   995                                  ;	CH = century
   996                                  ;	CL = year
   997                                  ;	DH = month
   998                                  ;	DL = day
   999                                  ;
  1000 0000030E 88E8                    	mov	al,ch		;century to AL
  1001 00000310 E8F1FF                  	call	bcd2int_
  1002 00000313 89C3                    	mov	bx,ax
  1003                                  
  1004 00000315 88C8                    	mov	al,cl		;year to AL
  1005 00000317 E8EAFF                  	call	bcd2int_
  1006 0000031A 89C1                    	mov	cx,ax
  1007                                  
  1008 0000031C 88F0                    	mov	al,dh		;month to AL
  1009 0000031E E8E3FF                  	call	bcd2int_
  1010 00000321 92                      	xchg	ax,dx		;month to DX, day to AL
  1011 00000322 E8DFFF                  	call	bcd2int_
  1012 00000325 92                      	xchg	ax,dx		;day to DX, month to AX
  1013                                  
  1014                                  ; fall into 'dow_'
  1015                                  	global	dow_
  1016                                  dow_:
  1017                                  ;	AX = month
  1018                                  ;	DX = day
  1019                                  ;	BX = century
  1020                                  ;	CX = year
  1021                                  ; normalize for calendar starting in March
  1022 00000326 83E803                  	sub	ax,3		;
  1023 00000329 790A                    	jns	.4
  1024 0000032B 83C00C                  	add	ax,12		; month went negative
  1025 0000032E 49                      	dec	cx
  1026 0000032F 7904                    	jns	.4
  1027 00000331 83C164                  	add	cx,100		;
  1028 00000334 4B                      	dec	bx		; year went negative
  1029                                  .4:
  1030                                  ; now calculate
  1031 00000335 01CA                    	add	dx,cx		; D+Y
  1032 00000337 C1E902                  	shr	cx,2		; Y/4
  1033 0000033A 01CA                    	add	dx,cx		; + Y/4
  1034 0000033C 01DA                    	add	dx,bx		; + C
  1035 0000033E C1E302                  	shl	bx,2		; C*4
  1036 00000341 01DA                    	add	dx,bx		; D+Y+Y/4+5*C
  1037 00000343 C1EB04                  	shr	bx,4		; C/4
  1038 00000346 01DA                    	add	dx,bx		; + C/4
  1039 00000348 B90500                  	mov	cx,5		; CX = 5
  1040 0000034B F6F1                    	div	cl		; M/5 to AL, Mrem to AH
  1041 0000034D 88E3                    	mov	bl,ah		; BX = Mrem
  1042 0000034F 2E8A9F[6503]               cs	mov	bl,[dow_tab+bx]
  1043 00000354 01DA                       	add	dx,bx
  1044 00000356 41                      	inc	cx		; CL = 6
  1045 00000357 F6E1                    	mul	cl		; AX = (M/5)*6
  1046 00000359 01D0                    	add	ax,dx		; AX = sum
  1047 0000035B 31D2                    	xor	dx,dx
  1048 0000035D 41                      	inc	cx		; CX = 7
  1049 0000035E 40                      	inc	ax		; bias by 2
  1050 0000035F 40                      	inc	ax		; **
  1051 00000360 F7F1                    	div	cx		; SUM div 7
  1052 00000362 89D0                    	mov	ax,dx		; result to AX
  1053 00000364 C3                      	ret
  1054                                  
  1055                                  dow_tab:
  1056 00000365 001F3D5C7A              	db	0,31,61,92,122;153
  1057                                  
  1058                                  
  1059                                  %if DEBUG
  1060                                  segment CONST
  1061 00000000 8DD6                    	dw	ttime		; 54925 == 0_D68Dh
  1062 00000002 8DD6                    	dw	54925 ; ms.
  1063 00000004 BA001800                	dd	tick		; 1573050
  1064 00000008 BA001800                	dd	1573050 ; ticks/day
  1065                                  %endif
