Module: /mnt/fileserver/Vintage/Projects/SBC80386EX/SBC386/bios/debugmon.c
GROUP: 'DGROUP' CONST,CONST2,_DATA

File contains no line numbers.
Segment: _TEXT BYTE USE16 000049B7 bytes
0000                          parse_addr_:
0000    56                        push        si 
0001    57                        push        di 
0002    C8 0C 00 00               enter       0x000c,0x00 
0006    89 C6                     mov         si,ax 
0008    89 56 FE                  mov         word ptr -0x2[bp],dx 
000B    89 DF                     mov         di,bx 
000D    89 4E FA                  mov         word ptr -0x6[bp],cx 
0010    8E C2                     mov         es,dx 
0012    26 8B 04                  mov         ax,word ptr es:[si] 
0015    89 F3                     mov         bx,si 
0017    89 46 F4                  mov         word ptr -0xc[bp],ax 
001A    26 8B 44 02               mov         ax,word ptr es:0x2[si] 
001E    89 D1                     mov         cx,dx 
0020    89 46 F6                  mov         word ptr -0xa[bp],ax 
0023    8B 46 F4                  mov         ax,word ptr -0xc[bp] 
0026    8B 56 F6                  mov         dx,word ptr -0xa[bp] 
0029    E8 00 00                  call        strtoint_ 
002C    8E 46 FE                  mov         es,word ptr -0x2[bp] 
002F    89 46 F8                  mov         word ptr -0x8[bp],ax 
0032    89 56 FC                  mov         word ptr -0x4[bp],dx 
0035    89 C2                     mov         dx,ax 
0037    26 8B 1C                  mov         bx,word ptr es:[si] 
003A    26 8B 4C 02               mov         cx,word ptr es:0x2[si] 
003E    8B 46 FC                  mov         ax,word ptr -0x4[bp] 
0041    3B 4E F6                  cmp         cx,word ptr -0xa[bp] 
0044    75 09                     jne         L$1 
0046    3B 5E F4                  cmp         bx,word ptr -0xc[bp] 
0049    75 04                     jne         L$1 
004B    31 C0                     xor         ax,ax 
004D    EB 4A                     jmp         L$5 
004F                          L$1:
004F    8E C1                     mov         es,cx 
0051    26 80 3F 3A               cmp         byte ptr es:[bx],0x3a 
0055    75 35                     jne         L$3 
0057    8E 46 FE                  mov         es,word ptr -0x2[bp] 
005A    43                        inc         bx 
005B    26 89 4C 02               mov         word ptr es:0x2[si],cx 
005F    89 D8                     mov         ax,bx 
0061    26 89 1C                  mov         word ptr es:[si],bx 
0064    89 F3                     mov         bx,si 
0066    8C C1                     mov         cx,es 
0068    26 8B 54 02               mov         dx,word ptr es:0x2[si] 
006C    E8 00 00                  call        strtoint_ 
006F    89 C6                     mov         si,ax 
0071    89 D3                     mov         bx,dx 
0073    8B 46 F8                  mov         ax,word ptr -0x8[bp] 
0076    8B 56 FC                  mov         dx,word ptr -0x4[bp] 
0079    B9 04 00                  mov         cx,0x0004 
007C                          L$2:
007C    D1 E0                     shl         ax,0x01 
007E    D1 D2                     rcl         dx,0x01 
0080    E2 FA                     loop        L$2 
0082    89 D1                     mov         cx,dx 
0084    89 C2                     mov         dx,ax 
0086    89 C8                     mov         ax,cx 
0088    01 F2                     add         dx,si 
008A    11 D8                     adc         ax,bx 
008C                          L$3:
008C    8E 46 FA                  mov         es,word ptr -0x6[bp] 
008F    26 89 15                  mov         word ptr es:[di],dx 
0092    26 89 45 02               mov         word ptr es:0x2[di],ax 
0096                          L$4:
0096    B8 01 00                  mov         ax,0x0001 
0099                          L$5:
0099    C9                        leave       
009A    5F                        pop         di 
009B    5E                        pop         si 
009C    C3                        ret         
009D                          parse_far_:
009D    56                        push        si 
009E    57                        push        di 
009F    C8 0A 00 00               enter       0x000a,0x00 
00A3    89 C6                     mov         si,ax 
00A5    89 56 FE                  mov         word ptr -0x2[bp],dx 
00A8    89 DF                     mov         di,bx 
00AA    89 4E FA                  mov         word ptr -0x6[bp],cx 
00AD    8E C2                     mov         es,dx 
00AF    26 8B 04                  mov         ax,word ptr es:[si] 
00B2    89 F3                     mov         bx,si 
00B4    89 46 F6                  mov         word ptr -0xa[bp],ax 
00B7    26 8B 44 02               mov         ax,word ptr es:0x2[si] 
00BB    89 D1                     mov         cx,dx 
00BD    89 46 F8                  mov         word ptr -0x8[bp],ax 
00C0    8B 46 F6                  mov         ax,word ptr -0xa[bp] 
00C3    8B 56 F8                  mov         dx,word ptr -0x8[bp] 
00C6    E8 00 00                  call        strtoint_ 
00C9    8E 46 FE                  mov         es,word ptr -0x2[bp] 
00CC    89 46 FC                  mov         word ptr -0x4[bp],ax 
00CF    26 8B 44 02               mov         ax,word ptr es:0x2[si] 
00D3    26 8B 1C                  mov         bx,word ptr es:[si] 
00D6    3B 46 F8                  cmp         ax,word ptr -0x8[bp] 
00D9    75 09                     jne         L$6 
00DB    3B 5E F6                  cmp         bx,word ptr -0xa[bp] 
00DE    75 04                     jne         L$6 
00E0    31 C0                     xor         ax,ax 
00E2    EB 62                     jmp         L$12 
00E4                          L$6:
00E4    8E C0                     mov         es,ax 
00E6    26 80 3F 3A               cmp         byte ptr es:[bx],0x3a 
00EA    75 29                     jne         L$7 
00EC    8E 46 FE                  mov         es,word ptr -0x2[bp] 
00EF    43                        inc         bx 
00F0    26 89 44 02               mov         word ptr es:0x2[si],ax 
00F4    8C C1                     mov         cx,es 
00F6    26 89 1C                  mov         word ptr es:[si],bx 
00F9    89 D8                     mov         ax,bx 
00FB    26 8B 54 02               mov         dx,word ptr es:0x2[si] 
00FF    89 F3                     mov         bx,si 
0101    E8 00 00                  call        strtoint_ 
0104    8B 56 FC                  mov         dx,word ptr -0x4[bp] 
0107    8E 46 FA                  mov         es,word ptr -0x6[bp] 
010A    8B 5E 08                  mov         bx,word ptr 0x8[bp] 
010D    26 89 15                  mov         word ptr es:[di],dx 
0110    8E 46 0A                  mov         es,word ptr 0xa[bp] 
0113    EB 2B                     jmp         L$11 
0115                          L$7:
0115    83 FA 10                  cmp         dx,0x0010 
0118    77 02                     ja          L$8 
011A    75 05                     jne         L$9 
011C                          L$8:
011C    B8 FF FF                  mov         ax,0xffff 
011F    EB 25                     jmp         L$12 
0121                          L$9:
0121    8B 46 FC                  mov         ax,word ptr -0x4[bp] 
0124    8E 46 FA                  mov         es,word ptr -0x6[bp] 
0127    B9 04 00                  mov         cx,0x0004 
012A                          L$10:
012A    D1 EA                     shr         dx,0x01 
012C    D1 D8                     rcr         ax,0x01 
012E    E2 FA                     loop        L$10 
0130    26 89 05                  mov         word ptr es:[di],ax 
0133    8B 46 FC                  mov         ax,word ptr -0x4[bp] 
0136    8B 5E 08                  mov         bx,word ptr 0x8[bp] 
0139    30 E4                     xor         ah,ah 
013B    8E 46 0A                  mov         es,word ptr 0xa[bp] 
013E    24 0F                     and         al,0x0f 
0140                          L$11:
0140    26 89 07                  mov         word ptr es:[bx],ax 
0143    B8 01 00                  mov         ax,0x0001 
0146                          L$12:
0146    C9                        leave       
0147    5F                        pop         di 
0148    5E                        pop         si 
0149    C2 04 00                  ret         0x0004 
014C                          parse_val_:
014C    56                        push        si 
014D    57                        push        di 
014E    C8 08 00 00               enter       0x0008,0x00 
0152    89 C6                     mov         si,ax 
0154    89 56 FE                  mov         word ptr -0x2[bp],dx 
0157    89 DF                     mov         di,bx 
0159    89 4E FC                  mov         word ptr -0x4[bp],cx 
015C    8E C2                     mov         es,dx 
015E    26 8B 04                  mov         ax,word ptr es:[si] 
0161    89 F3                     mov         bx,si 
0163    89 46 FA                  mov         word ptr -0x6[bp],ax 
0166    26 8B 44 02               mov         ax,word ptr es:0x2[si] 
016A    89 D1                     mov         cx,dx 
016C    89 46 F8                  mov         word ptr -0x8[bp],ax 
016F    8B 46 FA                  mov         ax,word ptr -0x6[bp] 
0172    8B 56 F8                  mov         dx,word ptr -0x8[bp] 
0175    E8 00 00                  call        strtoint_ 
0178    8E 46 FE                  mov         es,word ptr -0x2[bp] 
017B    26 8B 1C                  mov         bx,word ptr es:[si] 
017E    26 8B 74 02               mov         si,word ptr es:0x2[si] 
0182    3B 76 F8                  cmp         si,word ptr -0x8[bp] 
0185    75 0A                     jne         L$13 
0187    3B 5E FA                  cmp         bx,word ptr -0x6[bp] 
018A    75 05                     jne         L$13 
018C    31 C0                     xor         ax,ax 
018E    E9 08 FF                  jmp         L$5 
0191                          L$13:
0191    8E 46 FC                  mov         es,word ptr -0x4[bp] 
0194    26 89 05                  mov         word ptr es:[di],ax 
0197    26 89 55 02               mov         word ptr es:0x2[di],dx 
019B    E9 F8 FE                  jmp         L$4 
019E                          parse_word_:
019E    56                        push        si 
019F    57                        push        di 
01A0    C8 04 00 00               enter       0x0004,0x00 
01A4    89 DE                     mov         si,bx 
01A6    89 CF                     mov         di,cx 
01A8    8D 5E FC                  lea         bx,-0x4[bp] 
01AB    8C D1                     mov         cx,ss 
01AD    E8 00 00                  call        parse_val_ 
01B0    85 C0                     test        ax,ax 
01B2    0F 84 E3 FE               je          L$5 
01B6    8E C7                     mov         es,di 
01B8    8B 46 FC                  mov         ax,word ptr -0x4[bp] 
01BB    26 89 04                  mov         word ptr es:[si],ax 
01BE    E9 D5 FE                  jmp         L$4 
01C1                          is_cmd_:
01C1    56                        push        si 
01C2    57                        push        di 
01C3    C8 02 00 00               enter       0x0002,0x00 
01C7    89 C6                     mov         si,ax 
01C9    89 4E FE                  mov         word ptr -0x2[bp],cx 
01CC    31 C0                     xor         ax,ax 
01CE                          L$14:
01CE    8E 46 FE                  mov         es,word ptr -0x2[bp] 
01D1    26 80 3F 00               cmp         byte ptr es:[bx],0x00 
01D5    74 1B                     je          L$17 
01D7    8E C2                     mov         es,dx 
01D9    26 C4 3C                  les         di,dword ptr es:[si] 
01DC    01 C7                     add         di,ax 
01DE    26 8A 0D                  mov         cl,byte ptr es:[di] 
01E1    8E 46 FE                  mov         es,word ptr -0x2[bp] 
01E4    26 3A 0F                  cmp         cl,byte ptr es:[bx] 
01E7    74 05                     je          L$16 
01E9                          L$15:
01E9    31 C0                     xor         ax,ax 
01EB    E9 AB FE                  jmp         L$5 
01EE                          L$16:
01EE    43                        inc         bx 
01EF    40                        inc         ax 
01F0    EB DC                     jmp         L$14 
01F2                          L$17:
01F2    8E C2                     mov         es,dx 
01F4    26 C4 1C                  les         bx,dword ptr es:[si] 
01F7    01 C3                     add         bx,ax 
01F9    26 8A 1F                  mov         bl,byte ptr es:[bx] 
01FC    84 DB                     test        bl,bl 
01FE    74 0A                     je          L$18 
0200    80 FB 20                  cmp         bl,0x20 
0203    74 05                     je          L$18 
0205    80 FB 09                  cmp         bl,0x09 
0208    75 DF                     jne         L$15 
020A                          L$18:
020A    8E C2                     mov         es,dx 
020C    26 01 04                  add         word ptr es:[si],ax 
020F    E9 84 FE                  jmp         L$4 
0212                          t1_sample_:
0212    53                        push        bx 
0213    51                        push        cx 
0214    52                        push        dx 
0215    56                        push        si 
0216    57                        push        di 
0217    C8 02 00 00               enter       0x0002,0x00 
021B    B0 40                     mov         al,0x40 
021D    BA 43 F0                  mov         dx,0xf043 
0220    EE                        out         dx,al 
0221    BA 41 F0                  mov         dx,0xf041 
0224    EC                        in          al,dx 
0225    8A E0                     mov         ah,al 
0227    EC                        in          al,dx 
0228    86 E0                     xchg        al,ah 
022A    89 86 FE FF               mov         word ptr -0x2[bp],ax 
022E    8B 46 FE                  mov         ax,word ptr -0x2[bp] 
0231                          L$19:
0231    C9                        leave       
0232                          L$20:
0232    5F                        pop         di 
0233    5E                        pop         si 
0234                          L$21:
0234    5A                        pop         dx 
0235    59                        pop         cx 
0236    5B                        pop         bx 
0237    C3                        ret         
0238                          io_read_:
0238    53                        push        bx 
0239    51                        push        cx 
023A    56                        push        si 
023B    57                        push        di 
023C    C8 02 00 00               enter       0x0002,0x00 
0240    50                        push        ax 
0241    85 D2                     test        dx,dx 
0243    74 0B                     je          L$22 
0245    8B 96 FC FF               mov         dx,word ptr -0x4[bp] 
0249    ED                        in          ax,dx 
024A    89 86 FE FF               mov         word ptr -0x2[bp],ax 
024E    EB 0B                     jmp         L$23 
0250                          L$22:
0250    8B 96 FC FF               mov         dx,word ptr -0x4[bp] 
0254    EC                        in          al,dx 
0255    32 E4                     xor         ah,ah 
0257    89 86 FE FF               mov         word ptr -0x2[bp],ax 
025B                          L$23:
025B    8B 46 FE                  mov         ax,word ptr -0x2[bp] 
025E                          L$24:
025E    C9                        leave       
025F                          L$25:
025F    5F                        pop         di 
0260                          L$26:
0260    5E                        pop         si 
0261    59                        pop         cx 
0262    5B                        pop         bx 
0263    C3                        ret         
0264                          io_write_:
0264    51                        push        cx 
0265    56                        push        si 
0266    57                        push        di 
0267    55                        push        bp 
0268    89 E5                     mov         bp,sp 
026A    50                        push        ax 
026B    52                        push        dx 
026C    85 DB                     test        bx,bx 
026E    74 0B                     je          L$27 
0270    8B 96 FE FF               mov         dx,word ptr -0x2[bp] 
0274    8B 86 FC FF               mov         ax,word ptr -0x4[bp] 
0278    EF                        out         dx,ax 
0279    EB 09                     jmp         L$28 
027B                          L$27:
027B    8B 96 FE FF               mov         dx,word ptr -0x2[bp] 
027F    8B 86 FC FF               mov         ax,word ptr -0x4[bp] 
0283    EE                        out         dx,al 
0284                          L$28:
0284    C9                        leave       
0285                          L$29:
0285    5F                        pop         di 
0286    5E                        pop         si 
0287    59                        pop         cx 
0288    C3                        ret         
0289                          v3_seek_:
0289    53                        push        bx 
028A    51                        push        cx 
028B    52                        push        dx 
028C    89 C1                     mov         cx,ax 
028E    89 C2                     mov         dx,ax 
0290    31 DB                     xor         bx,bx 
0292    C1 EA 08                  shr         dx,0x08 
0295    B8 E5 04                  mov         ax,0x04e5 
0298    30 F6                     xor         dh,dh 
029A    30 ED                     xor         ch,ch 
029C    E8 00 00                  call        io_write_ 
029F    B8 E6 04                  mov         ax,0x04e6 
02A2    89 CA                     mov         dx,cx 
02A4    31 DB                     xor         bx,bx 
02A6    E8 00 00                  call        io_write_ 
02A9    EB 89                     jmp         L$21 
02AB                          v3_crtc_get_:
02AB    51                        push        cx 
02AC    89 D1                     mov         cx,dx 
02AE    0F B6 D3                  movzx       dx,bl 
02B1    31 DB                     xor         bx,bx 
02B3    E8 00 00                  call        io_write_ 
02B6    89 C8                     mov         ax,cx 
02B8    31 D2                     xor         dx,dx 
02BA    E8 00 00                  call        io_read_ 
02BD    59                        pop         cx 
02BE    C3                        ret         
02BF                          v3_crtc_put_:
02BF    56                        push        si 
02C0    89 D6                     mov         si,dx 
02C2    0F B6 D3                  movzx       dx,bl 
02C5    31 DB                     xor         bx,bx 
02C7    E8 00 00                  call        io_write_ 
02CA    0F B6 D1                  movzx       dx,cl 
02CD    89 F0                     mov         ax,si 
02CF    31 DB                     xor         bx,bx 
02D1    E8 00 00                  call        io_write_ 
02D4    5E                        pop         si 
02D5    C3                        ret         
02D6                          v3_crtc_try_:
02D6    53                        push        bx 
02D7    51                        push        cx 
02D8    56                        push        si 
02D9    57                        push        di 
02DA    89 C6                     mov         si,ax 
02DC    89 D7                     mov         di,dx 
02DE    B9 12 00                  mov         cx,0x0012 
02E1    BB 0E 00                  mov         bx,0x000e 
02E4    E8 00 00                  call        v3_crtc_put_ 
02E7    B9 5A 00                  mov         cx,0x005a 
02EA    BB 0F 00                  mov         bx,0x000f 
02ED    89 FA                     mov         dx,di 
02EF    89 F0                     mov         ax,si 
02F1    E8 00 00                  call        v3_crtc_put_ 
02F4    BB 0E 00                  mov         bx,0x000e 
02F7    89 FA                     mov         dx,di 
02F9    89 F0                     mov         ax,si 
02FB    E8 00 00                  call        v3_crtc_get_ 
02FE    3C 12                     cmp         al,0x12 
0300    74 05                     je          L$31 
0302                          L$30:
0302    31 C0                     xor         ax,ax 
0304    E9 58 FF                  jmp         L$25 
0307                          L$31:
0307    BB 0F 00                  mov         bx,0x000f 
030A    89 FA                     mov         dx,di 
030C    89 F0                     mov         ax,si 
030E    E8 00 00                  call        v3_crtc_get_ 
0311    3C 5A                     cmp         al,0x5a 
0313    75 ED                     jne         L$30 
0315    B9 2D 00                  mov         cx,0x002d 
0318    BB 0E 00                  mov         bx,0x000e 
031B    89 FA                     mov         dx,di 
031D    89 F0                     mov         ax,si 
031F    E8 00 00                  call        v3_crtc_put_ 
0322    B9 A5 00                  mov         cx,0x00a5 
0325    BB 0F 00                  mov         bx,0x000f 
0328    89 FA                     mov         dx,di 
032A    89 F0                     mov         ax,si 
032C    E8 00 00                  call        v3_crtc_put_ 
032F    BB 0E 00                  mov         bx,0x000e 
0332    89 FA                     mov         dx,di 
0334    89 F0                     mov         ax,si 
0336    E8 00 00                  call        v3_crtc_get_ 
0339    3C 2D                     cmp         al,0x2d 
033B    75 C5                     jne         L$30 
033D    BB 0F 00                  mov         bx,0x000f 
0340    89 FA                     mov         dx,di 
0342    89 F0                     mov         ax,si 
0344    E8 00 00                  call        v3_crtc_get_ 
0347    3C A5                     cmp         al,0xa5 
0349    75 B7                     jne         L$30 
034B    B8 01 00                  mov         ax,0x0001 
034E    E9 0E FF                  jmp         L$25 
0351                          v10_goto_:
0351    53                        push        bx 
0352    51                        push        cx 
0353    56                        push        si 
0354    57                        push        di 
0355    55                        push        bp 
0356    89 E5                     mov         bp,sp 
0358    50                        push        ax 
0359    52                        push        dx 
035A    B4 02                     mov         ah,0x02 
035C    32 FF                     xor         bh,bh 
035E    8A B6 FE FF               mov         dh,byte ptr -0x2[bp] 
0362    8A 96 FC FF               mov         dl,byte ptr -0x4[bp] 
0366    CD 10                     int         0x10 
0368    E9 F3 FE                  jmp         L$24 
036B                          v10_cell_:
036B    56                        push        si 
036C    57                        push        di 
036D    C8 04 00 00               enter       0x0004,0x00 
0371    88 5E FC                  mov         byte ptr -0x4[bp],bl 
0374    88 4E FE                  mov         byte ptr -0x2[bp],cl 
0377    E8 00 00                  call        v10_goto_ 
037A    B4 09                     mov         ah,0x09 
037C    8A 86 FC FF               mov         al,byte ptr -0x4[bp] 
0380    32 FF                     xor         bh,bh 
0382    8A 9E FE FF               mov         bl,byte ptr -0x2[bp] 
0386    B9 01 00                  mov         cx,0x0001 
0389    CD 10                     int         0x10 
038B    E9 0B FD                  jmp         L$5 
038E                          v10_text_:
038E    56                        push        si 
038F    57                        push        di 
0390    C8 02 00 00               enter       0x0002,0x00 
0394    50                        push        ax 
0395    89 D7                     mov         di,dx 
0397    89 DE                     mov         si,bx 
0399    89 4E FE                  mov         word ptr -0x2[bp],cx 
039C                          L$32:
039C    8E 46 FE                  mov         es,word ptr -0x2[bp] 
039F    26 8A 04                  mov         al,byte ptr es:[si] 
03A2    84 C0                     test        al,al 
03A4    74 13                     je          L$33 
03A6    0F B6 4E 08               movzx       cx,byte ptr 0x8[bp] 
03AA    0F B6 D8                  movzx       bx,al 
03AD    89 FA                     mov         dx,di 
03AF    46                        inc         si 
03B0    8B 46 FC                  mov         ax,word ptr -0x4[bp] 
03B3    47                        inc         di 
03B4    E8 00 00                  call        v10_cell_ 
03B7    EB E3                     jmp         L$32 
03B9                          L$33:
03B9    C9                        leave       
03BA    5F                        pop         di 
03BB    5E                        pop         si 
03BC    C2 02 00                  ret         0x0002 
03BF                          v3_kbd_get_:
03BF    51                        push        cx 
03C0    56                        push        si 
03C1    57                        push        di 
03C2    C8 02 00 00               enter       0x0002,0x00 
03C6    89 C6                     mov         si,ax 
03C8    89 56 FE                  mov         word ptr -0x2[bp],dx 
03CB    89 D9                     mov         cx,bx 
03CD    C4 1E 00 00               les         bx,dword ptr _bda_ptr 
03D1    26 8B 7F 6C               mov         di,word ptr es:0x6c[bx] 
03D5                          L$34:
03D5    B8 E1 04                  mov         ax,0x04e1 
03D8    31 D2                     xor         dx,dx 
03DA    E8 00 00                  call        io_read_ 
03DD    A8 01                     test        al,0x01 
03DF    74 14                     je          L$35 
03E1    B8 E0 04                  mov         ax,0x04e0 
03E4    31 D2                     xor         dx,dx 
03E6    E8 00 00                  call        io_read_ 
03E9    8E 46 FE                  mov         es,word ptr -0x2[bp] 
03EC    26 88 04                  mov         byte ptr es:[si],al 
03EF    B8 01 00                  mov         ax,0x0001 
03F2    E9 8F FE                  jmp         L$28 
03F5                          L$35:
03F5    C4 1E 00 00               les         bx,dword ptr _bda_ptr 
03F9    26 8B 47 6C               mov         ax,word ptr es:0x6c[bx] 
03FD    29 F8                     sub         ax,di 
03FF    39 C8                     cmp         ax,cx 
0401    72 D2                     jb          L$34 
0403    31 C0                     xor         ax,ax 
0405    E9 7C FE                  jmp         L$28 
0408                          v3_kbd_put_:
0408    53                        push        bx 
0409    51                        push        cx 
040A    56                        push        si 
040B    C8 02 00 00               enter       0x0002,0x00 
040F    89 C1                     mov         cx,ax 
0411    88 56 FE                  mov         byte ptr -0x2[bp],dl 
0414    C4 1E 00 00               les         bx,dword ptr _bda_ptr 
0418    26 8B 77 6C               mov         si,word ptr es:0x6c[bx] 
041C                          L$36:
041C    B8 E1 04                  mov         ax,0x04e1 
041F    31 D2                     xor         dx,dx 
0421    E8 00 00                  call        io_read_ 
0424    A8 02                     test        al,0x02 
0426    75 10                     jne         L$37 
0428    0F B6 56 FE               movzx       dx,byte ptr -0x2[bp] 
042C    89 C8                     mov         ax,cx 
042E    31 DB                     xor         bx,bx 
0430    E8 00 00                  call        io_write_ 
0433    B8 01 00                  mov         ax,0x0001 
0436    EB 11                     jmp         L$38 
0438                          L$37:
0438    C4 1E 00 00               les         bx,dword ptr _bda_ptr 
043C    26 8B 47 6C               mov         ax,word ptr es:0x6c[bx] 
0440    29 F0                     sub         ax,si 
0442    3D 09 00                  cmp         ax,0x0009 
0445    72 D5                     jb          L$36 
0447    31 C0                     xor         ax,ax 
0449                          L$38:
0449    C9                        leave       
044A    E9 13 FE                  jmp         L$26 
044D                          v3_kbd_ask_:
044D    52                        push        dx 
044E    56                        push        si 
044F    89 DE                     mov         si,bx 
0451    0F B6 D0                  movzx       dx,al 
0454    B8 E1 04                  mov         ax,0x04e1 
0457    E8 00 00                  call        v3_kbd_put_ 
045A    85 C0                     test        ax,ax 
045C    74 0A                     je          L$39 
045E    BB 12 00                  mov         bx,0x0012 
0461    89 F0                     mov         ax,si 
0463    89 CA                     mov         dx,cx 
0465    E8 00 00                  call        v3_kbd_get_ 
0468                          L$39:
0468    5E                        pop         si 
0469    5A                        pop         dx 
046A    C3                        ret         
046B                          io_dump_:
046B    51                        push        cx 
046C    56                        push        si 
046D    57                        push        di 
046E    C8 0A 00 00               enter       0x000a,0x00 
0472    89 C6                     mov         si,ax 
0474    89 56 FA                  mov         word ptr -0x6[bp],dx 
0477    89 5E FE                  mov         word ptr -0x2[bp],bx 
047A    85 DB                     test        bx,bx 
047C    0F 95 C0                  setne       al 
047F    30 E4                     xor         ah,ah 
0481    40                        inc         ax 
0482    89 46 F8                  mov         word ptr -0x8[bp],ax 
0485    85 DB                     test        bx,bx 
0487    74 05                     je          L$40 
0489    B8 08 00                  mov         ax,0x0008 
048C    EB 03                     jmp         L$41 
048E                          L$40:
048E    B8 10 00                  mov         ax,0x0010 
0491                          L$41:
0491    31 FF                     xor         di,di 
0493    89 46 FC                  mov         word ptr -0x4[bp],ax 
0496    89 7E F6                  mov         word ptr -0xa[bp],di 
0499                          L$42:
0499    8B 46 F6                  mov         ax,word ptr -0xa[bp] 
049C    3B 46 FA                  cmp         ax,word ptr -0x6[bp] 
049F    73 50                     jae         L$47 
04A1    85 FF                     test        di,di 
04A3    75 0B                     jne         L$43 
04A5    56                        push        si 
04A6    1E                        push        ds 
04A7    68 1E 00                  push        offset DGROUP:L$681 
04AA    E8 00 00                  call        _cprintf 
04AD    83 C4 06                  add         sp,0x0006 
04B0                          L$43:
04B0    83 7E FE 00               cmp         word ptr -0x2[bp],0x0000 
04B4    74 0F                     je          L$44 
04B6    BA 01 00                  mov         dx,0x0001 
04B9    89 F0                     mov         ax,si 
04BB    E8 00 00                  call        io_read_ 
04BE    50                        push        ax 
04BF    1E                        push        ds 
04C0    68 25 00                  push        offset DGROUP:L$682 
04C3    EB 0C                     jmp         L$45 
04C5                          L$44:
04C5    89 F0                     mov         ax,si 
04C7    31 D2                     xor         dx,dx 
04C9    E8 00 00                  call        io_read_ 
04CC    50                        push        ax 
04CD    1E                        push        ds 
04CE    68 2B 00                  push        offset DGROUP:L$683 
04D1                          L$45:
04D1    E8 00 00                  call        _cprintf 
04D4    83 C4 06                  add         sp,0x0006 
04D7    47                        inc         di 
04D8    03 76 F8                  add         si,word ptr -0x8[bp] 
04DB    3B 7E FC                  cmp         di,word ptr -0x4[bp] 
04DE    75 0C                     jne         L$46 
04E0    1E                        push        ds 
04E1    68 31 00                  push        offset DGROUP:L$684 
04E4    31 FF                     xor         di,di 
04E6    E8 00 00                  call        _cprintf 
04E9    83 C4 04                  add         sp,0x0004 
04EC                          L$46:
04EC    FF 46 F6                  inc         word ptr -0xa[bp] 
04EF    EB A8                     jmp         L$42 
04F1                          L$47:
04F1    85 FF                     test        di,di 
04F3    0F 84 8D FD               je          L$28 
04F7    1E                        push        ds 
04F8    68 31 00                  push        offset DGROUP:L$684 
04FB    E8 00 00                  call        _cprintf 
04FE    83 C4 04                  add         sp,0x0004 
0501    E9 80 FD                  jmp         L$28 
0504                          fdc_wait_:
0504    53                        push        bx 
0505    51                        push        cx 
0506    56                        push        si 
0507    57                        push        di 
0508    89 C1                     mov         cx,ax 
050A    89 D6                     mov         si,dx 
050C    C4 1E 00 00               les         bx,dword ptr _bda_ptr 
0510    26 8B 7F 6C               mov         di,word ptr es:0x6c[bx] 
0514                          L$48:
0514    89 C8                     mov         ax,cx 
0516    31 D2                     xor         dx,dx 
0518    E8 00 00                  call        io_read_ 
051B    25 E0 00                  and         ax,0x00e0 
051E    39 F0                     cmp         ax,si 
0520    75 05                     jne         L$49 
0522    30 C0                     xor         al,al 
0524    E9 38 FD                  jmp         L$25 
0527                          L$49:
0527    C4 1E 00 00               les         bx,dword ptr _bda_ptr 
052B    26 8B 47 6C               mov         ax,word ptr es:0x6c[bx] 
052F    29 F8                     sub         ax,di 
0531    3D 24 00                  cmp         ax,0x0024 
0534    72 DE                     jb          L$48 
0536    B8 FF FF                  mov         ax,0xffff 
0539    E9 23 FD                  jmp         L$25 
053C                          fdc_put_:
053C    53                        push        bx 
053D    51                        push        cx 
053E    89 C3                     mov         bx,ax 
0540    89 D1                     mov         cx,dx 
0542    BA 80 00                  mov         dx,0x0080 
0545    E8 00 00                  call        fdc_wait_ 
0548    85 C0                     test        ax,ax 
054A    74 06                     je          L$50 
054C    B8 FF FF                  mov         ax,0xffff 
054F    59                        pop         cx 
0550    5B                        pop         bx 
0551    C3                        ret         
0552                          L$50:
0552    8D 47 01                  lea         ax,0x1[bx] 
0555    89 CA                     mov         dx,cx 
0557    31 DB                     xor         bx,bx 
0559    E8 00 00                  call        io_write_ 
055C    31 C0                     xor         ax,ax 
055E    59                        pop         cx 
055F    5B                        pop         bx 
0560    C3                        ret         
0561                          fdc_get_:
0561    52                        push        dx 
0562    56                        push        si 
0563    89 C6                     mov         si,ax 
0565    BA C0 00                  mov         dx,0x00c0 
0568    E8 00 00                  call        fdc_wait_ 
056B    85 C0                     test        ax,ax 
056D    74 06                     je          L$51 
056F    B8 FF FF                  mov         ax,0xffff 
0572    5E                        pop         si 
0573    5A                        pop         dx 
0574    C3                        ret         
0575                          L$51:
0575    8D 44 01                  lea         ax,0x1[si] 
0578    31 D2                     xor         dx,dx 
057A    E8 00 00                  call        io_read_ 
057D    8E C1                     mov         es,cx 
057F    26 89 07                  mov         word ptr es:[bx],ax 
0582    31 C0                     xor         ax,ax 
0584    5E                        pop         si 
0585    5A                        pop         dx 
0586    C3                        ret         
0587                          abort_requested_:
0587    53                        push        bx 
0588    51                        push        cx 
0589    52                        push        dx 
058A    56                        push        si 
058B    57                        push        di 
058C    C8 04 00 00               enter       0x0004,0x00 
0590    C7 46 FC 00 00            mov         word ptr -0x4[bp],0x0000 
0595    B4 01                     mov         ah,0x01 
0597    CD 16                     int         0x16 
0599    0F 84 06 00               je          L$52 
059D    C7 86 FC FF 01 00         mov         word ptr -0x4[bp],0x0001 
05A3                          L$52:
05A3    8B 46 FC                  mov         ax,word ptr -0x4[bp] 
05A6    85 C0                     test        ax,ax 
05A8    0F 84 85 FC               je          L$19 
05AC    32 E4                     xor         ah,ah 
05AE    CD 16                     int         0x16 
05B0    89 86 FE FF               mov         word ptr -0x2[bp],ax 
05B4    8B 46 FE                  mov         ax,word ptr -0x2[bp] 
05B7    25 7F 00                  and         ax,0x007f 
05BA    3D 03 00                  cmp         ax,0x0003 
05BD    0F 94 C0                  sete        al 
05C0    E9 6E FC                  jmp         L$19 

Routine Size: 1475 bytes,    Routine Base: _TEXT + 0000

05C3                          DumpMemory_:
05C3    56                        push        si 
05C4    57                        push        di 
05C5    C8 1A 00 00               enter       0x001a,0x00 
05C9    50                        push        ax 
05CA    52                        push        dx 
05CB    53                        push        bx 
05CC    89 D8                     mov         ax,bx 
05CE    39 D1                     cmp         cx,dx 
05D0    0F 82 C5 FA               jb          L$5 
05D4    75 07                     jne         L$53 
05D6    3B 46 E4                  cmp         ax,word ptr -0x1c[bp] 
05D9    0F 82 BC FA               jb          L$5 
05DD                          L$53:
05DD    8B 7E E4                  mov         di,word ptr -0x1c[bp] 
05E0    89 D6                     mov         si,dx 
05E2    89 56 FE                  mov         word ptr -0x2[bp],dx 
05E5    83 E7 F0                  and         di,0xfff0 
05E8    89 F8                     mov         ax,di 
05EA    F7 DE                     neg         si 
05EC    F7 D8                     neg         ax 
05EE    83 DE 00                  sbb         si,0x0000 
05F1    01 D8                     add         ax,bx 
05F3    11 CE                     adc         si,cx 
05F5    89 46 F8                  mov         word ptr -0x8[bp],ax 
05F8    89 76 FC                  mov         word ptr -0x4[bp],si 
05FB                          L$54:
05FB    8B 46 FE                  mov         ax,word ptr -0x2[bp] 
05FE    3B 46 E2                  cmp         ax,word ptr -0x1e[bp] 
0601    72 07                     jb          L$55 
0603    75 0C                     jne         L$56 
0605    3B 7E E4                  cmp         di,word ptr -0x1c[bp] 
0608    73 07                     jae         L$56 
060A                          L$55:
060A    8B 46 E4                  mov         ax,word ptr -0x1c[bp] 
060D    29 F8                     sub         ax,di 
060F    EB 02                     jmp         L$57 
0611                          L$56:
0611    31 C0                     xor         ax,ax 
0613                          L$57:
0613    89 46 FA                  mov         word ptr -0x6[bp],ax 
0616    83 7E FC 00               cmp         word ptr -0x4[bp],0x0000 
061A    75 0D                     jne         L$58 
061C    83 7E F8 10               cmp         word ptr -0x8[bp],0x0010 
0620    73 07                     jae         L$58 
0622    8B 4E E0                  mov         cx,word ptr -0x20[bp] 
0625    29 F9                     sub         cx,di 
0627    EB 03                     jmp         L$59 
0629                          L$58:
0629    B9 0F 00                  mov         cx,0x000f 
062C                          L$59:
062C    89 C8                     mov         ax,cx 
062E    2B 46 FA                  sub         ax,word ptr -0x6[bp] 
0631    40                        inc         ax 
0632    8D 56 E6                  lea         dx,-0x1a[bp] 
0635    50                        push        ax 
0636    03 56 FA                  add         dx,word ptr -0x6[bp] 
0639    16                        push        ss 
063A    8B 46 FA                  mov         ax,word ptr -0x6[bp] 
063D    52                        push        dx 
063E    99                        cwd         
063F    01 F8                     add         ax,di 
0641    13 56 FE                  adc         dx,word ptr -0x2[bp] 
0644    52                        push        dx 
0645    50                        push        ax 
0646    89 4E F6                  mov         word ptr -0xa[bp],cx 
0649    E8 00 00                  call        _pm_read 
064C    83 C4 0A                  add         sp,0x000a 
064F    FF 76 FE                  push        word ptr -0x2[bp] 
0652    57                        push        di 
0653    1E                        push        ds 
0654    68 33 00                  push        offset DGROUP:L$685 
0657    31 F6                     xor         si,si 
0659    E8 00 00                  call        _cprintf 
065C    83 C4 08                  add         sp,0x0008 
065F    EB 1F                     jmp         L$63 
0661                          L$60:
0661    1E                        push        ds 
0662    68 3B 00                  push        offset DGROUP:L$686 
0665    E8 00 00                  call        _cprintf 
0668    83 C4 04                  add         sp,0x0004 
066B                          L$61:
066B    83 FE 07                  cmp         si,0x0007 
066E    75 0A                     jne         L$62 
0670    1E                        push        ds 
0671    68 3F 00                  push        offset DGROUP:L$687 
0674    E8 00 00                  call        _cprintf 
0677    83 C4 04                  add         sp,0x0004 
067A                          L$62:
067A    46                        inc         si 
067B    83 FE 10                  cmp         si,0x0010 
067E    7D 1B                     jge         L$64 
0680                          L$63:
0680    3B 76 FA                  cmp         si,word ptr -0x6[bp] 
0683    7C DC                     jl          L$60 
0685    3B 76 F6                  cmp         si,word ptr -0xa[bp] 
0688    7F D7                     jg          L$60 
068A    0F B6 42 E6               movzx       ax,byte ptr -0x1a[bp+si] 
068E    50                        push        ax 
068F    1E                        push        ds 
0690    68 2B 00                  push        offset DGROUP:L$683 
0693    E8 00 00                  call        _cprintf 
0696    83 C4 06                  add         sp,0x0006 
0699    EB D0                     jmp         L$61 
069B                          L$64:
069B    1E                        push        ds 
069C    68 41 00                  push        offset DGROUP:L$688 
069F    31 F6                     xor         si,si 
06A1    E8 00 00                  call        _cprintf 
06A4    83 C4 04                  add         sp,0x0004 
06A7    EB 26                     jmp         L$69 
06A9                          L$65:
06A9    8A 4A E6                  mov         cl,byte ptr -0x1a[bp+si] 
06AC    80 F9 20                  cmp         cl,0x20 
06AF    72 0A                     jb          L$66 
06B1    80 F9 7F                  cmp         cl,0x7f 
06B4    73 05                     jae         L$66 
06B6    0F B6 C1                  movzx       ax,cl 
06B9    EB 03                     jmp         L$67 
06BB                          L$66:
06BB    B8 2E 00                  mov         ax,0x002e 
06BE                          L$67:
06BE    50                        push        ax 
06BF    1E                        push        ds 
06C0    68 44 00                  push        offset DGROUP:L$689 
06C3    E8 00 00                  call        _cprintf 
06C6    83 C4 06                  add         sp,0x0006 
06C9                          L$68:
06C9    46                        inc         si 
06CA    83 FE 10                  cmp         si,0x0010 
06CD    7D 16                     jge         L$71 
06CF                          L$69:
06CF    3B 76 FA                  cmp         si,word ptr -0x6[bp] 
06D2    7C 05                     jl          L$70 
06D4    3B 76 F6                  cmp         si,word ptr -0xa[bp] 
06D7    7E D0                     jle         L$65 
06D9                          L$70:
06D9    1E                        push        ds 
06DA    68 3F 00                  push        offset DGROUP:L$687 
06DD    E8 00 00                  call        _cprintf 
06E0    83 C4 04                  add         sp,0x0004 
06E3    EB E4                     jmp         L$68 
06E5                          L$71:
06E5    1E                        push        ds 
06E6    68 47 00                  push        offset DGROUP:L$690 
06E9    E8 00 00                  call        _cprintf 
06EC    83 C4 04                  add         sp,0x0004 
06EF    83 7E FC 00               cmp         word ptr -0x4[bp],0x0000 
06F3    75 08                     jne         L$72 
06F5    83 7E F8 10               cmp         word ptr -0x8[bp],0x0010 
06F9    0F 82 9C F9               jb          L$5 
06FD                          L$72:
06FD    83 46 F8 F0               add         word ptr -0x8[bp],0xfff0 
0701    83 56 FC FF               adc         word ptr -0x4[bp],0xffff 
0705    83 C7 10                  add         di,0x0010 
0708    83 56 FE 00               adc         word ptr -0x2[bp],0x0000 
070C    E8 00 00                  call        abort_requested_ 
070F    85 C0                     test        ax,ax 
0711    0F 84 E6 FE               je          L$54 
0715    1E                        push        ds 
0716    68 4A 00                  push        offset DGROUP:L$691 
0719    E8 00 00                  call        _cprintf 
071C    83 C4 04                  add         sp,0x0004 
071F    E9 77 F9                  jmp         L$5 

Routine Size: 351 bytes,    Routine Base: _TEXT + 05C3

0722                          DumpBDA_:
0722    53                        push        bx 
0723    51                        push        cx 
0724    52                        push        dx 
0725    56                        push        si 
0726    57                        push        di 
0727    C8 06 00 00               enter       0x0006,0x00 
072B    6A 40                     push        0x0040 
072D    8B 1E 00 00               mov         bx,word ptr _bda_ptr 
0731    1E                        push        ds 
0732    8E 06 02 00               mov         es,word ptr _bda_ptr+0x2 
0736    68 62 00                  push        offset DGROUP:L$692 
0739    26 8B 47 10               mov         ax,word ptr es:0x10[bx] 
073D    26 8B 7F 6E               mov         di,word ptr es:0x6e[bx] 
0741    89 46 FC                  mov         word ptr -0x4[bp],ax 
0744    26 8B 47 6C               mov         ax,word ptr es:0x6c[bx] 
0748    26 8B B7 DD 00            mov         si,word ptr es:0xdd[bx] 
074D    89 46 FA                  mov         word ptr -0x6[bp],ax 
0750    E8 00 00                  call        _cprintf 
0753    C4 1E 00 00               les         bx,dword ptr _bda_ptr 
0757    83 C4 06                  add         sp,0x0006 
075A    26 0F B6 47 16            movzx       ax,byte ptr es:0x16[bx] 
075F    50                        push        ax 
0760    26 0F B6 47 15            movzx       ax,byte ptr es:0x15[bx] 
0765    50                        push        ax 
0766    26 0F B6 47 12            movzx       ax,byte ptr es:0x12[bx] 
076B    50                        push        ax 
076C    8B 46 FC                  mov         ax,word ptr -0x4[bp] 
076F    C1 E8 09                  shr         ax,0x09 
0772    25 07 00                  and         ax,0x0007 
0775    83 C6 05                  add         si,0x0005 
0778    50                        push        ax 
0779    F6 46 FC 02               test        byte ptr -0x4[bp],0x02 
077D    74 05                     je          L$73 
077F    B8 80 00                  mov         ax,offset DGROUP:L$693 
0782    EB 03                     jmp         L$74 
0784                          L$73:
0784    B8 84 00                  mov         ax,offset DGROUP:L$694 
0787                          L$74:
0787    8C DB                     mov         bx,ds 
0789    53                        push        bx 
078A    50                        push        ax 
078B    FF 76 FC                  push        word ptr -0x4[bp] 
078E    1E                        push        ds 
078F    68 88 00                  push        offset DGROUP:L$695 
0792    E8 00 00                  call        _cprintf 
0795    BB 0A 00                  mov         bx,0x000a 
0798    89 F0                     mov         ax,si 
079A    31 D2                     xor         dx,dx 
079C    F7 F3                     div         bx 
079E    BB 64 00                  mov         bx,0x0064 
07A1    31 D2                     xor         dx,dx 
07A3    F7 F3                     div         bx 
07A5    83 C4 12                  add         sp,0x0012 
07A8    BB E8 03                  mov         bx,0x03e8 
07AB    52                        push        dx 
07AC    89 F0                     mov         ax,si 
07AE    31 D2                     xor         dx,dx 
07B0    F7 F3                     div         bx 
07B2    C4 1E 00 00               les         bx,dword ptr _bda_ptr 
07B6    50                        push        ax 
07B7    26 0F B6 87 01 01         movzx       ax,byte ptr es:0x101[bx] 
07BD    50                        push        ax 
07BE    26 FF B7 DB 00            push        word ptr es:0xdb[bx] 
07C3    26 FF 77 13               push        word ptr es:0x13[bx] 
07C7    1E                        push        ds 
07C8    68 C4 00                  push        offset DGROUP:L$696 
07CB    E8 00 00                  call        _cprintf 
07CE    8B 1E 00 00               mov         bx,word ptr _bda_ptr 
07D2    83 C4 0E                  add         sp,0x000e 
07D5    8E 06 02 00               mov         es,word ptr _bda_ptr+0x2 
07D9    66 26 FF 77 67            push        dword ptr es:0x67[bx] 
07DE    26 FF 77 72               push        word ptr es:0x72[bx] 
07E2    26 0F B6 87 00 01         movzx       ax,byte ptr es:0x100[bx] 
07E8    50                        push        ax 
07E9    26 FF B7 AC 00            push        word ptr es:0xac[bx] 
07EE    26 FF B7 DF 00            push        word ptr es:0xdf[bx] 
07F3    1E                        push        ds 
07F4    68 FD 00                  push        offset DGROUP:L$697 
07F7    E8 00 00                  call        _cprintf 
07FA    C4 1E 00 00               les         bx,dword ptr _bda_ptr 
07FE    83 C4 10                  add         sp,0x0010 
0801    26 0F B6 87 DA 00         movzx       ax,byte ptr es:0xda[bx] 
0807    50                        push        ax 
0808    26 0F B6 87 D9 00         movzx       ax,byte ptr es:0xd9[bx] 
080E    50                        push        ax 
080F    26 0F B6 87 D8 00         movzx       ax,byte ptr es:0xd8[bx] 
0815    50                        push        ax 
0816    26 0F B6 87 D7 00         movzx       ax,byte ptr es:0xd7[bx] 
081C    50                        push        ax 
081D    66 26 FF 77 04            push        dword ptr es:0x4[bx] 
0822    66 26 FF 37               push        dword ptr es:[bx] 
0826    1E                        push        ds 
0827    68 45 01                  push        offset DGROUP:L$698 
082A    E8 00 00                  call        _cprintf 
082D    C4 1E 00 00               les         bx,dword ptr _bda_ptr 
0831    83 C4 14                  add         sp,0x0014 
0834    26 0F B6 47 7F            movzx       ax,byte ptr es:0x7f[bx] 
0839    50                        push        ax 
083A    26 0F B6 47 7E            movzx       ax,byte ptr es:0x7e[bx] 
083F    50                        push        ax 
0840    26 0F B6 47 7D            movzx       ax,byte ptr es:0x7d[bx] 
0845    50                        push        ax 
0846    26 0F B6 47 7C            movzx       ax,byte ptr es:0x7c[bx] 
084B    50                        push        ax 
084C    1E                        push        ds 
084D    68 84 01                  push        offset DGROUP:L$699 
0850    E8 00 00                  call        _cprintf 
0853    C4 1E 00 00               les         bx,dword ptr _bda_ptr 
0857    83 C4 0C                  add         sp,0x000c 
085A    26 0F B6 47 7B            movzx       ax,byte ptr es:0x7b[bx] 
085F    50                        push        ax 
0860    26 0F B6 47 7A            movzx       ax,byte ptr es:0x7a[bx] 
0865    50                        push        ax 
0866    26 0F B6 47 79            movzx       ax,byte ptr es:0x79[bx] 
086B    50                        push        ax 
086C    26 0F B6 47 78            movzx       ax,byte ptr es:0x78[bx] 
0871    50                        push        ax 
0872    66 26 FF 77 0C            push        dword ptr es:0xc[bx] 
0877    66 26 FF 77 08            push        dword ptr es:0x8[bx] 
087C    1E                        push        ds 
087D    68 AA 01                  push        offset DGROUP:L$700 
0880    E8 00 00                  call        _cprintf 
0883    83 C4 14                  add         sp,0x0014 
0886    C4 1E 00 00               les         bx,dword ptr _bda_ptr 
088A    26 0F B6 87 A0 00         movzx       ax,byte ptr es:0xa0[bx] 
0890    50                        push        ax 
0891    26 0F B6 47 6B            movzx       ax,byte ptr es:0x6b[bx] 
0896    50                        push        ax 
0897    26 0F B6 47 70            movzx       ax,byte ptr es:0x70[bx] 
089C    50                        push        ax 
089D    57                        push        di 
089E    FF 76 FA                  push        word ptr -0x6[bp] 
08A1    1E                        push        ds 
08A2    68 EA 01                  push        offset DGROUP:L$701 
08A5    E8 00 00                  call        _cprintf 
08A8    C4 1E 00 00               les         bx,dword ptr _bda_ptr 
08AC    83 C4 0E                  add         sp,0x000e 
08AF    26 0F B6 47 71            movzx       ax,byte ptr es:0x71[bx] 
08B4    50                        push        ax 
08B5    66 26 FF B7 80 00         push        dword ptr es:0x80[bx] 
08BB    66 26 FF 77 1A            push        dword ptr es:0x1a[bx] 
08C0    26 0F B6 87 96 00         movzx       ax,byte ptr es:0x96[bx] 
08C6    50                        push        ax 
08C7    26 0F B6 87 97 00         movzx       ax,byte ptr es:0x97[bx] 
08CD    50                        push        ax 
08CE    26 0F B6 47 18            movzx       ax,byte ptr es:0x18[bx] 
08D3    50                        push        ax 
08D4    26 0F B6 47 17            movzx       ax,byte ptr es:0x17[bx] 
08D9    50                        push        ax 
08DA    1E                        push        ds 
08DB    68 26 02                  push        offset DGROUP:L$702 
08DE    E8 00 00                  call        _cprintf 
08E1    C4 1E 00 00               les         bx,dword ptr _bda_ptr 
08E5    83 C4 16                  add         sp,0x0016 
08E8    26 0F B6 87 E4 00         movzx       ax,byte ptr es:0xe4[bx] 
08EE    50                        push        ax 
08EF    26 0F B6 87 E3 00         movzx       ax,byte ptr es:0xe3[bx] 
08F5    50                        push        ax 
08F6    26 0F B6 87 8B 00         movzx       ax,byte ptr es:0x8b[bx] 
08FC    50                        push        ax 
08FD    26 0F B6 47 41            movzx       ax,byte ptr es:0x41[bx] 
0902    50                        push        ax 
0903    26 0F B6 47 40            movzx       ax,byte ptr es:0x40[bx] 
0908    50                        push        ax 
0909    26 0F B6 47 3F            movzx       ax,byte ptr es:0x3f[bx] 
090E    50                        push        ax 
090F    26 0F B6 47 3E            movzx       ax,byte ptr es:0x3e[bx] 
0914    50                        push        ax 
0915    1E                        push        ds 
0916    68 78 02                  push        offset DGROUP:L$703 
0919    E8 00 00                  call        _cprintf 
091C    C4 1E 00 00               les         bx,dword ptr _bda_ptr 
0920    83 C4 12                  add         sp,0x0012 
0923    26 0F B6 87 8D 00         movzx       ax,byte ptr es:0x8d[bx] 
0929    50                        push        ax 
092A    26 0F B6 87 8C 00         movzx       ax,byte ptr es:0x8c[bx] 
0930    50                        push        ax 
0931    26 FF B7 94 00            push        word ptr es:0x94[bx] 
0936    26 0F B6 47 77            movzx       ax,byte ptr es:0x77[bx] 
093B    50                        push        ax 
093C    26 0F B6 47 76            movzx       ax,byte ptr es:0x76[bx] 
0941    50                        push        ax 
0942    26 0F B6 47 74            movzx       ax,byte ptr es:0x74[bx] 
0947    50                        push        ax 
0948    26 0F B6 47 75            movzx       ax,byte ptr es:0x75[bx] 
094D    50                        push        ax 
094E    1E                        push        ds 
094F    68 C9 02                  push        offset DGROUP:L$704 
0952    31 F6                     xor         si,si 
0954    E8 00 00                  call        _cprintf 
0957    83 C4 12                  add         sp,0x0012 
095A    EB 2B                     jmp         L$78 
095C                          L$75:
095C    0F B6 46 FE               movzx       ax,byte ptr -0x2[bp] 
0960    50                        push        ax 
0961    56                        push        si 
0962    1E                        push        ds 
0963    68 2A 03                  push        offset DGROUP:L$707 
0966    E8 00 00                  call        _cprintf 
0969    83 C4 08                  add         sp,0x0008 
096C                          L$76:
096C    89 F0                     mov         ax,si 
096E    30 E4                     xor         ah,ah 
0970    24 03                     and         al,0x03 
0972    3D 03 00                  cmp         ax,0x0003 
0975    75 0A                     jne         L$77 
0977    1E                        push        ds 
0978    68 31 00                  push        offset DGROUP:L$684 
097B    E8 00 00                  call        _cprintf 
097E    83 C4 04                  add         sp,0x0004 
0981                          L$77:
0981    46                        inc         si 
0982    83 FE 08                  cmp         si,0x0008 
0985    73 3D                     jae         L$80 
0987                          L$78:
0987    C4 1E 00 00               les         bx,dword ptr _bda_ptr 
098B    01 F3                     add         bx,si 
098D    26 8A 87 E5 00            mov         al,byte ptr es:0xe5[bx] 
0992    88 46 FE                  mov         byte ptr -0x2[bp],al 
0995    F7 C6 03 00               test        si,0x0003 
0999    75 0A                     jne         L$79 
099B    1E                        push        ds 
099C    68 1A 03                  push        offset DGROUP:L$705 
099F    E8 00 00                  call        _cprintf 
09A2    83 C4 04                  add         sp,0x0004 
09A5                          L$79:
09A5    8A 46 FE                  mov         al,byte ptr -0x2[bp] 
09A8    3C 06                     cmp         al,0x06 
09AA    73 B0                     jae         L$75 
09AC    0F B6 D8                  movzx       bx,al 
09AF    C1 E3 02                  shl         bx,0x02 
09B2    66 FF B7 00 00            push        dword ptr _disk_short[bx] 
09B7    56                        push        si 
09B8    1E                        push        ds 
09B9    68 23 03                  push        offset DGROUP:L$706 
09BC    E8 00 00                  call        _cprintf 
09BF    83 C4 0A                  add         sp,0x000a 
09C2    EB A8                     jmp         L$76 
09C4                          L$80:
09C4    C4 1E 00 00               les         bx,dword ptr _bda_ptr 
09C8    26 FF B7 FE 00            push        word ptr es:0xfe[bx] 
09CD    26 0F B6 87 E2 00         movzx       ax,byte ptr es:0xe2[bx] 
09D3    50                        push        ax 
09D4    26 0F B6 87 E1 00         movzx       ax,byte ptr es:0xe1[bx] 
09DA    50                        push        ax 
09DB    1E                        push        ds 
09DC    68 34 03                  push        offset DGROUP:L$708 
09DF    E8 00 00                  call        _cprintf 
09E2    83 C4 0A                  add         sp,0x000a 
09E5    E9 49 F8                  jmp         L$19 
09E8                          id_string_:
09E8    56                        push        si 
09E9    57                        push        di 
09EA    C8 02 00 00               enter       0x0002,0x00 
09EE    89 C6                     mov         si,ax 
09F0    89 DF                     mov         di,bx 
09F2    89 4E FE                  mov         word ptr -0x2[bp],cx 
09F5    8B 5E 08                  mov         bx,word ptr 0x8[bp] 
09F8    8B 4E 0A                  mov         cx,word ptr 0xa[bp] 
09FB    31 C0                     xor         ax,ax 
09FD    01 FE                     add         si,di 
09FF    89 D7                     mov         di,dx 
0A01                          L$81:
0A01    3B 46 FE                  cmp         ax,word ptr -0x2[bp] 
0A04    7D 0F                     jge         L$82 
0A06    8E C7                     mov         es,di 
0A08    40                        inc         ax 
0A09    26 8A 14                  mov         dl,byte ptr es:[si] 
0A0C    8E C1                     mov         es,cx 
0A0E    46                        inc         si 
0A0F    26 88 17                  mov         byte ptr es:[bx],dl 
0A12    43                        inc         bx 
0A13    EB EC                     jmp         L$81 
0A15                          L$82:
0A15    C4 5E 08                  les         bx,dword ptr 0x8[bp] 
0A18    01 C3                     add         bx,ax 
0A1A                          L$83:
0A1A    85 C0                     test        ax,ax 
0A1C    7E 16                     jle         L$85 
0A1E    26 80 7F FF 20            cmp         byte ptr es:-0x1[bx],0x20 
0A23    74 07                     je          L$84 
0A25    26 80 7F FF 00            cmp         byte ptr es:-0x1[bx],0x00 
0A2A    75 08                     jne         L$85 
0A2C                          L$84:
0A2C    83 C3 FF                  add         bx,0xffff 
0A2F    05 FF FF                  add         ax,0xffff 
0A32    EB E6                     jmp         L$83 
0A34                          L$85:
0A34    C4 5E 08                  les         bx,dword ptr 0x8[bp] 
0A37    01 C3                     add         bx,ax 
0A39    26 C6 07 00               mov         byte ptr es:[bx],0x00 
0A3D    E9 06 F7                  jmp         L$12 
0A40                          dump_buffer_:
0A40    51                        push        cx 
0A41    56                        push        si 
0A42    57                        push        di 
0A43    C8 10 00 00               enter       0x0010,0x00 
0A47    53                        push        bx 
0A48    89 46 F2                  mov         word ptr -0xe[bp],ax 
0A4B    89 56 F6                  mov         word ptr -0xa[bp],dx 
0A4E    89 46 F0                  mov         word ptr -0x10[bp],ax 
0A51    89 56 F8                  mov         word ptr -0x8[bp],dx 
0A54    31 F6                     xor         si,si 
0A56                          L$86:
0A56    3B 76 EE                  cmp         si,word ptr -0x12[bp] 
0A59    0F 83 27 F8               jae         L$28 
0A5D    56                        push        si 
0A5E    C7 46 FE 00 00            mov         word ptr -0x2[bp],0x0000 
0A63    1E                        push        ds 
0A64    8B 7E F0                  mov         di,word ptr -0x10[bp] 
0A67    68 1E 00                  push        offset DGROUP:L$681 
0A6A    01 F7                     add         di,si 
0A6C    E8 00 00                  call        _cprintf 
0A6F    8B 46 F8                  mov         ax,word ptr -0x8[bp] 
0A72    83 C4 06                  add         sp,0x0006 
0A75    89 46 FC                  mov         word ptr -0x4[bp],ax 
0A78    EB 0A                     jmp         L$88 
0A7A                          L$87:
0A7A    FF 46 FE                  inc         word ptr -0x2[bp] 
0A7D    47                        inc         di 
0A7E    83 7E FE 10               cmp         word ptr -0x2[bp],0x0010 
0A82    7D 24                     jge         L$89 
0A84                          L$88:
0A84    8E 46 FC                  mov         es,word ptr -0x4[bp] 
0A87    26 0F B6 05               movzx       ax,byte ptr es:[di] 
0A8B    50                        push        ax 
0A8C    1E                        push        ds 
0A8D    68 2B 00                  push        offset DGROUP:L$683 
0A90    E8 00 00                  call        _cprintf 
0A93    83 C4 06                  add         sp,0x0006 
0A96    83 7E FE 07               cmp         word ptr -0x2[bp],0x0007 
0A9A    75 DE                     jne         L$87 
0A9C    1E                        push        ds 
0A9D    68 3F 00                  push        offset DGROUP:L$687 
0AA0    E8 00 00                  call        _cprintf 
0AA3    83 C4 04                  add         sp,0x0004 
0AA6    EB D2                     jmp         L$87 
0AA8                          L$89:
0AA8    1E                        push        ds 
0AA9    C7 46 FA 00 00            mov         word ptr -0x6[bp],0x0000 
0AAE    68 41 00                  push        offset DGROUP:L$688 
0AB1    8B 7E F2                  mov         di,word ptr -0xe[bp] 
0AB4    E8 00 00                  call        _cprintf 
0AB7    01 F7                     add         di,si 
0AB9    8B 46 F6                  mov         ax,word ptr -0xa[bp] 
0ABC    83 C4 04                  add         sp,0x0004 
0ABF    89 46 F4                  mov         word ptr -0xc[bp],ax 
0AC2    EB 18                     jmp         L$92 
0AC4                          L$90:
0AC4    B8 2E 00                  mov         ax,0x002e 
0AC7                          L$91:
0AC7    50                        push        ax 
0AC8    1E                        push        ds 
0AC9    FF 46 FA                  inc         word ptr -0x6[bp] 
0ACC    68 44 00                  push        offset DGROUP:L$689 
0ACF    47                        inc         di 
0AD0    E8 00 00                  call        _cprintf 
0AD3    83 C4 06                  add         sp,0x0006 
0AD6    83 7E FA 10               cmp         word ptr -0x6[bp],0x0010 
0ADA    7D 12                     jge         L$93 
0ADC                          L$92:
0ADC    8E 46 F4                  mov         es,word ptr -0xc[bp] 
0ADF    26 8A 05                  mov         al,byte ptr es:[di] 
0AE2    3C 20                     cmp         al,0x20 
0AE4    72 DE                     jb          L$90 
0AE6    3C 7F                     cmp         al,0x7f 
0AE8    73 DA                     jae         L$90 
0AEA    30 E4                     xor         ah,ah 
0AEC    EB D9                     jmp         L$91 
0AEE                          L$93:
0AEE    1E                        push        ds 
0AEF    68 47 00                  push        offset DGROUP:L$690 
0AF2    E8 00 00                  call        _cprintf 
0AF5    83 C4 04                  add         sp,0x0004 
0AF8    E8 00 00                  call        abort_requested_ 
0AFB    85 C0                     test        ax,ax 
0AFD    74 0D                     je          L$94 
0AFF    1E                        push        ds 
0B00    68 4A 00                  push        offset DGROUP:L$691 
0B03    E8 00 00                  call        _cprintf 
0B06    83 C4 04                  add         sp,0x0004 
0B09    E9 78 F7                  jmp         L$28 
0B0C                          L$94:
0B0C    83 C6 10                  add         si,0x0010 
0B0F    E9 44 FF                  jmp         L$86 

Routine Size: 1008 bytes,    Routine Base: _TEXT + 0722

0B12                          DumpIdentify_:
0B12    53                        push        bx 
0B13    51                        push        cx 
0B14    52                        push        dx 
0B15    56                        push        si 
0B16    57                        push        di 
0B17    C8 32 00 00               enter       0x0032,0x00 
0B1B    50                        push        ax 
0B1C    8B 36 00 00               mov         si,word ptr _SecBuffer 
0B20    8B 3E 02 00               mov         di,word ptr _SecBuffer+0x2 
0B24    E8 00 00                  call        hd_set_8bit_ 
0B27    85 C0                     test        ax,ax 
0B29    74 1F                     je          L$98 
0B2B    83 7E CC 00               cmp         word ptr -0x34[bp],0x0000 
0B2F    74 05                     je          L$95 
0B31    B8 5D 03                  mov         ax,offset DGROUP:L$709 
0B34    EB 03                     jmp         L$96 
0B36                          L$95:
0B36    B8 63 03                  mov         ax,offset DGROUP:L$710 
0B39                          L$96:
0B39    8C DE                     mov         si,ds 
0B3B    56                        push        si 
0B3C    50                        push        ax 
0B3D    1E                        push        ds 
0B3E    68 6A 03                  push        offset DGROUP:L$711 
0B41                          L$97:
0B41    E8 00 00                  call        _cprintf 
0B44    83 C4 08                  add         sp,0x0008 
0B47    E9 E7 F6                  jmp         L$19 
0B4A                          L$98:
0B4A    8B 46 CC                  mov         ax,word ptr -0x34[bp] 
0B4D    89 F3                     mov         bx,si 
0B4F    89 F9                     mov         cx,di 
0B51    85 C0                     test        ax,ax 
0B53    74 03                     je          L$99 
0B55    B8 10 00                  mov         ax,0x0010 
0B58                          L$99:
0B58    30 E4                     xor         ah,ah 
0B5A    E8 00 00                  call        IDE_READ_ID_ 
0B5D    85 C0                     test        ax,ax 
0B5F    74 18                     je          L$102 
0B61    83 7E CC 00               cmp         word ptr -0x34[bp],0x0000 
0B65    74 05                     je          L$100 
0B67    BA 5D 03                  mov         dx,offset DGROUP:L$709 
0B6A    EB 03                     jmp         L$101 
0B6C                          L$100:
0B6C    BA 63 03                  mov         dx,offset DGROUP:L$710 
0B6F                          L$101:
0B6F    8C D8                     mov         ax,ds 
0B71    50                        push        ax 
0B72    52                        push        dx 
0B73    1E                        push        ds 
0B74    68 92 03                  push        offset DGROUP:L$712 
0B77    EB C8                     jmp         L$97 
0B79                          L$102:
0B79    89 F0                     mov         ax,si 
0B7B    89 FA                     mov         dx,di 
0B7D    31 DB                     xor         bx,bx 
0B7F    E8 00 00                  call        id_word_ 
0B82    BB 31 00                  mov         bx,0x0031 
0B85    89 46 F8                  mov         word ptr -0x8[bp],ax 
0B88    89 FA                     mov         dx,di 
0B8A    89 F0                     mov         ax,si 
0B8C    E8 00 00                  call        id_word_ 
0B8F    BB 3C 00                  mov         bx,0x003c 
0B92    89 46 FE                  mov         word ptr -0x2[bp],ax 
0B95    89 FA                     mov         dx,di 
0B97    89 F0                     mov         ax,si 
0B99    E8 00 00                  call        id_dword_ 
0B9C    FF 36 02 00               push        word ptr _SecBuffer+0x2 
0BA0    89 46 FA                  mov         word ptr -0x6[bp],ax 
0BA3    89 56 FC                  mov         word ptr -0x4[bp],dx 
0BA6    FF 36 00 00               push        word ptr _SecBuffer 
0BAA    83 7E CC 00               cmp         word ptr -0x34[bp],0x0000 
0BAE    74 05                     je          L$103 
0BB0    BA 5D 03                  mov         dx,offset DGROUP:L$709 
0BB3    EB 03                     jmp         L$104 
0BB5                          L$103:
0BB5    BA 63 03                  mov         dx,offset DGROUP:L$710 
0BB8                          L$104:
0BB8    8C D8                     mov         ax,ds 
0BBA    50                        push        ax 
0BBB    52                        push        dx 
0BBC    1E                        push        ds 
0BBD    68 AB 03                  push        offset DGROUP:L$713 
0BC0    E8 00 00                  call        _cprintf 
0BC3    8D 56 CE                  lea         dx,-0x32[bp] 
0BC6    B9 28 00                  mov         cx,0x0028 
0BC9    83 C4 0C                  add         sp,0x000c 
0BCC    BB 36 00                  mov         bx,0x0036 
0BCF    16                        push        ss 
0BD0    89 F0                     mov         ax,si 
0BD2    52                        push        dx 
0BD3    89 FA                     mov         dx,di 
0BD5    E8 00 00                  call        id_string_ 
0BD8    16                        push        ss 
0BD9    8D 56 CE                  lea         dx,-0x32[bp] 
0BDC    52                        push        dx 
0BDD    1E                        push        ds 
0BDE    68 D2 03                  push        offset DGROUP:L$714 
0BE1    E8 00 00                  call        _cprintf 
0BE4    8D 56 CE                  lea         dx,-0x32[bp] 
0BE7    B9 14 00                  mov         cx,0x0014 
0BEA    83 C4 08                  add         sp,0x0008 
0BED    89 F0                     mov         ax,si 
0BEF    16                        push        ss 
0BF0    89 CB                     mov         bx,cx 
0BF2    52                        push        dx 
0BF3    89 FA                     mov         dx,di 
0BF5    E8 00 00                  call        id_string_ 
0BF8    16                        push        ss 
0BF9    8D 56 CE                  lea         dx,-0x32[bp] 
0BFC    52                        push        dx 
0BFD    1E                        push        ds 
0BFE    68 E4 03                  push        offset DGROUP:L$715 
0C01    E8 00 00                  call        _cprintf 
0C04    8D 56 CE                  lea         dx,-0x32[bp] 
0C07    B9 08 00                  mov         cx,0x0008 
0C0A    83 C4 08                  add         sp,0x0008 
0C0D    BB 2E 00                  mov         bx,0x002e 
0C10    16                        push        ss 
0C11    89 F0                     mov         ax,si 
0C13    52                        push        dx 
0C14    89 FA                     mov         dx,di 
0C16    E8 00 00                  call        id_string_ 
0C19    16                        push        ss 
0C1A    8D 56 CE                  lea         dx,-0x32[bp] 
0C1D    52                        push        dx 
0C1E    1E                        push        ds 
0C1F    68 F6 03                  push        offset DGROUP:L$716 
0C22    E8 00 00                  call        _cprintf 
0C25    BB 53 00                  mov         bx,0x0053 
0C28    83 C4 08                  add         sp,0x0008 
0C2B    89 F0                     mov         ax,si 
0C2D    89 FA                     mov         dx,di 
0C2F    E8 00 00                  call        id_word_ 
0C32    A8 04                     test        al,0x04 
0C34    74 05                     je          L$105 
0C36    BA 80 00                  mov         dx,offset DGROUP:L$693 
0C39    EB 03                     jmp         L$106 
0C3B                          L$105:
0C3B    BA 84 00                  mov         dx,offset DGROUP:L$694 
0C3E                          L$106:
0C3E    8C D8                     mov         ax,ds 
0C40    50                        push        ax 
0C41    52                        push        dx 
0C42    F6 46 FF 02               test        byte ptr -0x1[bp],0x02 
0C46    74 05                     je          L$107 
0C48    BA 80 00                  mov         dx,offset DGROUP:L$693 
0C4B    EB 03                     jmp         L$108 
0C4D                          L$107:
0C4D    BA 84 00                  mov         dx,offset DGROUP:L$694 
0C50                          L$108:
0C50    8C D8                     mov         ax,ds 
0C52    50                        push        ax 
0C53    52                        push        dx 
0C54    F6 46 FF 01               test        byte ptr -0x1[bp],0x01 
0C58    74 05                     je          L$109 
0C5A    BA 80 00                  mov         dx,offset DGROUP:L$693 
0C5D    EB 03                     jmp         L$110 
0C5F                          L$109:
0C5F    BA 84 00                  mov         dx,offset DGROUP:L$694 
0C62                          L$110:
0C62    8C D8                     mov         ax,ds 
0C64    50                        push        ax 
0C65    52                        push        dx 
0C66    FF 76 FE                  push        word ptr -0x2[bp] 
0C69    FF 76 F8                  push        word ptr -0x8[bp] 
0C6C    1E                        push        ds 
0C6D    68 08 04                  push        offset DGROUP:L$717 
0C70    E8 00 00                  call        _cprintf 
0C73    BB 2F 00                  mov         bx,0x002f 
0C76    83 C4 14                  add         sp,0x0014 
0C79    89 F0                     mov         ax,si 
0C7B    89 FA                     mov         dx,di 
0C7D    E8 00 00                  call        id_word_ 
0C80    BB 06 00                  mov         bx,0x0006 
0C83    30 E4                     xor         ah,ah 
0C85    89 FA                     mov         dx,di 
0C87    50                        push        ax 
0C88    89 F0                     mov         ax,si 
0C8A    E8 00 00                  call        id_word_ 
0C8D    BB 03 00                  mov         bx,0x0003 
0C90    50                        push        ax 
0C91    89 FA                     mov         dx,di 
0C93    89 F0                     mov         ax,si 
0C95    E8 00 00                  call        id_word_ 
0C98    BB 01 00                  mov         bx,0x0001 
0C9B    50                        push        ax 
0C9C    89 FA                     mov         dx,di 
0C9E    89 F0                     mov         ax,si 
0CA0    E8 00 00                  call        id_word_ 
0CA3    50                        push        ax 
0CA4    1E                        push        ds 
0CA5    8B 7E FC                  mov         di,word ptr -0x4[bp] 
0CA8    68 46 04                  push        offset DGROUP:L$718 
0CAB    8B 76 FA                  mov         si,word ptr -0x6[bp] 
0CAE    E8 00 00                  call        _cprintf 
0CB1    83 C4 0C                  add         sp,0x000c 
0CB4    B9 0B 00                  mov         cx,0x000b 
0CB7                          L$111:
0CB7    D1 EF                     shr         di,0x01 
0CB9    D1 DE                     rcr         si,0x01 
0CBB    E2 FA                     loop        L$111 
0CBD    57                        push        di 
0CBE    56                        push        si 
0CBF    66 FF 76 FA               push        dword ptr -0x6[bp] 
0CC3    1E                        push        ds 
0CC4    68 7D 04                  push        offset DGROUP:L$719 
0CC7    E8 00 00                  call        _cprintf 
0CCA    83 C4 0C                  add         sp,0x000c 
0CCD    E9 61 F5                  jmp         L$19 

Routine Size: 446 bytes,    Routine Base: _TEXT + 0B12

0CD0                          DumpSector_:
0CD0    51                        push        cx 
0CD1    56                        push        si 
0CD2    57                        push        di 
0CD3    89 C7                     mov         di,ax 
0CD5    89 D6                     mov         si,dx 
0CD7    89 DA                     mov         dx,bx 
0CD9    89 D8                     mov         ax,bx 
0CDB    E8 00 00                  call        hd_set_8bit_ 
0CDE    85 C0                     test        ax,ax 
0CE0    74 1D                     je          L$114 
0CE2    85 DB                     test        bx,bx 
0CE4    74 05                     je          L$112 
0CE6    B8 5D 03                  mov         ax,offset DGROUP:L$709 
0CE9    EB 03                     jmp         L$113 
0CEB                          L$112:
0CEB    B8 63 03                  mov         ax,offset DGROUP:L$710 
0CEE                          L$113:
0CEE    8C DA                     mov         dx,ds 
0CF0    52                        push        dx 
0CF1    50                        push        ax 
0CF2    1E                        push        ds 
0CF3    68 6A 03                  push        offset DGROUP:L$711 
0CF6    E8 00 00                  call        _cprintf 
0CF9    83 C4 08                  add         sp,0x0008 
0CFC    E9 86 F5                  jmp         L$29 
0CFF                          L$114:
0CFF    6A 01                     push        0x0001 
0D01    8B 1E 00 00               mov         bx,word ptr _SecBuffer 
0D05    56                        push        si 
0D06    8B 0E 02 00               mov         cx,word ptr _SecBuffer+0x2 
0D0A    57                        push        di 
0D0B    85 D2                     test        dx,dx 
0D0D    74 03                     je          L$115 
0D0F    B8 10 00                  mov         ax,0x0010 
0D12                          L$115:
0D12    30 E4                     xor         ah,ah 
0D14    E8 00 00                  call        IDE_READ_SECTOR_ 
0D17    85 C0                     test        ax,ax 
0D19    74 1F                     je          L$118 
0D1B    56                        push        si 
0D1C    57                        push        di 
0D1D    85 D2                     test        dx,dx 
0D1F    74 05                     je          L$116 
0D21    B8 5D 03                  mov         ax,offset DGROUP:L$709 
0D24    EB 03                     jmp         L$117 
0D26                          L$116:
0D26    B8 63 03                  mov         ax,offset DGROUP:L$710 
0D29                          L$117:
0D29    8C DA                     mov         dx,ds 
0D2B    52                        push        dx 
0D2C    50                        push        ax 
0D2D    1E                        push        ds 
0D2E    68 A0 04                  push        offset DGROUP:L$720 
0D31    E8 00 00                  call        _cprintf 
0D34    83 C4 0C                  add         sp,0x000c 
0D37    E9 4B F5                  jmp         L$29 
0D3A                          L$118:
0D3A    56                        push        si 
0D3B    57                        push        di 
0D3C    56                        push        si 
0D3D    57                        push        di 
0D3E    85 D2                     test        dx,dx 
0D40    74 05                     je          L$119 
0D42    B8 5D 03                  mov         ax,offset DGROUP:L$709 
0D45    EB 03                     jmp         L$120 
0D47                          L$119:
0D47    B8 63 03                  mov         ax,offset DGROUP:L$710 
0D4A                          L$120:
0D4A    8C DA                     mov         dx,ds 
0D4C    52                        push        dx 
0D4D    50                        push        ax 
0D4E    1E                        push        ds 
0D4F    68 C0 04                  push        offset DGROUP:L$721 
0D52    E8 00 00                  call        _cprintf 
0D55    BB 00 02                  mov         bx,0x0200 
0D58    A1 00 00                  mov         ax,word ptr _SecBuffer 
0D5B    83 C4 10                  add         sp,0x0010 
0D5E    8B 16 02 00               mov         dx,word ptr _SecBuffer+0x2 
0D62    E8 00 00                  call        dump_buffer_ 
0D65    E9 1D F5                  jmp         L$29 

Routine Size: 152 bytes,    Routine Base: _TEXT + 0CD0

0D68                          debugmon_:
0D68    53                        push        bx 
0D69    51                        push        cx 
0D6A    52                        push        dx 
0D6B    56                        push        si 
0D6C    57                        push        di 
0D6D    C8 DE 02 00               enter       0x02de,0x00 
0D71    81 ED F4 00               sub         bp,0x00f4 
0D75    E9 08 01                  jmp         L$132 
0D78                          L$121:
0D78    8D 5E E6                  lea         bx,-0x1a[bp] 
0D7B    8D 46 82                  lea         ax,-0x7e[bp] 
0D7E    8C D1                     mov         cx,ss 
0D80    8C D2                     mov         dx,ss 
0D82    E8 00 00                  call        parse_addr_ 
0D85    85 C0                     test        ax,ax 
0D87    75 12                     jne         L$122 
0D89    8B 46 86                  mov         ax,word ptr -0x7a[bp] 
0D8C    05 7F 00                  add         ax,0x007f 
0D8F    89 46 E6                  mov         word ptr -0x1a[bp],ax 
0D92    8B 46 88                  mov         ax,word ptr -0x78[bp] 
0D95    15 00 00                  adc         ax,0x0000 
0D98    89 46 E8                  mov         word ptr -0x18[bp],ax 
0D9B                          L$122:
0D9B    8B 5E E6                  mov         bx,word ptr -0x1a[bp] 
0D9E    8B 4E E8                  mov         cx,word ptr -0x18[bp] 
0DA1    8B 46 86                  mov         ax,word ptr -0x7a[bp] 
0DA4    8B 56 88                  mov         dx,word ptr -0x78[bp] 
0DA7    E8 00 00                  call        DumpMemory_ 
0DAA    E9 D3 00                  jmp         L$132 
0DAD                          L$123:
0DAD    BB 2A 05                  mov         bx,offset DGROUP:L$725 
0DB0    8D 46 82                  lea         ax,-0x7e[bp] 
0DB3    8C D9                     mov         cx,ds 
0DB5    8C D2                     mov         dx,ss 
0DB7    E8 00 00                  call        is_cmd_ 
0DBA    85 C0                     test        ax,ax 
0DBC    0F 84 17 01               je          L$135 
0DC0    8D 5E 8A                  lea         bx,-0x76[bp] 
0DC3    8D 46 82                  lea         ax,-0x7e[bp] 
0DC6    8C D1                     mov         cx,ss 
0DC8    8C D2                     mov         dx,ss 
0DCA    E8 00 00                  call        parse_addr_ 
0DCD    85 C0                     test        ax,ax 
0DCF    74 3D                     je          L$125 
0DD1    8D 5E CE                  lea         bx,-0x32[bp] 
0DD4    8D 46 82                  lea         ax,-0x7e[bp] 
0DD7    8C D1                     mov         cx,ss 
0DD9    8C D2                     mov         dx,ss 
0DDB    E8 00 00                  call        parse_val_ 
0DDE    85 C0                     test        ax,ax 
0DE0    74 2C                     je          L$125 
0DE2    8D 5E 8E                  lea         bx,-0x72[bp] 
0DE5    8D 46 82                  lea         ax,-0x7e[bp] 
0DE8    8C D1                     mov         cx,ss 
0DEA    8C D2                     mov         dx,ss 
0DEC    E8 00 00                  call        parse_val_ 
0DEF    85 C0                     test        ax,ax 
0DF1    74 1B                     je          L$125 
0DF3    83 7E D0 00               cmp         word ptr -0x30[bp],0x0000 
0DF7    75 06                     jne         L$124 
0DF9    83 7E CE 00               cmp         word ptr -0x32[bp],0x0000 
0DFD    74 0F                     je          L$125 
0DFF                          L$124:
0DFF    8B 46 D0                  mov         ax,word ptr -0x30[bp] 
0E02    85 C0                     test        ax,ax 
0E04    77 08                     ja          L$125 
0E06    75 0D                     jne         L$126 
0E08    83 7E CE F0               cmp         word ptr -0x32[bp],0xfff0 
0E0C    76 07                     jbe         L$126 
0E0E                          L$125:
0E0E    1E                        push        ds 
0E0F    68 2F 05                  push        offset DGROUP:L$726 
0E12    E9 BA 00                  jmp         L$134 
0E15                          L$126:
0E15    8B 46 8A                  mov         ax,word ptr -0x76[bp] 
0E18    8B 7E 8C                  mov         di,word ptr -0x74[bp] 
0E1B    B9 04 00                  mov         cx,0x0004 
0E1E                          L$127:
0E1E    D1 EF                     shr         di,0x01 
0E20    D1 D8                     rcr         ax,0x01 
0E22    E2 FA                     loop        L$127 
0E24    89 46 9C                  mov         word ptr -0x64[bp],ax 
0E27    8B 46 8A                  mov         ax,word ptr -0x76[bp] 
0E2A    8D 5E 96                  lea         bx,-0x6a[bp] 
0E2D    30 E4                     xor         ah,ah 
0E2F    8C D2                     mov         dx,ss 
0E31    24 0F                     and         al,0x0f 
0E33    8C D1                     mov         cx,ss 
0E35    89 46 9A                  mov         word ptr -0x66[bp],ax 
0E38    8D 46 82                  lea         ax,-0x7e[bp] 
0E3B    E8 00 00                  call        parse_val_ 
0E3E    85 C0                     test        ax,ax 
0E40    75 06                     jne         L$128 
0E42    89 46 96                  mov         word ptr -0x6a[bp],ax 
0E45    89 46 98                  mov         word ptr -0x68[bp],ax 
0E48                          L$128:
0E48    8B 7E 9A                  mov         di,word ptr -0x66[bp] 
0E4B    8B 5E 9C                  mov         bx,word ptr -0x64[bp] 
0E4E    31 D2                     xor         dx,dx 
0E50    8E C3                     mov         es,bx 
0E52                          L$129:
0E52    8B 46 CE                  mov         ax,word ptr -0x32[bp] 
0E55    39 C2                     cmp         dx,ax 
0E57    73 16                     jae         L$130 
0E59    8A 46 8E                  mov         al,byte ptr -0x72[bp] 
0E5C    26 88 05                  mov         byte ptr es:[di],al 
0E5F    42                        inc         dx 
0E60    8B 46 96                  mov         ax,word ptr -0x6a[bp] 
0E63    47                        inc         di 
0E64    01 46 8E                  add         word ptr -0x72[bp],ax 
0E67    8B 46 98                  mov         ax,word ptr -0x68[bp] 
0E6A    11 46 90                  adc         word ptr -0x70[bp],ax 
0E6D    EB E3                     jmp         L$129 
0E6F                          L$130:
0E6F    50                        push        ax 
0E70    FF 76 9A                  push        word ptr -0x66[bp] 
0E73    FF 76 9C                  push        word ptr -0x64[bp] 
0E76    1E                        push        ds 
0E77    68 9F 05                  push        offset DGROUP:L$727 
0E7A                          L$131:
0E7A    E8 00 00                  call        _cprintf 
0E7D    83 C4 0A                  add         sp,0x000a 
0E80                          L$132:
0E80    1E                        push        ds 
0E81    68 D9 04                  push        offset DGROUP:L$722 
0E84    E8 00 00                  call        _cprintf 
0E87    BB 28 00                  mov         bx,0x0028 
0E8A    8D 86 46 FE               lea         ax,-0x1ba[bp] 
0E8E    83 C4 04                  add         sp,0x0004 
0E91    8C D2                     mov         dx,ss 
0E93    E8 00 00                  call        getline_ 
0E96    85 C0                     test        ax,ax 
0E98    74 E6                     je          L$132 
0E9A    8D 9E 46 FE               lea         bx,-0x1ba[bp] 
0E9E    8D 46 82                  lea         ax,-0x7e[bp] 
0EA1    8C D9                     mov         cx,ds 
0EA3    8C D2                     mov         dx,ss 
0EA5    89 5E 82                  mov         word ptr -0x7e[bp],bx 
0EA8    BB DE 04                  mov         bx,offset DGROUP:L$723 
0EAB    8C 56 84                  mov         word ptr -0x7c[bp],ss 
0EAE    E8 00 00                  call        is_cmd_ 
0EB1    85 C0                     test        ax,ax 
0EB3    0F 84 F6 FE               je          L$123 
0EB7    8D 5E 86                  lea         bx,-0x7a[bp] 
0EBA    8D 46 82                  lea         ax,-0x7e[bp] 
0EBD    8C D1                     mov         cx,ss 
0EBF    8C D2                     mov         dx,ss 
0EC1    E8 00 00                  call        parse_addr_ 
0EC4    85 C0                     test        ax,ax 
0EC6    0F 85 AE FE               jne         L$121 
0ECA    1E                        push        ds 
0ECB    BA E3 04                  mov         dx,offset DGROUP:L$724 
0ECE                          L$133:
0ECE    52                        push        dx 
0ECF                          L$134:
0ECF    E8 00 00                  call        _cprintf 
0ED2    83 C4 04                  add         sp,0x0004 
0ED5    EB A9                     jmp         L$132 
0ED7                          L$135:
0ED7    BB BA 05                  mov         bx,offset DGROUP:L$728 
0EDA    8D 46 82                  lea         ax,-0x7e[bp] 
0EDD    8C D9                     mov         cx,ds 
0EDF    8C D2                     mov         dx,ss 
0EE1    E8 00 00                  call        is_cmd_ 
0EE4    85 C0                     test        ax,ax 
0EE6    0F 84 1E 01               je          L$139 
0EEA    1E                        push        ds 
0EEB    BA C2 05                  mov         dx,offset DGROUP:L$729 
0EEE    52                        push        dx 
0EEF    31 F6                     xor         si,si 
0EF1    E8 00 00                  call        _cprintf 
0EF4    89 76 EA                  mov         word ptr -0x16[bp],si 
0EF7    C4 1E 00 00               les         bx,dword ptr _bda_ptr 
0EFB    83 C4 04                  add         sp,0x0004 
0EFE    26 8B 7F 6C               mov         di,word ptr es:0x6c[bx] 
0F02                          L$136:
0F02    BA 0A 00                  mov         dx,0x000a 
0F05    B8 20 00                  mov         ax,0x0020 
0F08    31 DB                     xor         bx,bx 
0F0A    E8 00 00                  call        io_write_ 
0F0D    B8 20 00                  mov         ax,0x0020 
0F10    31 D2                     xor         dx,dx 
0F12    E8 00 00                  call        io_read_ 
0F15    31 DB                     xor         bx,bx 
0F17    BA 0A 00                  mov         dx,0x000a 
0F1A    09 46 EA                  or          word ptr -0x16[bp],ax 
0F1D    B8 A0 00                  mov         ax,0x00a0 
0F20    E8 00 00                  call        io_write_ 
0F23    B8 A0 00                  mov         ax,0x00a0 
0F26    31 D2                     xor         dx,dx 
0F28    E8 00 00                  call        io_read_ 
0F2B    C4 1E 00 00               les         bx,dword ptr _bda_ptr 
0F2F    09 C6                     or          si,ax 
0F31    26 8B 47 6C               mov         ax,word ptr es:0x6c[bx] 
0F35    29 F8                     sub         ax,di 
0F37    3D 12 00                  cmp         ax,0x0012 
0F3A    72 C6                     jb          L$136 
0F3C    B8 F9 03                  mov         ax,0x03f9 
0F3F    31 D2                     xor         dx,dx 
0F41    E8 00 00                  call        io_read_ 
0F44    31 DB                     xor         bx,bx 
0F46    BA 01 00                  mov         dx,0x0001 
0F49    89 46 EC                  mov         word ptr -0x14[bp],ax 
0F4C    B8 F9 03                  mov         ax,0x03f9 
0F4F    E8 00 00                  call        io_write_ 
0F52    56                        push        si 
0F53    FF 76 EA                  push        word ptr -0x16[bp] 
0F56    1E                        push        ds 
0F57    68 EE 05                  push        offset DGROUP:L$730 
0F5A    E8 00 00                  call        _cprintf 
0F5D    83 C4 08                  add         sp,0x0008 
0F60    1E                        push        ds 
0F61    31 FF                     xor         di,di 
0F63    68 0F 06                  push        offset DGROUP:L$731 
0F66    89 7E 38                  mov         word ptr 0x38[bp],di 
0F69    E8 00 00                  call        _cprintf 
0F6C    C4 1E 00 00               les         bx,dword ptr _bda_ptr 
0F70    83 C4 04                  add         sp,0x0004 
0F73    26 8B 4F 6C               mov         cx,word ptr es:0x6c[bx] 
0F77                          L$137:
0F77    BA 0A 00                  mov         dx,0x000a 
0F7A    B8 20 00                  mov         ax,0x0020 
0F7D    31 DB                     xor         bx,bx 
0F7F    E8 00 00                  call        io_write_ 
0F82    B8 20 00                  mov         ax,0x0020 
0F85    31 D2                     xor         dx,dx 
0F87    E8 00 00                  call        io_read_ 
0F8A    31 DB                     xor         bx,bx 
0F8C    BA 0A 00                  mov         dx,0x000a 
0F8F    09 46 38                  or          word ptr 0x38[bp],ax 
0F92    B8 A0 00                  mov         ax,0x00a0 
0F95    E8 00 00                  call        io_write_ 
0F98    B8 A0 00                  mov         ax,0x00a0 
0F9B    31 D2                     xor         dx,dx 
0F9D    E8 00 00                  call        io_read_ 
0FA0    C4 1E 00 00               les         bx,dword ptr _bda_ptr 
0FA4    09 C7                     or          di,ax 
0FA6    26 8B 47 6C               mov         ax,word ptr es:0x6c[bx] 
0FAA    29 C8                     sub         ax,cx 
0FAC    3D 5A 00                  cmp         ax,0x005a 
0FAF    72 C6                     jb          L$137 
0FB1    B8 FD 03                  mov         ax,0x03fd 
0FB4    31 D2                     xor         dx,dx 
0FB6    E8 00 00                  call        io_read_ 
0FB9    31 DB                     xor         bx,bx 
0FBB    8B 56 EC                  mov         dx,word ptr -0x14[bp] 
0FBE    89 C1                     mov         cx,ax 
0FC0    89 86 C2 00               mov         word ptr 0xc2[bp],ax 
0FC4    B8 F9 03                  mov         ax,0x03f9 
0FC7    E8 00 00                  call        io_write_ 
0FCA    F6 C1 01                  test        cl,0x01 
0FCD    74 08                     je          L$138 
0FCF    B8 F8 03                  mov         ax,0x03f8 
0FD2    31 D2                     xor         dx,dx 
0FD4    E8 00 00                  call        io_read_ 
0FD7                          L$138:
0FD7    FF B6 C2 00               push        word ptr 0xc2[bp] 
0FDB    57                        push        di 
0FDC    FF 76 38                  push        word ptr 0x38[bp] 
0FDF    1E                        push        ds 
0FE0    F7 D6                     not         si 
0FE2    68 6A 06                  push        offset DGROUP:L$732 
0FE5    21 FE                     and         si,di 
0FE7    E8 00 00                  call        _cprintf 
0FEA    8B 46 EA                  mov         ax,word ptr -0x16[bp] 
0FED    83 C4 0A                  add         sp,0x000a 
0FF0    F7 D0                     not         ax 
0FF2    56                        push        si 
0FF3    23 46 38                  and         ax,word ptr 0x38[bp] 
0FF6    50                        push        ax 
0FF7    1E                        push        ds 
0FF8    68 9A 06                  push        offset DGROUP:L$733 
0FFB    E8 00 00                  call        _cprintf 
0FFE    83 C4 08                  add         sp,0x0008 
1001    1E                        push        ds 
1002    68 BE 06                  push        offset DGROUP:L$734 
1005    E9 C7 FE                  jmp         L$134 
1008                          L$139:
1008    BB D3 06                  mov         bx,offset DGROUP:L$735 
100B    8D 46 82                  lea         ax,-0x7e[bp] 
100E    8C D9                     mov         cx,ds 
1010    8C D2                     mov         dx,ss 
1012    E8 00 00                  call        is_cmd_ 
1015    85 C0                     test        ax,ax 
1017    0F 84 4C 01               je          L$154 
101B    8D 5E DE                  lea         bx,-0x22[bp] 
101E    8B 36 00 00               mov         si,word ptr _bda_ptr 
1022    A1 02 00                  mov         ax,word ptr _bda_ptr+0x2 
1025    8C D1                     mov         cx,ss 
1027    8C D2                     mov         dx,ss 
1029    89 46 3C                  mov         word ptr 0x3c[bp],ax 
102C    8D 46 82                  lea         ax,-0x7e[bp] 
102F    81 C6 AE 00               add         si,0x00ae 
1033    E8 00 00                  call        parse_val_ 
1036    85 C0                     test        ax,ax 
1038    74 48                     je          L$143 
103A    8D 5E B6                  lea         bx,-0x4a[bp] 
103D    8D 46 82                  lea         ax,-0x7e[bp] 
1040    8C D1                     mov         cx,ss 
1042    8C D2                     mov         dx,ss 
1044    E8 00 00                  call        parse_val_ 
1047    85 C0                     test        ax,ax 
1049    74 37                     je          L$143 
104B    83 7E E0 00               cmp         word ptr -0x20[bp],0x0000 
104F    75 06                     jne         L$140 
1051    83 7E DE 01               cmp         word ptr -0x22[bp],0x0001 
1055    72 2B                     jb          L$143 
1057                          L$140:
1057    8B 46 E0                  mov         ax,word ptr -0x20[bp] 
105A    85 C0                     test        ax,ax 
105C    77 24                     ja          L$143 
105E    75 07                     jne         L$141 
1060    81 7E DE FF 00            cmp         word ptr -0x22[bp],0x00ff 
1065    77 1B                     ja          L$143 
1067                          L$141:
1067    83 7E B8 00               cmp         word ptr -0x48[bp],0x0000 
106B    75 06                     jne         L$142 
106D    83 7E B6 01               cmp         word ptr -0x4a[bp],0x0001 
1071    72 0F                     jb          L$143 
1073                          L$142:
1073    8B 46 B8                  mov         ax,word ptr -0x48[bp] 
1076    85 C0                     test        ax,ax 
1078    77 08                     ja          L$143 
107A    75 34                     jne         L$145 
107C    83 7E B6 3F               cmp         word ptr -0x4a[bp],0x003f 
1080    76 2E                     jbe         L$145 
1082                          L$143:
1082    1E                        push        ds 
1083    68 D7 06                  push        offset DGROUP:L$736 
1086    E8 00 00                  call        _cprintf 
1089    8E 46 3C                  mov         es,word ptr 0x3c[bp] 
108C    83 C4 04                  add         sp,0x0004 
108F    66 26 FF 74 0A            push        dword ptr es:0xa[si] 
1094    26 0F B6 44 0E            movzx       ax,byte ptr es:0xe[si] 
1099    50                        push        ax 
109A    26 0F B6 44 02            movzx       ax,byte ptr es:0x2[si] 
109F    50                        push        ax 
10A0    26 FF 34                  push        word ptr es:[si] 
10A3    1E                        push        ds 
10A4    68 F5 06                  push        offset DGROUP:L$737 
10A7                          L$144:
10A7    E8 00 00                  call        _cprintf 
10AA    83 C4 0E                  add         sp,0x000e 
10AD    E9 D0 FD                  jmp         L$132 
10B0                          L$145:
10B0    8B 46 DE                  mov         ax,word ptr -0x22[bp] 
10B3    8B 56 E0                  mov         dx,word ptr -0x20[bp] 
10B6    8B 5E B6                  mov         bx,word ptr -0x4a[bp] 
10B9    8B 4E B8                  mov         cx,word ptr -0x48[bp] 
10BC    E8 00 00                  call        __U4M 
10BF    8E 46 3C                  mov         es,word ptr 0x3c[bp] 
10C2    89 C3                     mov         bx,ax 
10C4    89 D1                     mov         cx,dx 
10C6    26 8B 44 0A               mov         ax,word ptr es:0xa[si] 
10CA    26 8B 54 0C               mov         dx,word ptr es:0xc[si] 
10CE    E8 00 00                  call        __U4D 
10D1    89 C3                     mov         bx,ax 
10D3    85 D2                     test        dx,dx 
10D5    75 04                     jne         L$146 
10D7    85 C0                     test        ax,ax 
10D9    74 0B                     je          L$147 
10DB                          L$146:
10DB    85 D2                     test        dx,dx 
10DD    77 07                     ja          L$147 
10DF    75 1E                     jne         L$149 
10E1    3D 00 04                  cmp         ax,0x0400 
10E4    76 19                     jbe         L$149 
10E6                          L$147:
10E6    52                        push        dx 
10E7    53                        push        bx 
10E8    66 FF 76 B6               push        dword ptr -0x4a[bp] 
10EC    66 FF 76 DE               push        dword ptr -0x22[bp] 
10F0    52                        push        dx 
10F1    53                        push        bx 
10F2    1E                        push        ds 
10F3    68 10 07                  push        offset DGROUP:L$738 
10F6                          L$148:
10F6    E8 00 00                  call        _cprintf 
10F9    83 C4 14                  add         sp,0x0014 
10FC    E9 81 FD                  jmp         L$132 
10FF                          L$149:
10FF    8A 46 DE                  mov         al,byte ptr -0x22[bp] 
1102    26 88 44 02               mov         byte ptr es:0x2[si],al 
1106    8A 46 B6                  mov         al,byte ptr -0x4a[bp] 
1109    26 88 44 0E               mov         byte ptr es:0xe[si],al 
110D    26 89 1C                  mov         word ptr es:[si],bx 
1110    8B 46 E0                  mov         ax,word ptr -0x20[bp] 
1113    85 C0                     test        ax,ax 
1115    77 08                     ja          L$150 
1117    75 0B                     jne         L$151 
1119    83 7E DE 08               cmp         word ptr -0x22[bp],0x0008 
111D    76 05                     jbe         L$151 
111F                          L$150:
111F    B8 08 00                  mov         ax,0x0008 
1122    EB 02                     jmp         L$152 
1124                          L$151:
1124    31 C0                     xor         ax,ax 
1126                          L$152:
1126    8E 46 3C                  mov         es,word ptr 0x3c[bp] 
1129    26 88 44 08               mov         byte ptr es:0x8[si],al 
112D    26 FF 74 0C               push        word ptr es:0xc[si] 
1131    8B 4E E0                  mov         cx,word ptr -0x20[bp] 
1134    89 D8                     mov         ax,bx 
1136    26 FF 74 0A               push        word ptr es:0xa[si] 
113A    8B 5E DE                  mov         bx,word ptr -0x22[bp] 
113D    E8 00 00                  call        __U4M 
1140    8B 5E B6                  mov         bx,word ptr -0x4a[bp] 
1143    8B 4E B8                  mov         cx,word ptr -0x48[bp] 
1146    E8 00 00                  call        __U4M 
1149    52                        push        dx 
114A    50                        push        ax 
114B    26 0F B6 44 0E            movzx       ax,byte ptr es:0xe[si] 
1150    50                        push        ax 
1151    26 0F B6 44 02            movzx       ax,byte ptr es:0x2[si] 
1156    50                        push        ax 
1157    26 FF 34                  push        word ptr es:[si] 
115A    1E                        push        ds 
115B    68 47 07                  push        offset DGROUP:L$739 
115E                          L$153:
115E    E8 00 00                  call        _cprintf 
1161    83 C4 12                  add         sp,0x0012 
1164    E9 19 FD                  jmp         L$132 
1167                          L$154:
1167    BB 83 07                  mov         bx,offset DGROUP:L$740 
116A    8D 46 82                  lea         ax,-0x7e[bp] 
116D    8C D9                     mov         cx,ds 
116F    8C D2                     mov         dx,ss 
1171    E8 00 00                  call        is_cmd_ 
1174    85 C0                     test        ax,ax 
1176    74 06                     je          L$155 
1178    E8 00 00                  call        DumpBDA_ 
117B    E9 02 FD                  jmp         L$132 
117E                          L$155:
117E    BB 87 07                  mov         bx,offset DGROUP:L$741 
1181    8D 46 82                  lea         ax,-0x7e[bp] 
1184    8C D9                     mov         cx,ds 
1186    8C D2                     mov         dx,ss 
1188    E8 00 00                  call        is_cmd_ 
118B    85 C0                     test        ax,ax 
118D    0F 84 2D 01               je          L$171 
1191    8D 5E D6                  lea         bx,-0x2a[bp] 
1194    A1 02 00                  mov         ax,word ptr _SecBuffer+0x2 
1197    8C D1                     mov         cx,ss 
1199    8C D2                     mov         dx,ss 
119B    89 86 C4 00               mov         word ptr 0xc4[bp],ax 
119F    8D 46 82                  lea         ax,-0x7e[bp] 
11A2    8B 36 00 00               mov         si,word ptr _SecBuffer 
11A6    E8 00 00                  call        parse_val_ 
11A9    85 C0                     test        ax,ax 
11AB    75 07                     jne         L$156 
11AD    1E                        push        ds 
11AE    BA 8E 07                  mov         dx,offset DGROUP:L$742 
11B1    E9 1A FD                  jmp         L$133 
11B4                          L$156:
11B4    8B 96 C4 00               mov         dx,word ptr 0xc4[bp] 
11B8    89 F7                     mov         di,si 
11BA    31 C0                     xor         ax,ax 
11BC    8E C2                     mov         es,dx 
11BE                          L$157:
11BE    40                        inc         ax 
11BF    26 C6 05 00               mov         byte ptr es:[di],0x00 
11C3    47                        inc         di 
11C4    3D 00 02                  cmp         ax,0x0200 
11C7    72 F5                     jb          L$157 
11C9    8E 86 C4 00               mov         es,word ptr 0xc4[bp] 
11CD    89 F7                     mov         di,si 
11CF    31 DB                     xor         bx,bx 
11D1                          L$158:
11D1    8A 87 00 00               mov         al,byte ptr _bootcode[bx] 
11D5    43                        inc         bx 
11D6    26 88 05                  mov         byte ptr es:[di],al 
11D9    47                        inc         di 
11DA    83 FB 66                  cmp         bx,0x0066 
11DD    72 F2                     jb          L$158 
11DF    8E 86 C4 00               mov         es,word ptr 0xc4[bp] 
11E3    26 C6 84 FE 01 55         mov         byte ptr es:0x1fe[si],0x55 
11E9    6A 01                     push        0x0001 
11EB    26 C6 84 FF 01 AA         mov         byte ptr es:0x1ff[si],0xaa 
11F1    89 F3                     mov         bx,si 
11F3    FF 76 D8                  push        word ptr -0x28[bp] 
11F6    31 C0                     xor         ax,ax 
11F8    FF 76 D6                  push        word ptr -0x2a[bp] 
11FB    8C C1                     mov         cx,es 
11FD    E8 00 00                  call        IDE_WRITE_SECTOR_ 
1200    85 C0                     test        ax,ax 
1202    74 0B                     je          L$160 
1204    66 FF 76 D6               push        dword ptr -0x2a[bp] 
1208                          L$159:
1208    1E                        push        ds 
1209    68 F4 07                  push        offset DGROUP:L$743 
120C    E9 87 04                  jmp         L$208 
120F                          L$160:
120F    8E 86 C4 00               mov         es,word ptr 0xc4[bp] 
1213    89 F3                     mov         bx,si 
1215                          L$161:
1215    40                        inc         ax 
1216    26 C6 07 00               mov         byte ptr es:[bx],0x00 
121A    43                        inc         bx 
121B    3D 00 02                  cmp         ax,0x0200 
121E    72 F5                     jb          L$161 
1220    6A 01                     push        0x0001 
1222    8B 8E C4 00               mov         cx,word ptr 0xc4[bp] 
1226    FF 76 D8                  push        word ptr -0x28[bp] 
1229    89 F3                     mov         bx,si 
122B    FF 76 D6                  push        word ptr -0x2a[bp] 
122E    31 C0                     xor         ax,ax 
1230    E8 00 00                  call        IDE_READ_SECTOR_ 
1233    85 C0                     test        ax,ax 
1235    74 0B                     je          L$163 
1237    66 FF 76 D6               push        dword ptr -0x2a[bp] 
123B                          L$162:
123B    1E                        push        ds 
123C    68 0D 08                  push        offset DGROUP:L$744 
123F    E9 54 04                  jmp         L$208 
1242                          L$163:
1242    8E 86 C4 00               mov         es,word ptr 0xc4[bp] 
1246    89 F7                     mov         di,si 
1248    31 DB                     xor         bx,bx 
124A    EB 07                     jmp         L$165 
124C                          L$164:
124C    43                        inc         bx 
124D    47                        inc         di 
124E    83 FB 66                  cmp         bx,0x0066 
1251    73 0C                     jae         L$166 
1253                          L$165:
1253    26 8A 15                  mov         dl,byte ptr es:[di] 
1256    3A 97 00 00               cmp         dl,byte ptr _bootcode[bx] 
125A    74 F0                     je          L$164 
125C    40                        inc         ax 
125D    EB ED                     jmp         L$164 
125F                          L$166:
125F    8E 86 C4 00               mov         es,word ptr 0xc4[bp] 
1263    26 80 BC FE 01 55         cmp         byte ptr es:0x1fe[si],0x55 
1269    75 08                     jne         L$167 
126B    26 80 BC FF 01 AA         cmp         byte ptr es:0x1ff[si],0xaa 
1271    74 01                     je          L$168 
1273                          L$167:
1273    40                        inc         ax 
1274                          L$168:
1274    85 C0                     test        ax,ax 
1276    74 05                     je          L$169 
1278    BA 2A 08                  mov         dx,offset DGROUP:L$745 
127B    EB 03                     jmp         L$170 
127D                          L$169:
127D    BA 31 08                  mov         dx,offset DGROUP:L$746 
1280                          L$170:
1280    8C D8                     mov         ax,ds 
1282    50                        push        ax 
1283    52                        push        dx 
1284    6A 66                     push        0x0066 
1286    66 FF 76 D6               push        dword ptr -0x2a[bp] 
128A    1E                        push        ds 
128B    68 34 08                  push        offset DGROUP:L$747 
128E    E8 00 00                  call        _cprintf 
1291    8E 86 C4 00               mov         es,word ptr 0xc4[bp] 
1295    83 C4 0E                  add         sp,0x000e 
1298    26 0F B6 84 FF 01         movzx       ax,byte ptr es:0x1ff[si] 
129E    50                        push        ax 
129F    26 0F B6 84 FE 01         movzx       ax,byte ptr es:0x1fe[si] 
12A5    50                        push        ax 
12A6    26 0F B6 44 02            movzx       ax,byte ptr es:0x2[si] 
12AB    50                        push        ax 
12AC    26 0F B6 44 01            movzx       ax,byte ptr es:0x1[si] 
12B1    50                        push        ax 
12B2    26 0F B6 04               movzx       ax,byte ptr es:[si] 
12B6    50                        push        ax 
12B7    1E                        push        ds 
12B8    68 6E 08                  push        offset DGROUP:L$748 
12BB    E9 E9 FD                  jmp         L$144 
12BE                          L$171:
12BE    BB A0 08                  mov         bx,offset DGROUP:L$749 
12C1    8D 46 82                  lea         ax,-0x7e[bp] 
12C4    8C D9                     mov         cx,ds 
12C6    8C D2                     mov         dx,ss 
12C8    E8 00 00                  call        is_cmd_ 
12CB    85 C0                     test        ax,ax 
12CD    0F 84 22 02               je          L$193 
12D1    C7 86 C8 00 00 00         mov         word ptr 0xc8[bp],0x0000 
12D7    8D 5E DA                  lea         bx,-0x26[bp] 
12DA    A1 02 00                  mov         ax,word ptr _SecBuffer+0x2 
12DD    8C D1                     mov         cx,ss 
12DF    8C D2                     mov         dx,ss 
12E1    89 86 C6 00               mov         word ptr 0xc6[bp],ax 
12E5    8D 46 82                  lea         ax,-0x7e[bp] 
12E8    8B 3E 00 00               mov         di,word ptr _SecBuffer 
12EC    E8 00 00                  call        parse_val_ 
12EF    85 C0                     test        ax,ax 
12F1    75 07                     jne         L$172 
12F3    1E                        push        ds 
12F4    BA A7 08                  mov         dx,offset DGROUP:L$750 
12F7    E9 D4 FB                  jmp         L$133 
12FA                          L$172:
12FA    C7 86 4A FF 08 00         mov         word ptr -0xb6[bp],0x0008 
1300    8D 9E 4A FF               lea         bx,-0xb6[bp] 
1304    8D 46 82                  lea         ax,-0x7e[bp] 
1307    8C D1                     mov         cx,ss 
1309    8C D2                     mov         dx,ss 
130B    C7 86 4C FF 00 00         mov         word ptr -0xb4[bp],0x0000 
1311    E8 00 00                  call        parse_val_ 
1314    83 BE 4C FF 00            cmp         word ptr -0xb4[bp],0x0000 
1319    75 07                     jne         L$173 
131B    83 BE 4A FF 02            cmp         word ptr -0xb6[bp],0x0002 
1320    72 11                     jb          L$174 
1322                          L$173:
1322    8B 86 4C FF               mov         ax,word ptr -0xb4[bp] 
1326    85 C0                     test        ax,ax 
1328    77 09                     ja          L$174 
132A    75 0E                     jne         L$175 
132C    83 BE 4A FF 20            cmp         word ptr -0xb6[bp],0x0020 
1331    76 07                     jbe         L$175 
1333                          L$174:
1333    1E                        push        ds 
1334    68 72 09                  push        offset DGROUP:L$751 
1337    E9 95 FB                  jmp         L$134 
133A                          L$175:
133A    8D 9E 4E FF               lea         bx,-0xb2[bp] 
133E    8D 46 82                  lea         ax,-0x7e[bp] 
1341    8C D1                     mov         cx,ss 
1343    8C D2                     mov         dx,ss 
1345    E8 00 00                  call        parse_val_ 
1348    85 C0                     test        ax,ax 
134A    74 20                     je          L$178 
134C    8B 86 50 FF               mov         ax,word ptr -0xb0[bp] 
1350    85 C0                     test        ax,ax 
1352    77 09                     ja          L$176 
1354    75 0E                     jne         L$177 
1356    83 BE 4E FF 01            cmp         word ptr -0xb2[bp],0x0001 
135B    76 07                     jbe         L$177 
135D                          L$176:
135D    1E                        push        ds 
135E    BA B9 09                  mov         dx,offset DGROUP:L$752 
1361    E9 6A FB                  jmp         L$133 
1364                          L$177:
1364    8B 86 4E FF               mov         ax,word ptr -0xb2[bp] 
1368    89 86 C8 00               mov         word ptr 0xc8[bp],ax 
136C                          L$178:
136C    8B 86 C8 00               mov         ax,word ptr 0xc8[bp] 
1370    85 C0                     test        ax,ax 
1372    74 03                     je          L$179 
1374    B8 10 00                  mov         ax,0x0010 
1377                          L$179:
1377    66 FF 76 DA               push        dword ptr -0x26[bp] 
137B    FF B6 4C FF               push        word ptr -0xb4[bp] 
137F    88 86 E8 00               mov         byte ptr 0xe8[bp],al 
1383    FF B6 4A FF               push        word ptr -0xb6[bp] 
1387    83 BE C8 00 00            cmp         word ptr 0xc8[bp],0x0000 
138C    74 05                     je          L$180 
138E    BA 5D 03                  mov         dx,offset DGROUP:L$709 
1391    EB 03                     jmp         L$181 
1393                          L$180:
1393    BA 63 03                  mov         dx,offset DGROUP:L$710 
1396                          L$181:
1396    8C D8                     mov         ax,ds 
1398    50                        push        ax 
1399    52                        push        dx 
139A    1E                        push        ds 
139B    68 DE 09                  push        offset DGROUP:L$753 
139E    E8 00 00                  call        _cprintf 
13A1    83 C4 10                  add         sp,0x0010 
13A4    8B 86 C8 00               mov         ax,word ptr 0xc8[bp] 
13A8    E8 00 00                  call        hd_set_8bit_ 
13AB    0F B6 86 4A FF            movzx       ax,byte ptr -0xb6[bp] 
13B0    50                        push        ax 
13B1    B9 00 10                  mov         cx,0x1000 
13B4    FF 76 DC                  push        word ptr -0x24[bp] 
13B7    31 DB                     xor         bx,bx 
13B9    FF 76 DA                  push        word ptr -0x26[bp] 
13BC    0F B6 86 E8 00            movzx       ax,byte ptr 0xe8[bp] 
13C1    E8 00 00                  call        IDE_READ_SECTOR_ 
13C4    85 C0                     test        ax,ax 
13C6    74 0D                     je          L$182 
13C8    50                        push        ax 
13C9    66 FF B6 4A FF            push        dword ptr -0xb6[bp] 
13CE    1E                        push        ds 
13CF    68 04 0A                  push        offset DGROUP:L$754 
13D2    E9 A5 FA                  jmp         L$131 
13D5                          L$182:
13D5    C7 86 BC 00 00 10         mov         word ptr 0xbc[bp],0x1000 
13DB    89 46 3E                  mov         word ptr 0x3e[bp],ax 
13DE    89 86 B4 00               mov         word ptr 0xb4[bp],ax 
13E2    89 BE B6 00               mov         word ptr 0xb6[bp],di 
13E6    31 D2                     xor         dx,dx 
13E8    8B 86 C6 00               mov         ax,word ptr 0xc6[bp] 
13EC    89 96 BA 00               mov         word ptr 0xba[bp],dx 
13F0    89 86 B8 00               mov         word ptr 0xb8[bp],ax 
13F4                          L$183:
13F4    3B 96 4A FF               cmp         dx,word ptr -0xb6[bp] 
13F8    0F 83 A1 00               jae         L$188 
13FC    6A 01                     push        0x0001 
13FE    8B 46 DA                  mov         ax,word ptr -0x26[bp] 
1401    31 F6                     xor         si,si 
1403    01 D0                     add         ax,dx 
1405    8B 5E DC                  mov         bx,word ptr -0x24[bp] 
1408    11 F3                     adc         bx,si 
140A    53                        push        bx 
140B    8B 8E C6 00               mov         cx,word ptr 0xc6[bp] 
140F    50                        push        ax 
1410    89 FB                     mov         bx,di 
1412    0F B6 86 E8 00            movzx       ax,byte ptr 0xe8[bp] 
1417    E8 00 00                  call        IDE_READ_SECTOR_ 
141A    85 C0                     test        ax,ax 
141C    74 18                     je          L$184 
141E    50                        push        ax 
141F    03 56 DA                  add         dx,word ptr -0x26[bp] 
1422    8B 46 DC                  mov         ax,word ptr -0x24[bp] 
1425    11 F0                     adc         ax,si 
1427    50                        push        ax 
1428    52                        push        dx 
1429    1E                        push        ds 
142A    68 35 0A                  push        offset DGROUP:L$755 
142D    E8 00 00                  call        _cprintf 
1430    83 C4 0A                  add         sp,0x000a 
1433    E9 8F 00                  jmp         L$191 
1436                          L$184:
1436    8B B6 B6 00               mov         si,word ptr 0xb6[bp] 
143A    8B 9E B8 00               mov         bx,word ptr 0xb8[bp] 
143E    8B 8E BC 00               mov         cx,word ptr 0xbc[bp] 
1442    89 9E B0 00               mov         word ptr 0xb0[bp],bx 
1446    8B 9E BA 00               mov         bx,word ptr 0xba[bp] 
144A    89 8E B2 00               mov         word ptr 0xb2[bp],cx 
144E    03 9E B4 00               add         bx,word ptr 0xb4[bp] 
1452    EB 08                     jmp         L$186 
1454                          L$185:
1454    46                        inc         si 
1455    40                        inc         ax 
1456    43                        inc         bx 
1457    3D 00 02                  cmp         ax,0x0200 
145A    73 38                     jae         L$187 
145C                          L$186:
145C    8E 86 B2 00               mov         es,word ptr 0xb2[bp] 
1460    26 8A 0F                  mov         cl,byte ptr es:[bx] 
1463    8E 86 B0 00               mov         es,word ptr 0xb0[bp] 
1467    26 3A 0C                  cmp         cl,byte ptr es:[si] 
146A    74 E8                     je          L$185 
146C    26 0F B6 0C               movzx       cx,byte ptr es:[si] 
1470    8E 86 B2 00               mov         es,word ptr 0xb2[bp] 
1474    51                        push        cx 
1475    26 0F B6 1F               movzx       bx,byte ptr es:[bx] 
1479    53                        push        bx 
147A    8B 5E DA                  mov         bx,word ptr -0x26[bp] 
147D    50                        push        ax 
147E    31 C0                     xor         ax,ax 
1480    01 D3                     add         bx,dx 
1482    13 46 DC                  adc         ax,word ptr -0x24[bp] 
1485    50                        push        ax 
1486    53                        push        bx 
1487    52                        push        dx 
1488    1E                        push        ds 
1489    68 69 0A                  push        offset DGROUP:L$756 
148C    E8 00 00                  call        _cprintf 
148F    83 C4 10                  add         sp,0x0010 
1492    EB 31                     jmp         L$191 
1494                          L$187:
1494    80 86 B5 00 02            add         byte ptr 0xb5[bp],0x02 
1499    42                        inc         dx 
149A    E9 57 FF                  jmp         L$183 
149D                          L$188:
149D    83 7E 3E 00               cmp         word ptr 0x3e[bp],0x0000 
14A1    75 22                     jne         L$191 
14A3    66 FF B6 4A FF            push        dword ptr -0xb6[bp] 
14A8    83 BE C8 00 00            cmp         word ptr 0xc8[bp],0x0000 
14AD    74 05                     je          L$189 
14AF    BA 5D 03                  mov         dx,offset DGROUP:L$709 
14B2    EB 03                     jmp         L$190 
14B4                          L$189:
14B4    BA 63 03                  mov         dx,offset DGROUP:L$710 
14B7                          L$190:
14B7    8C D8                     mov         ax,ds 
14B9    50                        push        ax 
14BA    52                        push        dx 
14BB    1E                        push        ds 
14BC    68 B2 0A                  push        offset DGROUP:L$757 
14BF    E8 00 00                  call        _cprintf 
14C2    83 C4 0C                  add         sp,0x000c 
14C5                          L$191:
14C5    1E                        push        ds 
14C6    68 F1 0A                  push        offset DGROUP:L$758 
14C9    E8 00 00                  call        _cprintf 
14CC    83 C4 04                  add         sp,0x0004 
14CF    6A 00                     push        0x0000 
14D1    0F B6 86 E8 00            movzx       ax,byte ptr 0xe8[bp] 
14D6    FF 76 DC                  push        word ptr -0x24[bp] 
14D9    8B 8E C6 00               mov         cx,word ptr 0xc6[bp] 
14DD    FF 76 DA                  push        word ptr -0x26[bp] 
14E0    89 FB                     mov         bx,di 
14E2    E8 00 00                  call        IDE_READ_SECTOR_ 
14E5    50                        push        ax 
14E6    1E                        push        ds 
14E7    68 0F 0B                  push        offset DGROUP:L$759 
14EA                          L$192:
14EA    E8 00 00                  call        _cprintf 
14ED    83 C4 06                  add         sp,0x0006 
14F0    E9 8D F9                  jmp         L$132 
14F3                          L$193:
14F3    BB 28 0B                  mov         bx,offset DGROUP:L$760 
14F6    8D 46 82                  lea         ax,-0x7e[bp] 
14F9    8C D9                     mov         cx,ds 
14FB    8C D2                     mov         dx,ss 
14FD    E8 00 00                  call        is_cmd_ 
1500    85 C0                     test        ax,ax 
1502    0F 84 38 01               je          L$205 
1506    8D 9E 52 FF               lea         bx,-0xae[bp] 
150A    A1 02 00                  mov         ax,word ptr _SecBuffer+0x2 
150D    8C D1                     mov         cx,ss 
150F    8C D2                     mov         dx,ss 
1511    89 46 EE                  mov         word ptr -0x12[bp],ax 
1514    8D 46 82                  lea         ax,-0x7e[bp] 
1517    8B 36 00 00               mov         si,word ptr _SecBuffer 
151B    E8 00 00                  call        parse_val_ 
151E    85 C0                     test        ax,ax 
1520    75 07                     jne         L$194 
1522    1E                        push        ds 
1523    BA 2D 0B                  mov         dx,offset DGROUP:L$761 
1526    E9 A5 F9                  jmp         L$133 
1529                          L$194:
1529    31 C0                     xor         ax,ax 
152B    E8 00 00                  call        hd_set_8bit_ 
152E    8B 86 54 FF               mov         ax,word ptr -0xac[bp] 
1532    C1 E8 08                  shr         ax,0x08 
1535    31 DB                     xor         bx,bx 
1537    25 0F 00                  and         ax,0x000f 
153A    0C E0                     or          al,0xe0 
153C    89 C2                     mov         dx,ax 
153E    B8 F6 01                  mov         ax,0x01f6 
1541    E8 00 00                  call        io_write_ 
1544    BA 02 00                  mov         dx,0x0002 
1547    B8 F2 01                  mov         ax,0x01f2 
154A    31 DB                     xor         bx,bx 
154C    E8 00 00                  call        io_write_ 
154F    8B 96 52 FF               mov         dx,word ptr -0xae[bp] 
1553    B8 F3 01                  mov         ax,0x01f3 
1556    31 DB                     xor         bx,bx 
1558    30 F6                     xor         dh,dh 
155A    E8 00 00                  call        io_write_ 
155D    8B 86 52 FF               mov         ax,word ptr -0xae[bp] 
1561    8B BE 54 FF               mov         di,word ptr -0xac[bp] 
1565    B9 08 00                  mov         cx,0x0008 
1568                          L$195:
1568    D1 EF                     shr         di,0x01 
156A    D1 D8                     rcr         ax,0x01 
156C    E2 FA                     loop        L$195 
156E    30 E4                     xor         ah,ah 
1570    31 DB                     xor         bx,bx 
1572    89 C2                     mov         dx,ax 
1574    B8 F4 01                  mov         ax,0x01f4 
1577    E8 00 00                  call        io_write_ 
157A    8B 86 54 FF               mov         ax,word ptr -0xac[bp] 
157E    30 E4                     xor         ah,ah 
1580    31 DB                     xor         bx,bx 
1582    89 C2                     mov         dx,ax 
1584    B8 F5 01                  mov         ax,0x01f5 
1587    E8 00 00                  call        io_write_ 
158A    BA 20 00                  mov         dx,0x0020 
158D    B8 F7 01                  mov         ax,0x01f7 
1590    31 DB                     xor         bx,bx 
1592    C7 46 14 00 00            mov         word ptr 0x14[bp],0x0000 
1597    E8 00 00                  call        io_write_ 
159A    EB 39                     jmp         L$197 
159C                          L$196:
159C    8E 46 EE                  mov         es,word ptr -0x12[bp] 
159F    26 0F B6 84 FF 01         movzx       ax,byte ptr es:0x1ff[si] 
15A5    50                        push        ax 
15A6    26 0F B6 84 FE 01         movzx       ax,byte ptr es:0x1fe[si] 
15AC    50                        push        ax 
15AD    26 0F B6 84 FD 01         movzx       ax,byte ptr es:0x1fd[si] 
15B3    50                        push        ax 
15B4    26 0F B6 84 FC 01         movzx       ax,byte ptr es:0x1fc[si] 
15BA    50                        push        ax 
15BB    51                        push        cx 
15BC    53                        push        bx 
15BD    FF 76 14                  push        word ptr 0x14[bp] 
15C0    1E                        push        ds 
15C1    68 5F 0B                  push        offset DGROUP:L$763 
15C4    FF 46 14                  inc         word ptr 0x14[bp] 
15C7    E8 00 00                  call        _cprintf 
15CA    83 C4 12                  add         sp,0x0012 
15CD    83 7E 14 02               cmp         word ptr 0x14[bp],0x0002 
15D1    0F 83 AB F8               jae         L$132 
15D5                          L$197:
15D5    31 DB                     xor         bx,bx 
15D7    EB 07                     jmp         L$199 
15D9                          L$198:
15D9    43                        inc         bx 
15DA    81 FB 30 75               cmp         bx,0x7530 
15DE    73 16                     jae         L$200 
15E0                          L$199:
15E0    B8 F7 01                  mov         ax,0x01f7 
15E3    31 D2                     xor         dx,dx 
15E5    E8 00 00                  call        io_read_ 
15E8    89 C2                     mov         dx,ax 
15EA    A8 01                     test        al,0x01 
15EC    75 08                     jne         L$200 
15EE    25 88 00                  and         ax,0x0088 
15F1    3D 08 00                  cmp         ax,0x0008 
15F4    75 E3                     jne         L$198 
15F6                          L$200:
15F6    F6 C2 08                  test        dl,0x08 
15F9    75 0B                     jne         L$201 
15FB    52                        push        dx 
15FC    FF 76 14                  push        word ptr 0x14[bp] 
15FF    1E                        push        ds 
1600    68 40 0B                  push        offset DGROUP:L$762 
1603    E9 90 00                  jmp         L$208 
1606                          L$201:
1606    31 DB                     xor         bx,bx 
1608    EB 12                     jmp         L$204 
160A                          L$202:
160A    BF FF 01                  mov         di,0x01ff 
160D                          L$203:
160D    8E 46 EE                  mov         es,word ptr -0x12[bp] 
1610    01 F7                     add         di,si 
1612    43                        inc         bx 
1613    26 88 05                  mov         byte ptr es:[di],al 
1616    81 FB 58 02               cmp         bx,0x0258 
161A    73 80                     jae         L$196 
161C                          L$204:
161C    B8 F7 01                  mov         ax,0x01f7 
161F    31 D2                     xor         dx,dx 
1621    E8 00 00                  call        io_read_ 
1624    89 C1                     mov         cx,ax 
1626    A8 08                     test        al,0x08 
1628    0F 84 70 FF               je          L$196 
162C    B8 F0 01                  mov         ax,0x01f0 
162F    31 D2                     xor         dx,dx 
1631    E8 00 00                  call        io_read_ 
1634    81 FB 00 02               cmp         bx,0x0200 
1638    73 D0                     jae         L$202 
163A    89 DF                     mov         di,bx 
163C    EB CF                     jmp         L$203 
163E                          L$205:
163E    BB 9D 0B                  mov         bx,offset DGROUP:L$764 
1641    8D 46 82                  lea         ax,-0x7e[bp] 
1644    8C D9                     mov         cx,ds 
1646    8C D2                     mov         dx,ss 
1648    E8 00 00                  call        is_cmd_ 
164B    85 C0                     test        ax,ax 
164D    0F 84 3C 02               je          L$229 
1651    8D 5E D2                  lea         bx,-0x2e[bp] 
1654    A1 02 00                  mov         ax,word ptr _SecBuffer+0x2 
1657    8C D1                     mov         cx,ss 
1659    8C D2                     mov         dx,ss 
165B    89 86 DE 00               mov         word ptr 0xde[bp],ax 
165F    8D 46 82                  lea         ax,-0x7e[bp] 
1662    8B 36 00 00               mov         si,word ptr _SecBuffer 
1666    E8 00 00                  call        parse_val_ 
1669    85 C0                     test        ax,ax 
166B    75 07                     jne         L$206 
166D    1E                        push        ds 
166E    BA A5 0B                  mov         dx,offset DGROUP:L$765 
1671    E9 5A F8                  jmp         L$133 
1674                          L$206:
1674    B8 01 00                  mov         ax,0x0001 
1677    50                        push        ax 
1678    8B 8E DE 00               mov         cx,word ptr 0xde[bp] 
167C    FF 76 D4                  push        word ptr -0x2c[bp] 
167F    89 F3                     mov         bx,si 
1681    FF 76 D2                  push        word ptr -0x2e[bp] 
1684    31 C0                     xor         ax,ax 
1686    E8 00 00                  call        IDE_READ_SECTOR_ 
1689    85 C0                     test        ax,ax 
168B    74 12                     je          L$209 
168D    66 FF 76 D2               push        dword ptr -0x2e[bp] 
1691    1E                        push        ds 
1692    BA DC 0B                  mov         dx,offset DGROUP:L$766 
1695                          L$207:
1695    52                        push        dx 
1696                          L$208:
1696    E8 00 00                  call        _cprintf 
1699    83 C4 08                  add         sp,0x0008 
169C    E9 E1 F7                  jmp         L$132 
169F                          L$209:
169F    8B 96 DE 00               mov         dx,word ptr 0xde[bp] 
16A3    89 86 DA 00               mov         word ptr 0xda[bp],ax 
16A7    89 F3                     mov         bx,si 
16A9    8E C2                     mov         es,dx 
16AB                          L$210:
16AB    8B BE DA 00               mov         di,word ptr 0xda[bp] 
16AF    26 8A 87 F0 01            mov         al,byte ptr es:0x1f0[bx] 
16B4    43                        inc         bx 
16B5    FF 86 DA 00               inc         word ptr 0xda[bp] 
16B9    88 83 F0 FE               mov         byte ptr -0x110[bp+di],al 
16BD    83 BE DA 00 10            cmp         word ptr 0xda[bp],0x0010 
16C2    72 E7                     jb          L$210 
16C4    8E 86 DE 00               mov         es,word ptr 0xde[bp] 
16C8    26 0F B6 84 FF 01         movzx       ax,byte ptr es:0x1ff[si] 
16CE    50                        push        ax 
16CF    26 0F B6 84 FE 01         movzx       ax,byte ptr es:0x1fe[si] 
16D5    50                        push        ax 
16D6    26 0F B6 84 FD 01         movzx       ax,byte ptr es:0x1fd[si] 
16DC    50                        push        ax 
16DD    26 0F B6 84 FC 01         movzx       ax,byte ptr es:0x1fc[si] 
16E3    50                        push        ax 
16E4    26 0F B6 44 03            movzx       ax,byte ptr es:0x3[si] 
16E9    50                        push        ax 
16EA    26 0F B6 44 02            movzx       ax,byte ptr es:0x2[si] 
16EF    50                        push        ax 
16F0    26 0F B6 44 01            movzx       ax,byte ptr es:0x1[si] 
16F5    50                        push        ax 
16F6    26 0F B6 04               movzx       ax,byte ptr es:[si] 
16FA    50                        push        ax 
16FB    1E                        push        ds 
16FC    68 F8 0B                  push        offset DGROUP:L$767 
16FF    E8 00 00                  call        _cprintf 
1702    83 C4 14                  add         sp,0x0014 
1705    6A 01                     push        0x0001 
1707    8B 8E DE 00               mov         cx,word ptr 0xde[bp] 
170B    FF 76 D4                  push        word ptr -0x2c[bp] 
170E    89 F3                     mov         bx,si 
1710    FF 76 D2                  push        word ptr -0x2e[bp] 
1713    31 C0                     xor         ax,ax 
1715    E8 00 00                  call        IDE_READ_SECTOR_ 
1718    85 C0                     test        ax,ax 
171A    74 07                     je          L$211 
171C    1E                        push        ds 
171D    68 3D 0C                  push        offset DGROUP:L$768 
1720    E9 AC F7                  jmp         L$134 
1723                          L$211:
1723    8E 86 DE 00               mov         es,word ptr 0xde[bp] 
1727    89 86 DA 00               mov         word ptr 0xda[bp],ax 
172B    89 F3                     mov         bx,si 
172D    31 D2                     xor         dx,dx 
172F    EB 0C                     jmp         L$213 
1731                          L$212:
1731    FF 86 DA 00               inc         word ptr 0xda[bp] 
1735    43                        inc         bx 
1736    83 BE DA 00 10            cmp         word ptr 0xda[bp],0x0010 
173B    73 12                     jae         L$214 
173D                          L$213:
173D    8B BE DA 00               mov         di,word ptr 0xda[bp] 
1741    26 8A 87 F0 01            mov         al,byte ptr es:0x1f0[bx] 
1746    3A 83 F0 FE               cmp         al,byte ptr -0x110[bp+di] 
174A    74 E5                     je          L$212 
174C    42                        inc         dx 
174D    EB E2                     jmp         L$212 
174F                          L$214:
174F    85 D2                     test        dx,dx 
1751    74 05                     je          L$215 
1753    B8 55 0C                  mov         ax,offset DGROUP:L$769 
1756    EB 03                     jmp         L$216 
1758                          L$215:
1758    B8 79 0C                  mov         ax,offset DGROUP:L$770 
175B                          L$216:
175B    8C DA                     mov         dx,ds 
175D    52                        push        dx 
175E    50                        push        ax 
175F    1E                        push        ds 
1760    68 7F 0C                  push        offset DGROUP:L$771 
1763    C7 86 DA 00 00 00         mov         word ptr 0xda[bp],0x0000 
1769    E8 00 00                  call        _cprintf 
176C    8E 86 DE 00               mov         es,word ptr 0xde[bp] 
1770    83 C4 08                  add         sp,0x0008 
1773    89 F3                     mov         bx,si 
1775                          L$217:
1775    8A 86 DA 00               mov         al,byte ptr 0xda[bp] 
1779    34 5A                     xor         al,0x5a 
177B    FF 86 DA 00               inc         word ptr 0xda[bp] 
177F    26 88 07                  mov         byte ptr es:[bx],al 
1782    43                        inc         bx 
1783    81 BE DA 00 00 02         cmp         word ptr 0xda[bp],0x0200 
1789    72 EA                     jb          L$217 
178B    6A 01                     push        0x0001 
178D    8B 8E DE 00               mov         cx,word ptr 0xde[bp] 
1791    FF 76 D4                  push        word ptr -0x2c[bp] 
1794    89 F3                     mov         bx,si 
1796    FF 76 D2                  push        word ptr -0x2e[bp] 
1799    31 C0                     xor         ax,ax 
179B    E8 00 00                  call        IDE_WRITE_SECTOR_ 
179E    85 C0                     test        ax,ax 
17A0    74 07                     je          L$218 
17A2    66 FF 76 D2               push        dword ptr -0x2e[bp] 
17A6    E9 5F FA                  jmp         L$159 
17A9                          L$218:
17A9    8E 86 DE 00               mov         es,word ptr 0xde[bp] 
17AD    89 86 DA 00               mov         word ptr 0xda[bp],ax 
17B1    89 F3                     mov         bx,si 
17B3                          L$219:
17B3    FF 86 DA 00               inc         word ptr 0xda[bp] 
17B7    26 C6 07 00               mov         byte ptr es:[bx],0x00 
17BB    43                        inc         bx 
17BC    81 BE DA 00 00 02         cmp         word ptr 0xda[bp],0x0200 
17C2    72 EF                     jb          L$219 
17C4    6A 01                     push        0x0001 
17C6    8B 8E DE 00               mov         cx,word ptr 0xde[bp] 
17CA    FF 76 D4                  push        word ptr -0x2c[bp] 
17CD    89 F3                     mov         bx,si 
17CF    FF 76 D2                  push        word ptr -0x2e[bp] 
17D2    31 C0                     xor         ax,ax 
17D4    E8 00 00                  call        IDE_READ_SECTOR_ 
17D7    85 C0                     test        ax,ax 
17D9    74 07                     je          L$220 
17DB    66 FF 76 D2               push        dword ptr -0x2e[bp] 
17DF    E9 59 FA                  jmp         L$162 
17E2                          L$220:
17E2    C7 86 DC 00 FF FF         mov         word ptr 0xdc[bp],0xffff 
17E8    8E 86 DE 00               mov         es,word ptr 0xde[bp] 
17EC    89 86 DA 00               mov         word ptr 0xda[bp],ax 
17F0    89 F2                     mov         dx,si 
17F2    31 FF                     xor         di,di 
17F4    EB 0D                     jmp         L$222 
17F6                          L$221:
17F6    FF 86 DA 00               inc         word ptr 0xda[bp] 
17FA    42                        inc         dx 
17FB    81 BE DA 00 00 02         cmp         word ptr 0xda[bp],0x0200 
1801    73 1F                     jae         L$224 
1803                          L$222:
1803    8A 86 DA 00               mov         al,byte ptr 0xda[bp] 
1807    89 D3                     mov         bx,dx 
1809    34 5A                     xor         al,0x5a 
180B    26 3A 07                  cmp         al,byte ptr es:[bx] 
180E    74 E6                     je          L$221 
1810    83 BE DC 00 FF            cmp         word ptr 0xdc[bp],0xffff 
1815    75 08                     jne         L$223 
1817    8B 9E DA 00               mov         bx,word ptr 0xda[bp] 
181B    89 9E DC 00               mov         word ptr 0xdc[bp],bx 
181F                          L$223:
181F    47                        inc         di 
1820    EB D4                     jmp         L$221 
1822                          L$224:
1822    68 00 02                  push        0x0200 
1825    57                        push        di 
1826    66 FF 76 D2               push        dword ptr -0x2e[bp] 
182A    1E                        push        ds 
182B    68 A0 0C                  push        offset DGROUP:L$772 
182E    E8 00 00                  call        _cprintf 
1831    83 C4 0C                  add         sp,0x000c 
1834    85 FF                     test        di,di 
1836    74 22                     je          L$225 
1838    C4 9E DC 00               les         bx,dword ptr 0xdc[bp] 
183C    01 F3                     add         bx,si 
183E    26 0F B6 07               movzx       ax,byte ptr es:[bx] 
1842    50                        push        ax 
1843    8A 86 DC 00               mov         al,byte ptr 0xdc[bp] 
1847    34 5A                     xor         al,0x5a 
1849    30 E4                     xor         ah,ah 
184B    50                        push        ax 
184C    FF B6 DC 00               push        word ptr 0xdc[bp] 
1850    1E                        push        ds 
1851    68 CA 0C                  push        offset DGROUP:L$773 
1854    E8 00 00                  call        _cprintf 
1857    83 C4 0A                  add         sp,0x000a 
185A                          L$225:
185A    8E 86 DE 00               mov         es,word ptr 0xde[bp] 
185E    26 80 BC FF 01 A5         cmp         byte ptr es:0x1ff[si],0xa5 
1864    75 05                     jne         L$226 
1866    BA F3 0C                  mov         dx,offset DGROUP:L$774 
1869    EB 03                     jmp         L$227 
186B                          L$226:
186B    BA F6 0C                  mov         dx,offset DGROUP:L$775 
186E                          L$227:
186E    8C D8                     mov         ax,ds 
1870    50                        push        ax 
1871    8E 86 DE 00               mov         es,word ptr 0xde[bp] 
1875    52                        push        dx 
1876    26 0F B6 84 FF 01         movzx       ax,byte ptr es:0x1ff[si] 
187C    50                        push        ax 
187D    68 A5 00                  push        0x00a5 
1880    1E                        push        ds 
1881    68 FC 0C                  push        offset DGROUP:L$776 
1884                          L$228:
1884    E8 00 00                  call        _cprintf 
1887    83 C4 0C                  add         sp,0x000c 
188A    E9 F3 F5                  jmp         L$132 
188D                          L$229:
188D    BB 23 0D                  mov         bx,offset DGROUP:L$777 
1890    8D 46 82                  lea         ax,-0x7e[bp] 
1893    8C D9                     mov         cx,ds 
1895    8C D2                     mov         dx,ss 
1897    E8 00 00                  call        is_cmd_ 
189A    85 C0                     test        ax,ax 
189C    0F 84 8A 01               je          L$241 
18A0    8D 9E 62 FF               lea         bx,-0x9e[bp] 
18A4    A1 02 00                  mov         ax,word ptr _SecBuffer+0x2 
18A7    8C D1                     mov         cx,ss 
18A9    8C D2                     mov         dx,ss 
18AB    89 46 F0                  mov         word ptr -0x10[bp],ax 
18AE    8D 46 82                  lea         ax,-0x7e[bp] 
18B1    8B 36 00 00               mov         si,word ptr _SecBuffer 
18B5    E8 00 00                  call        parse_val_ 
18B8    85 C0                     test        ax,ax 
18BA    75 07                     jne         L$230 
18BC    1E                        push        ds 
18BD    BA 2C 0D                  mov         dx,offset DGROUP:L$778 
18C0    E9 0B F6                  jmp         L$133 
18C3                          L$230:
18C3    BA 81 00                  mov         dx,0x0081 
18C6    B8 F1 01                  mov         ax,0x01f1 
18C9    31 DB                     xor         bx,bx 
18CB    E8 00 00                  call        io_write_ 
18CE    BA EF 00                  mov         dx,0x00ef 
18D1    B8 F7 01                  mov         ax,0x01f7 
18D4    31 DB                     xor         bx,bx 
18D6    E8 00 00                  call        io_write_ 
18D9    31 DB                     xor         bx,bx 
18DB    EB 07                     jmp         L$232 
18DD                          L$231:
18DD    43                        inc         bx 
18DE    81 FB 30 75               cmp         bx,0x7530 
18E2    73 0E                     jae         L$233 
18E4                          L$232:
18E4    B8 F7 01                  mov         ax,0x01f7 
18E7    31 D2                     xor         dx,dx 
18E9    E8 00 00                  call        io_read_ 
18EC    89 C2                     mov         dx,ax 
18EE    A8 80                     test        al,0x80 
18F0    75 EB                     jne         L$231 
18F2                          L$233:
18F2    52                        push        dx 
18F3    1E                        push        ds 
18F4    68 43 0D                  push        offset DGROUP:L$779 
18F7    E8 00 00                  call        _cprintf 
18FA    8B 86 64 FF               mov         ax,word ptr -0x9c[bp] 
18FE    C1 E8 08                  shr         ax,0x08 
1901    83 C4 06                  add         sp,0x0006 
1904    25 0F 00                  and         ax,0x000f 
1907    0C E0                     or          al,0xe0 
1909    31 DB                     xor         bx,bx 
190B    89 C2                     mov         dx,ax 
190D    B8 F6 01                  mov         ax,0x01f6 
1910    E8 00 00                  call        io_write_ 
1913    BA 01 00                  mov         dx,0x0001 
1916    B8 F2 01                  mov         ax,0x01f2 
1919    31 DB                     xor         bx,bx 
191B    E8 00 00                  call        io_write_ 
191E    8B 96 62 FF               mov         dx,word ptr -0x9e[bp] 
1922    B8 F3 01                  mov         ax,0x01f3 
1925    31 DB                     xor         bx,bx 
1927    30 F6                     xor         dh,dh 
1929    E8 00 00                  call        io_write_ 
192C    8B 86 62 FF               mov         ax,word ptr -0x9e[bp] 
1930    8B BE 64 FF               mov         di,word ptr -0x9c[bp] 
1934    B9 08 00                  mov         cx,0x0008 
1937                          L$234:
1937    D1 EF                     shr         di,0x01 
1939    D1 D8                     rcr         ax,0x01 
193B    E2 FA                     loop        L$234 
193D    30 E4                     xor         ah,ah 
193F    31 DB                     xor         bx,bx 
1941    89 C2                     mov         dx,ax 
1943    B8 F4 01                  mov         ax,0x01f4 
1946    E8 00 00                  call        io_write_ 
1949    8B 96 64 FF               mov         dx,word ptr -0x9c[bp] 
194D    B8 F5 01                  mov         ax,0x01f5 
1950    31 DB                     xor         bx,bx 
1952    30 F6                     xor         dh,dh 
1954    E8 00 00                  call        io_write_ 
1957    BA 20 00                  mov         dx,0x0020 
195A    B8 F7 01                  mov         ax,0x01f7 
195D    31 DB                     xor         bx,bx 
195F    E8 00 00                  call        io_write_ 
1962    31 DB                     xor         bx,bx 
1964    EB 07                     jmp         L$236 
1966                          L$235:
1966    43                        inc         bx 
1967    81 FB 30 75               cmp         bx,0x7530 
196B    73 17                     jae         L$237 
196D                          L$236:
196D    B8 F7 01                  mov         ax,0x01f7 
1970    31 D2                     xor         dx,dx 
1972    E8 00 00                  call        io_read_ 
1975    89 C2                     mov         dx,ax 
1977    A8 01                     test        al,0x01 
1979    75 09                     jne         L$237 
197B    30 E4                     xor         ah,ah 
197D    24 88                     and         al,0x88 
197F    3D 08 00                  cmp         ax,0x0008 
1982    75 E2                     jne         L$235 
1984                          L$237:
1984    52                        push        dx 
1985    1E                        push        ds 
1986    68 64 0D                  push        offset DGROUP:L$780 
1989    31 FF                     xor         di,di 
198B    E8 00 00                  call        _cprintf 
198E    8B 4E F0                  mov         cx,word ptr -0x10[bp] 
1991    83 C4 06                  add         sp,0x0006 
1994    89 F3                     mov         bx,si 
1996    EB 1E                     jmp         L$239 
1998                          L$238:
1998    BA 01 00                  mov         dx,0x0001 
199B    B8 F0 01                  mov         ax,0x01f0 
199E    E8 00 00                  call        io_read_ 
19A1    8E C1                     mov         es,cx 
19A3    26 88 07                  mov         byte ptr es:[bx],al 
19A6    C1 E8 08                  shr         ax,0x08 
19A9    43                        inc         bx 
19AA    43                        inc         bx 
19AB    47                        inc         di 
19AC    26 88 47 FF               mov         byte ptr es:-0x1[bx],al 
19B0    81 FF 00 01               cmp         di,0x0100 
19B4    73 10                     jae         L$240 
19B6                          L$239:
19B6    B8 F7 01                  mov         ax,0x01f7 
19B9    31 D2                     xor         dx,dx 
19BB    E8 00 00                  call        io_read_ 
19BE    89 86 CC 00               mov         word ptr 0xcc[bp],ax 
19C2    A8 08                     test        al,0x08 
19C4    75 D2                     jne         L$238 
19C6                          L$240:
19C6    FF B6 CC 00               push        word ptr 0xcc[bp] 
19CA    57                        push        di 
19CB    1E                        push        ds 
19CC    68 78 0D                  push        offset DGROUP:L$781 
19CF    E8 00 00                  call        _cprintf 
19D2    8E 46 F0                  mov         es,word ptr -0x10[bp] 
19D5    83 C4 08                  add         sp,0x0008 
19D8    26 0F B6 44 03            movzx       ax,byte ptr es:0x3[si] 
19DD    50                        push        ax 
19DE    26 0F B6 44 02            movzx       ax,byte ptr es:0x2[si] 
19E3    50                        push        ax 
19E4    26 0F B6 44 01            movzx       ax,byte ptr es:0x1[si] 
19E9    50                        push        ax 
19EA    26 0F B6 04               movzx       ax,byte ptr es:[si] 
19EE    50                        push        ax 
19EF    1E                        push        ds 
19F0    68 A4 0D                  push        offset DGROUP:L$782 
19F3    E8 00 00                  call        _cprintf 
19F6    8E 46 F0                  mov         es,word ptr -0x10[bp] 
19F9    83 C4 0C                  add         sp,0x000c 
19FC    26 0F B6 84 FF 01         movzx       ax,byte ptr es:0x1ff[si] 
1A02    50                        push        ax 
1A03    26 0F B6 84 FE 01         movzx       ax,byte ptr es:0x1fe[si] 
1A09    50                        push        ax 
1A0A    26 0F B6 84 FD 01         movzx       ax,byte ptr es:0x1fd[si] 
1A10    50                        push        ax 
1A11    26 0F B6 84 FC 01         movzx       ax,byte ptr es:0x1fc[si] 
1A17    50                        push        ax 
1A18    1E                        push        ds 
1A19    68 C9 0D                  push        offset DGROUP:L$783 
1A1C    E8 00 00                  call        _cprintf 
1A1F    83 C4 0C                  add         sp,0x000c 
1A22    31 C0                     xor         ax,ax 
1A24    E8 00 00                  call        hd_set_8bit_ 
1A27    E9 56 F4                  jmp         L$132 
1A2A                          L$241:
1A2A    BB EE 0D                  mov         bx,offset DGROUP:L$784 
1A2D    8D 46 82                  lea         ax,-0x7e[bp] 
1A30    8C D9                     mov         cx,ds 
1A32    8C D2                     mov         dx,ss 
1A34    E8 00 00                  call        is_cmd_ 
1A37    85 C0                     test        ax,ax 
1A39    0F 84 9D 02               je          L$256 
1A3D    8D 9E 6E FF               lea         bx,-0x92[bp] 
1A41    A1 02 00                  mov         ax,word ptr _SecBuffer+0x2 
1A44    8C D1                     mov         cx,ss 
1A46    8C D2                     mov         dx,ss 
1A48    89 46 F2                  mov         word ptr -0xe[bp],ax 
1A4B    8D 46 82                  lea         ax,-0x7e[bp] 
1A4E    8B 36 00 00               mov         si,word ptr _SecBuffer 
1A52    E8 00 00                  call        parse_val_ 
1A55    85 C0                     test        ax,ax 
1A57    75 07                     jne         L$242 
1A59    1E                        push        ds 
1A5A    BA F5 0D                  mov         dx,offset DGROUP:L$785 
1A5D    E9 6E F4                  jmp         L$133 
1A60                          L$242:
1A60    8E 46 F2                  mov         es,word ptr -0xe[bp] 
1A63    26 C6 84 FF 01 44         mov         byte ptr es:0x1ff[si],0x44 
1A69    26 0F B6 84 FF 01         movzx       ax,byte ptr es:0x1ff[si] 
1A6F    26 C6 84 FE 01 33         mov         byte ptr es:0x1fe[si],0x33 
1A75    50                        push        ax 
1A76    26 0F B6 84 FE 01         movzx       ax,byte ptr es:0x1fe[si] 
1A7C    26 C6 84 FD 01 22         mov         byte ptr es:0x1fd[si],0x22 
1A82    50                        push        ax 
1A83    26 0F B6 84 FD 01         movzx       ax,byte ptr es:0x1fd[si] 
1A89    26 C6 84 FC 01 11         mov         byte ptr es:0x1fc[si],0x11 
1A8F    50                        push        ax 
1A90    26 0F B6 84 FC 01         movzx       ax,byte ptr es:0x1fc[si] 
1A96    50                        push        ax 
1A97    1E                        push        ds 
1A98    B8 0A 0E                  mov         ax,offset DGROUP:L$786 
1A9B    50                        push        ax 
1A9C    E8 00 00                  call        _cprintf 
1A9F    83 C4 0C                  add         sp,0x000c 
1AA2    31 C0                     xor         ax,ax 
1AA4    E8 00 00                  call        hd_set_8bit_ 
1AA7    8B 96 70 FF               mov         dx,word ptr -0x90[bp] 
1AAB    31 DB                     xor         bx,bx 
1AAD    C1 EA 08                  shr         dx,0x08 
1AB0    B8 F6 01                  mov         ax,0x01f6 
1AB3    83 E2 0F                  and         dx,0x000f 
1AB6    80 CA E0                  or          dl,0xe0 
1AB9    E8 00 00                  call        io_write_ 
1ABC    BA 01 00                  mov         dx,0x0001 
1ABF    B8 F2 01                  mov         ax,0x01f2 
1AC2    31 DB                     xor         bx,bx 
1AC4    E8 00 00                  call        io_write_ 
1AC7    8B 96 6E FF               mov         dx,word ptr -0x92[bp] 
1ACB    B8 F3 01                  mov         ax,0x01f3 
1ACE    31 DB                     xor         bx,bx 
1AD0    30 F6                     xor         dh,dh 
1AD2    E8 00 00                  call        io_write_ 
1AD5    8B 86 6E FF               mov         ax,word ptr -0x92[bp] 
1AD9    8B BE 70 FF               mov         di,word ptr -0x90[bp] 
1ADD    B9 08 00                  mov         cx,0x0008 
1AE0                          L$243:
1AE0    D1 EF                     shr         di,0x01 
1AE2    D1 D8                     rcr         ax,0x01 
1AE4    E2 FA                     loop        L$243 
1AE6    30 E4                     xor         ah,ah 
1AE8    31 DB                     xor         bx,bx 
1AEA    89 C2                     mov         dx,ax 
1AEC    B8 F4 01                  mov         ax,0x01f4 
1AEF    E8 00 00                  call        io_write_ 
1AF2    8B 86 70 FF               mov         ax,word ptr -0x90[bp] 
1AF6    30 E4                     xor         ah,ah 
1AF8    31 DB                     xor         bx,bx 
1AFA    89 C2                     mov         dx,ax 
1AFC    B8 F5 01                  mov         ax,0x01f5 
1AFF    E8 00 00                  call        io_write_ 
1B02    BA 20 00                  mov         dx,0x0020 
1B05    B8 F7 01                  mov         ax,0x01f7 
1B08    31 DB                     xor         bx,bx 
1B0A    E8 00 00                  call        io_write_ 
1B0D    31 DB                     xor         bx,bx 
1B0F    EB 07                     jmp         L$245 
1B11                          L$244:
1B11    43                        inc         bx 
1B12    81 FB 30 75               cmp         bx,0x7530 
1B16    73 17                     jae         L$246 
1B18                          L$245:
1B18    B8 F7 01                  mov         ax,0x01f7 
1B1B    31 D2                     xor         dx,dx 
1B1D    E8 00 00                  call        io_read_ 
1B20    89 C2                     mov         dx,ax 
1B22    A8 01                     test        al,0x01 
1B24    75 09                     jne         L$246 
1B26    30 E4                     xor         ah,ah 
1B28    24 88                     and         al,0x88 
1B2A    3D 08 00                  cmp         ax,0x0008 
1B2D    75 E2                     jne         L$244 
1B2F                          L$246:
1B2F    52                        push        dx 
1B30    1E                        push        ds 
1B31    68 64 0D                  push        offset DGROUP:L$780 
1B34    E8 00 00                  call        _cprintf 
1B37    83 C4 06                  add         sp,0x0006 
1B3A    31 DB                     xor         bx,bx 
1B3C    EB 12                     jmp         L$249 
1B3E                          L$247:
1B3E    BF FF 01                  mov         di,0x01ff 
1B41                          L$248:
1B41    8E 46 F2                  mov         es,word ptr -0xe[bp] 
1B44    01 F7                     add         di,si 
1B46    43                        inc         bx 
1B47    26 88 05                  mov         byte ptr es:[di],al 
1B4A    81 FB 58 02               cmp         bx,0x0258 
1B4E    73 20                     jae         L$250 
1B50                          L$249:
1B50    B8 F7 01                  mov         ax,0x01f7 
1B53    31 D2                     xor         dx,dx 
1B55    E8 00 00                  call        io_read_ 
1B58    89 C1                     mov         cx,ax 
1B5A    A8 08                     test        al,0x08 
1B5C    74 12                     je          L$250 
1B5E    B8 F0 01                  mov         ax,0x01f0 
1B61    31 D2                     xor         dx,dx 
1B63    E8 00 00                  call        io_read_ 
1B66    81 FB 00 02               cmp         bx,0x0200 
1B6A    73 D2                     jae         L$247 
1B6C    89 DF                     mov         di,bx 
1B6E    EB D1                     jmp         L$248 
1B70                          L$250:
1B70    51                        push        cx 
1B71    53                        push        bx 
1B72    1E                        push        ds 
1B73    68 51 0E                  push        offset DGROUP:L$787 
1B76    E8 00 00                  call        _cprintf 
1B79    8E 46 F2                  mov         es,word ptr -0xe[bp] 
1B7C    83 C4 08                  add         sp,0x0008 
1B7F    26 0F B6 84 FF 01         movzx       ax,byte ptr es:0x1ff[si] 
1B85    50                        push        ax 
1B86    26 0F B6 84 FE 01         movzx       ax,byte ptr es:0x1fe[si] 
1B8C    50                        push        ax 
1B8D    26 0F B6 84 FD 01         movzx       ax,byte ptr es:0x1fd[si] 
1B93    50                        push        ax 
1B94    26 0F B6 84 FC 01         movzx       ax,byte ptr es:0x1fc[si] 
1B9A    50                        push        ax 
1B9B    1E                        push        ds 
1B9C    68 C9 0D                  push        offset DGROUP:L$783 
1B9F    E8 00 00                  call        _cprintf 
1BA2    B8 F7 01                  mov         ax,0x01f7 
1BA5    83 C4 0C                  add         sp,0x000c 
1BA8    31 D2                     xor         dx,dx 
1BAA    E8 00 00                  call        io_read_ 
1BAD    50                        push        ax 
1BAE    31 D2                     xor         dx,dx 
1BB0    B8 F0 01                  mov         ax,0x01f0 
1BB3    E8 00 00                  call        io_read_ 
1BB6    50                        push        ax 
1BB7    1E                        push        ds 
1BB8    68 7D 0E                  push        offset DGROUP:L$788 
1BBB    E8 00 00                  call        _cprintf 
1BBE    B8 F1 01                  mov         ax,0x01f1 
1BC1    83 C4 08                  add         sp,0x0008 
1BC4    31 D2                     xor         dx,dx 
1BC6    E8 00 00                  call        io_read_ 
1BC9    50                        push        ax 
1BCA    31 D2                     xor         dx,dx 
1BCC    B8 F9 01                  mov         ax,0x01f9 
1BCF    E8 00 00                  call        io_read_ 
1BD2    50                        push        ax 
1BD3    31 D2                     xor         dx,dx 
1BD5    B8 F8 01                  mov         ax,0x01f8 
1BD8    E8 00 00                  call        io_read_ 
1BDB    50                        push        ax 
1BDC    1E                        push        ds 
1BDD    68 B8 0E                  push        offset DGROUP:L$789 
1BE0    E8 00 00                  call        _cprintf 
1BE3    8B 86 70 FF               mov         ax,word ptr -0x90[bp] 
1BE7    C1 E8 08                  shr         ax,0x08 
1BEA    83 C4 0A                  add         sp,0x000a 
1BED    25 0F 00                  and         ax,0x000f 
1BF0    0C E0                     or          al,0xe0 
1BF2    31 DB                     xor         bx,bx 
1BF4    89 C2                     mov         dx,ax 
1BF6    B8 F6 01                  mov         ax,0x01f6 
1BF9    E8 00 00                  call        io_write_ 
1BFC    BA 01 00                  mov         dx,0x0001 
1BFF    B8 F2 01                  mov         ax,0x01f2 
1C02    31 DB                     xor         bx,bx 
1C04    E8 00 00                  call        io_write_ 
1C07    8B 96 6E FF               mov         dx,word ptr -0x92[bp] 
1C0B    B8 F3 01                  mov         ax,0x01f3 
1C0E    31 DB                     xor         bx,bx 
1C10    30 F6                     xor         dh,dh 
1C12    E8 00 00                  call        io_write_ 
1C15    8B 86 6E FF               mov         ax,word ptr -0x92[bp] 
1C19    8B BE 70 FF               mov         di,word ptr -0x90[bp] 
1C1D    B9 08 00                  mov         cx,0x0008 
1C20                          L$251:
1C20    D1 EF                     shr         di,0x01 
1C22    D1 D8                     rcr         ax,0x01 
1C24    E2 FA                     loop        L$251 
1C26    30 E4                     xor         ah,ah 
1C28    31 DB                     xor         bx,bx 
1C2A    89 C2                     mov         dx,ax 
1C2C    B8 F4 01                  mov         ax,0x01f4 
1C2F    E8 00 00                  call        io_write_ 
1C32    8B 96 70 FF               mov         dx,word ptr -0x90[bp] 
1C36    B8 F5 01                  mov         ax,0x01f5 
1C39    31 DB                     xor         bx,bx 
1C3B    30 F6                     xor         dh,dh 
1C3D    E8 00 00                  call        io_write_ 
1C40    BA 20 00                  mov         dx,0x0020 
1C43    B8 F7 01                  mov         ax,0x01f7 
1C46    31 DB                     xor         bx,bx 
1C48    E8 00 00                  call        io_write_ 
1C4B    31 DB                     xor         bx,bx 
1C4D    EB 07                     jmp         L$253 
1C4F                          L$252:
1C4F    43                        inc         bx 
1C50    81 FB 30 75               cmp         bx,0x7530 
1C54    73 15                     jae         L$254 
1C56                          L$253:
1C56    B8 F7 01                  mov         ax,0x01f7 
1C59    31 D2                     xor         dx,dx 
1C5B    E8 00 00                  call        io_read_ 
1C5E    A8 01                     test        al,0x01 
1C60    75 09                     jne         L$254 
1C62    30 E4                     xor         ah,ah 
1C64    24 88                     and         al,0x88 
1C66    3D 08 00                  cmp         ax,0x0008 
1C69    75 E4                     jne         L$252 
1C6B                          L$254:
1C6B    8B 7E F2                  mov         di,word ptr -0xe[bp] 
1C6E    89 F3                     mov         bx,si 
1C70    31 C9                     xor         cx,cx 
1C72                          L$255:
1C72    B8 F0 01                  mov         ax,0x01f0 
1C75    31 D2                     xor         dx,dx 
1C77    E8 00 00                  call        io_read_ 
1C7A    8E C7                     mov         es,di 
1C7C    41                        inc         cx 
1C7D    26 88 07                  mov         byte ptr es:[bx],al 
1C80    43                        inc         bx 
1C81    81 F9 00 02               cmp         cx,0x0200 
1C85    72 EB                     jb          L$255 
1C87    8E 46 F2                  mov         es,word ptr -0xe[bp] 
1C8A    26 0F B6 44 03            movzx       ax,byte ptr es:0x3[si] 
1C8F    50                        push        ax 
1C90    26 0F B6 44 02            movzx       ax,byte ptr es:0x2[si] 
1C95    50                        push        ax 
1C96    26 0F B6 44 01            movzx       ax,byte ptr es:0x1[si] 
1C9B    50                        push        ax 
1C9C    26 0F B6 04               movzx       ax,byte ptr es:[si] 
1CA0    50                        push        ax 
1CA1    1E                        push        ds 
1CA2    68 E8 0E                  push        offset DGROUP:L$790 
1CA5    E8 00 00                  call        _cprintf 
1CA8    B8 F7 01                  mov         ax,0x01f7 
1CAB    83 C4 0C                  add         sp,0x000c 
1CAE    31 D2                     xor         dx,dx 
1CB0    E8 00 00                  call        io_read_ 
1CB3    8E 46 F2                  mov         es,word ptr -0xe[bp] 
1CB6    50                        push        ax 
1CB7    26 0F B6 84 FF 01         movzx       ax,byte ptr es:0x1ff[si] 
1CBD    50                        push        ax 
1CBE    26 0F B6 84 FE 01         movzx       ax,byte ptr es:0x1fe[si] 
1CC4    50                        push        ax 
1CC5    26 0F B6 84 FD 01         movzx       ax,byte ptr es:0x1fd[si] 
1CCB    50                        push        ax 
1CCC    26 0F B6 84 FC 01         movzx       ax,byte ptr es:0x1fc[si] 
1CD2    50                        push        ax 
1CD3    1E                        push        ds 
1CD4    68 17 0F                  push        offset DGROUP:L$791 
1CD7    E9 CD F3                  jmp         L$144 
1CDA                          L$256:
1CDA    BB 5D 0F                  mov         bx,offset DGROUP:L$792 
1CDD    8D 46 82                  lea         ax,-0x7e[bp] 
1CE0    8C D9                     mov         cx,ds 
1CE2    8C D2                     mov         dx,ss 
1CE4    E8 00 00                  call        is_cmd_ 
1CE7    85 C0                     test        ax,ax 
1CE9    0F 84 29 01               je          L$261 
1CED    6A 04                     push        0x0004 
1CEF    16                        push        ss 
1CF0    8D 96 5A FF               lea         dx,-0xa6[bp] 
1CF4    52                        push        dx 
1CF5    6A 00                     push        0x0000 
1CF7    68 04 01                  push        0x0104 
1CFA    E8 00 00                  call        _pm_read 
1CFD    83 C4 0A                  add         sp,0x000a 
1D00    0F B6 86 5A FF            movzx       ax,byte ptr -0xa6[bp] 
1D05    50                        push        ax 
1D06    0F B6 86 5B FF            movzx       ax,byte ptr -0xa5[bp] 
1D0B    50                        push        ax 
1D0C    0F B6 86 5C FF            movzx       ax,byte ptr -0xa4[bp] 
1D11    8B 1E 00 00               mov         bx,word ptr _bda_ptr 
1D15    50                        push        ax 
1D16    0F B6 86 5D FF            movzx       ax,byte ptr -0xa3[bp] 
1D1B    8E 06 02 00               mov         es,word ptr _bda_ptr+0x2 
1D1F    50                        push        ax 
1D20    26 0F B6 87 E5 00         movzx       ax,byte ptr es:0xe5[bx] 
1D26    50                        push        ax 
1D27    26 0F B6 47 75            movzx       ax,byte ptr es:0x75[bx] 
1D2C    50                        push        ax 
1D2D    1E                        push        ds 
1D2E    BA 65 0F                  mov         dx,offset DGROUP:L$793 
1D31    52                        push        dx 
1D32    E8 00 00                  call        _cprintf 
1D35    83 C4 10                  add         sp,0x0010 
1D38    06                        push        es 
1D39    B4 00                     mov         ah,0x00 
1D3B    B2 80                     mov         dl,0x80 
1D3D    CD 13                     int         0x13 
1D3F    9C                        pushf       
1D40    5B                        pop         bx 
1D41    89 86 F4 FF               mov         word ptr -0xc[bp],ax 
1D45    89 9E F6 FF               mov         word ptr -0xa[bp],bx 
1D49    07                        pop         es 
1D4A    8B 46 F6                  mov         ax,word ptr -0xa[bp] 
1D4D    A8 01                     test        al,0x01 
1D4F    74 05                     je          L$257 
1D51    BA 9F 0F                  mov         dx,offset DGROUP:L$794 
1D54    EB 03                     jmp         L$258 
1D56                          L$257:
1D56    BA 31 08                  mov         dx,offset DGROUP:L$746 
1D59                          L$258:
1D59    8C D8                     mov         ax,ds 
1D5B    50                        push        ax 
1D5C    52                        push        dx 
1D5D    8B 46 F4                  mov         ax,word ptr -0xc[bp] 
1D60    50                        push        ax 
1D61    1E                        push        ds 
1D62    68 A5 0F                  push        offset DGROUP:L$795 
1D65    E8 00 00                  call        _cprintf 
1D68    83 C4 0A                  add         sp,0x000a 
1D6B    06                        push        es 
1D6C    B8 01 02                  mov         ax,0x0201 
1D6F    B9 01 00                  mov         cx,0x0001 
1D72    B6 00                     mov         dh,0x00 
1D74    B2 80                     mov         dl,0x80 
1D76    33 DB                     xor         bx,bx 
1D78    8E C3                     mov         es,bx 
1D7A    BB 00 7C                  mov         bx,0x7c00 
1D7D    CD 13                     int         0x13 
1D7F    9C                        pushf       
1D80    5B                        pop         bx 
1D81    89 86 F8 FF               mov         word ptr -0x8[bp],ax 
1D85    89 9E FA FF               mov         word ptr -0x6[bp],bx 
1D89    07                        pop         es 
1D8A    8B 46 FA                  mov         ax,word ptr -0x6[bp] 
1D8D    A8 01                     test        al,0x01 
1D8F    74 05                     je          L$259 
1D91    BA 9F 0F                  mov         dx,offset DGROUP:L$794 
1D94    EB 03                     jmp         L$260 
1D96                          L$259:
1D96    BA 31 08                  mov         dx,offset DGROUP:L$746 
1D99                          L$260:
1D99    8C D8                     mov         ax,ds 
1D9B    50                        push        ax 
1D9C    52                        push        dx 
1D9D    8B 46 F8                  mov         ax,word ptr -0x8[bp] 
1DA0    50                        push        ax 
1DA1    1E                        push        ds 
1DA2    68 BF 0F                  push        offset DGROUP:L$796 
1DA5    E8 00 00                  call        _cprintf 
1DA8    83 C4 0A                  add         sp,0x000a 
1DAB    06                        push        es 
1DAC    B4 01                     mov         ah,0x01 
1DAE    B2 80                     mov         dl,0x80 
1DB0    CD 13                     int         0x13 
1DB2    88 A6 E4 00               mov         byte ptr 0xe4[bp],ah 
1DB6    07                        pop         es 
1DB7    C4 1E 00 00               les         bx,dword ptr _bda_ptr 
1DBB    26 0F B6 47 74            movzx       ax,byte ptr es:0x74[bx] 
1DC0    50                        push        ax 
1DC1    0F B6 86 E4 00            movzx       ax,byte ptr 0xe4[bp] 
1DC6    50                        push        ax 
1DC7    1E                        push        ds 
1DC8    68 D9 0F                  push        offset DGROUP:L$797 
1DCB    E8 00 00                  call        _cprintf 
1DCE    83 C4 08                  add         sp,0x0008 
1DD1    6A 02                     push        0x0002 
1DD3    16                        push        ss 
1DD4    8D 96 5A FF               lea         dx,-0xa6[bp] 
1DD8    52                        push        dx 
1DD9    6A 00                     push        0x0000 
1DDB    68 00 7C                  push        0x7c00 
1DDE    E8 00 00                  call        _pm_read 
1DE1    83 C4 0A                  add         sp,0x000a 
1DE4    6A 02                     push        0x0002 
1DE6    16                        push        ss 
1DE7    8D 96 5C FF               lea         dx,-0xa4[bp] 
1DEB    52                        push        dx 
1DEC    6A 00                     push        0x0000 
1DEE    68 FE 7D                  push        0x7dfe 
1DF1    E8 00 00                  call        _pm_read 
1DF4    83 C4 0A                  add         sp,0x000a 
1DF7    0F B6 86 5D FF            movzx       ax,byte ptr -0xa3[bp] 
1DFC    50                        push        ax 
1DFD    0F B6 86 5C FF            movzx       ax,byte ptr -0xa4[bp] 
1E02    50                        push        ax 
1E03    0F B6 86 5B FF            movzx       ax,byte ptr -0xa5[bp] 
1E08    50                        push        ax 
1E09    0F B6 86 5A FF            movzx       ax,byte ptr -0xa6[bp] 
1E0E    50                        push        ax 
1E0F    1E                        push        ds 
1E10    68 04 10                  push        offset DGROUP:L$798 
1E13    E9 6E FA                  jmp         L$228 
1E16                          L$261:
1E16    BB 31 10                  mov         bx,offset DGROUP:L$799 
1E19    8D 46 82                  lea         ax,-0x7e[bp] 
1E1C    8C D9                     mov         cx,ds 
1E1E    8C D2                     mov         dx,ss 
1E20    E8 00 00                  call        is_cmd_ 
1E23    85 C0                     test        ax,ax 
1E25    74 10                     je          L$262 
1E27    1E                        push        ds 
1E28    BA 36 10                  mov         dx,offset DGROUP:L$800 
1E2B    52                        push        dx 
1E2C    E8 00 00                  call        _cprintf 
1E2F    83 C4 04                  add         sp,0x0004 
1E32    CD 19                     int         0x19 
1E34    E9 49 F0                  jmp         L$132 
1E37                          L$262:
1E37    BB 68 10                  mov         bx,offset DGROUP:L$801 
1E3A    8D 46 82                  lea         ax,-0x7e[bp] 
1E3D    8C D9                     mov         cx,ds 
1E3F    8C D2                     mov         dx,ss 
1E41    E8 00 00                  call        is_cmd_ 
1E44    85 C0                     test        ax,ax 
1E46    74 25                     je          L$263 
1E48    1E                        push        ds 
1E49    BA 6F 10                  mov         dx,offset DGROUP:L$802 
1E4C    52                        push        dx 
1E4D    E8 00 00                  call        _cprintf 
1E50    BB 02 00                  mov         bx,0x0002 
1E53    8D 86 6E FE               lea         ax,-0x192[bp] 
1E57    83 C4 04                  add         sp,0x0004 
1E5A    8C D2                     mov         dx,ss 
1E5C    E8 00 00                  call        hdinit_ 
1E5F    89 C3                     mov         bx,ax 
1E61    8C D2                     mov         dx,ss 
1E63    8D 86 6E FE               lea         ax,-0x192[bp] 
1E67    E8 00 00                  call        hd_report_ 
1E6A    E9 13 F0                  jmp         L$132 
1E6D                          L$263:
1E6D    BB 90 10                  mov         bx,offset DGROUP:L$803 
1E70    8D 46 82                  lea         ax,-0x7e[bp] 
1E73    8C D9                     mov         cx,ds 
1E75    8C D2                     mov         dx,ss 
1E77    E8 00 00                  call        is_cmd_ 
1E7A    85 C0                     test        ax,ax 
1E7C    74 34                     je          L$267 
1E7E    8D 5E 9E                  lea         bx,-0x62[bp] 
1E81    8D 46 82                  lea         ax,-0x7e[bp] 
1E84    8C D1                     mov         cx,ss 
1E86    8C D2                     mov         dx,ss 
1E88    E8 00 00                  call        parse_val_ 
1E8B    31 F6                     xor         si,si 
1E8D    85 C0                     test        ax,ax 
1E8F    74 19                     je          L$266 
1E91    8B 46 A0                  mov         ax,word ptr -0x60[bp] 
1E94    85 C0                     test        ax,ax 
1E96    77 08                     ja          L$264 
1E98    75 0D                     jne         L$265 
1E9A    83 7E 9E 01               cmp         word ptr -0x62[bp],0x0001 
1E9E    76 07                     jbe         L$265 
1EA0                          L$264:
1EA0    1E                        push        ds 
1EA1    BA 96 10                  mov         dx,offset DGROUP:L$804 
1EA4    E9 27 F0                  jmp         L$133 
1EA7                          L$265:
1EA7    8B 76 9E                  mov         si,word ptr -0x62[bp] 
1EAA                          L$266:
1EAA    89 F0                     mov         ax,si 
1EAC    E8 00 00                  call        DumpIdentify_ 
1EAF    E9 CE EF                  jmp         L$132 
1EB2                          L$267:
1EB2    BB C4 10                  mov         bx,offset DGROUP:L$805 
1EB5    8D 46 82                  lea         ax,-0x7e[bp] 
1EB8    8C D9                     mov         cx,ds 
1EBA    8C D2                     mov         dx,ss 
1EBC    E8 00 00                  call        is_cmd_ 
1EBF    85 C0                     test        ax,ax 
1EC1    74 61                     je          L$273 
1EC3    8D 5E A2                  lea         bx,-0x5e[bp] 
1EC6    8D 46 82                  lea         ax,-0x7e[bp] 
1EC9    8C D1                     mov         cx,ss 
1ECB    8C D2                     mov         dx,ss 
1ECD    E8 00 00                  call        parse_val_ 
1ED0    31 F6                     xor         si,si 
1ED2    85 C0                     test        ax,ax 
1ED4    75 07                     jne         L$268 
1ED6    1E                        push        ds 
1ED7    68 C8 10                  push        offset DGROUP:L$806 
1EDA    E9 F2 EF                  jmp         L$134 
1EDD                          L$268:
1EDD    8B 46 A4                  mov         ax,word ptr -0x5c[bp] 
1EE0    3D FF 0F                  cmp         ax,0x0fff 
1EE3    76 07                     jbe         L$269 
1EE5    1E                        push        ds 
1EE6    68 FD 10                  push        offset DGROUP:L$807 
1EE9    E9 E3 EF                  jmp         L$134 
1EEC                          L$269:
1EEC    8D 5E CA                  lea         bx,-0x36[bp] 
1EEF    8D 46 82                  lea         ax,-0x7e[bp] 
1EF2    8C D1                     mov         cx,ss 
1EF4    8C D2                     mov         dx,ss 
1EF6    E8 00 00                  call        parse_val_ 
1EF9    85 C0                     test        ax,ax 
1EFB    74 19                     je          L$272 
1EFD    8B 46 CC                  mov         ax,word ptr -0x34[bp] 
1F00    85 C0                     test        ax,ax 
1F02    77 08                     ja          L$270 
1F04    75 0D                     jne         L$271 
1F06    83 7E CA 01               cmp         word ptr -0x36[bp],0x0001 
1F0A    76 07                     jbe         L$271 
1F0C                          L$270:
1F0C    1E                        push        ds 
1F0D    68 27 11                  push        offset DGROUP:L$808 
1F10    E9 BC EF                  jmp         L$134 
1F13                          L$271:
1F13    8B 76 CA                  mov         si,word ptr -0x36[bp] 
1F16                          L$272:
1F16    8B 46 A2                  mov         ax,word ptr -0x5e[bp] 
1F19    8B 56 A4                  mov         dx,word ptr -0x5c[bp] 
1F1C    89 F3                     mov         bx,si 
1F1E    E8 00 00                  call        DumpSector_ 
1F21    E9 5C EF                  jmp         L$132 
1F24                          L$273:
1F24    BB 3D 11                  mov         bx,offset DGROUP:L$809 
1F27    8D 46 82                  lea         ax,-0x7e[bp] 
1F2A    8C D9                     mov         cx,ds 
1F2C    8C D2                     mov         dx,ss 
1F2E    E8 00 00                  call        is_cmd_ 
1F31    85 C0                     test        ax,ax 
1F33    74 05                     je          L$274 
1F35    BF 01 00                  mov         di,0x0001 
1F38    EB 15                     jmp         L$275 
1F3A                          L$274:
1F3A    BB 42 11                  mov         bx,offset DGROUP:L$810 
1F3D    8D 46 82                  lea         ax,-0x7e[bp] 
1F40    8C D9                     mov         cx,ds 
1F42    8C D2                     mov         dx,ss 
1F44    E8 00 00                  call        is_cmd_ 
1F47    85 C0                     test        ax,ax 
1F49    0F 84 71 00               je          L$282 
1F4D    31 FF                     xor         di,di 
1F4F                          L$275:
1F4F    8D 5E AA                  lea         bx,-0x56[bp] 
1F52    8D 46 82                  lea         ax,-0x7e[bp] 
1F55    8C D1                     mov         cx,ss 
1F57    8C D2                     mov         dx,ss 
1F59    E8 00 00                  call        parse_val_ 
1F5C    85 C0                     test        ax,ax 
1F5E    74 07                     je          L$276 
1F60    8B 46 AC                  mov         ax,word ptr -0x54[bp] 
1F63    85 C0                     test        ax,ax 
1F65    76 07                     jbe         L$277 
1F67                          L$276:
1F67    1E                        push        ds 
1F68    68 46 11                  push        offset DGROUP:L$811 
1F6B    E9 61 EF                  jmp         L$134 
1F6E                          L$277:
1F6E    8B 46 AA                  mov         ax,word ptr -0x56[bp] 
1F71    8D 5E AA                  lea         bx,-0x56[bp] 
1F74    8C D1                     mov         cx,ss 
1F76    8C D2                     mov         dx,ss 
1F78    89 46 FC                  mov         word ptr -0x4[bp],ax 
1F7B    8D 46 82                  lea         ax,-0x7e[bp] 
1F7E    BE 01 00                  mov         si,0x0001 
1F81    E8 00 00                  call        parse_val_ 
1F84    85 C0                     test        ax,ax 
1F86    74 29                     je          L$281 
1F88    83 7E AC 00               cmp         word ptr -0x54[bp],0x0000 
1F8C    75 06                     jne         L$278 
1F8E    83 7E AA 00               cmp         word ptr -0x56[bp],0x0000 
1F92    74 10                     je          L$279 
1F94                          L$278:
1F94    8B 46 AC                  mov         ax,word ptr -0x54[bp] 
1F97    85 C0                     test        ax,ax 
1F99    77 09                     ja          L$279 
1F9B    75 11                     jne         L$280 
1F9D    81 7E AA 00 01            cmp         word ptr -0x56[bp],0x0100 
1FA2    76 0A                     jbe         L$280 
1FA4                          L$279:
1FA4    68 00 01                  push        0x0100 
1FA7    1E                        push        ds 
1FA8    68 97 11                  push        offset DGROUP:L$812 
1FAB    E9 3C F5                  jmp         L$192 
1FAE                          L$280:
1FAE    8B 76 AA                  mov         si,word ptr -0x56[bp] 
1FB1                          L$281:
1FB1    8B 46 FC                  mov         ax,word ptr -0x4[bp] 
1FB4    89 FB                     mov         bx,di 
1FB6    89 F2                     mov         dx,si 
1FB8    E8 00 00                  call        io_dump_ 
1FBB    E9 C2 EE                  jmp         L$132 
1FBE                          L$282:
1FBE    BB AC 11                  mov         bx,offset DGROUP:L$813 
1FC1    8D 46 82                  lea         ax,-0x7e[bp] 
1FC4    8C D9                     mov         cx,ds 
1FC6    8C D2                     mov         dx,ss 
1FC8    E8 00 00                  call        is_cmd_ 
1FCB    85 C0                     test        ax,ax 
1FCD    74 05                     je          L$283 
1FCF    BE 01 00                  mov         si,0x0001 
1FD2    EB 15                     jmp         L$284 
1FD4                          L$283:
1FD4    BB B1 11                  mov         bx,offset DGROUP:L$814 
1FD7    8D 46 82                  lea         ax,-0x7e[bp] 
1FDA    8C D9                     mov         cx,ds 
1FDC    8C D2                     mov         dx,ss 
1FDE    E8 00 00                  call        is_cmd_ 
1FE1    85 C0                     test        ax,ax 
1FE3    0F 84 8F 00               je          L$295 
1FE7    31 F6                     xor         si,si 
1FE9                          L$284:
1FE9    8D 5E AE                  lea         bx,-0x52[bp] 
1FEC    8D 46 82                  lea         ax,-0x7e[bp] 
1FEF    8C D1                     mov         cx,ss 
1FF1    8C D2                     mov         dx,ss 
1FF3    E8 00 00                  call        parse_val_ 
1FF6    85 C0                     test        ax,ax 
1FF8    74 07                     je          L$285 
1FFA    8B 46 B0                  mov         ax,word ptr -0x50[bp] 
1FFD    85 C0                     test        ax,ax 
1FFF    76 07                     jbe         L$286 
2001                          L$285:
2001    1E                        push        ds 
2002    68 B5 11                  push        offset DGROUP:L$815 
2005    E9 C7 EE                  jmp         L$134 
2008                          L$286:
2008    8D 5E AE                  lea         bx,-0x52[bp] 
200B    8D 46 82                  lea         ax,-0x7e[bp] 
200E    8C D1                     mov         cx,ss 
2010    8C D2                     mov         dx,ss 
2012    8B 7E AE                  mov         di,word ptr -0x52[bp] 
2015    E8 00 00                  call        parse_val_ 
2018    85 C0                     test        ax,ax 
201A    75 07                     jne         L$287 
201C    1E                        push        ds 
201D    68 04 12                  push        offset DGROUP:L$816 
2020    E9 AC EE                  jmp         L$134 
2023                          L$287:
2023    85 F6                     test        si,si 
2025    74 05                     je          L$288 
2027    BA FF FF                  mov         dx,0xffff 
202A    EB 03                     jmp         L$289 
202C                          L$288:
202C    BA FF 00                  mov         dx,0x00ff 
202F                          L$289:
202F    31 C0                     xor         ax,ax 
2031    3B 46 B0                  cmp         ax,word ptr -0x50[bp] 
2034    72 07                     jb          L$290 
2036    75 1C                     jne         L$293 
2038    3B 56 AE                  cmp         dx,word ptr -0x52[bp] 
203B    73 17                     jae         L$293 
203D                          L$290:
203D    85 F6                     test        si,si 
203F    74 05                     je          L$291 
2041    BA 1E 12                  mov         dx,offset DGROUP:L$817 
2044    EB 03                     jmp         L$292 
2046                          L$291:
2046    BA 29 12                  mov         dx,offset DGROUP:L$818 
2049                          L$292:
2049    8C D8                     mov         ax,ds 
204B    50                        push        ax 
204C    52                        push        dx 
204D    1E                        push        ds 
204E    68 30 12                  push        offset DGROUP:L$819 
2051    E9 42 F6                  jmp         L$208 
2054                          L$293:
2054    8B 4E AE                  mov         cx,word ptr -0x52[bp] 
2057    89 F3                     mov         bx,si 
2059    89 F8                     mov         ax,di 
205B    89 CA                     mov         dx,cx 
205D    E8 00 00                  call        io_write_ 
2060    85 F6                     test        si,si 
2062    74 09                     je          L$294 
2064    51                        push        cx 
2065    57                        push        di 
2066    1E                        push        ds 
2067    68 42 12                  push        offset DGROUP:L$820 
206A    E9 29 F6                  jmp         L$208 
206D                          L$294:
206D    51                        push        cx 
206E    57                        push        di 
206F    1E                        push        ds 
2070    68 50 12                  push        offset DGROUP:L$821 
2073    E9 20 F6                  jmp         L$208 
2076                          L$295:
2076    BB 5E 12                  mov         bx,offset DGROUP:L$822 
2079    8D 46 82                  lea         ax,-0x7e[bp] 
207C    8C D9                     mov         cx,ds 
207E    8C D2                     mov         dx,ss 
2080    E8 00 00                  call        is_cmd_ 
2083    85 C0                     test        ax,ax 
2085    0F 84 0C 01               je          L$302 
2089    8D 56 00                  lea         dx,[bp] 
208C    8D 5E FE                  lea         bx,-0x2[bp] 
208F    8D 46 82                  lea         ax,-0x7e[bp] 
2092    16                        push        ss 
2093    8C D1                     mov         cx,ss 
2095    52                        push        dx 
2096    8C D2                     mov         dx,ss 
2098    E8 00 00                  call        parse_far_ 
209B    85 C0                     test        ax,ax 
209D    7D 07                     jge         L$296 
209F    1E                        push        ds 
20A0    BA 61 12                  mov         dx,offset DGROUP:L$823 
20A3    E9 28 EE                  jmp         L$133 
20A6                          L$296:
20A6    75 07                     jne         L$297 
20A8    1E                        push        ds 
20A9    BA A6 12                  mov         dx,offset DGROUP:L$824 
20AC    E9 1F EE                  jmp         L$133 
20AF                          L$297:
20AF    8C D8                     mov         ax,ds 
20B1    89 86 02 00               mov         word ptr 0x2[bp],ax 
20B5    31 C0                     xor         ax,ax 
20B7    89 86 AE FE               mov         word ptr -0x152[bp],ax 
20BB    89 86 AC FE               mov         word ptr -0x154[bp],ax 
20BF    89 86 AA FE               mov         word ptr -0x156[bp],ax 
20C3    89 86 A8 FE               mov         word ptr -0x158[bp],ax 
20C7    89 86 B2 FE               mov         word ptr -0x14e[bp],ax 
20CB    89 86 B0 FE               mov         word ptr -0x150[bp],ax 
20CF    8B 46 02                  mov         ax,word ptr 0x2[bp] 
20D2    8D 9E A8 FE               lea         bx,-0x158[bp] 
20D6    89 86 B6 FE               mov         word ptr -0x14a[bp],ax 
20DA    89 86 B4 FE               mov         word ptr -0x14c[bp],ax 
20DE    8C D1                     mov         cx,ss 
20E0    8C D2                     mov         dx,ss 
20E2    8D 46 82                  lea         ax,-0x7e[bp] 
20E5    C7 86 B8 FE 00 00         mov         word ptr -0x148[bp],0x0000 
20EB    E8 00 00                  call        parse_word_ 
20EE    8D 9E AA FE               lea         bx,-0x156[bp] 
20F2    8D 46 82                  lea         ax,-0x7e[bp] 
20F5    8C D1                     mov         cx,ss 
20F7    8C D2                     mov         dx,ss 
20F9    E8 00 00                  call        parse_word_ 
20FC    8D 9E AC FE               lea         bx,-0x154[bp] 
2100    8D 46 82                  lea         ax,-0x7e[bp] 
2103    8C D1                     mov         cx,ss 
2105    8C D2                     mov         dx,ss 
2107    E8 00 00                  call        parse_word_ 
210A    8D 9E AE FE               lea         bx,-0x152[bp] 
210E    8D 46 82                  lea         ax,-0x7e[bp] 
2111    8C D1                     mov         cx,ss 
2113    8C D2                     mov         dx,ss 
2115    E8 00 00                  call        parse_word_ 
2118    FF B6 B4 FE               push        word ptr -0x14c[bp] 
211C    66 FF B6 AC FE            push        dword ptr -0x154[bp] 
2121    66 FF B6 A8 FE            push        dword ptr -0x158[bp] 
2126    66 FF 76 FE               push        dword ptr -0x2[bp] 
212A    1E                        push        ds 
212B    BA 22 13                  mov         dx,offset DGROUP:L$825 
212E    52                        push        dx 
212F    E8 00 00                  call        _cprintf 
2132    83 C4 12                  add         sp,0x0012 
2135    16                        push        ss 
2136    8D 96 A8 FE               lea         dx,-0x158[bp] 
213A    52                        push        dx 
213B    66 FF 76 FE               push        dword ptr -0x2[bp] 
213F    E8 00 00                  call        _go_call 
2142    83 C4 08                  add         sp,0x0008 
2145    66 FF B6 B0 FE            push        dword ptr -0x150[bp] 
214A    66 FF B6 AC FE            push        dword ptr -0x154[bp] 
214F    66 FF B6 A8 FE            push        dword ptr -0x158[bp] 
2154    1E                        push        ds 
2155    BA 5B 13                  mov         dx,offset DGROUP:L$826 
2158    52                        push        dx 
2159    E8 00 00                  call        _cprintf 
215C    83 C4 10                  add         sp,0x0010 
215F    F6 86 B8 FE 40            test        byte ptr -0x148[bp],0x40 
2164    74 05                     je          L$298 
2166    B8 91 13                  mov         ax,offset DGROUP:L$827 
2169    EB 03                     jmp         L$299 
216B                          L$298:
216B    B8 94 13                  mov         ax,offset DGROUP:L$828 
216E                          L$299:
216E    8C DA                     mov         dx,ds 
2170    52                        push        dx 
2171    50                        push        ax 
2172    F6 86 B8 FE 01            test        byte ptr -0x148[bp],0x01 
2177    74 05                     je          L$300 
2179    BA 97 13                  mov         dx,offset DGROUP:L$829 
217C    EB 03                     jmp         L$301 
217E                          L$300:
217E    BA 9A 13                  mov         dx,offset DGROUP:L$830 
2181                          L$301:
2181    8C D8                     mov         ax,ds 
2183    50                        push        ax 
2184    52                        push        dx 
2185    66 FF B6 B6 FE            push        dword ptr -0x14a[bp] 
218A    FF B6 B4 FE               push        word ptr -0x14c[bp] 
218E    1E                        push        ds 
218F    68 9D 13                  push        offset DGROUP:L$831 
2192    E9 C9 EF                  jmp         L$153 
2195                          L$302:
2195    BB C2 13                  mov         bx,offset DGROUP:L$832 
2198    8D 46 82                  lea         ax,-0x7e[bp] 
219B    8C D9                     mov         cx,ds 
219D    8C D2                     mov         dx,ss 
219F    E8 00 00                  call        is_cmd_ 
21A2    85 C0                     test        ax,ax 
21A4    0F 84 A9 04               je          L$341 
21A8    8D 5E 04                  lea         bx,0x4[bp] 
21AB    8D 46 82                  lea         ax,-0x7e[bp] 
21AE    8C D1                     mov         cx,ss 
21B0    8C D2                     mov         dx,ss 
21B2    E8 00 00                  call        parse_word_ 
21B5    85 C0                     test        ax,ax 
21B7    75 07                     jne         L$303 
21B9    1E                        push        ds 
21BA    BA C8 13                  mov         dx,offset DGROUP:L$833 
21BD    E9 0E ED                  jmp         L$133 
21C0                          L$303:
21C0    8C D8                     mov         ax,ds 
21C2    89 86 06 00               mov         word ptr 0x6[bp],ax 
21C6    31 C0                     xor         ax,ax 
21C8    89 86 9C FE               mov         word ptr -0x164[bp],ax 
21CC    89 86 9A FE               mov         word ptr -0x166[bp],ax 
21D0    89 86 98 FE               mov         word ptr -0x168[bp],ax 
21D4    89 86 96 FE               mov         word ptr -0x16a[bp],ax 
21D8    89 86 A0 FE               mov         word ptr -0x160[bp],ax 
21DC    89 86 9E FE               mov         word ptr -0x162[bp],ax 
21E0    8B 46 06                  mov         ax,word ptr 0x6[bp] 
21E3    89 86 A4 FE               mov         word ptr -0x15c[bp],ax 
21E7    89 86 A2 FE               mov         word ptr -0x15e[bp],ax 
21EB    8B 46 04                  mov         ax,word ptr 0x4[bp] 
21EE    C7 86 A6 FE 00 00         mov         word ptr -0x15a[bp],0x0000 
21F4    3D 87 00                  cmp         ax,0x0087 
21F7    72 15                     jb          L$304 
21F9    0F 86 67 01               jbe         L$317 
21FD    3D C0 00                  cmp         ax,0x00c0 
2200    0F 84 86 03               je          L$334 
2204    3D 88 00                  cmp         ax,0x0088 
2207    0F 84 30 03               je          L$330 
220B    E9 3C 04                  jmp         L$340 
220E                          L$304:
220E    3D 86 00                  cmp         ax,0x0086 
2211    0F 85 35 04               jne         L$340 
2215    C7 46 E2 A0 86            mov         word ptr -0x1e[bp],0x86a0 
221A    8D 5E E2                  lea         bx,-0x1e[bp] 
221D    8D 46 82                  lea         ax,-0x7e[bp] 
2220    8C D1                     mov         cx,ss 
2222    8C D2                     mov         dx,ss 
2224    C7 46 E4 01 00            mov         word ptr -0x1c[bp],0x0001 
2229    E8 00 00                  call        parse_val_ 
222C    83 7E E4 00               cmp         word ptr -0x1c[bp],0x0000 
2230    75 0D                     jne         L$305 
2232    83 7E E2 00               cmp         word ptr -0x1e[bp],0x0000 
2236    75 07                     jne         L$305 
2238    1E                        push        ds 
2239    BA 28 14                  mov         dx,offset DGROUP:L$834 
223C    E9 8F EC                  jmp         L$133 
223F                          L$305:
223F    8B 46 E4                  mov         ax,word ptr -0x1c[bp] 
2242    3D 04 00                  cmp         ax,0x0004 
2245    73 05                     jae         L$306 
2247    BA 47 14                  mov         dx,offset DGROUP:L$835 
224A    EB 03                     jmp         L$307 
224C                          L$306:
224C    BA 67 14                  mov         dx,offset DGROUP:L$836 
224F                          L$307:
224F    8C D8                     mov         ax,ds 
2251    50                        push        ax 
2252    52                        push        dx 
2253    1E                        push        ds 
2254    68 82 14                  push        offset DGROUP:L$837 
2257    BE 01 00                  mov         si,0x0001 
225A    E8 00 00                  call        _cprintf 
225D    8B 46 E4                  mov         ax,word ptr -0x1c[bp] 
2260    83 C4 08                  add         sp,0x0008 
2263    3D 0F 00                  cmp         ax,0x000f 
2266    72 09                     jb          L$308 
2268    75 19                     jne         L$309 
226A    81 7E E2 40 42            cmp         word ptr -0x1e[bp],0x4240 
226F    73 12                     jae         L$309 
2271                          L$308:
2271    B8 40 42                  mov         ax,0x4240 
2274    BA 0F 00                  mov         dx,0x000f 
2277    8B 5E E2                  mov         bx,word ptr -0x1e[bp] 
227A    8B 4E E4                  mov         cx,word ptr -0x1c[bp] 
227D    E8 00 00                  call        __U4D 
2280    89 C6                     mov         si,ax 
2282    46                        inc         si 
2283                          L$309:
2283    81 FE E8 03               cmp         si,0x03e8 
2287    76 03                     jbe         L$310 
2289    BE E8 03                  mov         si,0x03e8 
228C                          L$310:
228C    C4 1E 00 00               les         bx,dword ptr _bda_ptr 
2290    26 8B 47 6C               mov         ax,word ptr es:0x6c[bx] 
2294    31 FF                     xor         di,di 
2296    89 46 10                  mov         word ptr 0x10[bp],ax 
2299                          L$311:
2299    39 F7                     cmp         di,si 
229B    7D 2A                     jge         L$312 
229D    C7 86 96 FE 00 86         mov         word ptr -0x16a[bp],0x8600 
22A3    8B 46 E4                  mov         ax,word ptr -0x1c[bp] 
22A6    8D 96 96 FE               lea         dx,-0x16a[bp] 
22AA    16                        push        ss 
22AB    89 86 9A FE               mov         word ptr -0x166[bp],ax 
22AF    8B 46 E2                  mov         ax,word ptr -0x1e[bp] 
22B2    52                        push        dx 
22B3    89 86 9C FE               mov         word ptr -0x164[bp],ax 
22B7    E8 00 00                  call        _int15_call 
22BA    83 C4 04                  add         sp,0x0004 
22BD    F6 86 A6 FE 01            test        byte ptr -0x15a[bp],0x01 
22C2    75 03                     jne         L$312 
22C4    47                        inc         di 
22C5    EB D2                     jmp         L$311 
22C7                          L$312:
22C7    C4 1E 00 00               les         bx,dword ptr _bda_ptr 
22CB    26 8B 47 6C               mov         ax,word ptr es:0x6c[bx] 
22CF    89 46 12                  mov         word ptr 0x12[bp],ax 
22D2    F6 86 A6 FE 01            test        byte ptr -0x15a[bp],0x01 
22D7    74 08                     je          L$313 
22D9    57                        push        di 
22DA    1E                        push        ds 
22DB    68 90 14                  push        offset DGROUP:L$838 
22DE    E9 09 F2                  jmp         L$192 
22E1                          L$313:
22E1    8B 46 E2                  mov         ax,word ptr -0x1e[bp] 
22E4    8B 56 E4                  mov         dx,word ptr -0x1c[bp] 
22E7    89 F3                     mov         bx,si 
22E9    31 C9                     xor         cx,cx 
22EB    8B 7E 12                  mov         di,word ptr 0x12[bp] 
22EE    E8 00 00                  call        __U4M 
22F1    BB 8D D6                  mov         bx,0xd68d 
22F4    89 46 08                  mov         word ptr 0x8[bp],ax 
22F7    89 56 0A                  mov         word ptr 0xa[bp],dx 
22FA    2B 7E 10                  sub         di,word ptr 0x10[bp] 
22FD    31 C9                     xor         cx,cx 
22FF    89 F8                     mov         ax,di 
2301    31 D2                     xor         dx,dx 
2303    E8 00 00                  call        __U4M 
2306    66 FF 76 08               push        dword ptr 0x8[bp] 
230A    66 FF 76 E2               push        dword ptr -0x1e[bp] 
230E    56                        push        si 
230F    1E                        push        ds 
2310    89 46 0C                  mov         word ptr 0xc[bp],ax 
2313    68 B5 14                  push        offset DGROUP:L$839 
2316    89 56 0E                  mov         word ptr 0xe[bp],dx 
2319    E8 00 00                  call        _cprintf 
231C    83 C4 0E                  add         sp,0x000e 
231F    66 FF 76 0C               push        dword ptr 0xc[bp] 
2323    57                        push        di 
2324    1E                        push        ds 
2325    68 DA 14                  push        offset DGROUP:L$840 
2328    E8 00 00                  call        _cprintf 
232B    83 C4 0A                  add         sp,0x000a 
232E    83 7E 0A 00               cmp         word ptr 0xa[bp],0x0000 
2332    75 06                     jne         L$314 
2334    83 7E 08 00               cmp         word ptr 0x8[bp],0x0000 
2338    74 1D                     je          L$315 
233A                          L$314:
233A    8B 46 08                  mov         ax,word ptr 0x8[bp] 
233D    8B 56 0A                  mov         dx,word ptr 0xa[bp] 
2340    BB 64 00                  mov         bx,0x0064 
2343    31 C9                     xor         cx,cx 
2345    E8 00 00                  call        __U4D 
2348    89 C3                     mov         bx,ax 
234A    89 D1                     mov         cx,dx 
234C    8B 46 0C                  mov         ax,word ptr 0xc[bp] 
234F    8B 56 0E                  mov         dx,word ptr 0xe[bp] 
2352    E8 00 00                  call        __U4D 
2355    EB 04                     jmp         L$316 
2357                          L$315:
2357    31 C0                     xor         ax,ax 
2359    31 D2                     xor         dx,dx 
235B                          L$316:
235B    52                        push        dx 
235C    50                        push        ax 
235D    1E                        push        ds 
235E    68 12 15                  push        offset DGROUP:L$841 
2361    E9 32 F3                  jmp         L$208 
2364                          L$317:
2364    C7 46 BE 00 01            mov         word ptr -0x42[bp],0x0100 
2369    8D 5E C6                  lea         bx,-0x3a[bp] 
236C    8D 46 82                  lea         ax,-0x7e[bp] 
236F    8C D1                     mov         cx,ss 
2371    8C D2                     mov         dx,ss 
2373    C7 46 C0 00 00            mov         word ptr -0x40[bp],0x0000 
2378    E8 00 00                  call        parse_val_ 
237B    85 C0                     test        ax,ax 
237D    74 12                     je          L$318 
237F    8D 9E 76 FF               lea         bx,-0x8a[bp] 
2383    8D 46 82                  lea         ax,-0x7e[bp] 
2386    8C D1                     mov         cx,ss 
2388    8C D2                     mov         dx,ss 
238A    E8 00 00                  call        parse_val_ 
238D    85 C0                     test        ax,ax 
238F    75 07                     jne         L$319 
2391                          L$318:
2391    1E                        push        ds 
2392    68 42 15                  push        offset DGROUP:L$842 
2395    E9 37 EB                  jmp         L$134 
2398                          L$319:
2398    8D 5E BE                  lea         bx,-0x42[bp] 
239B    8D 46 82                  lea         ax,-0x7e[bp] 
239E    8C D1                     mov         cx,ss 
23A0    8C D2                     mov         dx,ss 
23A2    E8 00 00                  call        parse_val_ 
23A5    83 7E C0 00               cmp         word ptr -0x40[bp],0x0000 
23A9    75 06                     jne         L$320 
23AB    83 7E BE 00               cmp         word ptr -0x42[bp],0x0000 
23AF    74 10                     je          L$321 
23B1                          L$320:
23B1    8B 46 C0                  mov         ax,word ptr -0x40[bp] 
23B4    85 C0                     test        ax,ax 
23B6    77 09                     ja          L$321 
23B8    75 0E                     jne         L$322 
23BA    81 7E BE 00 80            cmp         word ptr -0x42[bp],0x8000 
23BF    76 07                     jbe         L$322 
23C1                          L$321:
23C1    1E                        push        ds 
23C2    68 AA 15                  push        offset DGROUP:L$843 
23C5    E9 07 EB                  jmp         L$134 
23C8                          L$322:
23C8    31 F6                     xor         si,si 
23CA                          L$323:
23CA    46                        inc         si 
23CB    C6 82 15 FE 00            mov         byte ptr -0x1eb[bp+si],0x00 
23D0    83 FE 30                  cmp         si,0x0030 
23D3    72 F5                     jb          L$323 
23D5    B0 FF                     mov         al,0xff 
23D7    8B 7E C8                  mov         di,word ptr -0x38[bp] 
23DA    88 86 26 FE               mov         byte ptr -0x1da[bp],al 
23DE    88 86 27 FE               mov         byte ptr -0x1d9[bp],al 
23E2    8A 46 C6                  mov         al,byte ptr -0x3a[bp] 
23E5    C6 86 2B FE 93            mov         byte ptr -0x1d5[bp],0x93 
23EA    88 86 28 FE               mov         byte ptr -0x1d8[bp],al 
23EE    8B 46 C6                  mov         ax,word ptr -0x3a[bp] 
23F1    C6 86 33 FE 93            mov         byte ptr -0x1cd[bp],0x93 
23F6    B9 08 00                  mov         cx,0x0008 
23F9                          L$324:
23F9    D1 EF                     shr         di,0x01 
23FB    D1 D8                     rcr         ax,0x01 
23FD    E2 FA                     loop        L$324 
23FF    8D 9E 16 FE               lea         bx,-0x1ea[bp] 
2403    88 86 29 FE               mov         byte ptr -0x1d7[bp],al 
2407    8B 46 C8                  mov         ax,word ptr -0x38[bp] 
240A    53                        push        bx 
240B    88 86 2A FE               mov         byte ptr -0x1d6[bp],al 
240F    C1 E8 08                  shr         ax,0x08 
2412    16                        push        ss 
2413    88 86 2D FE               mov         byte ptr -0x1d3[bp],al 
2417    B0 FF                     mov         al,0xff 
2419    FF B6 78 FF               push        word ptr -0x88[bp] 
241D    88 86 2E FE               mov         byte ptr -0x1d2[bp],al 
2421    88 86 2F FE               mov         byte ptr -0x1d1[bp],al 
2425    8A 86 76 FF               mov         al,byte ptr -0x8a[bp] 
2429    8B BE 78 FF               mov         di,word ptr -0x88[bp] 
242D    88 86 30 FE               mov         byte ptr -0x1d0[bp],al 
2431    8B 86 76 FF               mov         ax,word ptr -0x8a[bp] 
2435    FF B6 76 FF               push        word ptr -0x8a[bp] 
2439    B9 08 00                  mov         cx,0x0008 
243C                          L$325:
243C    D1 EF                     shr         di,0x01 
243E    D1 D8                     rcr         ax,0x01 
2440    E2 FA                     loop        L$325 
2442    FF 76 C8                  push        word ptr -0x38[bp] 
2445    88 86 31 FE               mov         byte ptr -0x1cf[bp],al 
2449    8B 86 78 FF               mov         ax,word ptr -0x88[bp] 
244D    FF 76 C6                  push        word ptr -0x3a[bp] 
2450    88 86 32 FE               mov         byte ptr -0x1ce[bp],al 
2454    C1 E8 08                  shr         ax,0x08 
2457    FF 76 C0                  push        word ptr -0x40[bp] 
245A    88 86 35 FE               mov         byte ptr -0x1cb[bp],al 
245E    8B 46 BE                  mov         ax,word ptr -0x42[bp] 
2461    C7 86 96 FE 00 87         mov         word ptr -0x16a[bp],0x8700 
2467    50                        push        ax 
2468    8C 96 A4 FE               mov         word ptr -0x15c[bp],ss 
246C    1E                        push        ds 
246D    89 9E 9E FE               mov         word ptr -0x162[bp],bx 
2471    68 D7 15                  push        offset DGROUP:L$844 
2474    89 86 9A FE               mov         word ptr -0x166[bp],ax 
2478    E8 00 00                  call        _cprintf 
247B    83 C4 14                  add         sp,0x0014 
247E    16                        push        ss 
247F    8D 96 96 FE               lea         dx,-0x16a[bp] 
2483    52                        push        dx 
2484    E8 00 00                  call        _int15_call 
2487    83 C4 04                  add         sp,0x0004 
248A    F6 86 A6 FE 01            test        byte ptr -0x15a[bp],0x01 
248F    74 05                     je          L$326 
2491    BA 09 16                  mov         dx,offset DGROUP:L$845 
2494    EB 03                     jmp         L$327 
2496                          L$326:
2496    BA 9A 13                  mov         dx,offset DGROUP:L$830 
2499                          L$327:
2499    8C D8                     mov         ax,ds 
249B    50                        push        ax 
249C    8B 86 96 FE               mov         ax,word ptr -0x16a[bp] 
24A0    52                        push        dx 
24A1    C1 E8 08                  shr         ax,0x08 
24A4    50                        push        ax 
24A5    1E                        push        ds 
24A6    68 16 16                  push        offset DGROUP:L$846 
24A9    E8 00 00                  call        _cprintf 
24AC    83 C4 0A                  add         sp,0x000a 
24AF    F6 86 A6 FE 01            test        byte ptr -0x15a[bp],0x01 
24B4    0F 85 C8 E9               jne         L$132 
24B8    6A 10                     push        0x0010 
24BA    16                        push        ss 
24BB    8D 96 00 FF               lea         dx,-0x100[bp] 
24BF    52                        push        dx 
24C0    66 FF 76 C6               push        dword ptr -0x3a[bp] 
24C4    E8 00 00                  call        _pm_read 
24C7    83 C4 0A                  add         sp,0x000a 
24CA    66 FF 76 C6               push        dword ptr -0x3a[bp] 
24CE    1E                        push        ds 
24CF    68 28 16                  push        offset DGROUP:L$847 
24D2    31 F6                     xor         si,si 
24D4    E8 00 00                  call        _cprintf 
24D7    83 C4 08                  add         sp,0x0008 
24DA                          L$328:
24DA    0F B6 82 00 FF            movzx       ax,byte ptr -0x100[bp+si] 
24DF    50                        push        ax 
24E0    1E                        push        ds 
24E1    68 2B 00                  push        offset DGROUP:L$683 
24E4    46                        inc         si 
24E5    E8 00 00                  call        _cprintf 
24E8    83 C4 06                  add         sp,0x0006 
24EB    83 FE 10                  cmp         si,0x0010 
24EE    72 EA                     jb          L$328 
24F0    1E                        push        ds 
24F1    68 31 00                  push        offset DGROUP:L$684 
24F4    E8 00 00                  call        _cprintf 
24F7    83 C4 04                  add         sp,0x0004 
24FA    6A 10                     push        0x0010 
24FC    16                        push        ss 
24FD    8D 96 00 FF               lea         dx,-0x100[bp] 
2501    52                        push        dx 
2502    66 FF B6 76 FF            push        dword ptr -0x8a[bp] 
2507    E8 00 00                  call        _pm_read 
250A    83 C4 0A                  add         sp,0x000a 
250D    66 FF B6 76 FF            push        dword ptr -0x8a[bp] 
2512    1E                        push        ds 
2513    68 39 16                  push        offset DGROUP:L$848 
2516    31 F6                     xor         si,si 
2518    E8 00 00                  call        _cprintf 
251B    83 C4 08                  add         sp,0x0008 
251E                          L$329:
251E    0F B6 82 00 FF            movzx       ax,byte ptr -0x100[bp+si] 
2523    50                        push        ax 
2524    1E                        push        ds 
2525    68 2B 00                  push        offset DGROUP:L$683 
2528    46                        inc         si 
2529    E8 00 00                  call        _cprintf 
252C    83 C4 06                  add         sp,0x0006 
252F    83 FE 10                  cmp         si,0x0010 
2532    72 EA                     jb          L$329 
2534    1E                        push        ds 
2535    68 4A 16                  push        offset DGROUP:L$849 
2538    E9 94 E9                  jmp         L$134 
253B                          L$330:
253B    16                        push        ss 
253C    8D 96 96 FE               lea         dx,-0x16a[bp] 
2540    52                        push        dx 
2541    C7 86 96 FE 00 88         mov         word ptr -0x16a[bp],0x8800 
2547    E8 00 00                  call        _int15_call 
254A    83 C4 04                  add         sp,0x0004 
254D    F6 86 A6 FE 01            test        byte ptr -0x15a[bp],0x01 
2552    74 05                     je          L$331 
2554    BA 6A 16                  mov         dx,offset DGROUP:L$850 
2557    EB 03                     jmp         L$332 
2559                          L$331:
2559    BA 9A 13                  mov         dx,offset DGROUP:L$830 
255C                          L$332:
255C    8C D8                     mov         ax,ds 
255E    8B 1E 00 00               mov         bx,word ptr _bda_ptr 
2562    50                        push        ax 
2563    8E 06 02 00               mov         es,word ptr _bda_ptr+0x2 
2567    52                        push        dx 
2568    8B 86 96 FE               mov         ax,word ptr -0x16a[bp] 
256C    26 FF B7 DB 00            push        word ptr es:0xdb[bx] 
2571    C1 E8 0A                  shr         ax,0x0a 
2574    50                        push        ax 
2575    FF B6 96 FE               push        word ptr -0x16a[bp] 
2579    FF B6 96 FE               push        word ptr -0x16a[bp] 
257D    1E                        push        ds 
257E    68 78 16                  push        offset DGROUP:L$851 
2581                          L$333:
2581    E8 00 00                  call        _cprintf 
2584    83 C4 10                  add         sp,0x0010 
2587    E9 F6 E8                  jmp         L$132 
258A                          L$334:
258A    16                        push        ss 
258B    8D 96 96 FE               lea         dx,-0x16a[bp] 
258F    52                        push        dx 
2590    C7 86 96 FE 00 C0         mov         word ptr -0x16a[bp],0xc000 
2596    E8 00 00                  call        _int15_call 
2599    83 C4 04                  add         sp,0x0004 
259C    F6 86 A6 FE 01            test        byte ptr -0x15a[bp],0x01 
25A1    74 07                     je          L$335 
25A3    1E                        push        ds 
25A4    BA B6 16                  mov         dx,offset DGROUP:L$852 
25A7    E9 24 E9                  jmp         L$133 
25AA                          L$335:
25AA    8B 86 98 FE               mov         ax,word ptr -0x168[bp] 
25AE    89 86 7E FF               mov         word ptr -0x82[bp],ax 
25B2    8B 86 A4 FE               mov         ax,word ptr -0x15c[bp] 
25B6    8B B6 7E FF               mov         si,word ptr -0x82[bp] 
25BA    8E C0                     mov         es,ax 
25BC    26 FF 34                  push        word ptr es:[si] 
25BF    FF B6 98 FE               push        word ptr -0x168[bp] 
25C3    50                        push        ax 
25C4    BA D0 16                  mov         dx,offset DGROUP:L$853 
25C7    1E                        push        ds 
25C8    89 46 80                  mov         word ptr -0x80[bp],ax 
25CB    52                        push        dx 
25CC    89 C7                     mov         di,ax 
25CE    E8 00 00                  call        _cprintf 
25D1    8E C7                     mov         es,di 
25D3    83 C4 0A                  add         sp,0x000a 
25D6    26 0F B6 44 04            movzx       ax,byte ptr es:0x4[si] 
25DB    50                        push        ax 
25DC    26 0F B6 44 03            movzx       ax,byte ptr es:0x3[si] 
25E1    50                        push        ax 
25E2    26 0F B6 44 02            movzx       ax,byte ptr es:0x2[si] 
25E7    50                        push        ax 
25E8    1E                        push        ds 
25E9    BA FA 16                  mov         dx,offset DGROUP:L$854 
25EC    52                        push        dx 
25ED    E8 00 00                  call        _cprintf 
25F0    8E C7                     mov         es,di 
25F2    83 C4 0A                  add         sp,0x000a 
25F5    26 F6 44 05 20            test        byte ptr es:0x5[si],0x20 
25FA    74 05                     je          L$336 
25FC    BA 29 17                  mov         dx,offset DGROUP:L$855 
25FF    EB 03                     jmp         L$337 
2601                          L$336:
2601    BA 2D 17                  mov         dx,offset DGROUP:L$856 
2604                          L$337:
2604    8C D8                     mov         ax,ds 
2606    50                        push        ax 
2607    8E C7                     mov         es,di 
2609    52                        push        dx 
260A    26 F6 44 05 40            test        byte ptr es:0x5[si],0x40 
260F    74 05                     je          L$338 
2611    BA 34 17                  mov         dx,offset DGROUP:L$857 
2614    EB 03                     jmp         L$339 
2616                          L$338:
2616    BA 3C 17                  mov         dx,offset DGROUP:L$858 
2619                          L$339:
2619    8C D8                     mov         ax,ds 
261B    50                        push        ax 
261C    8E C7                     mov         es,di 
261E    52                        push        dx 
261F    26 0F B6 44 09            movzx       ax,byte ptr es:0x9[si] 
2624    50                        push        ax 
2625    26 0F B6 44 08            movzx       ax,byte ptr es:0x8[si] 
262A    50                        push        ax 
262B    26 0F B6 44 07            movzx       ax,byte ptr es:0x7[si] 
2630    50                        push        ax 
2631    26 0F B6 44 06            movzx       ax,byte ptr es:0x6[si] 
2636    50                        push        ax 
2637    26 0F B6 44 05            movzx       ax,byte ptr es:0x5[si] 
263C    50                        push        ax 
263D    1E                        push        ds 
263E    68 47 17                  push        offset DGROUP:L$859 
2641    E8 00 00                  call        _cprintf 
2644    83 C4 16                  add         sp,0x0016 
2647    E9 36 E8                  jmp         L$132 
264A                          L$340:
264A    1E                        push        ds 
264B    68 79 17                  push        offset DGROUP:L$860 
264E    E9 7E E8                  jmp         L$134 
2651                          L$341:
2651    BB 98 17                  mov         bx,offset DGROUP:L$861 
2654    8D 46 82                  lea         ax,-0x7e[bp] 
2657    8C D9                     mov         cx,ds 
2659    8C D2                     mov         dx,ss 
265B    E8 00 00                  call        is_cmd_ 
265E    85 C0                     test        ax,ax 
2660    0F 84 15 01               je          L$351 
2664    B8 CA F4                  mov         ax,0xf4ca 
2667    31 D2                     xor         dx,dx 
2669    E8 00 00                  call        io_read_ 
266C    89 C3                     mov         bx,ax 
266E    31 D2                     xor         dx,dx 
2670    B8 00 F8                  mov         ax,0xf800 
2673    E8 00 00                  call        io_read_ 
2676    BA 01 00                  mov         dx,0x0001 
2679    89 46 16                  mov         word ptr 0x16[bp],ax 
267C    B8 C0 F4                  mov         ax,0xf4c0 
267F    31 FF                     xor         di,di 
2681    E8 00 00                  call        io_read_ 
2684    BA 01 00                  mov         dx,0x0001 
2687    89 46 18                  mov         word ptr 0x18[bp],ax 
268A    B8 C2 F4                  mov         ax,0xf4c2 
268D    31 F6                     xor         si,si 
268F    E8 00 00                  call        io_read_ 
2692    09 C7                     or          di,ax 
2694                          L$342:
2694    BA 01 00                  mov         dx,0x0001 
2697    B8 C4 F4                  mov         ax,0xf4c4 
269A    E8 00 00                  call        io_read_ 
269D    BA 01 00                  mov         dx,0x0001 
26A0    89 82 42 FF               mov         word ptr -0xbe[bp+si],ax 
26A4    B8 C6 F4                  mov         ax,0xf4c6 
26A7    46                        inc         si 
26A8    46                        inc         si 
26A9    E8 00 00                  call        io_read_ 
26AC    89 82 38 FF               mov         word ptr -0xc8[bp+si],ax 
26B0    83 FE 08                  cmp         si,0x0008 
26B3    75 DF                     jne         L$342 
26B5    F6 C3 02                  test        bl,0x02 
26B8    74 05                     je          L$343 
26BA    BA 9C 17                  mov         dx,offset DGROUP:L$862 
26BD    EB 03                     jmp         L$344 
26BF                          L$343:
26BF    BA 9F 17                  mov         dx,offset DGROUP:L$863 
26C2                          L$344:
26C2    8C D8                     mov         ax,ds 
26C4    50                        push        ax 
26C5    52                        push        dx 
26C6    53                        push        bx 
26C7    1E                        push        ds 
26C8    68 A3 17                  push        offset DGROUP:L$864 
26CB    E8 00 00                  call        _cprintf 
26CE    83 C4 0A                  add         sp,0x000a 
26D1    F6 46 16 04               test        byte ptr 0x16[bp],0x04 
26D5    74 05                     je          L$345 
26D7    BA CA 17                  mov         dx,offset DGROUP:L$865 
26DA    EB 03                     jmp         L$346 
26DC                          L$345:
26DC    BA 9F 17                  mov         dx,offset DGROUP:L$863 
26DF                          L$346:
26DF    8C D8                     mov         ax,ds 
26E1    50                        push        ax 
26E2    52                        push        dx 
26E3    F6 46 16 08               test        byte ptr 0x16[bp],0x08 
26E7    74 05                     je          L$347 
26E9    BA CA 17                  mov         dx,offset DGROUP:L$865 
26EC    EB 03                     jmp         L$348 
26EE                          L$347:
26EE    BA CD 17                  mov         dx,offset DGROUP:L$866 
26F1                          L$348:
26F1    8C D8                     mov         ax,ds 
26F3    50                        push        ax 
26F4    52                        push        dx 
26F5    FF 76 16                  push        word ptr 0x16[bp] 
26F8    1E                        push        ds 
26F9    68 D1 17                  push        offset DGROUP:L$867 
26FC    E8 00 00                  call        _cprintf 
26FF    83 C4 0E                  add         sp,0x000e 
2702    FF 76 18                  push        word ptr 0x18[bp] 
2705    57                        push        di 
2706    57                        push        di 
2707    FF 76 18                  push        word ptr 0x18[bp] 
270A    1E                        push        ds 
270B    68 FF 17                  push        offset DGROUP:L$868 
270E    E8 00 00                  call        _cprintf 
2711    83 C4 0C                  add         sp,0x000c 
2714    1E                        push        ds 
2715    68 41 18                  push        offset DGROUP:L$869 
2718    31 F6                     xor         si,si 
271A    E8 00 00                  call        _cprintf 
271D    83 C4 04                  add         sp,0x0004 
2720                          L$349:
2720    FF B2 3A FF               push        word ptr -0xc6[bp+si] 
2724    FF B2 42 FF               push        word ptr -0xbe[bp+si] 
2728    1E                        push        ds 
2729    68 4D 18                  push        offset DGROUP:L$870 
272C    46                        inc         si 
272D    46                        inc         si 
272E    E8 00 00                  call        _cprintf 
2731    83 C4 08                  add         sp,0x0008 
2734    83 FE 08                  cmp         si,0x0008 
2737    75 E7                     jne         L$349 
2739    1E                        push        ds 
273A    68 31 00                  push        offset DGROUP:L$684 
273D    E8 00 00                  call        _cprintf 
2740    C4 1E 00 00               les         bx,dword ptr _bda_ptr 
2744    31 D2                     xor         dx,dx 
2746    26 8B 87 DD 00            mov         ax,word ptr es:0xdd[bx] 
274B    BB E8 03                  mov         bx,0x03e8 
274E    F7 F3                     div         bx 
2750    83 C4 04                  add         sp,0x0004 
2753    89 C6                     mov         si,ax 
2755    85 C0                     test        ax,ax 
2757    74 19                     je          L$350 
2759    8B 56 18                  mov         dx,word ptr 0x18[bp] 
275C    89 F8                     mov         ax,di 
275E    89 F3                     mov         bx,si 
2760    31 C9                     xor         cx,cx 
2762    E8 00 00                  call        __U4D 
2765    52                        push        dx 
2766    50                        push        ax 
2767    56                        push        si 
2768    1E                        push        ds 
2769    68 57 18                  push        offset DGROUP:L$871 
276C    E8 00 00                  call        _cprintf 
276F    83 C4 0A                  add         sp,0x000a 
2772                          L$350:
2772    1E                        push        ds 
2773    68 95 18                  push        offset DGROUP:L$872 
2776    E9 56 E7                  jmp         L$134 
2779                          L$351:
2779    BB E2 18                  mov         bx,offset DGROUP:L$873 
277C    8D 46 82                  lea         ax,-0x7e[bp] 
277F    8C D9                     mov         cx,ds 
2781    8C D2                     mov         dx,ss 
2783    E8 00 00                  call        is_cmd_ 
2786    85 C0                     test        ax,ax 
2788    0F 84 E8 04               je          L$413 
278C    8E 46 84                  mov         es,word ptr -0x7c[bp] 
278F                          L$352:
278F    8B 5E 82                  mov         bx,word ptr -0x7e[bp] 
2792    26 8A 07                  mov         al,byte ptr es:[bx] 
2795    3C 20                     cmp         al,0x20 
2797    74 04                     je          L$353 
2799    3C 09                     cmp         al,0x09 
279B    75 05                     jne         L$354 
279D                          L$353:
279D    FF 46 82                  inc         word ptr -0x7e[bp] 
27A0    EB ED                     jmp         L$352 
27A2                          L$354:
27A2    BA AE 00                  mov         dx,0x00ae 
27A5    B8 E1 04                  mov         ax,0x04e1 
27A8    E8 00 00                  call        v3_kbd_put_ 
27AB    B8 21 00                  mov         ax,0x0021 
27AE    31 D2                     xor         dx,dx 
27B0    31 DB                     xor         bx,bx 
27B2    E8 00 00                  call        io_read_ 
27B5    89 C6                     mov         si,ax 
27B7    89 46 20                  mov         word ptr 0x20[bp],ax 
27BA    89 C2                     mov         dx,ax 
27BC    B8 21 00                  mov         ax,0x0021 
27BF    80 CA 02                  or          dl,0x02 
27C2    8C D9                     mov         cx,ds 
27C4    E8 00 00                  call        io_write_ 
27C7    BB E8 18                  mov         bx,offset DGROUP:L$874 
27CA    8D 46 82                  lea         ax,-0x7e[bp] 
27CD    8C D2                     mov         dx,ss 
27CF    E8 00 00                  call        is_cmd_ 
27D2    85 C0                     test        ax,ax 
27D4    74 4C                     je          L$358 
27D6    1E                        push        ds 
27D7    68 ED 18                  push        offset DGROUP:L$875 
27DA    E8 00 00                  call        _cprintf 
27DD    83 C4 04                  add         sp,0x0004 
27E0                          L$355:
27E0    C4 1E 00 00               les         bx,dword ptr _bda_ptr 
27E4    26 8B 47 1A               mov         ax,word ptr es:0x1a[bx] 
27E8    26 3B 47 1C               cmp         ax,word ptr es:0x1c[bx] 
27EC    75 21                     jne         L$356 
27EE    B8 E1 04                  mov         ax,0x04e1 
27F1    31 D2                     xor         dx,dx 
27F3    E8 00 00                  call        io_read_ 
27F6    A8 01                     test        al,0x01 
27F8    74 E6                     je          L$355 
27FA    B8 E0 04                  mov         ax,0x04e0 
27FD    31 D2                     xor         dx,dx 
27FF    E8 00 00                  call        io_read_ 
2802    50                        push        ax 
2803    1E                        push        ds 
2804    68 2B 00                  push        offset DGROUP:L$683 
2807    E8 00 00                  call        _cprintf 
280A    83 C4 06                  add         sp,0x0006 
280D    EB D1                     jmp         L$355 
280F                          L$356:
280F    E8 00 00                  call        KBD_getchar_ 
2812    1E                        push        ds 
2813    68 31 00                  push        offset DGROUP:L$684 
2816                          L$357:
2816    E8 00 00                  call        _cprintf 
2819    8B 56 20                  mov         dx,word ptr 0x20[bp] 
281C    B8 21 00                  mov         ax,0x0021 
281F    E9 7B 12                  jmp         L$545 
2822                          L$358:
2822    BB 29 19                  mov         bx,offset DGROUP:L$876 
2825    8D 46 82                  lea         ax,-0x7e[bp] 
2828    8C D9                     mov         cx,ds 
282A    8C D2                     mov         dx,ss 
282C    E8 00 00                  call        is_cmd_ 
282F    85 C0                     test        ax,ax 
2831    0F 84 2F 02               je          L$385 
2835                          L$359:
2835    B8 E1 04                  mov         ax,0x04e1 
2838    31 D2                     xor         dx,dx 
283A    E8 00 00                  call        io_read_ 
283D    A8 01                     test        al,0x01 
283F    74 0A                     je          L$360 
2841    B8 E0 04                  mov         ax,0x04e0 
2844    31 D2                     xor         dx,dx 
2846    E8 00 00                  call        io_read_ 
2849    EB EA                     jmp         L$359 
284B                          L$360:
284B    BF FF 00                  mov         di,0x00ff 
284E    8B 1E 00 00               mov         bx,word ptr _bda_ptr 
2852    31 C9                     xor         cx,cx 
2854    8E 06 02 00               mov         es,word ptr _bda_ptr+0x2 
2858    89 4E 1C                  mov         word ptr 0x1c[bp],cx 
285B    89 4E 1A                  mov         word ptr 0x1a[bp],cx 
285E    26 8B 77 6C               mov         si,word ptr es:0x6c[bx] 
2862                          L$361:
2862    BA 0A 00                  mov         dx,0x000a 
2865    B8 20 00                  mov         ax,0x0020 
2868    31 DB                     xor         bx,bx 
286A    E8 00 00                  call        io_write_ 
286D    B8 20 00                  mov         ax,0x0020 
2870    31 D2                     xor         dx,dx 
2872    E8 00 00                  call        io_read_ 
2875    31 DB                     xor         bx,bx 
2877    BA 0A 00                  mov         dx,0x000a 
287A    09 46 1A                  or          word ptr 0x1a[bp],ax 
287D    B8 A0 00                  mov         ax,0x00a0 
2880    E8 00 00                  call        io_write_ 
2883    B8 A0 00                  mov         ax,0x00a0 
2886    31 D2                     xor         dx,dx 
2888    E8 00 00                  call        io_read_ 
288B    09 46 1C                  or          word ptr 0x1c[bp],ax 
288E    31 D2                     xor         dx,dx 
2890    B8 70 F8                  mov         ax,0xf870 
2893    E8 00 00                  call        io_read_ 
2896    8B 1E 00 00               mov         bx,word ptr _bda_ptr 
289A    09 C1                     or          cx,ax 
289C    8E 06 02 00               mov         es,word ptr _bda_ptr+0x2 
28A0    21 C7                     and         di,ax 
28A2    26 8B 47 6C               mov         ax,word ptr es:0x6c[bx] 
28A6    29 F0                     sub         ax,si 
28A8    3D 12 00                  cmp         ax,0x0012 
28AB    72 B5                     jb          L$361 
28AD    F7 C7 04 00               test        di,0x0004 
28B1    74 05                     je          L$362 
28B3    BA 2D 19                  mov         dx,offset DGROUP:L$877 
28B6    EB 0D                     jmp         L$364 
28B8                          L$362:
28B8    F6 C1 04                  test        cl,0x04 
28BB    74 05                     je          L$363 
28BD    BA 32 19                  mov         dx,offset DGROUP:L$878 
28C0    EB 03                     jmp         L$364 
28C2                          L$363:
28C2    BA 3B 19                  mov         dx,offset DGROUP:L$879 
28C5                          L$364:
28C5    8C D8                     mov         ax,ds 
28C7    50                        push        ax 
28C8    52                        push        dx 
28C9    66 FF 76 1A               push        dword ptr 0x1a[bp] 
28CD    1E                        push        ds 
28CE    C7 46 24 FF 00            mov         word ptr 0x24[bp],0x00ff 
28D3    68 3F 19                  push        offset DGROUP:L$880 
28D6    31 F6                     xor         si,si 
28D8    E8 00 00                  call        _cprintf 
28DB    8B 1E 00 00               mov         bx,word ptr _bda_ptr 
28DF    83 C4 0C                  add         sp,0x000c 
28E2    31 C0                     xor         ax,ax 
28E4    8E 06 02 00               mov         es,word ptr _bda_ptr+0x2 
28E8    89 46 22                  mov         word ptr 0x22[bp],ax 
28EB    89 46 1E                  mov         word ptr 0x1e[bp],ax 
28EE    26 8B 4F 6C               mov         cx,word ptr es:0x6c[bx] 
28F2                          L$365:
28F2    BA 0A 00                  mov         dx,0x000a 
28F5    B8 20 00                  mov         ax,0x0020 
28F8    31 DB                     xor         bx,bx 
28FA    E8 00 00                  call        io_write_ 
28FD    B8 20 00                  mov         ax,0x0020 
2900    31 D2                     xor         dx,dx 
2902    E8 00 00                  call        io_read_ 
2905    31 DB                     xor         bx,bx 
2907    BA 0A 00                  mov         dx,0x000a 
290A    09 C6                     or          si,ax 
290C    B8 A0 00                  mov         ax,0x00a0 
290F    E8 00 00                  call        io_write_ 
2912    B8 A0 00                  mov         ax,0x00a0 
2915    31 D2                     xor         dx,dx 
2917    E8 00 00                  call        io_read_ 
291A    09 46 1E                  or          word ptr 0x1e[bp],ax 
291D    31 D2                     xor         dx,dx 
291F    B8 70 F8                  mov         ax,0xf870 
2922    E8 00 00                  call        io_read_ 
2925    8B 1E 00 00               mov         bx,word ptr _bda_ptr 
2929    09 46 22                  or          word ptr 0x22[bp],ax 
292C    8E 06 02 00               mov         es,word ptr _bda_ptr+0x2 
2930    21 46 24                  and         word ptr 0x24[bp],ax 
2933    26 8B 47 6C               mov         ax,word ptr es:0x6c[bx] 
2937    29 C8                     sub         ax,cx 
2939    3D 5A 00                  cmp         ax,0x005a 
293C    72 B4                     jb          L$365 
293E    B8 E1 04                  mov         ax,0x04e1 
2941    31 D2                     xor         dx,dx 
2943    E8 00 00                  call        io_read_ 
2946    88 86 EA 00               mov         byte ptr 0xea[bp],al 
294A                          L$366:
294A    B8 E1 04                  mov         ax,0x04e1 
294D    31 D2                     xor         dx,dx 
294F    E8 00 00                  call        io_read_ 
2952    A8 01                     test        al,0x01 
2954    74 0A                     je          L$367 
2956    B8 E0 04                  mov         ax,0x04e0 
2959    31 D2                     xor         dx,dx 
295B    E8 00 00                  call        io_read_ 
295E    EB EA                     jmp         L$366 
2960                          L$367:
2960    0F B6 86 EA 00            movzx       ax,byte ptr 0xea[bp] 
2965    50                        push        ax 
2966    F6 46 24 04               test        byte ptr 0x24[bp],0x04 
296A    74 05                     je          L$368 
296C    BA 2D 19                  mov         dx,offset DGROUP:L$877 
296F    EB 0E                     jmp         L$370 
2971                          L$368:
2971    F6 46 22 04               test        byte ptr 0x22[bp],0x04 
2975    74 05                     je          L$369 
2977    BA B0 19                  mov         dx,offset DGROUP:L$881 
297A    EB 03                     jmp         L$370 
297C                          L$369:
297C    BA 3B 19                  mov         dx,offset DGROUP:L$879 
297F                          L$370:
297F    8C D8                     mov         ax,ds 
2981    50                        push        ax 
2982    52                        push        dx 
2983    FF 76 1E                  push        word ptr 0x1e[bp] 
2986    56                        push        si 
2987    1E                        push        ds 
2988    68 BA 19                  push        offset DGROUP:L$882 
298B    E8 00 00                  call        _cprintf 
298E    83 C4 0E                  add         sp,0x000e 
2991    F6 86 EA 00 01            test        byte ptr 0xea[bp],0x01 
2996    75 07                     jne         L$371 
2998    1E                        push        ds 
2999    68 FD 19                  push        offset DGROUP:L$883 
299C    E9 77 FE                  jmp         L$357 
299F                          L$371:
299F    F7 C7 04 00               test        di,0x0004 
29A3    74 25                     je          L$374 
29A5    F6 46 24 04               test        byte ptr 0x24[bp],0x04 
29A9    74 05                     je          L$372 
29AB    BA 3E 1A                  mov         dx,offset DGROUP:L$884 
29AE    EB 03                     jmp         L$373 
29B0                          L$372:
29B0    BA 5E 1A                  mov         dx,offset DGROUP:L$885 
29B3                          L$373:
29B3    8C D8                     mov         ax,ds 
29B5    50                        push        ax 
29B6    52                        push        dx 
29B7    1E                        push        ds 
29B8    68 7E 1A                  push        offset DGROUP:L$886 
29BB    E8 00 00                  call        _cprintf 
29BE    8B 56 20                  mov         dx,word ptr 0x20[bp] 
29C1    B8 21 00                  mov         ax,0x0021 
29C4    83 C4 08                  add         sp,0x0008 
29C7    E9 D6 10                  jmp         L$546 
29CA                          L$374:
29CA    8B 46 1A                  mov         ax,word ptr 0x1a[bp] 
29CD    F7 D0                     not         ax 
29CF    30 E4                     xor         ah,ah 
29D1    24 FE                     and         al,0xfe 
29D3    21 C6                     and         si,ax 
29D5    8B 46 1C                  mov         ax,word ptr 0x1c[bp] 
29D8    F7 D0                     not         ax 
29DA    21 46 1E                  and         word ptr 0x1e[bp],ax 
29DD    85 F6                     test        si,si 
29DF    75 18                     jne         L$376 
29E1    83 7E 1E 00               cmp         word ptr 0x1e[bp],0x0000 
29E5    75 12                     jne         L$376 
29E7    F6 46 22 04               test        byte ptr 0x22[bp],0x04 
29EB    75 0C                     jne         L$376 
29ED    1E                        push        ds 
29EE    68 48 1B                  push        offset DGROUP:L$887 
29F1                          L$375:
29F1    E8 00 00                  call        _cprintf 
29F4    83 C4 04                  add         sp,0x0004 
29F7    EB 62                     jmp         L$384 
29F9                          L$376:
29F9    85 F6                     test        si,si 
29FB    75 0C                     jne         L$377 
29FD    83 7E 1E 00               cmp         word ptr 0x1e[bp],0x0000 
2A01    75 06                     jne         L$377 
2A03    1E                        push        ds 
2A04    68 AA 1B                  push        offset DGROUP:L$888 
2A07    EB E8                     jmp         L$375 
2A09                          L$377:
2A09    C7 86 CE 00 00 00         mov         word ptr 0xce[bp],0x0000 
2A0F    EB 46                     jmp         L$383 
2A11                          L$378:
2A11    8B 56 1E                  mov         dx,word ptr 0x1e[bp] 
2A14                          L$379:
2A14    8B 8E CE 00               mov         cx,word ptr 0xce[bp] 
2A18    B8 01 00                  mov         ax,0x0001 
2A1B    80 E1 07                  and         cl,0x07 
2A1E    D3 E0                     shl         ax,cl 
2A20    85 C2                     test        dx,ax 
2A22    74 21                     je          L$382 
2A24    83 BE CE 00 01            cmp         word ptr 0xce[bp],0x0001 
2A29    75 05                     jne         L$380 
2A2B    BA 12 1C                  mov         dx,offset DGROUP:L$889 
2A2E    EB 03                     jmp         L$381 
2A30                          L$380:
2A30    BA 44 1C                  mov         dx,offset DGROUP:L$890 
2A33                          L$381:
2A33    8C D8                     mov         ax,ds 
2A35    50                        push        ax 
2A36    52                        push        dx 
2A37    FF B6 CE 00               push        word ptr 0xce[bp] 
2A3B    1E                        push        ds 
2A3C    68 45 1C                  push        offset DGROUP:L$891 
2A3F    E8 00 00                  call        _cprintf 
2A42    83 C4 0A                  add         sp,0x000a 
2A45                          L$382:
2A45    FF 86 CE 00               inc         word ptr 0xce[bp] 
2A49    8B 86 CE 00               mov         ax,word ptr 0xce[bp] 
2A4D    3D 10 00                  cmp         ax,0x0010 
2A50    73 09                     jae         L$384 
2A52    3D 08 00                  cmp         ax,0x0008 
2A55    73 BA                     jae         L$378 
2A57                          L$383:
2A57    89 F2                     mov         dx,si 
2A59    EB B9                     jmp         L$379 
2A5B                          L$384:
2A5B    8B 56 20                  mov         dx,word ptr 0x20[bp] 
2A5E    B8 21 00                  mov         ax,0x0021 
2A61    E9 3C 10                  jmp         L$546 
2A64                          L$385:
2A64    B8 21 00                  mov         ax,0x0021 
2A67    89 F2                     mov         dx,si 
2A69    31 DB                     xor         bx,bx 
2A6B    E8 00 00                  call        io_write_ 
2A6E    B8 E1 04                  mov         ax,0x04e1 
2A71    31 D2                     xor         dx,dx 
2A73    E8 00 00                  call        io_read_ 
2A76    89 46 26                  mov         word ptr 0x26[bp],ax 
2A79    0F B6 46 26               movzx       ax,byte ptr 0x26[bp] 
2A7D    50                        push        ax 
2A7E    1E                        push        ds 
2A7F    68 5D 1C                  push        offset DGROUP:L$892 
2A82    E8 00 00                  call        _cprintf 
2A85    83 C4 06                  add         sp,0x0006 
2A88    80 7E 26 FF               cmp         byte ptr 0x26[bp],0xff 
2A8C    75 0A                     jne         L$386 
2A8E    68 E1 04                  push        0x04e1 
2A91    1E                        push        ds 
2A92    68 70 1C                  push        offset DGROUP:L$893 
2A95    E9 52 EA                  jmp         L$192 
2A98                          L$386:
2A98    0F B6 46 26               movzx       ax,byte ptr 0x26[bp] 
2A9C    89 C2                     mov         dx,ax 
2A9E    C1 FA 04                  sar         dx,0x04 
2AA1    83 E2 01                  and         dx,0x0001 
2AA4    52                        push        dx 
2AA5    89 C2                     mov         dx,ax 
2AA7    C1 FA 02                  sar         dx,0x02 
2AAA    30 F6                     xor         dh,dh 
2AAC    D1 F8                     sar         ax,0x01 
2AAE    80 E2 01                  and         dl,0x01 
2AB1    30 E4                     xor         ah,ah 
2AB3    52                        push        dx 
2AB4    24 01                     and         al,0x01 
2AB6    50                        push        ax 
2AB7    8A 46 26                  mov         al,byte ptr 0x26[bp] 
2ABA    24 01                     and         al,0x01 
2ABC    50                        push        ax 
2ABD    1E                        push        ds 
2ABE    68 99 1C                  push        offset DGROUP:L$894 
2AC1    31 F6                     xor         si,si 
2AC3    E8 00 00                  call        _cprintf 
2AC6    83 C4 0C                  add         sp,0x000c 
2AC9    EB 19                     jmp         L$388 
2ACB                          L$387:
2ACB    B8 E0 04                  mov         ax,0x04e0 
2ACE    31 D2                     xor         dx,dx 
2AD0    E8 00 00                  call        io_read_ 
2AD3    50                        push        ax 
2AD4    1E                        push        ds 
2AD5    68 BD 1C                  push        offset DGROUP:L$895 
2AD8    46                        inc         si 
2AD9    E8 00 00                  call        _cprintf 
2ADC    83 C4 06                  add         sp,0x0006 
2ADF    83 FE 10                  cmp         si,0x0010 
2AE2    73 0C                     jae         L$389 
2AE4                          L$388:
2AE4    B8 E1 04                  mov         ax,0x04e1 
2AE7    31 D2                     xor         dx,dx 
2AE9    E8 00 00                  call        io_read_ 
2AEC    A8 01                     test        al,0x01 
2AEE    75 DB                     jne         L$387 
2AF0                          L$389:
2AF0    8D 9E F0 00               lea         bx,0xf0[bp] 
2AF4    B8 AA 00                  mov         ax,0x00aa 
2AF7    8C D1                     mov         cx,ss 
2AF9    E8 00 00                  call        v3_kbd_ask_ 
2AFC    85 C0                     test        ax,ax 
2AFE    75 07                     jne         L$390 
2B00    1E                        push        ds 
2B01    68 D2 1C                  push        offset DGROUP:L$896 
2B04    E9 C8 E3                  jmp         L$134 
2B07                          L$390:
2B07    80 BE F0 00 55            cmp         byte ptr 0xf0[bp],0x55 
2B0C    75 05                     jne         L$391 
2B0E    B8 0D 1D                  mov         ax,offset DGROUP:L$897 
2B11    EB 03                     jmp         L$392 
2B13                          L$391:
2B13    B8 32 1D                  mov         ax,offset DGROUP:L$898 
2B16                          L$392:
2B16    8C DA                     mov         dx,ds 
2B18    52                        push        dx 
2B19    50                        push        ax 
2B1A    0F B6 86 F0 00            movzx       ax,byte ptr 0xf0[bp] 
2B1F    50                        push        ax 
2B20    1E                        push        ds 
2B21    68 48 1D                  push        offset DGROUP:L$899 
2B24    E8 00 00                  call        _cprintf 
2B27    83 C4 0A                  add         sp,0x000a 
2B2A    80 BE F0 00 55            cmp         byte ptr 0xf0[bp],0x55 
2B2F    0F 85 4D E3               jne         L$132 
2B33    8D 9E F0 00               lea         bx,0xf0[bp] 
2B37    B8 AB 00                  mov         ax,0x00ab 
2B3A    8C D1                     mov         cx,ss 
2B3C    E8 00 00                  call        v3_kbd_ask_ 
2B3F    85 C0                     test        ax,ax 
2B41    74 4A                     je          L$399 
2B43    8A 86 F0 00               mov         al,byte ptr 0xf0[bp] 
2B47    84 C0                     test        al,al 
2B49    75 05                     jne         L$393 
2B4B    BA 62 1D                  mov         dx,offset DGROUP:L$900 
2B4E    EB 27                     jmp         L$398 
2B50                          L$393:
2B50    3C 01                     cmp         al,0x01 
2B52    75 05                     jne         L$394 
2B54    BA 7F 1D                  mov         dx,offset DGROUP:L$901 
2B57    EB 1E                     jmp         L$398 
2B59                          L$394:
2B59    3C 02                     cmp         al,0x02 
2B5B    75 05                     jne         L$395 
2B5D    BA 92 1D                  mov         dx,offset DGROUP:L$902 
2B60    EB 15                     jmp         L$398 
2B62                          L$395:
2B62    3C 03                     cmp         al,0x03 
2B64    75 05                     jne         L$396 
2B66    BA A6 1D                  mov         dx,offset DGROUP:L$903 
2B69    EB 0C                     jmp         L$398 
2B6B                          L$396:
2B6B    3C 04                     cmp         al,0x04 
2B6D    75 05                     jne         L$397 
2B6F    BA B8 1D                  mov         dx,offset DGROUP:L$904 
2B72    EB 03                     jmp         L$398 
2B74                          L$397:
2B74    BA CB 1D                  mov         dx,offset DGROUP:L$905 
2B77                          L$398:
2B77    8C D8                     mov         ax,ds 
2B79    50                        push        ax 
2B7A    52                        push        dx 
2B7B    0F B6 86 F0 00            movzx       ax,byte ptr 0xf0[bp] 
2B80    50                        push        ax 
2B81    1E                        push        ds 
2B82    68 D6 1D                  push        offset DGROUP:L$906 
2B85    E8 00 00                  call        _cprintf 
2B88    83 C4 0A                  add         sp,0x000a 
2B8B    EB 0A                     jmp         L$400 
2B8D                          L$399:
2B8D    1E                        push        ds 
2B8E    68 F5 1D                  push        offset DGROUP:L$907 
2B91    E8 00 00                  call        _cprintf 
2B94    83 C4 04                  add         sp,0x0004 
2B97                          L$400:
2B97    8D 9E F2 00               lea         bx,0xf2[bp] 
2B9B    B8 20 00                  mov         ax,0x0020 
2B9E    8C D1                     mov         cx,ss 
2BA0    E8 00 00                  call        v3_kbd_ask_ 
2BA3    85 C0                     test        ax,ax 
2BA5    74 49                     je          L$407 
2BA7    F6 86 F2 00 10            test        byte ptr 0xf2[bp],0x10 
2BAC    74 05                     je          L$401 
2BAE    B8 16 1E                  mov         ax,offset DGROUP:L$908 
2BB1    EB 03                     jmp         L$402 
2BB3                          L$401:
2BB3    B8 1F 1E                  mov         ax,offset DGROUP:L$909 
2BB6                          L$402:
2BB6    8C DA                     mov         dx,ds 
2BB8    52                        push        dx 
2BB9    50                        push        ax 
2BBA    F6 86 F2 00 40            test        byte ptr 0xf2[bp],0x40 
2BBF    74 05                     je          L$403 
2BC1    BA 27 1E                  mov         dx,offset DGROUP:L$910 
2BC4    EB 03                     jmp         L$404 
2BC6                          L$403:
2BC6    BA 3C 1E                  mov         dx,offset DGROUP:L$911 
2BC9                          L$404:
2BC9    8C D8                     mov         ax,ds 
2BCB    50                        push        ax 
2BCC    52                        push        dx 
2BCD    F6 86 F2 00 01            test        byte ptr 0xf2[bp],0x01 
2BD2    74 05                     je          L$405 
2BD4    B8 CA 17                  mov         ax,offset DGROUP:L$865 
2BD7    EB 03                     jmp         L$406 
2BD9                          L$405:
2BD9    B8 9F 17                  mov         ax,offset DGROUP:L$863 
2BDC                          L$406:
2BDC    8C DA                     mov         dx,ds 
2BDE    52                        push        dx 
2BDF    50                        push        ax 
2BE0    0F B6 86 F2 00            movzx       ax,byte ptr 0xf2[bp] 
2BE5    50                        push        ax 
2BE6    1E                        push        ds 
2BE7    68 4C 1E                  push        offset DGROUP:L$912 
2BEA    E8 00 00                  call        _cprintf 
2BED    83 C4 12                  add         sp,0x0012 
2BF0                          L$407:
2BF0    BA AE 00                  mov         dx,0x00ae 
2BF3    B8 E1 04                  mov         ax,0x04e1 
2BF6    E8 00 00                  call        v3_kbd_put_ 
2BF9    BA FF 00                  mov         dx,0x00ff 
2BFC    B8 E0 04                  mov         ax,0x04e0 
2BFF    E8 00 00                  call        v3_kbd_put_ 
2C02    85 C0                     test        ax,ax 
2C04    74 10                     je          L$408 
2C06    BB 12 00                  mov         bx,0x0012 
2C09    8D 86 F0 00               lea         ax,0xf0[bp] 
2C0D    8C D2                     mov         dx,ss 
2C0F    E8 00 00                  call        v3_kbd_get_ 
2C12    85 C0                     test        ax,ax 
2C14    75 07                     jne         L$409 
2C16                          L$408:
2C16    1E                        push        ds 
2C17    68 88 1E                  push        offset DGROUP:L$913 
2C1A    E9 B2 E2                  jmp         L$134 
2C1D                          L$409:
2C1D    0F B6 86 F0 00            movzx       ax,byte ptr 0xf0[bp] 
2C22    50                        push        ax 
2C23    1E                        push        ds 
2C24    68 FF 1E                  push        offset DGROUP:L$914 
2C27    E8 00 00                  call        _cprintf 
2C2A    83 C4 06                  add         sp,0x0006 
2C2D    80 BE F0 00 FA            cmp         byte ptr 0xf0[bp],0xfa 
2C32    75 20                     jne         L$410 
2C34    BB 24 00                  mov         bx,0x0024 
2C37    8D 86 F0 00               lea         ax,0xf0[bp] 
2C3B    8C D2                     mov         dx,ss 
2C3D    E8 00 00                  call        v3_kbd_get_ 
2C40    85 C0                     test        ax,ax 
2C42    74 10                     je          L$410 
2C44    0F B6 86 F0 00            movzx       ax,byte ptr 0xf0[bp] 
2C49    50                        push        ax 
2C4A    1E                        push        ds 
2C4B    68 1B 1F                  push        offset DGROUP:L$915 
2C4E    E8 00 00                  call        _cprintf 
2C51    83 C4 06                  add         sp,0x0006 
2C54                          L$410:
2C54    80 BE F0 00 AA            cmp         byte ptr 0xf0[bp],0xaa 
2C59    75 05                     jne         L$411 
2C5B    BA 21 1F                  mov         dx,offset DGROUP:L$916 
2C5E    EB 03                     jmp         L$412 
2C60                          L$411:
2C60    BA 44 1F                  mov         dx,offset DGROUP:L$917 
2C63                          L$412:
2C63    8C D8                     mov         ax,ds 
2C65    50                        push        ax 
2C66    52                        push        dx 
2C67    E8 00 00                  call        _cprintf 
2C6A    83 C4 04                  add         sp,0x0004 
2C6D    1E                        push        ds 
2C6E    68 5D 1F                  push        offset DGROUP:L$918 
2C71    E9 5B E2                  jmp         L$134 
2C74                          L$413:
2C74    BB 9C 1F                  mov         bx,offset DGROUP:L$919 
2C77    8D 46 82                  lea         ax,-0x7e[bp] 
2C7A    8C D9                     mov         cx,ds 
2C7C    8C D2                     mov         dx,ss 
2C7E    E8 00 00                  call        is_cmd_ 
2C81    85 C0                     test        ax,ax 
2C83    0F 84 CB 00               je          L$416 
2C87    BF E3 04                  mov         di,0x04e3 
2C8A    BE E2 04                  mov         si,0x04e2 
2C8D    89 FA                     mov         dx,di 
2C8F    89 F0                     mov         ax,si 
2C91    E8 00 00                  call        v3_crtc_try_ 
2C94    85 C0                     test        ax,ax 
2C96    75 18                     jne         L$414 
2C98    56                        push        si 
2C99    BA A3 1F                  mov         dx,offset DGROUP:L$920 
2C9C    1E                        push        ds 
2C9D    89 FE                     mov         si,di 
2C9F    52                        push        dx 
2CA0    BF E2 04                  mov         di,0x04e2 
2CA3    E8 00 00                  call        _cprintf 
2CA6    83 C4 06                  add         sp,0x0006 
2CA9    89 FA                     mov         dx,di 
2CAB    89 F0                     mov         ax,si 
2CAD    E8 00 00                  call        v3_crtc_try_ 
2CB0                          L$414:
2CB0    85 C0                     test        ax,ax 
2CB2    75 2F                     jne         L$415 
2CB4    BB 0F 00                  mov         bx,0x000f 
2CB7    BA E3 04                  mov         dx,0x04e3 
2CBA    B8 E2 04                  mov         ax,0x04e2 
2CBD    E8 00 00                  call        v3_crtc_get_ 
2CC0    BB 0E 00                  mov         bx,0x000e 
2CC3    30 E4                     xor         ah,ah 
2CC5    BA E3 04                  mov         dx,0x04e3 
2CC8    50                        push        ax 
2CC9    B8 E2 04                  mov         ax,0x04e2 
2CCC    E8 00 00                  call        v3_crtc_get_ 
2CCF    30 E4                     xor         ah,ah 
2CD1    50                        push        ax 
2CD2    1E                        push        ds 
2CD3    68 F3 1F                  push        offset DGROUP:L$921 
2CD6    E8 00 00                  call        _cprintf 
2CD9    83 C4 08                  add         sp,0x0008 
2CDC    1E                        push        ds 
2CDD    68 30 20                  push        offset DGROUP:L$922 
2CE0    E9 EC E1                  jmp         L$134 
2CE3                          L$415:
2CE3    57                        push        di 
2CE4    56                        push        si 
2CE5    1E                        push        ds 
2CE6    68 BD 20                  push        offset DGROUP:L$923 
2CE9    E8 00 00                  call        _cprintf 
2CEC    83 C4 08                  add         sp,0x0008 
2CEF    1E                        push        ds 
2CF0    68 F0 20                  push        offset DGROUP:L$924 
2CF3    E8 00 00                  call        _cprintf 
2CF6    BB 11 00                  mov         bx,0x0011 
2CF9    83 C4 04                  add         sp,0x0004 
2CFC    89 FA                     mov         dx,di 
2CFE    89 F0                     mov         ax,si 
2D00    E8 00 00                  call        v3_crtc_get_ 
2D03    BB 10 00                  mov         bx,0x0010 
2D06    30 E4                     xor         ah,ah 
2D08    89 FA                     mov         dx,di 
2D0A    50                        push        ax 
2D0B    89 F0                     mov         ax,si 
2D0D    E8 00 00                  call        v3_crtc_get_ 
2D10    BB 0F 00                  mov         bx,0x000f 
2D13    30 E4                     xor         ah,ah 
2D15    89 FA                     mov         dx,di 
2D17    50                        push        ax 
2D18    89 F0                     mov         ax,si 
2D1A    E8 00 00                  call        v3_crtc_get_ 
2D1D    BB 0E 00                  mov         bx,0x000e 
2D20    30 E4                     xor         ah,ah 
2D22    89 FA                     mov         dx,di 
2D24    50                        push        ax 
2D25    89 F0                     mov         ax,si 
2D27    E8 00 00                  call        v3_crtc_get_ 
2D2A    30 E4                     xor         ah,ah 
2D2C    50                        push        ax 
2D2D    1E                        push        ds 
2D2E    68 28 21                  push        offset DGROUP:L$925 
2D31    E8 00 00                  call        _cprintf 
2D34    BB 0E 00                  mov         bx,0x000e 
2D37    83 C4 0C                  add         sp,0x000c 
2D3A    89 FA                     mov         dx,di 
2D3C    89 F0                     mov         ax,si 
2D3E    31 C9                     xor         cx,cx 
2D40    E8 00 00                  call        v3_crtc_put_ 
2D43    BB 0F 00                  mov         bx,0x000f 
2D46    89 FA                     mov         dx,di 
2D48    89 F0                     mov         ax,si 
2D4A    31 C9                     xor         cx,cx 
2D4C    E8 00 00                  call        v3_crtc_put_ 
2D4F    E9 2E E1                  jmp         L$132 
2D52                          L$416:
2D52    BB 58 21                  mov         bx,offset DGROUP:L$926 
2D55    8D 46 82                  lea         ax,-0x7e[bp] 
2D58    8C D9                     mov         cx,ds 
2D5A    8C D2                     mov         dx,ss 
2D5C    E8 00 00                  call        is_cmd_ 
2D5F    85 C0                     test        ax,ax 
2D61    0F 84 41 02               je          L$432 
2D65    C4 1E 00 00               les         bx,dword ptr _bda_ptr 
2D69    26 F6 87 89 00 02         test        byte ptr es:0x89[bx],0x02 
2D6F    75 07                     jne         L$417 
2D71    1E                        push        ds 
2D72    BA 5E 21                  mov         dx,offset DGROUP:L$927 
2D75    E9 56 E1                  jmp         L$133 
2D78                          L$417:
2D78    B8 03 00                  mov         ax,0x0003 
2D7B    CD 10                     int         0x10 
2D7D    C7 46 2A 00 00            mov         word ptr 0x2a[bp],0x0000 
2D82    EB 09                     jmp         L$419 
2D84                          L$418:
2D84    FF 46 2A                  inc         word ptr 0x2a[bp] 
2D87    83 7E 2A 50               cmp         word ptr 0x2a[bp],0x0050 
2D8B    73 72                     jae         L$420 
2D8D                          L$419:
2D8D    8B 46 2A                  mov         ax,word ptr 0x2a[bp] 
2D90    BB 0A 00                  mov         bx,0x000a 
2D93    31 D2                     xor         dx,dx 
2D95    F7 F3                     div         bx 
2D97    B9 07 00                  mov         cx,0x0007 
2D9A    05 30 00                  add         ax,0x0030 
2D9D    8B 56 2A                  mov         dx,word ptr 0x2a[bp] 
2DA0    0F B6 D8                  movzx       bx,al 
2DA3    31 C0                     xor         ax,ax 
2DA5    E8 00 00                  call        v10_cell_ 
2DA8    8B 46 2A                  mov         ax,word ptr 0x2a[bp] 
2DAB    BB 0A 00                  mov         bx,0x000a 
2DAE    31 D2                     xor         dx,dx 
2DB0    F7 F3                     div         bx 
2DB2    B9 07 00                  mov         cx,0x0007 
2DB5    83 C2 30                  add         dx,0x0030 
2DB8    B8 01 00                  mov         ax,0x0001 
2DBB    0F B6 F2                  movzx       si,dl 
2DBE    8B 56 2A                  mov         dx,word ptr 0x2a[bp] 
2DC1    89 F3                     mov         bx,si 
2DC3    E8 00 00                  call        v10_cell_ 
2DC6    B9 07 00                  mov         cx,0x0007 
2DC9    8B 56 2A                  mov         dx,word ptr 0x2a[bp] 
2DCC    B8 18 00                  mov         ax,0x0018 
2DCF    89 F3                     mov         bx,si 
2DD1    E8 00 00                  call        v10_cell_ 
2DD4    8B 46 2A                  mov         ax,word ptr 0x2a[bp] 
2DD7    85 C0                     test        ax,ax 
2DD9    74 A9                     je          L$418 
2DDB    3D 4F 00                  cmp         ax,0x004f 
2DDE    73 A4                     jae         L$418 
2DE0    B9 07 00                  mov         cx,0x0007 
2DE3    BB CD 00                  mov         bx,0x00cd 
2DE6    89 C2                     mov         dx,ax 
2DE8    B8 02 00                  mov         ax,0x0002 
2DEB    E8 00 00                  call        v10_cell_ 
2DEE    B9 07 00                  mov         cx,0x0007 
2DF1    BB CD 00                  mov         bx,0x00cd 
2DF4    8B 56 2A                  mov         dx,word ptr 0x2a[bp] 
2DF7    B8 17 00                  mov         ax,0x0017 
2DFA    E8 00 00                  call        v10_cell_ 
2DFD    EB 85                     jmp         L$418 
2DFF                          L$420:
2DFF    C7 46 28 03 00            mov         word ptr 0x28[bp],0x0003 
2E04                          L$421:
2E04    B9 07 00                  mov         cx,0x0007 
2E07    BB BA 00                  mov         bx,0x00ba 
2E0A    8B 46 28                  mov         ax,word ptr 0x28[bp] 
2E0D    31 D2                     xor         dx,dx 
2E0F    E8 00 00                  call        v10_cell_ 
2E12    B9 07 00                  mov         cx,0x0007 
2E15    BB BA 00                  mov         bx,0x00ba 
2E18    BA 4F 00                  mov         dx,0x004f 
2E1B    8B 46 28                  mov         ax,word ptr 0x28[bp] 
2E1E    FF 46 28                  inc         word ptr 0x28[bp] 
2E21    E8 00 00                  call        v10_cell_ 
2E24    83 7E 28 17               cmp         word ptr 0x28[bp],0x0017 
2E28    72 DA                     jb          L$421 
2E2A    B9 07 00                  mov         cx,0x0007 
2E2D    BB C9 00                  mov         bx,0x00c9 
2E30    B8 02 00                  mov         ax,0x0002 
2E33    31 D2                     xor         dx,dx 
2E35    E8 00 00                  call        v10_cell_ 
2E38    B9 07 00                  mov         cx,0x0007 
2E3B    BB BB 00                  mov         bx,0x00bb 
2E3E    BA 4F 00                  mov         dx,0x004f 
2E41    B8 02 00                  mov         ax,0x0002 
2E44    E8 00 00                  call        v10_cell_ 
2E47    B9 07 00                  mov         cx,0x0007 
2E4A    BB C8 00                  mov         bx,0x00c8 
2E4D    B8 17 00                  mov         ax,0x0017 
2E50    31 D2                     xor         dx,dx 
2E52    E8 00 00                  call        v10_cell_ 
2E55    B9 07 00                  mov         cx,0x0007 
2E58    BB BC 00                  mov         bx,0x00bc 
2E5B    BA 4F 00                  mov         dx,0x004f 
2E5E    B8 17 00                  mov         ax,0x0017 
2E61    C7 46 28 00 00            mov         word ptr 0x28[bp],0x0000 
2E66    E8 00 00                  call        v10_cell_ 
2E69    8A 46 28                  mov         al,byte ptr 0x28[bp] 
2E6C    C0 E0 04                  shl         al,0x04 
2E6F    BF 04 00                  mov         di,0x0004 
2E72    88 86 E6 00               mov         byte ptr 0xe6[bp],al 
2E76    EB 0F                     jmp         L$423 
2E78                          L$422:
2E78    80 86 E6 00 10            add         byte ptr 0xe6[bp],0x10 
2E7D    FF 46 28                  inc         word ptr 0x28[bp] 
2E80    47                        inc         di 
2E81    83 7E 28 10               cmp         word ptr 0x28[bp],0x0010 
2E85    73 39                     jae         L$425 
2E87                          L$423:
2E87    C7 46 2A 00 00            mov         word ptr 0x2a[bp],0x0000 
2E8C    8A 46 2A                  mov         al,byte ptr 0x2a[bp] 
2E8F    BE 03 00                  mov         si,0x0003 
2E92    02 86 E6 00               add         al,byte ptr 0xe6[bp] 
2E96    89 BE BE 00               mov         word ptr 0xbe[bp],di 
2E9A    88 86 EC 00               mov         byte ptr 0xec[bp],al 
2E9E                          L$424:
2E9E    0F B6 9E EC 00            movzx       bx,byte ptr 0xec[bp] 
2EA3    B9 07 00                  mov         cx,0x0007 
2EA6    8B 86 BE 00               mov         ax,word ptr 0xbe[bp] 
2EAA    89 F2                     mov         dx,si 
2EAC    FF 46 2A                  inc         word ptr 0x2a[bp] 
2EAF    E8 00 00                  call        v10_cell_ 
2EB2    FE 86 EC 00               inc         byte ptr 0xec[bp] 
2EB6    46                        inc         si 
2EB7    46                        inc         si 
2EB8    83 7E 2A 10               cmp         word ptr 0x2a[bp],0x0010 
2EBC    73 BA                     jae         L$422 
2EBE    EB DE                     jmp         L$424 
2EC0                          L$425:
2EC0    C7 46 2C 00 00            mov         word ptr 0x2c[bp],0x0000 
2EC5    BE 04 00                  mov         si,0x0004 
2EC8    31 FF                     xor         di,di 
2ECA    EB 45                     jmp         L$430 
2ECC                          L$426:
2ECC    B8 07 00                  mov         ax,0x0007 
2ECF                          L$427:
2ECF    09 F8                     or          ax,di 
2ED1    BB A0 21                  mov         bx,offset DGROUP:L$930 
2ED4    BA 30 00                  mov         dx,0x0030 
2ED7    30 E4                     xor         ah,ah 
2ED9    8C D9                     mov         cx,ds 
2EDB    50                        push        ax 
2EDC    89 F0                     mov         ax,si 
2EDE    E8 00 00                  call        v10_text_ 
2EE1    83 7E 2C 07               cmp         word ptr 0x2c[bp],0x0007 
2EE5    75 04                     jne         L$428 
2EE7    31 C9                     xor         cx,cx 
2EE9    EB 03                     jmp         L$429 
2EEB                          L$428:
2EEB    B9 07 00                  mov         cx,0x0007 
2EEE                          L$429:
2EEE    09 F9                     or          cx,di 
2EF0    8B 5E 2C                  mov         bx,word ptr 0x2c[bp] 
2EF3    BA 33 00                  mov         dx,0x0033 
2EF6    83 C7 10                  add         di,0x0010 
2EF9    0F B6 87 8F 21            movzx       ax,byte ptr DGROUP:L$929[bx] 
2EFE    30 ED                     xor         ch,ch 
2F00    89 C3                     mov         bx,ax 
2F02    89 F0                     mov         ax,si 
2F04    FF 46 2C                  inc         word ptr 0x2c[bp] 
2F07    E8 00 00                  call        v10_cell_ 
2F0A    46                        inc         si 
2F0B    83 7E 2C 10               cmp         word ptr 0x2c[bp],0x0010 
2F0F    73 34                     jae         L$431 
2F11                          L$430:
2F11    0F B6 46 2C               movzx       ax,byte ptr 0x2c[bp] 
2F15    BB 8C 21                  mov         bx,offset DGROUP:L$928 
2F18    BA 28 00                  mov         dx,0x0028 
2F1B    8C D9                     mov         cx,ds 
2F1D    89 46 66                  mov         word ptr 0x66[bp],ax 
2F20    50                        push        ax 
2F21    89 F0                     mov         ax,si 
2F23    E8 00 00                  call        v10_text_ 
2F26    8B 5E 2C                  mov         bx,word ptr 0x2c[bp] 
2F29    8B 4E 66                  mov         cx,word ptr 0x66[bp] 
2F2C    0F B6 87 8F 21            movzx       ax,byte ptr DGROUP:L$929[bx] 
2F31    BA 2B 00                  mov         dx,0x002b 
2F34    89 C3                     mov         bx,ax 
2F36    89 F0                     mov         ax,si 
2F38    E8 00 00                  call        v10_cell_ 
2F3B    83 7E 2C 07               cmp         word ptr 0x2c[bp],0x0007 
2F3F    75 8B                     jne         L$426 
2F41    31 C0                     xor         ax,ax 
2F43    EB 8A                     jmp         L$427 
2F45                          L$431:
2F45    68 8F 00                  push        0x008f 
2F48    BB A3 21                  mov         bx,offset DGROUP:L$931 
2F4B    BA 38 00                  mov         dx,0x0038 
2F4E    B8 04 00                  mov         ax,0x0004 
2F51    8C D9                     mov         cx,ds 
2F53    E8 00 00                  call        v10_text_ 
2F56    6A 0F                     push        0x000f 
2F58    BB B4 21                  mov         bx,offset DGROUP:L$932 
2F5B    BA 38 00                  mov         dx,0x0038 
2F5E    B8 06 00                  mov         ax,0x0006 
2F61    8C D9                     mov         cx,ds 
2F63    E8 00 00                  call        v10_text_ 
2F66    6A 0F                     push        0x000f 
2F68    BB C2 21                  mov         bx,offset DGROUP:L$933 
2F6B    BA 38 00                  mov         dx,0x0038 
2F6E    B8 07 00                  mov         ax,0x0007 
2F71    8C D9                     mov         cx,ds 
2F73    E8 00 00                  call        v10_text_ 
2F76    6A 70                     push        0x0070 
2F78    BB CE 21                  mov         bx,offset DGROUP:L$934 
2F7B    BA 38 00                  mov         dx,0x0038 
2F7E    B8 09 00                  mov         ax,0x0009 
2F81    8C D9                     mov         cx,ds 
2F83    E8 00 00                  call        v10_text_ 
2F86    6A 07                     push        0x0007 
2F88    BB D6 21                  mov         bx,offset DGROUP:L$935 
2F8B    BA 03 00                  mov         dx,0x0003 
2F8E    B8 15 00                  mov         ax,0x0015 
2F91    8C D9                     mov         cx,ds 
2F93    E8 00 00                  call        v10_text_ 
2F96    BA 3A 00                  mov         dx,0x003a 
2F99    B8 15 00                  mov         ax,0x0015 
2F9C    E8 00 00                  call        v10_goto_ 
2F9F    1E                        push        ds 
2FA0    68 0D 22                  push        offset DGROUP:L$936 
2FA3    E9 29 DF                  jmp         L$134 
2FA6                          L$432:
2FA6    BB 3A 22                  mov         bx,offset DGROUP:L$937 
2FA9    8D 46 82                  lea         ax,-0x7e[bp] 
2FAC    8C D9                     mov         cx,ds 
2FAE    8C D2                     mov         dx,ss 
2FB0    E8 00 00                  call        is_cmd_ 
2FB3    85 C0                     test        ax,ax 
2FB5    0F 84 9D 00               je          L$442 
2FB9    C4 1E 00 00               les         bx,dword ptr _bda_ptr 
2FBD    26 F6 87 89 00 02         test        byte ptr es:0x89[bx],0x02 
2FC3    75 07                     jne         L$433 
2FC5    1E                        push        ds 
2FC6    BA 42 22                  mov         dx,offset DGROUP:L$938 
2FC9    E9 02 DF                  jmp         L$133 
2FCC                          L$433:
2FCC    31 C0                     xor         ax,ax 
2FCE    C7 46 94 00 B8            mov         word ptr -0x6c[bp],0xb800 
2FD3    89 46 92                  mov         word ptr -0x6e[bp],ax 
2FD6    89 C6                     mov         si,ax 
2FD8    8B 46 94                  mov         ax,word ptr -0x6c[bp] 
2FDB    89 46 30                  mov         word ptr 0x30[bp],ax 
2FDE    89 F3                     mov         bx,si 
2FE0    8B 7E 30                  mov         di,word ptr 0x30[bp] 
2FE3    31 C0                     xor         ax,ax 
2FE5    8E C7                     mov         es,di 
2FE7                          L$434:
2FE7    89 C2                     mov         dx,ax 
2FE9    C1 EA 07                  shr         dx,0x07 
2FEC    31 C2                     xor         dx,ax 
2FEE    40                        inc         ax 
2FEF    26 88 17                  mov         byte ptr es:[bx],dl 
2FF2    43                        inc         bx 
2FF3    3D A0 0F                  cmp         ax,0x0fa0 
2FF6    72 EF                     jb          L$434 
2FF8    BF FF FF                  mov         di,0xffff 
2FFB    8B 46 30                  mov         ax,word ptr 0x30[bp] 
2FFE    89 B6 AC 00               mov         word ptr 0xac[bp],si 
3002    31 D2                     xor         dx,dx 
3004    89 86 AE 00               mov         word ptr 0xae[bp],ax 
3008    89 56 2E                  mov         word ptr 0x2e[bp],dx 
300B    8E 86 AE 00               mov         es,word ptr 0xae[bp] 
300F    EB 09                     jmp         L$436 
3011                          L$435:
3011    FF 46 2E                  inc         word ptr 0x2e[bp] 
3014    83 7E 2E 08               cmp         word ptr 0x2e[bp],0x0008 
3018    73 25                     jae         L$440 
301A                          L$436:
301A    8B B6 AC 00               mov         si,word ptr 0xac[bp] 
301E    31 C0                     xor         ax,ax 
3020    EB 07                     jmp         L$438 
3022                          L$437:
3022    40                        inc         ax 
3023    46                        inc         si 
3024    3D A0 0F                  cmp         ax,0x0fa0 
3027    73 E8                     jae         L$435 
3029                          L$438:
3029    89 C3                     mov         bx,ax 
302B    C1 EB 07                  shr         bx,0x07 
302E    31 C3                     xor         bx,ax 
3030    26 3A 1C                  cmp         bl,byte ptr es:[si] 
3033    74 ED                     je          L$437 
3035    83 FF FF                  cmp         di,0xffff 
3038    75 02                     jne         L$439 
303A    89 C7                     mov         di,ax 
303C                          L$439:
303C    42                        inc         dx 
303D    EB E3                     jmp         L$437 
303F                          L$440:
303F    E8 00 00                  call        vga3_init_ 
3042    85 D2                     test        dx,dx 
3044    75 07                     jne         L$441 
3046    1E                        push        ds 
3047    68 60 22                  push        offset DGROUP:L$939 
304A    E9 82 DE                  jmp         L$134 
304D                          L$441:
304D    57                        push        di 
304E    52                        push        dx 
304F    1E                        push        ds 
3050    68 C7 22                  push        offset DGROUP:L$940 
3053    E9 40 E6                  jmp         L$208 
3056                          L$442:
3056    BB 36 23                  mov         bx,offset DGROUP:L$941 
3059    8D 46 82                  lea         ax,-0x7e[bp] 
305C    8C D9                     mov         cx,ds 
305E    8C D2                     mov         dx,ss 
3060    E8 00 00                  call        is_cmd_ 
3063    85 C0                     test        ax,ax 
3065    0F 84 FC 00               je          L$457 
3069    C4 1E 00 00               les         bx,dword ptr _bda_ptr 
306D    26 F6 87 89 00 02         test        byte ptr es:0x89[bx],0x02 
3073    75 07                     jne         L$443 
3075    1E                        push        ds 
3076    BA 3D 23                  mov         dx,offset DGROUP:L$942 
3079    E9 52 DE                  jmp         L$133 
307C                          L$443:
307C    31 F6                     xor         si,si 
307E    EB 07                     jmp         L$445 
3080                          L$444:
3080    46                        inc         si 
3081    81 FE 60 EA               cmp         si,0xea60 
3085    73 10                     jae         L$446 
3087                          L$445:
3087    BB 1F 00                  mov         bx,0x001f 
308A    BA E3 04                  mov         dx,0x04e3 
308D    B8 E2 04                  mov         ax,0x04e2 
3090    E8 00 00                  call        v3_crtc_get_ 
3093    A8 02                     test        al,0x02 
3095    75 E9                     jne         L$444 
3097                          L$446:
3097    31 C9                     xor         cx,cx 
3099    EB 07                     jmp         L$448 
309B                          L$447:
309B    41                        inc         cx 
309C    81 F9 60 EA               cmp         cx,0xea60 
30A0    73 10                     jae         L$449 
30A2                          L$448:
30A2    BB 1F 00                  mov         bx,0x001f 
30A5    BA E3 04                  mov         dx,0x04e3 
30A8    B8 E2 04                  mov         ax,0x04e2 
30AB    E8 00 00                  call        v3_crtc_get_ 
30AE    A8 02                     test        al,0x02 
30B0    74 E9                     je          L$447 
30B2                          L$449:
30B2    E8 00 00                  call        t1_sample_ 
30B5    89 46 32                  mov         word ptr 0x32[bp],ax 
30B8    31 C9                     xor         cx,cx 
30BA    EB 07                     jmp         L$451 
30BC                          L$450:
30BC    41                        inc         cx 
30BD    81 F9 60 EA               cmp         cx,0xea60 
30C1    73 10                     jae         L$452 
30C3                          L$451:
30C3    BB 1F 00                  mov         bx,0x001f 
30C6    BA E3 04                  mov         dx,0x04e3 
30C9    B8 E2 04                  mov         ax,0x04e2 
30CC    E8 00 00                  call        v3_crtc_get_ 
30CF    A8 02                     test        al,0x02 
30D1    75 E9                     jne         L$450 
30D3                          L$452:
30D3    E8 00 00                  call        t1_sample_ 
30D6    89 C1                     mov         cx,ax 
30D8    31 F6                     xor         si,si 
30DA    EB 07                     jmp         L$454 
30DC                          L$453:
30DC    46                        inc         si 
30DD    81 FE 60 EA               cmp         si,0xea60 
30E1    73 10                     jae         L$455 
30E3                          L$454:
30E3    BB 1F 00                  mov         bx,0x001f 
30E6    BA E3 04                  mov         dx,0x04e3 
30E9    B8 E2 04                  mov         ax,0x04e2 
30EC    E8 00 00                  call        v3_crtc_get_ 
30EF    A8 02                     test        al,0x02 
30F1    74 E9                     je          L$453 
30F3                          L$455:
30F3    E8 00 00                  call        t1_sample_ 
30F6    81 FE 60 EA               cmp         si,0xea60 
30FA    72 16                     jb          L$456 
30FC    BB 1F 00                  mov         bx,0x001f 
30FF    BA E3 04                  mov         dx,0x04e3 
3102    B8 E2 04                  mov         ax,0x04e2 
3105    E8 00 00                  call        v3_crtc_get_ 
3108    30 E4                     xor         ah,ah 
310A    50                        push        ax 
310B    1E                        push        ds 
310C    68 5A 23                  push        offset DGROUP:L$943 
310F    E9 D8 E3                  jmp         L$192 
3112                          L$456:
3112    8B 7E 32                  mov         di,word ptr 0x32[bp] 
3115    8B 76 32                  mov         si,word ptr 0x32[bp] 
3118    BB E8 03                  mov         bx,0x03e8 
311B    31 D2                     xor         dx,dx 
311D    29 C7                     sub         di,ax 
311F    29 CE                     sub         si,cx 
3121    89 F8                     mov         ax,di 
3123    31 C9                     xor         cx,cx 
3125    E8 00 00                  call        __U4M 
3128    BB 24 7C                  mov         bx,0x7c24 
312B    05 12 3E                  add         ax,0x3e12 
312E    83 D2 00                  adc         dx,0x0000 
3131    31 C9                     xor         cx,cx 
3133    E8 00 00                  call        __U4D 
3136    BB E8 03                  mov         bx,0x03e8 
3139    89 46 34                  mov         word ptr 0x34[bp],ax 
313C    89 56 36                  mov         word ptr 0x36[bp],dx 
313F    31 C9                     xor         cx,cx 
3141    89 F0                     mov         ax,si 
3143    31 D2                     xor         dx,dx 
3145    E8 00 00                  call        __U4M 
3148    BB 24 7C                  mov         bx,0x7c24 
314B    05 12 3E                  add         ax,0x3e12 
314E    83 D2 00                  adc         dx,0x0000 
3151    31 C9                     xor         cx,cx 
3153    E8 00 00                  call        __U4D 
3156    52                        push        dx 
3157    50                        push        ax 
3158    56                        push        si 
3159    66 FF 76 34               push        dword ptr 0x34[bp] 
315D    57                        push        di 
315E    1E                        push        ds 
315F    68 A3 23                  push        offset DGROUP:L$944 
3162    E9 1C F4                  jmp         L$333 
3165                          L$457:
3165    BB E0 23                  mov         bx,offset DGROUP:L$945 
3168    8D 46 82                  lea         ax,-0x7e[bp] 
316B    8C D9                     mov         cx,ds 
316D    8C D2                     mov         dx,ss 
316F    E8 00 00                  call        is_cmd_ 
3172    85 C0                     test        ax,ax 
3174    0F 84 8A 00               je          L$466 
3178    8D 5E C2                  lea         bx,-0x3e[bp] 
317B    8D 46 82                  lea         ax,-0x7e[bp] 
317E    8C D1                     mov         cx,ss 
3180    8C D2                     mov         dx,ss 
3182    E8 00 00                  call        parse_val_ 
3185    85 C0                     test        ax,ax 
3187    75 07                     jne         L$458 
3189    1E                        push        ds 
318A    BA E7 23                  mov         dx,offset DGROUP:L$946 
318D    E9 3E DD                  jmp         L$133 
3190                          L$458:
3190    8D 5E C2                  lea         bx,-0x3e[bp] 
3193    8D 46 82                  lea         ax,-0x7e[bp] 
3196    8C D1                     mov         cx,ss 
3198    8C D2                     mov         dx,ss 
319A    8B 7E C2                  mov         di,word ptr -0x3e[bp] 
319D    E8 00 00                  call        parse_val_ 
31A0    81 E7 FF 7F               and         di,0x7fff 
31A4    85 C0                     test        ax,ax 
31A6    74 05                     je          L$459 
31A8    8B 46 C2                  mov         ax,word ptr -0x3e[bp] 
31AB    EB 03                     jmp         L$460 
31AD                          L$459:
31AD    B8 40 00                  mov         ax,0x0040 
31B0                          L$460:
31B0    89 86 C0 00               mov         word ptr 0xc0[bp],ax 
31B4    31 F6                     xor         si,si 
31B6                          L$461:
31B6    3B B6 C0 00               cmp         si,word ptr 0xc0[bp] 
31BA    73 3F                     jae         L$465 
31BC    F7 C6 0F 00               test        si,0x000f 
31C0    75 1B                     jne         L$464 
31C2    57                        push        di 
31C3    85 F6                     test        si,si 
31C5    74 05                     je          L$462 
31C7    BA 31 00                  mov         dx,offset DGROUP:L$684 
31CA    EB 03                     jmp         L$463 
31CC                          L$462:
31CC    BA 44 1C                  mov         dx,offset DGROUP:L$890 
31CF                          L$463:
31CF    8C D8                     mov         ax,ds 
31D1    50                        push        ax 
31D2    52                        push        dx 
31D3    1E                        push        ds 
31D4    68 07 24                  push        offset DGROUP:L$947 
31D7    E8 00 00                  call        _cprintf 
31DA    83 C4 0A                  add         sp,0x000a 
31DD                          L$464:
31DD    89 F8                     mov         ax,di 
31DF    E8 00 00                  call        v3_seek_ 
31E2    31 D2                     xor         dx,dx 
31E4    B8 E7 04                  mov         ax,0x04e7 
31E7    E8 00 00                  call        io_read_ 
31EA    30 E4                     xor         ah,ah 
31EC    50                        push        ax 
31ED    1E                        push        ds 
31EE    46                        inc         si 
31EF    68 1B 1F                  push        offset DGROUP:L$915 
31F2    47                        inc         di 
31F3    E8 00 00                  call        _cprintf 
31F6    83 C4 06                  add         sp,0x0006 
31F9    EB BB                     jmp         L$461 
31FB                          L$465:
31FB    1E                        push        ds 
31FC    68 31 00                  push        offset DGROUP:L$684 
31FF    E9 CD DC                  jmp         L$134 
3202                          L$466:
3202    BB 0F 24                  mov         bx,offset DGROUP:L$948 
3205    8D 46 82                  lea         ax,-0x7e[bp] 
3208    8C D9                     mov         cx,ds 
320A    8C D2                     mov         dx,ss 
320C    E8 00 00                  call        is_cmd_ 
320F    85 C0                     test        ax,ax 
3211    0F 84 B0 01               je          L$479 
3215    8D 5E B2                  lea         bx,-0x4e[bp] 
3218    8D 46 82                  lea         ax,-0x7e[bp] 
321B    8C D1                     mov         cx,ss 
321D    8C D2                     mov         dx,ss 
321F    E8 00 00                  call        parse_val_ 
3222    85 C0                     test        ax,ax 
3224    74 61                     je          L$468 
3226    8D 5E B2                  lea         bx,-0x4e[bp] 
3229    8D 46 82                  lea         ax,-0x7e[bp] 
322C    8C D1                     mov         cx,ss 
322E    8C D2                     mov         dx,ss 
3230    8B 76 B2                  mov         si,word ptr -0x4e[bp] 
3233    E8 00 00                  call        parse_val_ 
3236    81 E6 FF 7F               and         si,0x7fff 
323A    85 C0                     test        ax,ax 
323C    74 31                     je          L$467 
323E    89 F0                     mov         ax,si 
3240    8A 56 B2                  mov         dl,byte ptr -0x4e[bp] 
3243    E8 00 00                  call        v3_seek_ 
3246    31 DB                     xor         bx,bx 
3248    B8 E7 04                  mov         ax,0x04e7 
324B    30 F6                     xor         dh,dh 
324D    E8 00 00                  call        io_write_ 
3250    89 F0                     mov         ax,si 
3252    E8 00 00                  call        v3_seek_ 
3255    31 D2                     xor         dx,dx 
3257    B8 E7 04                  mov         ax,0x04e7 
325A    E8 00 00                  call        io_read_ 
325D    30 E4                     xor         ah,ah 
325F    50                        push        ax 
3260    8B 46 B2                  mov         ax,word ptr -0x4e[bp] 
3263    30 E4                     xor         ah,ah 
3265    50                        push        ax 
3266    56                        push        si 
3267    1E                        push        ds 
3268    BA 14 24                  mov         dx,offset DGROUP:L$949 
326B    52                        push        dx 
326C    E9 0B DC                  jmp         L$131 
326F                          L$467:
326F    89 F0                     mov         ax,si 
3271    E8 00 00                  call        v3_seek_ 
3274    31 D2                     xor         dx,dx 
3276    B8 E7 04                  mov         ax,0x04e7 
3279    E8 00 00                  call        io_read_ 
327C    30 E4                     xor         ah,ah 
327E    50                        push        ax 
327F    56                        push        si 
3280    1E                        push        ds 
3281    BA 34 24                  mov         dx,offset DGROUP:L$950 
3284    E9 0E E4                  jmp         L$207 
3287                          L$468:
3287    68 E4 04                  push        0x04e4 
328A    68 E3 04                  push        0x04e3 
328D    68 E2 04                  push        0x04e2 
3290    68 E1 04                  push        0x04e1 
3293    68 E0 04                  push        0x04e0 
3296    68 E7 04                  push        0x04e7 
3299    68 E0 04                  push        0x04e0 
329C    1E                        push        ds 
329D    BA 47 24                  mov         dx,offset DGROUP:L$951 
32A0    52                        push        dx 
32A1    E8 00 00                  call        _cprintf 
32A4    83 C4 12                  add         sp,0x0012 
32A7    31 C0                     xor         ax,ax 
32A9    B2 55                     mov         dl,0x55 
32AB    E8 00 00                  call        v3_seek_ 
32AE    31 DB                     xor         bx,bx 
32B0    B8 E7 04                  mov         ax,0x04e7 
32B3    30 F6                     xor         dh,dh 
32B5    E8 00 00                  call        io_write_ 
32B8    31 C0                     xor         ax,ax 
32BA    E8 00 00                  call        v3_seek_ 
32BD    31 D2                     xor         dx,dx 
32BF    B8 E7 04                  mov         ax,0x04e7 
32C2    31 DB                     xor         bx,bx 
32C4    E8 00 00                  call        io_read_ 
32C7    88 86 E2 00               mov         byte ptr 0xe2[bp],al 
32CB    31 C0                     xor         ax,ax 
32CD    B2 AA                     mov         dl,0xaa 
32CF    E8 00 00                  call        v3_seek_ 
32D2    30 F6                     xor         dh,dh 
32D4    B8 E7 04                  mov         ax,0x04e7 
32D7    E8 00 00                  call        io_write_ 
32DA    31 C0                     xor         ax,ax 
32DC    E8 00 00                  call        v3_seek_ 
32DF    31 D2                     xor         dx,dx 
32E1    B8 E7 04                  mov         ax,0x04e7 
32E4    E8 00 00                  call        io_read_ 
32E7    88 86 EE 00               mov         byte ptr 0xee[bp],al 
32EB    0F B6 86 EE 00            movzx       ax,byte ptr 0xee[bp] 
32F0    50                        push        ax 
32F1    0F B6 86 E2 00            movzx       ax,byte ptr 0xe2[bp] 
32F6    50                        push        ax 
32F7    1E                        push        ds 
32F8    BA 88 24                  mov         dx,offset DGROUP:L$952 
32FB    52                        push        dx 
32FC    E8 00 00                  call        _cprintf 
32FF    83 C4 08                  add         sp,0x0008 
3302    80 BE E2 00 55            cmp         byte ptr 0xe2[bp],0x55 
3307    75 07                     jne         L$469 
3309    80 BE EE 00 AA            cmp         byte ptr 0xee[bp],0xaa 
330E    74 07                     je          L$470 
3310                          L$469:
3310    1E                        push        ds 
3311    68 CA 24                  push        offset DGROUP:L$953 
3314    E9 B8 DB                  jmp         L$134 
3317                          L$470:
3317    68 00 80                  push        0x8000 
331A    1E                        push        ds 
331B    BA 9A 25                  mov         dx,offset DGROUP:L$954 
331E    52                        push        dx 
331F    31 F6                     xor         si,si 
3321    E8 00 00                  call        _cprintf 
3324    83 C4 06                  add         sp,0x0006 
3327                          L$471:
3327    89 F0                     mov         ax,si 
3329    C1 E8 08                  shr         ax,0x08 
332C    31 F0                     xor         ax,si 
332E    34 5A                     xor         al,0x5a 
3330    30 E4                     xor         ah,ah 
3332    89 C2                     mov         dx,ax 
3334    89 F0                     mov         ax,si 
3336    31 DB                     xor         bx,bx 
3338    E8 00 00                  call        v3_seek_ 
333B    B8 E7 04                  mov         ax,0x04e7 
333E    46                        inc         si 
333F    E8 00 00                  call        io_write_ 
3342    81 FE 00 80               cmp         si,0x8000 
3346    72 DF                     jb          L$471 
3348    31 FF                     xor         di,di 
334A    31 F6                     xor         si,si 
334C    89 7E 3A                  mov         word ptr 0x3a[bp],di 
334F    EB 07                     jmp         L$473 
3351                          L$472:
3351    46                        inc         si 
3352    81 FE 00 80               cmp         si,0x8000 
3356    73 3C                     jae         L$476 
3358                          L$473:
3358    89 F0                     mov         ax,si 
335A    E8 00 00                  call        v3_seek_ 
335D    31 D2                     xor         dx,dx 
335F    B8 E7 04                  mov         ax,0x04e7 
3362    E8 00 00                  call        io_read_ 
3365    89 C2                     mov         dx,ax 
3367    89 F0                     mov         ax,si 
3369    C1 E8 08                  shr         ax,0x08 
336C    31 F0                     xor         ax,si 
336E    34 5A                     xor         al,0x5a 
3370    30 E4                     xor         ah,ah 
3372    38 C2                     cmp         dl,al 
3374    74 DB                     je          L$472 
3376    83 FF 04                  cmp         di,0x0004 
3379    73 0F                     jae         L$474 
337B    30 F6                     xor         dh,dh 
337D    52                        push        dx 
337E    50                        push        ax 
337F    56                        push        si 
3380    1E                        push        ds 
3381    68 BA 25                  push        offset DGROUP:L$955 
3384    E8 00 00                  call        _cprintf 
3387    83 C4 0A                  add         sp,0x000a 
338A                          L$474:
338A    85 FF                     test        di,di 
338C    75 03                     jne         L$475 
338E    89 76 3A                  mov         word ptr 0x3a[bp],si 
3391                          L$475:
3391    47                        inc         di 
3392    EB BD                     jmp         L$472 
3394                          L$476:
3394    85 FF                     test        di,di 
3396    75 0F                     jne         L$477 
3398    68 00 80                  push        0x8000 
339B    1E                        push        ds 
339C    68 DA 25                  push        offset DGROUP:L$956 
339F    E8 00 00                  call        _cprintf 
33A2    83 C4 06                  add         sp,0x0006 
33A5    EB 18                     jmp         L$478 
33A7                          L$477:
33A7    FF 76 3A                  push        word ptr 0x3a[bp] 
33AA    57                        push        di 
33AB    1E                        push        ds 
33AC    68 31 26                  push        offset DGROUP:L$957 
33AF    E8 00 00                  call        _cprintf 
33B2    83 C4 08                  add         sp,0x0008 
33B5    1E                        push        ds 
33B6    68 59 26                  push        offset DGROUP:L$958 
33B9    E8 00 00                  call        _cprintf 
33BC    83 C4 04                  add         sp,0x0004 
33BF                          L$478:
33BF    E8 00 00                  call        vga3_init_ 
33C2    E9 BB DA                  jmp         L$132 
33C5                          L$479:
33C5    BB EC 26                  mov         bx,offset DGROUP:L$959 
33C8    8D 46 82                  lea         ax,-0x7e[bp] 
33CB    8C D9                     mov         cx,ds 
33CD    8C D2                     mov         dx,ss 
33CF    E8 00 00                  call        is_cmd_ 
33D2    85 C0                     test        ax,ax 
33D4    0F 84 D6 00               je          L$485 
33D8    8D 5E 40                  lea         bx,0x40[bp] 
33DB    8D 46 82                  lea         ax,-0x7e[bp] 
33DE    8C D1                     mov         cx,ss 
33E0    8C D2                     mov         dx,ss 
33E2    E8 00 00                  call        parse_word_ 
33E5    85 C0                     test        ax,ax 
33E7    75 07                     jne         L$480 
33E9    1E                        push        ds 
33EA    BA F3 26                  mov         dx,offset DGROUP:L$960 
33ED    E9 DE DA                  jmp         L$133 
33F0                          L$480:
33F0    8D 9E CA 00               lea         bx,0xca[bp] 
33F4    8D 46 82                  lea         ax,-0x7e[bp] 
33F7    8C D1                     mov         cx,ss 
33F9    8C D2                     mov         dx,ss 
33FB    C7 86 CA 00 08 00         mov         word ptr 0xca[bp],0x0008 
3401    E8 00 00                  call        parse_word_ 
3404    83 BE CA 00 00            cmp         word ptr 0xca[bp],0x0000 
3409    75 06                     jne         L$481 
340B    C7 86 CA 00 08 00         mov         word ptr 0xca[bp],0x0008 
3411                          L$481:
3411    FF 76 40                  push        word ptr 0x40[bp] 
3414    FF B6 CA 00               push        word ptr 0xca[bp] 
3418    1E                        push        ds 
3419    68 8C 27                  push        offset DGROUP:L$961 
341C    E8 00 00                  call        _cprintf 
341F    C4 1E 00 00               les         bx,dword ptr _bda_ptr 
3423    83 C4 08                  add         sp,0x0008 
3426    26 8B 7F 6C               mov         di,word ptr es:0x6c[bx] 
342A    31 DB                     xor         bx,bx 
342C                          L$482:
342C    3B 9E CA 00               cmp         bx,word ptr 0xca[bp] 
3430    73 0B                     jae         L$483 
3432    8B 46 40                  mov         ax,word ptr 0x40[bp] 
3435    31 D2                     xor         dx,dx 
3437    E8 00 00                  call        io_read_ 
343A    43                        inc         bx 
343B    EB EF                     jmp         L$482 
343D                          L$483:
343D    C4 1E 00 00               les         bx,dword ptr _bda_ptr 
3441    26 8B 77 6C               mov         si,word ptr es:0x6c[bx] 
3445    29 FE                     sub         si,di 
3447    75 25                     jne         L$484 
3449    B8 8D D6                  mov         ax,0xd68d 
344C    8B 9E CA 00               mov         bx,word ptr 0xca[bp] 
3450    31 D2                     xor         dx,dx 
3452    31 C9                     xor         cx,cx 
3454    E8 00 00                  call        __U4D 
3457    52                        push        dx 
3458    50                        push        ax 
3459    FF B6 CA 00               push        word ptr 0xca[bp] 
345D    1E                        push        ds 
345E    68 B1 27                  push        offset DGROUP:L$962 
3461    E8 00 00                  call        _cprintf 
3464    83 C4 0A                  add         sp,0x000a 
3467    1E                        push        ds 
3468    68 F2 27                  push        offset DGROUP:L$963 
346B    E9 61 DA                  jmp         L$134 
346E                          L$484:
346E    BB 8D D6                  mov         bx,0xd68d 
3471    89 F0                     mov         ax,si 
3473    31 D2                     xor         dx,dx 
3475    31 C9                     xor         cx,cx 
3477    E8 00 00                  call        __U4M 
347A    8B 9E CA 00               mov         bx,word ptr 0xca[bp] 
347E    31 C9                     xor         cx,cx 
3480    E8 00 00                  call        __U4D 
3483    52                        push        dx 
3484    50                        push        ax 
3485    FF B6 CA 00               push        word ptr 0xca[bp] 
3489    56                        push        si 
348A    1E                        push        ds 
348B    89 46 42                  mov         word ptr 0x42[bp],ax 
348E    68 2C 28                  push        offset DGROUP:L$964 
3491    89 D7                     mov         di,dx 
3493    E8 00 00                  call        _cprintf 
3496    83 C4 0C                  add         sp,0x000c 
3499    57                        push        di 
349A    FF 76 42                  push        word ptr 0x42[bp] 
349D    1E                        push        ds 
349E    68 63 28                  push        offset DGROUP:L$965 
34A1    E8 00 00                  call        _cprintf 
34A4    83 C4 08                  add         sp,0x0008 
34A7    1E                        push        ds 
34A8    68 9E 28                  push        offset DGROUP:L$966 
34AB    E9 21 DA                  jmp         L$134 
34AE                          L$485:
34AE    BB 5C 29                  mov         bx,offset DGROUP:L$967 
34B1    8D 46 82                  lea         ax,-0x7e[bp] 
34B4    8C D9                     mov         cx,ds 
34B6    8C D2                     mov         dx,ss 
34B8    E8 00 00                  call        is_cmd_ 
34BB    85 C0                     test        ax,ax 
34BD    0F 84 96 02               je          L$503 
34C1    8D 9E 56 FF               lea         bx,-0xaa[bp] 
34C5    A1 00 00                  mov         ax,word ptr _SecBuffer 
34C8    8C D1                     mov         cx,ss 
34CA    89 46 5A                  mov         word ptr 0x5a[bp],ax 
34CD    A1 02 00                  mov         ax,word ptr _SecBuffer+0x2 
34D0    8C D2                     mov         dx,ss 
34D2    89 46 5C                  mov         word ptr 0x5c[bp],ax 
34D5    8D 46 82                  lea         ax,-0x7e[bp] 
34D8    C7 46 48 00 00            mov         word ptr 0x48[bp],0x0000 
34DD    E8 00 00                  call        parse_val_ 
34E0    85 C0                     test        ax,ax 
34E2    74 1F                     je          L$488 
34E4    8B 86 58 FF               mov         ax,word ptr -0xa8[bp] 
34E8    85 C0                     test        ax,ax 
34EA    77 09                     ja          L$486 
34EC    75 0E                     jne         L$487 
34EE    83 BE 56 FF 01            cmp         word ptr -0xaa[bp],0x0001 
34F3    76 07                     jbe         L$487 
34F5                          L$486:
34F5    1E                        push        ds 
34F6    BA 62 29                  mov         dx,offset DGROUP:L$968 
34F9    E9 D2 D9                  jmp         L$133 
34FC                          L$487:
34FC    8B 86 56 FF               mov         ax,word ptr -0xaa[bp] 
3500    89 46 48                  mov         word ptr 0x48[bp],ax 
3503                          L$488:
3503    8B 46 48                  mov         ax,word ptr 0x48[bp] 
3506    85 C0                     test        ax,ax 
3508    74 03                     je          L$489 
350A    B8 10 00                  mov         ax,0x0010 
350D                          L$489:
350D    C7 86 60 FF 00 10         mov         word ptr -0xa0[bp],0x1000 
3513    88 86 E0 00               mov         byte ptr 0xe0[bp],al 
3517    31 C0                     xor         ax,ax 
3519    C7 46 58 00 10            mov         word ptr 0x58[bp],0x1000 
351E    89 86 5E FF               mov         word ptr -0xa2[bp],ax 
3522    89 46 56                  mov         word ptr 0x56[bp],ax 
3525    8C D8                     mov         ax,ds 
3527    89 86 4A 00               mov         word ptr 0x4a[bp],ax 
352B    8B 46 48                  mov         ax,word ptr 0x48[bp] 
352E    8B 76 48                  mov         si,word ptr 0x48[bp] 
3531    E8 00 00                  call        hd_set_8bit_ 
3534    C7 86 BA FE 00 08         mov         word ptr -0x146[bp],0x0800 
353A    31 C0                     xor         ax,ax 
353C    81 CE 80 00               or          si,0x0080 
3540    89 86 BE FE               mov         word ptr -0x142[bp],ax 
3544    89 86 BC FE               mov         word ptr -0x144[bp],ax 
3548    89 B6 C0 FE               mov         word ptr -0x140[bp],si 
354C    89 86 C4 FE               mov         word ptr -0x13c[bp],ax 
3550    89 86 C2 FE               mov         word ptr -0x13e[bp],ax 
3554    16                        push        ss 
3555    8B 46 4A                  mov         ax,word ptr 0x4a[bp] 
3558    C7 86 CA FE 00 00         mov         word ptr -0x136[bp],0x0000 
355E    8D 96 BA FE               lea         dx,-0x146[bp] 
3562    89 86 C8 FE               mov         word ptr -0x138[bp],ax 
3566    52                        push        dx 
3567    89 86 C6 FE               mov         word ptr -0x13a[bp],ax 
356B    E8 00 00                  call        _int13_call 
356E    83 C4 04                  add         sp,0x0004 
3571    F6 86 CA FE 01            test        byte ptr -0x136[bp],0x01 
3576    74 10                     je          L$490 
3578    8B 86 BA FE               mov         ax,word ptr -0x146[bp] 
357C    C1 E8 08                  shr         ax,0x08 
357F    50                        push        ax 
3580    56                        push        si 
3581    1E                        push        ds 
3582    68 90 29                  push        offset DGROUP:L$969 
3585    E9 0E E1                  jmp         L$208 
3588                          L$490:
3588    8B 96 BE FE               mov         dx,word ptr -0x142[bp] 
358C    8B 86 BE FE               mov         ax,word ptr -0x142[bp] 
3590    30 F6                     xor         dh,dh 
3592    C1 E8 08                  shr         ax,0x08 
3595    80 E2 C0                  and         dl,0xc0 
3598    30 E4                     xor         ah,ah 
359A    C1 E2 02                  shl         dx,0x02 
359D    09 C2                     or          dx,ax 
359F    8B 86 BE FE               mov         ax,word ptr -0x142[bp] 
35A3    30 E4                     xor         ah,ah 
35A5    24 3F                     and         al,0x3f 
35A7    89 46 50                  mov         word ptr 0x50[bp],ax 
35AA    8B 86 C0 FE               mov         ax,word ptr -0x140[bp] 
35AE    C1 E8 08                  shr         ax,0x08 
35B1    30 E4                     xor         ah,ah 
35B3    89 46 4E                  mov         word ptr 0x4e[bp],ax 
35B6    8B 86 C0 FE               mov         ax,word ptr -0x140[bp] 
35BA    30 E4                     xor         ah,ah 
35BC    50                        push        ax 
35BD    8B 46 4E                  mov         ax,word ptr 0x4e[bp] 
35C0    FF 76 50                  push        word ptr 0x50[bp] 
35C3    40                        inc         ax 
35C4    50                        push        ax 
35C5    42                        inc         dx 
35C6    52                        push        dx 
35C7    56                        push        si 
35C8    1E                        push        ds 
35C9    68 BA 29                  push        offset DGROUP:L$970 
35CC    E8 00 00                  call        _cprintf 
35CF    83 C4 0E                  add         sp,0x000e 
35D2    83 7E 50 00               cmp         word ptr 0x50[bp],0x0000 
35D6    75 07                     jne         L$491 
35D8    1E                        push        ds 
35D9    68 02 2A                  push        offset DGROUP:L$971 
35DC    E9 F0 D8                  jmp         L$134 
35DF                          L$491:
35DF    BF 01 00                  mov         di,0x0001 
35E2    83 7E 4E 02               cmp         word ptr 0x4e[bp],0x0002 
35E6    72 05                     jb          L$492 
35E8    B8 02 00                  mov         ax,0x0002 
35EB    EB 02                     jmp         L$493 
35ED                          L$492:
35ED    31 C0                     xor         ax,ax 
35EF                          L$493:
35EF    89 46 52                  mov         word ptr 0x52[bp],ax 
35F2    83 7E 50 03               cmp         word ptr 0x50[bp],0x0003 
35F6    72 05                     jb          L$494 
35F8    BE 03 00                  mov         si,0x0003 
35FB    EB 03                     jmp         L$495 
35FD                          L$494:
35FD    BE 01 00                  mov         si,0x0001 
3600                          L$495:
3600    8B 5E 4E                  mov         bx,word ptr 0x4e[bp] 
3603    89 F8                     mov         ax,di 
3605    31 D2                     xor         dx,dx 
3607    31 C9                     xor         cx,cx 
3609    43                        inc         bx 
360A    E8 00 00                  call        __U4M 
360D    31 DB                     xor         bx,bx 
360F    03 46 52                  add         ax,word ptr 0x52[bp] 
3612    11 DA                     adc         dx,bx 
3614    8B 5E 50                  mov         bx,word ptr 0x50[bp] 
3617    31 C9                     xor         cx,cx 
3619    89 76 54                  mov         word ptr 0x54[bp],si 
361C    E8 00 00                  call        __U4M 
361F    8D 5C FF                  lea         bx,-0x1[si] 
3622    89 5E 66                  mov         word ptr 0x66[bp],bx 
3625    8B 4E 66                  mov         cx,word ptr 0x66[bp] 
3628    31 DB                     xor         bx,bx 
362A    01 C1                     add         cx,ax 
362C    11 DA                     adc         dx,bx 
362E    52                        push        dx 
362F    51                        push        cx 
3630    56                        push        si 
3631    FF 76 52                  push        word ptr 0x52[bp] 
3634    57                        push        di 
3635    1E                        push        ds 
3636    89 4E 44                  mov         word ptr 0x44[bp],cx 
3639    68 3E 2A                  push        offset DGROUP:L$972 
363C    89 56 46                  mov         word ptr 0x46[bp],dx 
363F    E8 00 00                  call        _cprintf 
3642    89 F8                     mov         ax,di 
3644    30 E4                     xor         ah,ah 
3646    89 C2                     mov         dx,ax 
3648    89 F8                     mov         ax,di 
364A    C1 E8 02                  shr         ax,0x02 
364D    30 E4                     xor         ah,ah 
364F    C1 E2 08                  shl         dx,0x08 
3652    24 C0                     and         al,0xc0 
3654    83 E6 3F                  and         si,0x003f 
3657    09 D0                     or          ax,dx 
3659    09 F0                     or          ax,si 
365B    8B 56 52                  mov         dx,word ptr 0x52[bp] 
365E    89 86 BE FE               mov         word ptr -0x142[bp],ax 
3662    8B 46 48                  mov         ax,word ptr 0x48[bp] 
3665    C1 E2 08                  shl         dx,0x08 
3668    0C 80                     or          al,0x80 
366A    C7 86 BA FE 01 02         mov         word ptr -0x146[bp],0x0201 
3670    09 C2                     or          dx,ax 
3672    8B 86 5E FF               mov         ax,word ptr -0xa2[bp] 
3676    83 C4 0E                  add         sp,0x000e 
3679    89 86 BC FE               mov         word ptr -0x144[bp],ax 
367D    8B 86 60 FF               mov         ax,word ptr -0xa0[bp] 
3681    89 96 C0 FE               mov         word ptr -0x140[bp],dx 
3685    89 86 C8 FE               mov         word ptr -0x138[bp],ax 
3689    16                        push        ss 
368A    8B 46 4A                  mov         ax,word ptr 0x4a[bp] 
368D    8D 96 BA FE               lea         dx,-0x146[bp] 
3691    89 86 C6 FE               mov         word ptr -0x13a[bp],ax 
3695    31 C0                     xor         ax,ax 
3697    52                        push        dx 
3698    89 86 C4 FE               mov         word ptr -0x13c[bp],ax 
369C    89 86 C2 FE               mov         word ptr -0x13e[bp],ax 
36A0    89 86 CA FE               mov         word ptr -0x136[bp],ax 
36A4    E8 00 00                  call        _int13_call 
36A7    83 C4 04                  add         sp,0x0004 
36AA    F6 86 CA FE 01            test        byte ptr -0x136[bp],0x01 
36AF    74 0F                     je          L$496 
36B1    8B 86 BA FE               mov         ax,word ptr -0x146[bp] 
36B5    C1 E8 08                  shr         ax,0x08 
36B8    50                        push        ax 
36B9    1E                        push        ds 
36BA    68 6C 2A                  push        offset DGROUP:L$973 
36BD    E9 2A DE                  jmp         L$192 
36C0                          L$496:
36C0    6A 01                     push        0x0001 
36C2    0F B6 86 E0 00            movzx       ax,byte ptr 0xe0[bp] 
36C7    FF 76 46                  push        word ptr 0x46[bp] 
36CA    8B 5E 5A                  mov         bx,word ptr 0x5a[bp] 
36CD    FF 76 44                  push        word ptr 0x44[bp] 
36D0    8B 4E 5C                  mov         cx,word ptr 0x5c[bp] 
36D3    E8 00 00                  call        IDE_READ_SECTOR_ 
36D6    85 C0                     test        ax,ax 
36D8    74 0C                     je          L$497 
36DA    50                        push        ax 
36DB    66 FF 76 44               push        dword ptr 0x44[bp] 
36DF    1E                        push        ds 
36E0    68 8B 2A                  push        offset DGROUP:L$974 
36E3    E9 94 D7                  jmp         L$131 
36E6                          L$497:
36E6    8B 76 5A                  mov         si,word ptr 0x5a[bp] 
36E9    8B 56 5C                  mov         dx,word ptr 0x5c[bp] 
36EC    8B 5E 56                  mov         bx,word ptr 0x56[bp] 
36EF    89 96 A8 00               mov         word ptr 0xa8[bp],dx 
36F3    8B 56 58                  mov         dx,word ptr 0x58[bp] 
36F6    89 46 4C                  mov         word ptr 0x4c[bp],ax 
36F9    89 96 AA 00               mov         word ptr 0xaa[bp],dx 
36FD    EB 08                     jmp         L$499 
36FF                          L$498:
36FF    46                        inc         si 
3700    40                        inc         ax 
3701    43                        inc         bx 
3702    3D 00 02                  cmp         ax,0x0200 
3705    73 26                     jae         L$500 
3707                          L$499:
3707    8E 86 AA 00               mov         es,word ptr 0xaa[bp] 
370B    26 8A 17                  mov         dl,byte ptr es:[bx] 
370E    8E 86 A8 00               mov         es,word ptr 0xa8[bp] 
3712    26 3A 14                  cmp         dl,byte ptr es:[si] 
3715    74 E8                     je          L$498 
3717    26 0F B6 14               movzx       dx,byte ptr es:[si] 
371B    8E 86 AA 00               mov         es,word ptr 0xaa[bp] 
371F    52                        push        dx 
3720    26 0F B6 17               movzx       dx,byte ptr es:[bx] 
3724    52                        push        dx 
3725    50                        push        ax 
3726    1E                        push        ds 
3727    68 C2 2A                  push        offset DGROUP:L$975 
372A    E9 4D D7                  jmp         L$131 
372D                          L$500:
372D    83 7E 4C 00               cmp         word ptr 0x4c[bp],0x0000 
3731    0F 85 4B D7               jne         L$132 
3735    66 FF 76 44               push        dword ptr 0x44[bp] 
3739    66 FF 76 52               push        dword ptr 0x52[bp] 
373D    57                        push        di 
373E    83 7E 48 00               cmp         word ptr 0x48[bp],0x0000 
3742    74 05                     je          L$501 
3744    BA 5D 03                  mov         dx,offset DGROUP:L$709 
3747    EB 03                     jmp         L$502 
3749                          L$501:
3749    BA 63 03                  mov         dx,offset DGROUP:L$710 
374C                          L$502:
374C    8C D8                     mov         ax,ds 
374E    50                        push        ax 
374F    52                        push        dx 
3750    1E                        push        ds 
3751    68 FA 2A                  push        offset DGROUP:L$976 
3754    E9 07 DA                  jmp         L$153 
3757                          L$503:
3757    BB 3C 2B                  mov         bx,offset DGROUP:L$977 
375A    8D 46 82                  lea         ax,-0x7e[bp] 
375D    8C D9                     mov         cx,ds 
375F    8C D2                     mov         dx,ss 
3761    E8 00 00                  call        is_cmd_ 
3764    85 C0                     test        ax,ax 
3766    0F 84 05 02               je          L$535 
376A    1E                        push        ds 
376B    C7 46 64 00 00            mov         word ptr 0x64[bp],0x0000 
3770    68 40 2B                  push        offset DGROUP:L$978 
3773    31 F6                     xor         si,si 
3775    E8 00 00                  call        _cprintf 
3778    89 76 60                  mov         word ptr 0x60[bp],si 
377B    89 76 5E                  mov         word ptr 0x5e[bp],si 
377E    89 F7                     mov         di,si 
3780    83 C4 04                  add         sp,0x0004 
3783    EB 0A                     jmp         L$505 
3785                          L$504:
3785    47                        inc         di 
3786    47                        inc         di 
3787    FF 46 5E                  inc         word ptr 0x5e[bp] 
378A    83 FF 08                  cmp         di,0x0008 
378D    74 2E                     je          L$506 
378F                          L$505:
378F    8B 85 7E 00               mov         ax,word ptr DGROUP:L$1066[di] 
3793    31 D2                     xor         dx,dx 
3795    89 46 68                  mov         word ptr 0x68[bp],ax 
3798    E8 00 00                  call        io_read_ 
379B    50                        push        ax 
379C    FF 76 68                  push        word ptr 0x68[bp] 
379F    1E                        push        ds 
37A0    68 5D 2B                  push        offset DGROUP:L$979 
37A3    89 46 66                  mov         word ptr 0x66[bp],ax 
37A6    E8 00 00                  call        _cprintf 
37A9    83 C4 08                  add         sp,0x0008 
37AC    81 7E 66 FF 00            cmp         word ptr 0x66[bp],0x00ff 
37B1    74 D2                     je          L$504 
37B3    C7 46 60 01 00            mov         word ptr 0x60[bp],0x0001 
37B8    8B 76 68                  mov         si,word ptr 0x68[bp] 
37BB    EB C8                     jmp         L$504 
37BD                          L$506:
37BD    1E                        push        ds 
37BE    68 31 00                  push        offset DGROUP:L$684 
37C1    E8 00 00                  call        _cprintf 
37C4    B8 38 04                  mov         ax,0x0438 
37C7    83 C4 04                  add         sp,0x0004 
37CA    31 D2                     xor         dx,dx 
37CC    E8 00 00                  call        io_read_ 
37CF    50                        push        ax 
37D0    1E                        push        ds 
37D1    68 69 2B                  push        offset DGROUP:L$980 
37D4    E8 00 00                  call        _cprintf 
37D7    83 C4 06                  add         sp,0x0006 
37DA    83 7E 60 00               cmp         word ptr 0x60[bp],0x0000 
37DE    75 07                     jne         L$507 
37E0    1E                        push        ds 
37E1    68 A4 2B                  push        offset DGROUP:L$981 
37E4    E9 E8 D6                  jmp         L$134 
37E7                          L$507:
37E7    89 F0                     mov         ax,si 
37E9    31 D2                     xor         dx,dx 
37EB    E8 00 00                  call        io_read_ 
37EE    89 C3                     mov         bx,ax 
37F0    85 C0                     test        ax,ax 
37F2    75 05                     jne         L$508 
37F4    BA FB 2B                  mov         dx,offset DGROUP:L$982 
37F7    EB 0D                     jmp         L$510 
37F9                          L$508:
37F9    3D 80 00                  cmp         ax,0x0080 
37FC    75 05                     jne         L$509 
37FE    BA 27 2C                  mov         dx,offset DGROUP:L$983 
3801    EB 03                     jmp         L$510 
3803                          L$509:
3803    BA 2E 2C                  mov         dx,offset DGROUP:L$984 
3806                          L$510:
3806    8C D8                     mov         ax,ds 
3808    50                        push        ax 
3809    52                        push        dx 
380A    56                        push        si 
380B    53                        push        bx 
380C    1E                        push        ds 
380D    68 43 2C                  push        offset DGROUP:L$985 
3810    E8 00 00                  call        _cprintf 
3813    B8 38 04                  mov         ax,0x0438 
3816    83 C4 0C                  add         sp,0x000c 
3819    31 DB                     xor         bx,bx 
381B    31 D2                     xor         dx,dx 
381D    E8 00 00                  call        io_write_ 
3820    31 DB                     xor         bx,bx 
3822                          L$511:
3822    89 F0                     mov         ax,si 
3824    31 D2                     xor         dx,dx 
3826    43                        inc         bx 
3827    E8 00 00                  call        io_read_ 
382A    81 FB C8 00               cmp         bx,0x00c8 
382E    72 F2                     jb          L$511 
3830    BA 80 00                  mov         dx,0x0080 
3833    B8 38 04                  mov         ax,0x0438 
3836    31 DB                     xor         bx,bx 
3838    E8 00 00                  call        io_write_ 
383B    31 DB                     xor         bx,bx 
383D    EB 07                     jmp         L$513 
383F                          L$512:
383F    43                        inc         bx 
3840    81 FB D0 07               cmp         bx,0x07d0 
3844    73 0E                     jae         L$514 
3846                          L$513:
3846    89 F0                     mov         ax,si 
3848    31 D2                     xor         dx,dx 
384A    E8 00 00                  call        io_read_ 
384D    89 C7                     mov         di,ax 
384F    3D 80 00                  cmp         ax,0x0080 
3852    75 EB                     jne         L$512 
3854                          L$514:
3854    F7 C7 10 00               test        di,0x0010 
3858    74 05                     je          L$515 
385A    BA 87 2C                  mov         dx,offset DGROUP:L$986 
385D    EB 03                     jmp         L$516 
385F                          L$515:
385F    BA 8D 2C                  mov         dx,offset DGROUP:L$987 
3862                          L$516:
3862    8C D8                     mov         ax,ds 
3864    50                        push        ax 
3865    52                        push        dx 
3866    F7 C7 20 00               test        di,0x0020 
386A    74 05                     je          L$517 
386C    BA 93 2C                  mov         dx,offset DGROUP:L$988 
386F    EB 03                     jmp         L$518 
3871                          L$517:
3871    BA 44 1C                  mov         dx,offset DGROUP:L$890 
3874                          L$518:
3874    8C D8                     mov         ax,ds 
3876    50                        push        ax 
3877    52                        push        dx 
3878    F7 C7 40 00               test        di,0x0040 
387C    74 05                     je          L$519 
387E    BA 99 2C                  mov         dx,offset DGROUP:L$989 
3881    EB 03                     jmp         L$520 
3883                          L$519:
3883    BA A1 2C                  mov         dx,offset DGROUP:L$990 
3886                          L$520:
3886    8C D8                     mov         ax,ds 
3888    50                        push        ax 
3889    52                        push        dx 
388A    F7 C7 80 00               test        di,0x0080 
388E    74 05                     je          L$521 
3890    BA AA 2C                  mov         dx,offset DGROUP:L$991 
3893    EB 03                     jmp         L$522 
3895                          L$521:
3895    BA AF 2C                  mov         dx,offset DGROUP:L$992 
3898                          L$522:
3898    8C D8                     mov         ax,ds 
389A    50                        push        ax 
389B    52                        push        dx 
389C    57                        push        di 
389D    1E                        push        ds 
389E    68 B9 2C                  push        offset DGROUP:L$993 
38A1    81 E7 C0 00               and         di,0x00c0 
38A5    E8 00 00                  call        _cprintf 
38A8    83 C4 16                  add         sp,0x0016 
38AB    81 FF 80 00               cmp         di,0x0080 
38AF    74 07                     je          L$523 
38B1    1E                        push        ds 
38B2    68 D3 2C                  push        offset DGROUP:L$994 
38B5    E9 17 D6                  jmp         L$134 
38B8                          L$523:
38B8    BA 08 00                  mov         dx,0x0008 
38BB    8D 7C 01                  lea         di,0x1[si] 
38BE    31 DB                     xor         bx,bx 
38C0    89 F8                     mov         ax,di 
38C2    E8 00 00                  call        io_write_ 
38C5    31 DB                     xor         bx,bx 
38C7    EB 07                     jmp         L$525 
38C9                          L$524:
38C9    43                        inc         bx 
38CA    81 FB D0 07               cmp         bx,0x07d0 
38CE    73 12                     jae         L$526 
38D0                          L$525:
38D0    89 F0                     mov         ax,si 
38D2    31 D2                     xor         dx,dx 
38D4    E8 00 00                  call        io_read_ 
38D7    89 C2                     mov         dx,ax 
38D9    30 E4                     xor         ah,ah 
38DB    24 C0                     and         al,0xc0 
38DD    3D C0 00                  cmp         ax,0x00c0 
38E0    75 E7                     jne         L$524 
38E2                          L$526:
38E2    89 D0                     mov         ax,dx 
38E4    30 F4                     xor         ah,dh 
38E6    24 C0                     and         al,0xc0 
38E8    3D C0 00                  cmp         ax,0x00c0 
38EB    74 08                     je          L$527 
38ED    52                        push        dx 
38EE    1E                        push        ds 
38EF    68 12 2D                  push        offset DGROUP:L$995 
38F2    E9 F5 DB                  jmp         L$192 
38F5                          L$527:
38F5    89 F8                     mov         ax,di 
38F7    31 D2                     xor         dx,dx 
38F9    E8 00 00                  call        io_read_ 
38FC    31 DB                     xor         bx,bx 
38FE    89 46 62                  mov         word ptr 0x62[bp],ax 
3901    EB 11                     jmp         L$529 
3903                          L$528:
3903    89 F8                     mov         ax,di 
3905    31 D2                     xor         dx,dx 
3907    E8 00 00                  call        io_read_ 
390A    43                        inc         bx 
390B    89 46 64                  mov         word ptr 0x64[bp],ax 
390E    81 FB D0 07               cmp         bx,0x07d0 
3912    73 10                     jae         L$530 
3914                          L$529:
3914    89 F0                     mov         ax,si 
3916    31 D2                     xor         dx,dx 
3918    E8 00 00                  call        io_read_ 
391B    30 E4                     xor         ah,ah 
391D    24 C0                     and         al,0xc0 
391F    3D C0 00                  cmp         ax,0x00c0 
3922    74 DF                     je          L$528 
3924                          L$530:
3924    FF 76 62                  push        word ptr 0x62[bp] 
3927    1E                        push        ds 
3928    68 44 2D                  push        offset DGROUP:L$996 
392B    E8 00 00                  call        _cprintf 
392E    8B 46 62                  mov         ax,word ptr 0x62[bp] 
3931    30 E4                     xor         ah,ah 
3933    24 C0                     and         al,0xc0 
3935    83 C4 06                  add         sp,0x0006 
3938    3D C0 00                  cmp         ax,0x00c0 
393B    75 09                     jne         L$531 
393D    FF 76 64                  push        word ptr 0x64[bp] 
3940    1E                        push        ds 
3941    68 6C 2D                  push        offset DGROUP:L$997 
3944    EB 1A                     jmp         L$533 
3946                          L$531:
3946    81 7E 62 80 00            cmp         word ptr 0x62[bp],0x0080 
394B    75 0C                     jne         L$532 
394D    1E                        push        ds 
394E    68 9B 2D                  push        offset DGROUP:L$998 
3951    E8 00 00                  call        _cprintf 
3954    83 C4 04                  add         sp,0x0004 
3957    EB 0D                     jmp         L$534 
3959                          L$532:
3959    FF 76 64                  push        word ptr 0x64[bp] 
395C    1E                        push        ds 
395D    68 C7 2D                  push        offset DGROUP:L$999 
3960                          L$533:
3960    E8 00 00                  call        _cprintf 
3963    83 C4 06                  add         sp,0x0006 
3966                          L$534:
3966    57                        push        di 
3967    56                        push        si 
3968    1E                        push        ds 
3969    68 D3 2D                  push        offset DGROUP:L$1000 
396C    E9 27 DD                  jmp         L$208 
396F                          L$535:
396F    BB 0E 2E                  mov         bx,offset DGROUP:L$1001 
3972    8D 46 82                  lea         ax,-0x7e[bp] 
3975    8C D9                     mov         cx,ds 
3977    8C D2                     mov         dx,ss 
3979    E8 00 00                  call        is_cmd_ 
397C    85 C0                     test        ax,ax 
397E    0F 84 B3 02               je          L$567 
3982    BE 36 04                  mov         si,0x0436 
3985    8D 9E 66 FF               lea         bx,-0x9a[bp] 
3989    8D 46 82                  lea         ax,-0x7e[bp] 
398C    8C D1                     mov         cx,ss 
398E    8C D2                     mov         dx,ss 
3990    C7 46 6A 82 00            mov         word ptr 0x6a[bp],0x0082 
3995    E8 00 00                  call        parse_val_ 
3998    31 FF                     xor         di,di 
399A    85 C0                     test        ax,ax 
399C    74 07                     je          L$536 
399E    8B 86 66 FF               mov         ax,word ptr -0x9a[bp] 
39A2    89 46 6A                  mov         word ptr 0x6a[bp],ax 
39A5                          L$536:
39A5    8D 9E 66 FF               lea         bx,-0x9a[bp] 
39A9    8D 46 82                  lea         ax,-0x7e[bp] 
39AC    8C D1                     mov         cx,ss 
39AE    8C D2                     mov         dx,ss 
39B0    E8 00 00                  call        parse_val_ 
39B3    85 C0                     test        ax,ax 
39B5    74 07                     je          L$537 
39B7    8B BE 66 FF               mov         di,word ptr -0x9a[bp] 
39BB    83 E7 03                  and         di,0x0003 
39BE                          L$537:
39BE    57                        push        di 
39BF    FF 76 6A                  push        word ptr 0x6a[bp] 
39C2    1E                        push        ds 
39C3    68 13 2E                  push        offset DGROUP:L$1002 
39C6    E8 00 00                  call        _cprintf 
39C9    8B 56 6A                  mov         dx,word ptr 0x6a[bp] 
39CC    B8 38 04                  mov         ax,0x0438 
39CF    83 C4 08                  add         sp,0x0008 
39D2    30 F6                     xor         dh,dh 
39D4    31 DB                     xor         bx,bx 
39D6    80 E2 7F                  and         dl,0x7f 
39D9    E8 00 00                  call        io_write_ 
39DC    31 DB                     xor         bx,bx 
39DE                          L$538:
39DE    89 F0                     mov         ax,si 
39E0    31 D2                     xor         dx,dx 
39E2    43                        inc         bx 
39E3    E8 00 00                  call        io_read_ 
39E6    81 FB C8 00               cmp         bx,0x00c8 
39EA    72 F2                     jb          L$538 
39EC    8B 56 6A                  mov         dx,word ptr 0x6a[bp] 
39EF    B8 38 04                  mov         ax,0x0438 
39F2    31 DB                     xor         bx,bx 
39F4    E8 00 00                  call        io_write_ 
39F7    C4 1E 00 00               les         bx,dword ptr _bda_ptr 
39FB    26 8B 57 6C               mov         dx,word ptr es:0x6c[bx] 
39FF    C4 1E 00 00               les         bx,dword ptr _bda_ptr 
3A03                          L$539:
3A03    26 8B 47 6C               mov         ax,word ptr es:0x6c[bx] 
3A07    29 D0                     sub         ax,dx 
3A09    3D 0A 00                  cmp         ax,0x000a 
3A0C    72 F5                     jb          L$539 
3A0E    89 F0                     mov         ax,si 
3A10    31 D2                     xor         dx,dx 
3A12    E8 00 00                  call        io_read_ 
3A15    3D 80 00                  cmp         ax,0x0080 
3A18    74 13                     je          L$540 
3A1A    50                        push        ax 
3A1B    1E                        push        ds 
3A1C    68 33 2E                  push        offset DGROUP:L$1003 
3A1F    E8 00 00                  call        _cprintf 
3A22    BA 80 00                  mov         dx,0x0080 
3A25    B8 38 04                  mov         ax,0x0438 
3A28    83 C4 06                  add         sp,0x0006 
3A2B    EB 73                     jmp         L$546 
3A2D                          L$540:
3A2D    C7 86 D0 00 00 00         mov         word ptr 0xd0[bp],0x0000 
3A33    EB 21                     jmp         L$542 
3A35                          L$541:
3A35    8D 9E 10 FF               lea         bx,-0xf0[bp] 
3A39    8C D1                     mov         cx,ss 
3A3B    89 F0                     mov         ax,si 
3A3D    E8 00 00                  call        fdc_get_ 
3A40    8D 9E 12 FF               lea         bx,-0xee[bp] 
3A44    8C D1                     mov         cx,ss 
3A46    89 F0                     mov         ax,si 
3A48    FF 86 D0 00               inc         word ptr 0xd0[bp] 
3A4C    E8 00 00                  call        fdc_get_ 
3A4F    83 BE D0 00 04            cmp         word ptr 0xd0[bp],0x0004 
3A54    73 0C                     jae         L$543 
3A56                          L$542:
3A56    BA 08 00                  mov         dx,0x0008 
3A59    89 F0                     mov         ax,si 
3A5B    E8 00 00                  call        fdc_put_ 
3A5E    85 C0                     test        ax,ax 
3A60    74 D3                     je          L$541 
3A62                          L$543:
3A62    FF B6 10 FF               push        word ptr -0xf0[bp] 
3A66    1E                        push        ds 
3A67    68 7B 2E                  push        offset DGROUP:L$1004 
3A6A    E8 00 00                  call        _cprintf 
3A6D    BA 03 00                  mov         dx,0x0003 
3A70    83 C4 06                  add         sp,0x0006 
3A73    89 F0                     mov         ax,si 
3A75    E8 00 00                  call        fdc_put_ 
3A78    BA DF 00                  mov         dx,0x00df 
3A7B    89 C3                     mov         bx,ax 
3A7D    89 F0                     mov         ax,si 
3A7F    E8 00 00                  call        fdc_put_ 
3A82    BA 03 00                  mov         dx,0x0003 
3A85    09 C3                     or          bx,ax 
3A87    89 F0                     mov         ax,si 
3A89    E8 00 00                  call        fdc_put_ 
3A8C    09 C3                     or          bx,ax 
3A8E    74 18                     je          L$547 
3A90    1E                        push        ds 
3A91    68 AA 2E                  push        offset DGROUP:L$1005 
3A94                          L$544:
3A94    E8 00 00                  call        _cprintf 
3A97    BA 80 00                  mov         dx,0x0080 
3A9A    B8 38 04                  mov         ax,0x0438 
3A9D                          L$545:
3A9D    83 C4 04                  add         sp,0x0004 
3AA0                          L$546:
3AA0    31 DB                     xor         bx,bx 
3AA2    E8 00 00                  call        io_write_ 
3AA5    E9 D8 D3                  jmp         L$132 
3AA8                          L$547:
3AA8    BA 07 00                  mov         dx,0x0007 
3AAB    89 F0                     mov         ax,si 
3AAD    E8 00 00                  call        fdc_put_ 
3AB0    89 C3                     mov         bx,ax 
3AB2    89 FA                     mov         dx,di 
3AB4    89 F0                     mov         ax,si 
3AB6    E8 00 00                  call        fdc_put_ 
3AB9    09 D8                     or          ax,bx 
3ABB    74 06                     je          L$548 
3ABD    1E                        push        ds 
3ABE    68 CA 2E                  push        offset DGROUP:L$1006 
3AC1    EB D1                     jmp         L$544 
3AC3                          L$548:
3AC3    C7 86 10 FF 80 00         mov         word ptr -0xf0[bp],0x0080 
3AC9    C4 1E 00 00               les         bx,dword ptr _bda_ptr 
3ACD    89 86 12 FF               mov         word ptr -0xee[bp],ax 
3AD1    26 8B 47 6C               mov         ax,word ptr es:0x6c[bx] 
3AD5    89 86 D8 00               mov         word ptr 0xd8[bp],ax 
3AD9                          L$549:
3AD9    BA 08 00                  mov         dx,0x0008 
3ADC    89 F0                     mov         ax,si 
3ADE    E8 00 00                  call        fdc_put_ 
3AE1    85 C0                     test        ax,ax 
3AE3    75 35                     jne         L$551 
3AE5    8D 9E 10 FF               lea         bx,-0xf0[bp] 
3AE9    8C D1                     mov         cx,ss 
3AEB    89 F0                     mov         ax,si 
3AED    E8 00 00                  call        fdc_get_ 
3AF0    85 C0                     test        ax,ax 
3AF2    75 26                     jne         L$551 
3AF4    81 BE 10 FF 80 00         cmp         word ptr -0xf0[bp],0x0080 
3AFA    74 0D                     je          L$550 
3AFC    8D 9E 12 FF               lea         bx,-0xee[bp] 
3B00    8C D1                     mov         cx,ss 
3B02    89 F0                     mov         ax,si 
3B04    E8 00 00                  call        fdc_get_ 
3B07    EB 11                     jmp         L$551 
3B09                          L$550:
3B09    C4 1E 00 00               les         bx,dword ptr _bda_ptr 
3B0D    26 8B 47 6C               mov         ax,word ptr es:0x6c[bx] 
3B11    2B 86 D8 00               sub         ax,word ptr 0xd8[bp] 
3B15    3D 24 00                  cmp         ax,0x0024 
3B18    72 BF                     jb          L$549 
3B1A                          L$551:
3B1A    89 F0                     mov         ax,si 
3B1C    31 D2                     xor         dx,dx 
3B1E    E8 00 00                  call        io_read_ 
3B21    89 C3                     mov         bx,ax 
3B23    81 BE 10 FF 80 00         cmp         word ptr -0xf0[bp],0x0080 
3B29    75 05                     jne         L$552 
3B2B    BA EE 2E                  mov         dx,offset DGROUP:L$1007 
3B2E    EB 2A                     jmp         L$556 
3B30                          L$552:
3B30    8A 86 10 FF               mov         al,byte ptr -0xf0[bp] 
3B34    A8 C0                     test        al,0xc0 
3B36    75 09                     jne         L$553 
3B38    A8 20                     test        al,0x20 
3B3A    74 05                     je          L$553 
3B3C    BA 03 2F                  mov         dx,offset DGROUP:L$1008 
3B3F    EB 19                     jmp         L$556 
3B41                          L$553:
3B41    8A 86 10 FF               mov         al,byte ptr -0xf0[bp] 
3B45    A8 10                     test        al,0x10 
3B47    74 05                     je          L$554 
3B49    BA 27 2F                  mov         dx,offset DGROUP:L$1009 
3B4C    EB 0C                     jmp         L$556 
3B4E                          L$554:
3B4E    A8 08                     test        al,0x08 
3B50    74 05                     je          L$555 
3B52    BA 6B 2F                  mov         dx,offset DGROUP:L$1010 
3B55    EB 03                     jmp         L$556 
3B57                          L$555:
3B57    BA 44 1C                  mov         dx,offset DGROUP:L$890 
3B5A                          L$556:
3B5A    8C D8                     mov         ax,ds 
3B5C    50                        push        ax 
3B5D    52                        push        dx 
3B5E    66 FF B6 10 FF            push        dword ptr -0xf0[bp] 
3B63    53                        push        bx 
3B64    1E                        push        ds 
3B65    68 7A 2F                  push        offset DGROUP:L$1011 
3B68    E8 00 00                  call        _cprintf 
3B6B    BA 4A 00                  mov         dx,0x004a 
3B6E    83 C4 0E                  add         sp,0x000e 
3B71    89 F0                     mov         ax,si 
3B73    E8 00 00                  call        fdc_put_ 
3B76    89 FA                     mov         dx,di 
3B78    89 C3                     mov         bx,ax 
3B7A    30 F6                     xor         dh,dh 
3B7C    89 F0                     mov         ax,si 
3B7E    80 E2 03                  and         dl,0x03 
3B81    E8 00 00                  call        fdc_put_ 
3B84    09 D8                     or          ax,bx 
3B86    74 07                     je          L$557 
3B88    1E                        push        ds 
3B89    68 B3 2F                  push        offset DGROUP:L$1012 
3B8C    E9 05 FF                  jmp         L$544 
3B8F                          L$557:
3B8F    8D 96 10 FF               lea         dx,-0xf0[bp] 
3B93    89 86 D2 00               mov         word ptr 0xd2[bp],ax 
3B97    8C 96 A6 00               mov         word ptr 0xa6[bp],ss 
3B9B    31 FF                     xor         di,di 
3B9D    EB 08                     jmp         L$559 
3B9F                          L$558:
3B9F    47                        inc         di 
3BA0    42                        inc         dx 
3BA1    42                        inc         dx 
3BA2    83 FF 07                  cmp         di,0x0007 
3BA5    73 11                     jae         L$560 
3BA7                          L$559:
3BA7    8B 8E A6 00               mov         cx,word ptr 0xa6[bp] 
3BAB    89 D3                     mov         bx,dx 
3BAD    89 F0                     mov         ax,si 
3BAF    E8 00 00                  call        fdc_get_ 
3BB2    85 C0                     test        ax,ax 
3BB4    75 09                     jne         L$561 
3BB6    EB E7                     jmp         L$558 
3BB8                          L$560:
3BB8    83 BE D2 00 00            cmp         word ptr 0xd2[bp],0x0000 
3BBD    74 07                     je          L$562 
3BBF                          L$561:
3BBF    1E                        push        ds 
3BC0    68 D3 2F                  push        offset DGROUP:L$1013 
3BC3    E9 CE FE                  jmp         L$544 
3BC6                          L$562:
3BC6    66 FF B6 1A FF            push        dword ptr -0xe6[bp] 
3BCB    66 FF B6 16 FF            push        dword ptr -0xea[bp] 
3BD0    66 FF B6 12 FF            push        dword ptr -0xee[bp] 
3BD5    FF B6 10 FF               push        word ptr -0xf0[bp] 
3BD9    1E                        push        ds 
3BDA    68 12 30                  push        offset DGROUP:L$1014 
3BDD    E8 00 00                  call        _cprintf 
3BE0    83 C4 12                  add         sp,0x0012 
3BE3    F6 86 10 FF C0            test        byte ptr -0xf0[bp],0xc0 
3BE8    75 17                     jne         L$563 
3BEA    8B 8E 1C FF               mov         cx,word ptr -0xe4[bp] 
3BEE    B8 80 00                  mov         ax,0x0080 
3BF1    80 E1 07                  and         cl,0x07 
3BF4    D3 E0                     shl         ax,cl 
3BF6    50                        push        ax 
3BF7    FF B6 1C FF               push        word ptr -0xe4[bp] 
3BFB    1E                        push        ds 
3BFC    68 53 30                  push        offset DGROUP:L$1015 
3BFF    EB 1C                     jmp         L$565 
3C01                          L$563:
3C01    F6 86 12 FF 01            test        byte ptr -0xee[bp],0x01 
3C06    74 0C                     je          L$564 
3C08    1E                        push        ds 
3C09    68 89 30                  push        offset DGROUP:L$1016 
3C0C    E8 00 00                  call        _cprintf 
3C0F    83 C4 04                  add         sp,0x0004 
3C12    EB 0F                     jmp         L$566 
3C14                          L$564:
3C14    66 FF B6 12 FF            push        dword ptr -0xee[bp] 
3C19    1E                        push        ds 
3C1A    68 19 31                  push        offset DGROUP:L$1017 
3C1D                          L$565:
3C1D    E8 00 00                  call        _cprintf 
3C20    83 C4 08                  add         sp,0x0008 
3C23                          L$566:
3C23    BA 80 00                  mov         dx,0x0080 
3C26    B8 38 04                  mov         ax,0x0438 
3C29    31 DB                     xor         bx,bx 
3C2B    E8 00 00                  call        io_write_ 
3C2E    1E                        push        ds 
3C2F    68 48 31                  push        offset DGROUP:L$1018 
3C32    E9 9A D2                  jmp         L$134 
3C35                          L$567:
3C35    BB 59 31                  mov         bx,offset DGROUP:L$1019 
3C38    8D 46 82                  lea         ax,-0x7e[bp] 
3C3B    8C D9                     mov         cx,ds 
3C3D    8C D2                     mov         dx,ss 
3C3F    E8 00 00                  call        is_cmd_ 
3C42    85 C0                     test        ax,ax 
3C44    0F 84 1B 04               je          L$605 
3C48    BE 36 04                  mov         si,0x0436 
3C4B    C7 46 6C 82 00            mov         word ptr 0x6c[bp],0x0082 
3C50    8D 9E 6A FF               lea         bx,-0x96[bp] 
3C54    8C D1                     mov         cx,ss 
3C56    31 C0                     xor         ax,ax 
3C58    8C D2                     mov         dx,ss 
3C5A    89 46 70                  mov         word ptr 0x70[bp],ax 
3C5D    89 46 72                  mov         word ptr 0x72[bp],ax 
3C60    89 46 6E                  mov         word ptr 0x6e[bp],ax 
3C63    8D 46 82                  lea         ax,-0x7e[bp] 
3C66    C7 46 74 01 00            mov         word ptr 0x74[bp],0x0001 
3C6B    E8 00 00                  call        parse_val_ 
3C6E    85 C0                     test        ax,ax 
3C70    74 07                     je          L$568 
3C72    8B 86 6A FF               mov         ax,word ptr -0x96[bp] 
3C76    89 46 6C                  mov         word ptr 0x6c[bp],ax 
3C79                          L$568:
3C79    8D 9E 6A FF               lea         bx,-0x96[bp] 
3C7D    8D 46 82                  lea         ax,-0x7e[bp] 
3C80    8C D1                     mov         cx,ss 
3C82    8C D2                     mov         dx,ss 
3C84    E8 00 00                  call        parse_val_ 
3C87    85 C0                     test        ax,ax 
3C89    74 07                     je          L$569 
3C8B    8B 86 6A FF               mov         ax,word ptr -0x96[bp] 
3C8F    89 46 70                  mov         word ptr 0x70[bp],ax 
3C92                          L$569:
3C92    8D 9E 6A FF               lea         bx,-0x96[bp] 
3C96    8D 46 82                  lea         ax,-0x7e[bp] 
3C99    8C D1                     mov         cx,ss 
3C9B    8C D2                     mov         dx,ss 
3C9D    E8 00 00                  call        parse_val_ 
3CA0    85 C0                     test        ax,ax 
3CA2    74 0B                     je          L$570 
3CA4    8B 86 6A FF               mov         ax,word ptr -0x96[bp] 
3CA8    30 E4                     xor         ah,ah 
3CAA    24 01                     and         al,0x01 
3CAC    89 46 72                  mov         word ptr 0x72[bp],ax 
3CAF                          L$570:
3CAF    8D 9E 6A FF               lea         bx,-0x96[bp] 
3CB3    8D 46 82                  lea         ax,-0x7e[bp] 
3CB6    8C D1                     mov         cx,ss 
3CB8    8C D2                     mov         dx,ss 
3CBA    E8 00 00                  call        parse_val_ 
3CBD    85 C0                     test        ax,ax 
3CBF    74 07                     je          L$571 
3CC1    8B 86 6A FF               mov         ax,word ptr -0x96[bp] 
3CC5    89 46 74                  mov         word ptr 0x74[bp],ax 
3CC8                          L$571:
3CC8    83 7E 74 00               cmp         word ptr 0x74[bp],0x0000 
3CCC    75 07                     jne         L$572 
3CCE    1E                        push        ds 
3CCF    68 60 31                  push        offset DGROUP:L$1020 
3CD2    E9 FA D1                  jmp         L$134 
3CD5                          L$572:
3CD5    66 FF 76 72               push        dword ptr 0x72[bp] 
3CD9    FF 76 70                  push        word ptr 0x70[bp] 
3CDC    FF 76 6C                  push        word ptr 0x6c[bp] 
3CDF    1E                        push        ds 
3CE0    68 CA 31                  push        offset DGROUP:L$1021 
3CE3    C7 46 76 00 00            mov         word ptr 0x76[bp],0x0000 
3CE8    E8 00 00                  call        _cprintf 
3CEB    8B 56 6C                  mov         dx,word ptr 0x6c[bp] 
3CEE    B8 38 04                  mov         ax,0x0438 
3CF1    83 C4 0C                  add         sp,0x000c 
3CF4    30 F6                     xor         dh,dh 
3CF6    31 DB                     xor         bx,bx 
3CF8    80 E2 7F                  and         dl,0x7f 
3CFB    C7 46 78 00 10            mov         word ptr 0x78[bp],0x1000 
3D00    E8 00 00                  call        io_write_ 
3D03    31 DB                     xor         bx,bx 
3D05                          L$573:
3D05    89 F0                     mov         ax,si 
3D07    31 D2                     xor         dx,dx 
3D09    43                        inc         bx 
3D0A    E8 00 00                  call        io_read_ 
3D0D    81 FB C8 00               cmp         bx,0x00c8 
3D11    72 F2                     jb          L$573 
3D13    8B 56 6C                  mov         dx,word ptr 0x6c[bp] 
3D16    B8 38 04                  mov         ax,0x0438 
3D19    31 DB                     xor         bx,bx 
3D1B    E8 00 00                  call        io_write_ 
3D1E    C4 1E 00 00               les         bx,dword ptr _bda_ptr 
3D22    26 8B 57 6C               mov         dx,word ptr es:0x6c[bx] 
3D26    C4 1E 00 00               les         bx,dword ptr _bda_ptr 
3D2A                          L$574:
3D2A    26 8B 47 6C               mov         ax,word ptr es:0x6c[bx] 
3D2E    29 D0                     sub         ax,dx 
3D30    3D 0A 00                  cmp         ax,0x000a 
3D33    72 F5                     jb          L$574 
3D35    89 F0                     mov         ax,si 
3D37    31 D2                     xor         dx,dx 
3D39    E8 00 00                  call        io_read_ 
3D3C    3D 80 00                  cmp         ax,0x0080 
3D3F    74 07                     je          L$575 
3D41    1E                        push        ds 
3D42    68 EB 31                  push        offset DGROUP:L$1022 
3D45    E9 4C FD                  jmp         L$544 
3D48                          L$575:
3D48    31 FF                     xor         di,di 
3D4A    EB 1C                     jmp         L$577 
3D4C                          L$576:
3D4C    8D 9E 2C FF               lea         bx,-0xd4[bp] 
3D50    8C D1                     mov         cx,ss 
3D52    89 F0                     mov         ax,si 
3D54    E8 00 00                  call        fdc_get_ 
3D57    8D 9E 2E FF               lea         bx,-0xd2[bp] 
3D5B    8C D1                     mov         cx,ss 
3D5D    89 F0                     mov         ax,si 
3D5F    47                        inc         di 
3D60    E8 00 00                  call        fdc_get_ 
3D63    83 FF 04                  cmp         di,0x0004 
3D66    73 0C                     jae         L$578 
3D68                          L$577:
3D68    BA 08 00                  mov         dx,0x0008 
3D6B    89 F0                     mov         ax,si 
3D6D    E8 00 00                  call        fdc_put_ 
3D70    85 C0                     test        ax,ax 
3D72    74 D8                     je          L$576 
3D74                          L$578:
3D74    BA 03 00                  mov         dx,0x0003 
3D77    89 F0                     mov         ax,si 
3D79    E8 00 00                  call        fdc_put_ 
3D7C    BA DF 00                  mov         dx,0x00df 
3D7F    89 F0                     mov         ax,si 
3D81    E8 00 00                  call        fdc_put_ 
3D84    BA 03 00                  mov         dx,0x0003 
3D87    89 F0                     mov         ax,si 
3D89    E8 00 00                  call        fdc_put_ 
3D8C    BA 07 00                  mov         dx,0x0007 
3D8F    89 F0                     mov         ax,si 
3D91    E8 00 00                  call        fdc_put_ 
3D94    8B 56 6E                  mov         dx,word ptr 0x6e[bp] 
3D97    89 F0                     mov         ax,si 
3D99    E8 00 00                  call        fdc_put_ 
3D9C    C4 1E 00 00               les         bx,dword ptr _bda_ptr 
3DA0    C7 86 2C FF 80 00         mov         word ptr -0xd4[bp],0x0080 
3DA6    26 8B 7F 6C               mov         di,word ptr es:0x6c[bx] 
3DAA                          L$579:
3DAA    BA 08 00                  mov         dx,0x0008 
3DAD    89 F0                     mov         ax,si 
3DAF    E8 00 00                  call        fdc_put_ 
3DB2    85 C0                     test        ax,ax 
3DB4    75 33                     jne         L$581 
3DB6    8D 9E 2C FF               lea         bx,-0xd4[bp] 
3DBA    8C D1                     mov         cx,ss 
3DBC    89 F0                     mov         ax,si 
3DBE    E8 00 00                  call        fdc_get_ 
3DC1    85 C0                     test        ax,ax 
3DC3    75 24                     jne         L$581 
3DC5    81 BE 2C FF 80 00         cmp         word ptr -0xd4[bp],0x0080 
3DCB    74 0D                     je          L$580 
3DCD    8D 9E 2E FF               lea         bx,-0xd2[bp] 
3DD1    8C D1                     mov         cx,ss 
3DD3    89 F0                     mov         ax,si 
3DD5    E8 00 00                  call        fdc_get_ 
3DD8    EB 0F                     jmp         L$581 
3DDA                          L$580:
3DDA    C4 1E 00 00               les         bx,dword ptr _bda_ptr 
3DDE    26 8B 47 6C               mov         ax,word ptr es:0x6c[bx] 
3DE2    29 F8                     sub         ax,di 
3DE4    3D 24 00                  cmp         ax,0x0024 
3DE7    72 C1                     jb          L$579 
3DE9                          L$581:
3DE9    83 7E 70 00               cmp         word ptr 0x70[bp],0x0000 
3DED    0F 84 7A 00               je          L$585 
3DF1    BA 0F 00                  mov         dx,0x000f 
3DF4    89 F0                     mov         ax,si 
3DF6    E8 00 00                  call        fdc_put_ 
3DF9    8B 56 72                  mov         dx,word ptr 0x72[bp] 
3DFC    C1 E2 02                  shl         dx,0x02 
3DFF    89 F0                     mov         ax,si 
3E01    0B 56 6E                  or          dx,word ptr 0x6e[bp] 
3E04    E8 00 00                  call        fdc_put_ 
3E07    8B 56 70                  mov         dx,word ptr 0x70[bp] 
3E0A    89 F0                     mov         ax,si 
3E0C    E8 00 00                  call        fdc_put_ 
3E0F    C4 1E 00 00               les         bx,dword ptr _bda_ptr 
3E13    C7 86 2C FF 80 00         mov         word ptr -0xd4[bp],0x0080 
3E19    26 8B 7F 6C               mov         di,word ptr es:0x6c[bx] 
3E1D                          L$582:
3E1D    BA 08 00                  mov         dx,0x0008 
3E20    89 F0                     mov         ax,si 
3E22    E8 00 00                  call        fdc_put_ 
3E25    85 C0                     test        ax,ax 
3E27    75 33                     jne         L$584 
3E29    8D 9E 2C FF               lea         bx,-0xd4[bp] 
3E2D    8C D1                     mov         cx,ss 
3E2F    89 F0                     mov         ax,si 
3E31    E8 00 00                  call        fdc_get_ 
3E34    85 C0                     test        ax,ax 
3E36    75 24                     jne         L$584 
3E38    81 BE 2C FF 80 00         cmp         word ptr -0xd4[bp],0x0080 
3E3E    74 0D                     je          L$583 
3E40    8D 9E 2E FF               lea         bx,-0xd2[bp] 
3E44    8C D1                     mov         cx,ss 
3E46    89 F0                     mov         ax,si 
3E48    E8 00 00                  call        fdc_get_ 
3E4B    EB 0F                     jmp         L$584 
3E4D                          L$583:
3E4D    C4 1E 00 00               les         bx,dword ptr _bda_ptr 
3E51    26 8B 47 6C               mov         ax,word ptr es:0x6c[bx] 
3E55    29 F8                     sub         ax,di 
3E57    3D 24 00                  cmp         ax,0x0024 
3E5A    72 C1                     jb          L$582 
3E5C                          L$584:
3E5C    66 FF B6 2C FF            push        dword ptr -0xd4[bp] 
3E61    1E                        push        ds 
3E62    68 10 32                  push        offset DGROUP:L$1023 
3E65    E8 00 00                  call        _cprintf 
3E68    83 C4 08                  add         sp,0x0008 
3E6B                          L$585:
3E6B    BA 46 00                  mov         dx,0x0046 
3E6E    89 F0                     mov         ax,si 
3E70    E8 00 00                  call        fdc_put_ 
3E73    8B 56 72                  mov         dx,word ptr 0x72[bp] 
3E76    89 C7                     mov         di,ax 
3E78    C1 E2 02                  shl         dx,0x02 
3E7B    89 F0                     mov         ax,si 
3E7D    0B 56 6E                  or          dx,word ptr 0x6e[bp] 
3E80    E8 00 00                  call        fdc_put_ 
3E83    8B 56 70                  mov         dx,word ptr 0x70[bp] 
3E86    09 C7                     or          di,ax 
3E88    89 F0                     mov         ax,si 
3E8A    E8 00 00                  call        fdc_put_ 
3E8D    8B 56 72                  mov         dx,word ptr 0x72[bp] 
3E90    09 C7                     or          di,ax 
3E92    89 F0                     mov         ax,si 
3E94    E8 00 00                  call        fdc_put_ 
3E97    8B 56 74                  mov         dx,word ptr 0x74[bp] 
3E9A    09 C7                     or          di,ax 
3E9C    89 F0                     mov         ax,si 
3E9E    E8 00 00                  call        fdc_put_ 
3EA1    BA 02 00                  mov         dx,0x0002 
3EA4    09 C7                     or          di,ax 
3EA6    89 F0                     mov         ax,si 
3EA8    E8 00 00                  call        fdc_put_ 
3EAB    8B 56 74                  mov         dx,word ptr 0x74[bp] 
3EAE    09 C7                     or          di,ax 
3EB0    89 F0                     mov         ax,si 
3EB2    E8 00 00                  call        fdc_put_ 
3EB5    BA 1B 00                  mov         dx,0x001b 
3EB8    09 C7                     or          di,ax 
3EBA    89 F0                     mov         ax,si 
3EBC    E8 00 00                  call        fdc_put_ 
3EBF    BA FF 00                  mov         dx,0x00ff 
3EC2    09 C7                     or          di,ax 
3EC4    89 F0                     mov         ax,si 
3EC6    E8 00 00                  call        fdc_put_ 
3EC9    09 C7                     or          di,ax 
3ECB    74 07                     je          L$586 
3ECD    1E                        push        ds 
3ECE    68 34 32                  push        offset DGROUP:L$1024 
3ED1    E9 C0 FB                  jmp         L$544 
3ED4                          L$586:
3ED4    68 00 02                  push        0x0200 
3ED7    66 FF 76 76               push        dword ptr 0x76[bp] 
3EDB    56                        push        si 
3EDC    E8 00 00                  call        _fdc_pio_in 
3EDF    8B 56 6C                  mov         dx,word ptr 0x6c[bp] 
3EE2    83 C4 08                  add         sp,0x0008 
3EE5    89 86 D4 00               mov         word ptr 0xd4[bp],ax 
3EE9    31 DB                     xor         bx,bx 
3EEB    B8 38 04                  mov         ax,0x0438 
3EEE    80 CA 01                  or          dl,0x01 
3EF1    8D BE 2C FF               lea         di,-0xd4[bp] 
3EF5    E8 00 00                  call        io_write_ 
3EF8    8B 56 6C                  mov         dx,word ptr 0x6c[bp] 
3EFB    B8 38 04                  mov         ax,0x0438 
3EFE    31 DB                     xor         bx,bx 
3F00    8C 96 A2 00               mov         word ptr 0xa2[bp],ss 
3F04    E8 00 00                  call        io_write_ 
3F07    31 D2                     xor         dx,dx 
3F09    EB 08                     jmp         L$588 
3F0B                          L$587:
3F0B    42                        inc         dx 
3F0C    47                        inc         di 
3F0D    47                        inc         di 
3F0E    83 FA 07                  cmp         dx,0x0007 
3F11    73 1A                     jae         L$589 
3F13                          L$588:
3F13    8B 8E A2 00               mov         cx,word ptr 0xa2[bp] 
3F17    89 FB                     mov         bx,di 
3F19    89 F0                     mov         ax,si 
3F1B    E8 00 00                  call        fdc_get_ 
3F1E    85 C0                     test        ax,ax 
3F20    74 E9                     je          L$587 
3F22    52                        push        dx 
3F23    1E                        push        ds 
3F24    68 57 32                  push        offset DGROUP:L$1025 
3F27    E8 00 00                  call        _cprintf 
3F2A    83 C4 06                  add         sp,0x0006 
3F2D                          L$589:
3F2D    89 F0                     mov         ax,si 
3F2F    31 D2                     xor         dx,dx 
3F31    E8 00 00                  call        io_read_ 
3F34    31 DB                     xor         bx,bx 
3F36    BA 80 00                  mov         dx,0x0080 
3F39    89 C1                     mov         cx,ax 
3F3B    B8 38 04                  mov         ax,0x0438 
3F3E    E8 00 00                  call        io_write_ 
3F41    51                        push        cx 
3F42    66 FF B6 36 FF            push        dword ptr -0xca[bp] 
3F47    66 FF B6 32 FF            push        dword ptr -0xce[bp] 
3F4C    66 FF B6 2E FF            push        dword ptr -0xd2[bp] 
3F51    8B 86 D4 00               mov         ax,word ptr 0xd4[bp] 
3F55    FF B6 2C FF               push        word ptr -0xd4[bp] 
3F59    85 C0                     test        ax,ax 
3F5B    75 05                     jne         L$590 
3F5D    BA 84 32                  mov         dx,offset DGROUP:L$1026 
3F60    EB 0D                     jmp         L$592 
3F62                          L$590:
3F62    3D 01 00                  cmp         ax,0x0001 
3F65    75 05                     jne         L$591 
3F67    BA 8D 32                  mov         dx,offset DGROUP:L$1027 
3F6A    EB 03                     jmp         L$592 
3F6C                          L$591:
3F6C    BA 97 32                  mov         dx,offset DGROUP:L$1028 
3F6F                          L$592:
3F6F    8C D8                     mov         ax,ds 
3F71    50                        push        ax 
3F72    52                        push        dx 
3F73    1E                        push        ds 
3F74    68 A1 32                  push        offset DGROUP:L$1029 
3F77    E8 00 00                  call        _cprintf 
3F7A    83 C4 18                  add         sp,0x0018 
3F7D    F6 86 2C FF C0            test        byte ptr -0xd4[bp],0xc0 
3F82    74 53                     je          L$601 
3F84    F6 86 2E FF 01            test        byte ptr -0xd2[bp],0x01 
3F89    74 05                     je          L$593 
3F8B    B8 F0 32                  mov         ax,offset DGROUP:L$1030 
3F8E    EB 03                     jmp         L$594 
3F90                          L$593:
3F90    B8 44 1C                  mov         ax,offset DGROUP:L$890 
3F93                          L$594:
3F93    8C DA                     mov         dx,ds 
3F95    52                        push        dx 
3F96    50                        push        ax 
3F97    F6 86 2E FF 04            test        byte ptr -0xd2[bp],0x04 
3F9C    74 05                     je          L$595 
3F9E    BA 06 33                  mov         dx,offset DGROUP:L$1031 
3FA1    EB 03                     jmp         L$596 
3FA3                          L$595:
3FA3    BA 44 1C                  mov         dx,offset DGROUP:L$890 
3FA6                          L$596:
3FA6    8C D8                     mov         ax,ds 
3FA8    50                        push        ax 
3FA9    52                        push        dx 
3FAA    F6 86 2E FF 20            test        byte ptr -0xd2[bp],0x20 
3FAF    74 05                     je          L$597 
3FB1    BA 2A 33                  mov         dx,offset DGROUP:L$1032 
3FB4    EB 03                     jmp         L$598 
3FB6                          L$597:
3FB6    BA 44 1C                  mov         dx,offset DGROUP:L$890 
3FB9                          L$598:
3FB9    8C D8                     mov         ax,ds 
3FBB    50                        push        ax 
3FBC    52                        push        dx 
3FBD    F6 86 2E FF 10            test        byte ptr -0xd2[bp],0x10 
3FC2    74 05                     je          L$599 
3FC4    BA 47 33                  mov         dx,offset DGROUP:L$1033 
3FC7    EB 03                     jmp         L$600 
3FC9                          L$599:
3FC9    BA 44 1C                  mov         dx,offset DGROUP:L$890 
3FCC                          L$600:
3FCC    8C D8                     mov         ax,ds 
3FCE    50                        push        ax 
3FCF    52                        push        dx 
3FD0    1E                        push        ds 
3FD1    68 68 33                  push        offset DGROUP:L$1034 
3FD4    E9 1F D1                  jmp         L$148 
3FD7                          L$601:
3FD7    1E                        push        ds 
3FD8    8B 76 76                  mov         si,word ptr 0x76[bp] 
3FDB    68 83 33                  push        offset DGROUP:L$1035 
3FDE    31 FF                     xor         di,di 
3FE0    E8 00 00                  call        _cprintf 
3FE3    8B 46 78                  mov         ax,word ptr 0x78[bp] 
3FE6    83 C4 04                  add         sp,0x0004 
3FE9    89 86 A4 00               mov         word ptr 0xa4[bp],ax 
3FED                          L$602:
3FED    8E 86 A4 00               mov         es,word ptr 0xa4[bp] 
3FF1    26 0F B6 04               movzx       ax,byte ptr es:[si] 
3FF5    50                        push        ax 
3FF6    1E                        push        ds 
3FF7    47                        inc         di 
3FF8    68 1B 1F                  push        offset DGROUP:L$915 
3FFB    46                        inc         si 
3FFC    E8 00 00                  call        _cprintf 
3FFF    83 C4 06                  add         sp,0x0006 
4002    83 FF 10                  cmp         di,0x0010 
4005    72 E6                     jb          L$602 
4007    1E                        push        ds 
4008    68 31 00                  push        offset DGROUP:L$684 
400B    E8 00 00                  call        _cprintf 
400E    83 C4 04                  add         sp,0x0004 
4011    83 7E 70 00               cmp         word ptr 0x70[bp],0x0000 
4015    0F 85 67 CE               jne         L$132 
4019    83 7E 72 00               cmp         word ptr 0x72[bp],0x0000 
401D    0F 85 5F CE               jne         L$132 
4021    83 7E 74 01               cmp         word ptr 0x74[bp],0x0001 
4025    0F 85 57 CE               jne         L$132 
4029    C4 5E 76                  les         bx,dword ptr 0x76[bp] 
402C    26 80 BF FE 01 55         cmp         byte ptr es:0x1fe[bx],0x55 
4032    75 0D                     jne         L$603 
4034    26 80 BF FF 01 AA         cmp         byte ptr es:0x1ff[bx],0xaa 
403A    75 05                     jne         L$603 
403C    BA B1 33                  mov         dx,offset DGROUP:L$1036 
403F    EB 03                     jmp         L$604 
4041                          L$603:
4041    BA C2 33                  mov         dx,offset DGROUP:L$1037 
4044                          L$604:
4044    8C D8                     mov         ax,ds 
4046    8E 46 78                  mov         es,word ptr 0x78[bp] 
4049    50                        push        ax 
404A    8B 5E 76                  mov         bx,word ptr 0x76[bp] 
404D    52                        push        dx 
404E    26 0F B6 87 FF 01         movzx       ax,byte ptr es:0x1ff[bx] 
4054    50                        push        ax 
4055    26 0F B6 87 FE 01         movzx       ax,byte ptr es:0x1fe[bx] 
405B    50                        push        ax 
405C    1E                        push        ds 
405D    68 D7 33                  push        offset DGROUP:L$1038 
4060    E9 21 D8                  jmp         L$228 
4063                          L$605:
4063    BB 02 34                  mov         bx,offset DGROUP:L$1039 
4066    8D 46 82                  lea         ax,-0x7e[bp] 
4069    8C D9                     mov         cx,ds 
406B    8C D2                     mov         dx,ss 
406D    E8 00 00                  call        is_cmd_ 
4070    85 C0                     test        ax,ax 
4072    0F 84 27 05               je          L$649 
4076    BE 36 04                  mov         si,0x0436 
4079    8D 9E 7A FF               lea         bx,-0x86[bp] 
407D    8C D1                     mov         cx,ss 
407F    31 C0                     xor         ax,ax 
4081    8C D2                     mov         dx,ss 
4083    89 46 7C                  mov         word ptr 0x7c[bp],ax 
4086    89 86 84 00               mov         word ptr 0x84[bp],ax 
408A    89 86 82 00               mov         word ptr 0x82[bp],ax 
408E    89 86 80 00               mov         word ptr 0x80[bp],ax 
4092    89 46 7A                  mov         word ptr 0x7a[bp],ax 
4095    8D 46 82                  lea         ax,-0x7e[bp] 
4098    31 FF                     xor         di,di 
409A    E8 00 00                  call        parse_val_ 
409D    85 C0                     test        ax,ax 
409F    74 0A                     je          L$606 
40A1    8B 86 7A FF               mov         ax,word ptr -0x86[bp] 
40A5    BF 01 00                  mov         di,0x0001 
40A8    89 46 7A                  mov         word ptr 0x7a[bp],ax 
40AB                          L$606:
40AB    8D 9E 7A FF               lea         bx,-0x86[bp] 
40AF    8D 46 82                  lea         ax,-0x7e[bp] 
40B2    8C D1                     mov         cx,ss 
40B4    8C D2                     mov         dx,ss 
40B6    E8 00 00                  call        parse_val_ 
40B9    85 C0                     test        ax,ax 
40BB    74 09                     je          L$607 
40BD    8B 86 7A FF               mov         ax,word ptr -0x86[bp] 
40C1    47                        inc         di 
40C2    89 86 80 00               mov         word ptr 0x80[bp],ax 
40C6                          L$607:
40C6    8D 9E 7A FF               lea         bx,-0x86[bp] 
40CA    8D 46 82                  lea         ax,-0x7e[bp] 
40CD    8C D1                     mov         cx,ss 
40CF    8C D2                     mov         dx,ss 
40D1    E8 00 00                  call        parse_val_ 
40D4    85 C0                     test        ax,ax 
40D6    74 0D                     je          L$608 
40D8    8B 86 7A FF               mov         ax,word ptr -0x86[bp] 
40DC    30 E4                     xor         ah,ah 
40DE    24 01                     and         al,0x01 
40E0    47                        inc         di 
40E1    89 86 82 00               mov         word ptr 0x82[bp],ax 
40E5                          L$608:
40E5    8D 9E 7A FF               lea         bx,-0x86[bp] 
40E9    8D 46 82                  lea         ax,-0x7e[bp] 
40EC    8C D1                     mov         cx,ss 
40EE    8C D2                     mov         dx,ss 
40F0    E8 00 00                  call        parse_val_ 
40F3    85 C0                     test        ax,ax 
40F5    74 09                     je          L$609 
40F7    8B 86 7A FF               mov         ax,word ptr -0x86[bp] 
40FB    47                        inc         di 
40FC    89 86 84 00               mov         word ptr 0x84[bp],ax 
4100                          L$609:
4100    83 FF 04                  cmp         di,0x0004 
4103    75 0D                     jne         L$610 
4105    83 7E 7A 00               cmp         word ptr 0x7a[bp],0x0000 
4109    74 07                     je          L$610 
410B    83 BE 84 00 00            cmp         word ptr 0x84[bp],0x0000 
4110    75 07                     jne         L$611 
4112                          L$610:
4112    1E                        push        ds 
4113    68 0A 34                  push        offset DGROUP:L$1040 
4116    E9 B6 CD                  jmp         L$134 
4119                          L$611:
4119    66 FF B6 82 00            push        dword ptr 0x82[bp] 
411E    FF B6 80 00               push        word ptr 0x80[bp] 
4122    FF 76 7A                  push        word ptr 0x7a[bp] 
4125    1E                        push        ds 
4126    68 BA 34                  push        offset DGROUP:L$1041 
4129    E8 00 00                  call        _cprintf 
412C    8A 86 80 00               mov         al,byte ptr 0x80[bp] 
4130    B4 07                     mov         ah,0x07 
4132    F6 E4                     mul         ah 
4134    88 C2                     mov         dl,al 
4136    8A 86 82 00               mov         al,byte ptr 0x82[bp] 
413A    B4 0D                     mov         ah,0x0d 
413C    F6 E4                     mul         ah 
413E    88 C6                     mov         dh,al 
4140    8A 86 84 00               mov         al,byte ptr 0x84[bp] 
4144    B4 1D                     mov         ah,0x1d 
4146    F6 E4                     mul         ah 
4148    66 C7 86 86 00 00 00 00 10
                                  mov         dword ptr 0x86[bp],0x10000000 
4151    C7 46 7E 00 00            mov         word ptr 0x7e[bp],0x0000 
4156    B9 00 10                  mov         cx,0x1000 
4159    83 C4 0C                  add         sp,0x000c 
415C    02 46 7E                  add         al,byte ptr 0x7e[bp] 
415F    31 DB                     xor         bx,bx 
4161    00 F0                     add         al,dh 
4163    8E C1                     mov         es,cx 
4165    00 D0                     add         al,dl 
4167                          L$612:
4167    FF 46 7E                  inc         word ptr 0x7e[bp] 
416A    26 88 07                  mov         byte ptr es:[bx],al 
416D    43                        inc         bx 
416E    FE C0                     inc         al 
4170    81 7E 7E 00 02            cmp         word ptr 0x7e[bp],0x0200 
4175    72 F0                     jb          L$612 
4177    8B 56 7A                  mov         dx,word ptr 0x7a[bp] 
417A    B8 38 04                  mov         ax,0x0438 
417D    30 F6                     xor         dh,dh 
417F    31 DB                     xor         bx,bx 
4181    80 E2 7F                  and         dl,0x7f 
4184    C7 46 7E 00 00            mov         word ptr 0x7e[bp],0x0000 
4189    E8 00 00                  call        io_write_ 
418C                          L$613:
418C    89 F0                     mov         ax,si 
418E    31 D2                     xor         dx,dx 
4190    FF 46 7E                  inc         word ptr 0x7e[bp] 
4193    E8 00 00                  call        io_read_ 
4196    81 7E 7E C8 00            cmp         word ptr 0x7e[bp],0x00c8 
419B    72 EF                     jb          L$613 
419D    8B 56 7A                  mov         dx,word ptr 0x7a[bp] 
41A0    B8 38 04                  mov         ax,0x0438 
41A3    31 DB                     xor         bx,bx 
41A5    E8 00 00                  call        io_write_ 
41A8    C4 1E 00 00               les         bx,dword ptr _bda_ptr 
41AC    26 8B 57 6C               mov         dx,word ptr es:0x6c[bx] 
41B0    C4 1E 00 00               les         bx,dword ptr _bda_ptr 
41B4                          L$614:
41B4    26 8B 47 6C               mov         ax,word ptr es:0x6c[bx] 
41B8    29 D0                     sub         ax,dx 
41BA    3D 0A 00                  cmp         ax,0x000a 
41BD    72 F5                     jb          L$614 
41BF    89 F0                     mov         ax,si 
41C1    31 D2                     xor         dx,dx 
41C3    E8 00 00                  call        io_read_ 
41C6    3D 80 00                  cmp         ax,0x0080 
41C9    74 07                     je          L$615 
41CB    1E                        push        ds 
41CC    68 EB 34                  push        offset DGROUP:L$1042 
41CF    E9 C2 F8                  jmp         L$544 
41D2                          L$615:
41D2    C7 46 7E 00 00            mov         word ptr 0x7e[bp],0x0000 
41D7    EB 1F                     jmp         L$617 
41D9                          L$616:
41D9    8D 9E 1E FF               lea         bx,-0xe2[bp] 
41DD    8C D1                     mov         cx,ss 
41DF    89 F0                     mov         ax,si 
41E1    E8 00 00                  call        fdc_get_ 
41E4    8D 9E 20 FF               lea         bx,-0xe0[bp] 
41E8    8C D1                     mov         cx,ss 
41EA    89 F0                     mov         ax,si 
41EC    FF 46 7E                  inc         word ptr 0x7e[bp] 
41EF    E8 00 00                  call        fdc_get_ 
41F2    83 7E 7E 04               cmp         word ptr 0x7e[bp],0x0004 
41F6    73 0C                     jae         L$618 
41F8                          L$617:
41F8    BA 08 00                  mov         dx,0x0008 
41FB    89 F0                     mov         ax,si 
41FD    E8 00 00                  call        fdc_put_ 
4200    85 C0                     test        ax,ax 
4202    74 D5                     je          L$616 
4204                          L$618:
4204    BA 03 00                  mov         dx,0x0003 
4207    89 F0                     mov         ax,si 
4209    E8 00 00                  call        fdc_put_ 
420C    BA DF 00                  mov         dx,0x00df 
420F    89 F0                     mov         ax,si 
4211    E8 00 00                  call        fdc_put_ 
4214    BA 03 00                  mov         dx,0x0003 
4217    89 F0                     mov         ax,si 
4219    E8 00 00                  call        fdc_put_ 
421C    BA 07 00                  mov         dx,0x0007 
421F    89 F0                     mov         ax,si 
4221    E8 00 00                  call        fdc_put_ 
4224    8B 56 7C                  mov         dx,word ptr 0x7c[bp] 
4227    89 F0                     mov         ax,si 
4229    E8 00 00                  call        fdc_put_ 
422C    C4 1E 00 00               les         bx,dword ptr _bda_ptr 
4230    C7 86 1E FF 80 00         mov         word ptr -0xe2[bp],0x0080 
4236    26 8B 7F 6C               mov         di,word ptr es:0x6c[bx] 
423A                          L$619:
423A    BA 08 00                  mov         dx,0x0008 
423D    89 F0                     mov         ax,si 
423F    E8 00 00                  call        fdc_put_ 
4242    85 C0                     test        ax,ax 
4244    75 33                     jne         L$621 
4246    8D 9E 1E FF               lea         bx,-0xe2[bp] 
424A    8C D1                     mov         cx,ss 
424C    89 F0                     mov         ax,si 
424E    E8 00 00                  call        fdc_get_ 
4251    85 C0                     test        ax,ax 
4253    75 24                     jne         L$621 
4255    81 BE 1E FF 80 00         cmp         word ptr -0xe2[bp],0x0080 
425B    74 0D                     je          L$620 
425D    8D 9E 20 FF               lea         bx,-0xe0[bp] 
4261    8C D1                     mov         cx,ss 
4263    89 F0                     mov         ax,si 
4265    E8 00 00                  call        fdc_get_ 
4268    EB 0F                     jmp         L$621 
426A                          L$620:
426A    C4 1E 00 00               les         bx,dword ptr _bda_ptr 
426E    26 8B 47 6C               mov         ax,word ptr es:0x6c[bx] 
4272    29 F8                     sub         ax,di 
4274    3D 24 00                  cmp         ax,0x0024 
4277    72 C1                     jb          L$619 
4279                          L$621:
4279    83 BE 80 00 00            cmp         word ptr 0x80[bp],0x0000 
427E    74 6D                     je          L$624 
4280    BA 0F 00                  mov         dx,0x000f 
4283    89 F0                     mov         ax,si 
4285    E8 00 00                  call        fdc_put_ 
4288    8B 96 82 00               mov         dx,word ptr 0x82[bp] 
428C    C1 E2 02                  shl         dx,0x02 
428F    89 F0                     mov         ax,si 
4291    0B 56 7C                  or          dx,word ptr 0x7c[bp] 
4294    E8 00 00                  call        fdc_put_ 
4297    8B 96 80 00               mov         dx,word ptr 0x80[bp] 
429B    89 F0                     mov         ax,si 
429D    E8 00 00                  call        fdc_put_ 
42A0    C4 1E 00 00               les         bx,dword ptr _bda_ptr 
42A4    C7 86 1E FF 80 00         mov         word ptr -0xe2[bp],0x0080 
42AA    26 8B 7F 6C               mov         di,word ptr es:0x6c[bx] 
42AE                          L$622:
42AE    BA 08 00                  mov         dx,0x0008 
42B1    89 F0                     mov         ax,si 
42B3    E8 00 00                  call        fdc_put_ 
42B6    85 C0                     test        ax,ax 
42B8    75 33                     jne         L$624 
42BA    8D 9E 1E FF               lea         bx,-0xe2[bp] 
42BE    8C D1                     mov         cx,ss 
42C0    89 F0                     mov         ax,si 
42C2    E8 00 00                  call        fdc_get_ 
42C5    85 C0                     test        ax,ax 
42C7    75 24                     jne         L$624 
42C9    81 BE 1E FF 80 00         cmp         word ptr -0xe2[bp],0x0080 
42CF    74 0D                     je          L$623 
42D1    8D 9E 20 FF               lea         bx,-0xe0[bp] 
42D5    8C D1                     mov         cx,ss 
42D7    89 F0                     mov         ax,si 
42D9    E8 00 00                  call        fdc_get_ 
42DC    EB 0F                     jmp         L$624 
42DE                          L$623:
42DE    C4 1E 00 00               les         bx,dword ptr _bda_ptr 
42E2    26 8B 47 6C               mov         ax,word ptr es:0x6c[bx] 
42E6    29 F8                     sub         ax,di 
42E8    3D 24 00                  cmp         ax,0x0024 
42EB    72 C1                     jb          L$622 
42ED                          L$624:
42ED    BA 45 00                  mov         dx,0x0045 
42F0    89 F0                     mov         ax,si 
42F2    E8 00 00                  call        fdc_put_ 
42F5    8B 96 82 00               mov         dx,word ptr 0x82[bp] 
42F9    89 C7                     mov         di,ax 
42FB    C1 E2 02                  shl         dx,0x02 
42FE    89 F0                     mov         ax,si 
4300    0B 56 7C                  or          dx,word ptr 0x7c[bp] 
4303    E8 00 00                  call        fdc_put_ 
4306    8B 96 80 00               mov         dx,word ptr 0x80[bp] 
430A    09 C7                     or          di,ax 
430C    89 F0                     mov         ax,si 
430E    E8 00 00                  call        fdc_put_ 
4311    8B 96 82 00               mov         dx,word ptr 0x82[bp] 
4315    09 C7                     or          di,ax 
4317    89 F0                     mov         ax,si 
4319    E8 00 00                  call        fdc_put_ 
431C    8B 96 84 00               mov         dx,word ptr 0x84[bp] 
4320    09 C7                     or          di,ax 
4322    89 F0                     mov         ax,si 
4324    E8 00 00                  call        fdc_put_ 
4327    BA 02 00                  mov         dx,0x0002 
432A    09 C7                     or          di,ax 
432C    89 F0                     mov         ax,si 
432E    E8 00 00                  call        fdc_put_ 
4331    8B 96 84 00               mov         dx,word ptr 0x84[bp] 
4335    09 C7                     or          di,ax 
4337    89 F0                     mov         ax,si 
4339    E8 00 00                  call        fdc_put_ 
433C    BA 1B 00                  mov         dx,0x001b 
433F    09 C7                     or          di,ax 
4341    89 F0                     mov         ax,si 
4343    E8 00 00                  call        fdc_put_ 
4346    BA FF 00                  mov         dx,0x00ff 
4349    09 C7                     or          di,ax 
434B    89 F0                     mov         ax,si 
434D    E8 00 00                  call        fdc_put_ 
4350    09 C7                     or          di,ax 
4352    74 07                     je          L$625 
4354    1E                        push        ds 
4355    68 11 35                  push        offset DGROUP:L$1043 
4358    E9 39 F7                  jmp         L$544 
435B                          L$625:
435B    68 00 02                  push        0x0200 
435E    66 FF B6 86 00            push        dword ptr 0x86[bp] 
4363    56                        push        si 
4364    E8 00 00                  call        _fdc_pio_out 
4367    8B 56 7A                  mov         dx,word ptr 0x7a[bp] 
436A    83 C4 08                  add         sp,0x0008 
436D    89 C7                     mov         di,ax 
436F    31 DB                     xor         bx,bx 
4371    B8 38 04                  mov         ax,0x0438 
4374    80 CA 01                  or          dl,0x01 
4377    C7 46 7E 00 00            mov         word ptr 0x7e[bp],0x0000 
437C    E8 00 00                  call        io_write_ 
437F    8B 56 7A                  mov         dx,word ptr 0x7a[bp] 
4382    B8 38 04                  mov         ax,0x0438 
4385    31 DB                     xor         bx,bx 
4387    8C 96 A0 00               mov         word ptr 0xa0[bp],ss 
438B    E8 00 00                  call        io_write_ 
438E    8D 96 1E FF               lea         dx,-0xe2[bp] 
4392    EB 0B                     jmp         L$627 
4394                          L$626:
4394    FF 46 7E                  inc         word ptr 0x7e[bp] 
4397    42                        inc         dx 
4398    42                        inc         dx 
4399    83 7E 7E 07               cmp         word ptr 0x7e[bp],0x0007 
439D    73 0F                     jae         L$628 
439F                          L$627:
439F    8B 8E A0 00               mov         cx,word ptr 0xa0[bp] 
43A3    89 D3                     mov         bx,dx 
43A5    89 F0                     mov         ax,si 
43A7    E8 00 00                  call        fdc_get_ 
43AA    85 C0                     test        ax,ax 
43AC    74 E6                     je          L$626 
43AE                          L$628:
43AE    66 FF B6 20 FF            push        dword ptr -0xe0[bp] 
43B3    FF B6 1E FF               push        word ptr -0xe2[bp] 
43B7    85 FF                     test        di,di 
43B9    75 05                     jne         L$629 
43BB    BA 84 32                  mov         dx,offset DGROUP:L$1026 
43BE    EB 0D                     jmp         L$631 
43C0                          L$629:
43C0    83 FF 01                  cmp         di,0x0001 
43C3    75 05                     jne         L$630 
43C5    BA 8D 32                  mov         dx,offset DGROUP:L$1027 
43C8    EB 03                     jmp         L$631 
43CA                          L$630:
43CA    BA 97 32                  mov         dx,offset DGROUP:L$1028 
43CD                          L$631:
43CD    8C D8                     mov         ax,ds 
43CF    50                        push        ax 
43D0    52                        push        dx 
43D1    1E                        push        ds 
43D2    68 35 35                  push        offset DGROUP:L$1044 
43D5    E8 00 00                  call        _cprintf 
43D8    83 C4 0E                  add         sp,0x000e 
43DB    F6 86 1E FF C0            test        byte ptr -0xe2[bp],0xc0 
43E0    74 4C                     je          L$638 
43E2    F6 86 20 FF 01            test        byte ptr -0xe0[bp],0x01 
43E7    74 05                     je          L$632 
43E9    BA F0 32                  mov         dx,offset DGROUP:L$1030 
43EC    EB 03                     jmp         L$633 
43EE                          L$632:
43EE    BA 44 1C                  mov         dx,offset DGROUP:L$890 
43F1                          L$633:
43F1    8C D8                     mov         ax,ds 
43F3    50                        push        ax 
43F4    52                        push        dx 
43F5    F6 86 20 FF 10            test        byte ptr -0xe0[bp],0x10 
43FA    74 05                     je          L$634 
43FC    BA 65 35                  mov         dx,offset DGROUP:L$1045 
43FF    EB 03                     jmp         L$635 
4401                          L$634:
4401    BA 44 1C                  mov         dx,offset DGROUP:L$890 
4404                          L$635:
4404    8C D8                     mov         ax,ds 
4406    50                        push        ax 
4407    52                        push        dx 
4408    F6 86 20 FF 02            test        byte ptr -0xe0[bp],0x02 
440D    74 05                     je          L$636 
440F    BA 98 35                  mov         dx,offset DGROUP:L$1046 
4412    EB 03                     jmp         L$637 
4414                          L$636:
4414    BA 44 1C                  mov         dx,offset DGROUP:L$890 
4417                          L$637:
4417    8C D8                     mov         ax,ds 
4419    50                        push        ax 
441A    52                        push        dx 
441B    1E                        push        ds 
441C    68 A9 35                  push        offset DGROUP:L$1047 
441F    E8 00 00                  call        _cprintf 
4422    BA 80 00                  mov         dx,0x0080 
4425    B8 38 04                  mov         ax,0x0438 
4428    83 C4 10                  add         sp,0x0010 
442B    E9 72 F6                  jmp         L$546 
442E                          L$638:
442E    C7 46 7E 00 00            mov         word ptr 0x7e[bp],0x0000 
4433    C4 9E 86 00               les         bx,dword ptr 0x86[bp] 
4437                          L$639:
4437    FF 46 7E                  inc         word ptr 0x7e[bp] 
443A    26 C6 07 00               mov         byte ptr es:[bx],0x00 
443E    43                        inc         bx 
443F    81 7E 7E 00 02            cmp         word ptr 0x7e[bp],0x0200 
4444    72 F1                     jb          L$639 
4446    BA 46 00                  mov         dx,0x0046 
4449    89 F0                     mov         ax,si 
444B    E8 00 00                  call        fdc_put_ 
444E    8B 96 82 00               mov         dx,word ptr 0x82[bp] 
4452    C1 E2 02                  shl         dx,0x02 
4455    89 F0                     mov         ax,si 
4457    0B 56 7C                  or          dx,word ptr 0x7c[bp] 
445A    E8 00 00                  call        fdc_put_ 
445D    8B 96 80 00               mov         dx,word ptr 0x80[bp] 
4461    89 F0                     mov         ax,si 
4463    E8 00 00                  call        fdc_put_ 
4466    8B 96 82 00               mov         dx,word ptr 0x82[bp] 
446A    89 F0                     mov         ax,si 
446C    E8 00 00                  call        fdc_put_ 
446F    8B 96 84 00               mov         dx,word ptr 0x84[bp] 
4473    89 F0                     mov         ax,si 
4475    E8 00 00                  call        fdc_put_ 
4478    BA 02 00                  mov         dx,0x0002 
447B    89 F0                     mov         ax,si 
447D    E8 00 00                  call        fdc_put_ 
4480    8B 96 84 00               mov         dx,word ptr 0x84[bp] 
4484    89 F0                     mov         ax,si 
4486    E8 00 00                  call        fdc_put_ 
4489    BA 1B 00                  mov         dx,0x001b 
448C    89 F0                     mov         ax,si 
448E    E8 00 00                  call        fdc_put_ 
4491    BA FF 00                  mov         dx,0x00ff 
4494    89 F0                     mov         ax,si 
4496    E8 00 00                  call        fdc_put_ 
4499    68 00 02                  push        0x0200 
449C    66 FF B6 86 00            push        dword ptr 0x86[bp] 
44A1    56                        push        si 
44A2    E8 00 00                  call        _fdc_pio_in 
44A5    8B 56 7A                  mov         dx,word ptr 0x7a[bp] 
44A8    83 C4 08                  add         sp,0x0008 
44AB    89 86 D6 00               mov         word ptr 0xd6[bp],ax 
44AF    31 DB                     xor         bx,bx 
44B1    B8 38 04                  mov         ax,0x0438 
44B4    80 CA 01                  or          dl,0x01 
44B7    C7 46 7E 00 00            mov         word ptr 0x7e[bp],0x0000 
44BC    E8 00 00                  call        io_write_ 
44BF    8B 56 7A                  mov         dx,word ptr 0x7a[bp] 
44C2    B8 38 04                  mov         ax,0x0438 
44C5    31 DB                     xor         bx,bx 
44C7    8C D7                     mov         di,ss 
44C9    E8 00 00                  call        io_write_ 
44CC    8D 96 1E FF               lea         dx,-0xe2[bp] 
44D0    EB 0B                     jmp         L$641 
44D2                          L$640:
44D2    FF 46 7E                  inc         word ptr 0x7e[bp] 
44D5    42                        inc         dx 
44D6    42                        inc         dx 
44D7    83 7E 7E 07               cmp         word ptr 0x7e[bp],0x0007 
44DB    73 0D                     jae         L$642 
44DD                          L$641:
44DD    89 D3                     mov         bx,dx 
44DF    89 F9                     mov         cx,di 
44E1    89 F0                     mov         ax,si 
44E3    E8 00 00                  call        fdc_get_ 
44E6    85 C0                     test        ax,ax 
44E8    74 E8                     je          L$640 
44EA                          L$642:
44EA    BA 80 00                  mov         dx,0x0080 
44ED    B8 38 04                  mov         ax,0x0438 
44F0    31 DB                     xor         bx,bx 
44F2    E8 00 00                  call        io_write_ 
44F5    F6 86 1E FF C0            test        byte ptr -0xe2[bp],0xc0 
44FA    75 08                     jne         L$643 
44FC    8B 86 D6 00               mov         ax,word ptr 0xd6[bp] 
4500    85 C0                     test        ax,ax 
4502    74 0C                     je          L$644 
4504                          L$643:
4504    66 FF B6 1E FF            push        dword ptr -0xe2[bp] 
4509    1E                        push        ds 
450A    68 C3 35                  push        offset DGROUP:L$1048 
450D    E9 86 D1                  jmp         L$208 
4510                          L$644:
4510    89 46 7E                  mov         word ptr 0x7e[bp],ax 
4513    8A 86 80 00               mov         al,byte ptr 0x80[bp] 
4517    B4 07                     mov         ah,0x07 
4519    F6 E4                     mul         ah 
451B    88 C5                     mov         ch,al 
451D    8A 86 82 00               mov         al,byte ptr 0x82[bp] 
4521    B4 0D                     mov         ah,0x0d 
4523    F6 E4                     mul         ah 
4525    88 C1                     mov         cl,al 
4527    8A 86 84 00               mov         al,byte ptr 0x84[bp] 
452B    B4 1D                     mov         ah,0x1d 
452D    F6 E4                     mul         ah 
452F    BA FF FF                  mov         dx,0xffff 
4532    02 46 7E                  add         al,byte ptr 0x7e[bp] 
4535    8B 9E 86 00               mov         bx,word ptr 0x86[bp] 
4539    00 C8                     add         al,cl 
453B    8E 86 88 00               mov         es,word ptr 0x88[bp] 
453F    00 E8                     add         al,ch 
4541    EB 0D                     jmp         L$646 
4543                          L$645:
4543    FF 46 7E                  inc         word ptr 0x7e[bp] 
4546    43                        inc         bx 
4547    FE C0                     inc         al 
4549    81 7E 7E 00 02            cmp         word ptr 0x7e[bp],0x0200 
454E    73 08                     jae         L$647 
4550                          L$646:
4550    26 3A 07                  cmp         al,byte ptr es:[bx] 
4553    74 EE                     je          L$645 
4555    8B 56 7E                  mov         dx,word ptr 0x7e[bp] 
4558                          L$647:
4558    85 D2                     test        dx,dx 
455A    7D 07                     jge         L$648 
455C    1E                        push        ds 
455D    68 F5 35                  push        offset DGROUP:L$1049 
4560    E9 6C C9                  jmp         L$134 
4563                          L$648:
4563    8A 86 80 00               mov         al,byte ptr 0x80[bp] 
4567    B4 07                     mov         ah,0x07 
4569    F6 E4                     mul         ah 
456B    88 D3                     mov         bl,dl 
456D    00 C3                     add         bl,al 
456F    8A 86 82 00               mov         al,byte ptr 0x82[bp] 
4573    B4 0D                     mov         ah,0x0d 
4575    F6 E4                     mul         ah 
4577    00 C3                     add         bl,al 
4579    8A 86 84 00               mov         al,byte ptr 0x84[bp] 
457D    B4 1D                     mov         ah,0x1d 
457F    F6 E4                     mul         ah 
4581    8E 86 88 00               mov         es,word ptr 0x88[bp] 
4585    00 D8                     add         al,bl 
4587    8B 9E 86 00               mov         bx,word ptr 0x86[bp] 
458B    30 E4                     xor         ah,ah 
458D    01 D3                     add         bx,dx 
458F    50                        push        ax 
4590    26 0F B6 07               movzx       ax,byte ptr es:[bx] 
4594    50                        push        ax 
4595    52                        push        dx 
4596    1E                        push        ds 
4597    68 26 36                  push        offset DGROUP:L$1050 
459A    E9 DD C8                  jmp         L$131 
459D                          L$649:
459D    BB 5C 36                  mov         bx,offset DGROUP:L$1051 
45A0    8D 46 82                  lea         ax,-0x7e[bp] 
45A3    8C D9                     mov         cx,ds 
45A5    8C D2                     mov         dx,ss 
45A7    E8 00 00                  call        is_cmd_ 
45AA    85 C0                     test        ax,ax 
45AC    0F 84 D2 01               je          L$661 
45B0    C7 86 8E 00 12 00         mov         word ptr 0x8e[bp],0x0012 
45B6    8D 9E 72 FF               lea         bx,-0x8e[bp] 
45BA    8C D1                     mov         cx,ss 
45BC    31 C0                     xor         ax,ax 
45BE    8C D2                     mov         dx,ss 
45C0    89 86 8C 00               mov         word ptr 0x8c[bp],ax 
45C4    89 86 8A 00               mov         word ptr 0x8a[bp],ax 
45C8    8D 46 82                  lea         ax,-0x7e[bp] 
45CB    31 F6                     xor         si,si 
45CD    E8 00 00                  call        parse_val_ 
45D0    85 C0                     test        ax,ax 
45D2    74 0B                     je          L$650 
45D4    8B 86 72 FF               mov         ax,word ptr -0x8e[bp] 
45D8    BE 01 00                  mov         si,0x0001 
45DB    89 86 8A 00               mov         word ptr 0x8a[bp],ax 
45DF                          L$650:
45DF    8D 9E 72 FF               lea         bx,-0x8e[bp] 
45E3    8D 46 82                  lea         ax,-0x7e[bp] 
45E6    8C D1                     mov         cx,ss 
45E8    8C D2                     mov         dx,ss 
45EA    E8 00 00                  call        parse_val_ 
45ED    85 C0                     test        ax,ax 
45EF    74 0D                     je          L$651 
45F1    8B 86 72 FF               mov         ax,word ptr -0x8e[bp] 
45F5    30 E4                     xor         ah,ah 
45F7    24 01                     and         al,0x01 
45F9    46                        inc         si 
45FA    89 86 8C 00               mov         word ptr 0x8c[bp],ax 
45FE                          L$651:
45FE    8D 9E 72 FF               lea         bx,-0x8e[bp] 
4602    8D 46 82                  lea         ax,-0x7e[bp] 
4605    8C D1                     mov         cx,ss 
4607    8C D2                     mov         dx,ss 
4609    E8 00 00                  call        parse_val_ 
460C    85 C0                     test        ax,ax 
460E    74 16                     je          L$653 
4610    83 BE 74 FF 00            cmp         word ptr -0x8c[bp],0x0000 
4615    75 07                     jne         L$652 
4617    83 BE 72 FF 00            cmp         word ptr -0x8e[bp],0x0000 
461C    74 08                     je          L$653 
461E                          L$652:
461E    8B 86 72 FF               mov         ax,word ptr -0x8e[bp] 
4622    89 86 8E 00               mov         word ptr 0x8e[bp],ax 
4626                          L$653:
4626    83 FE 02                  cmp         si,0x0002 
4629    75 0E                     jne         L$654 
462B    8B 86 8E 00               mov         ax,word ptr 0x8e[bp] 
462F    3D 01 00                  cmp         ax,0x0001 
4632    72 05                     jb          L$654 
4634    3D 24 00                  cmp         ax,0x0024 
4637    76 07                     jbe         L$655 
4639                          L$654:
4639    1E                        push        ds 
463A    68 62 36                  push        offset DGROUP:L$1052 
463D    E9 8F C8                  jmp         L$134 
4640                          L$655:
4640    C7 46 A8 00 10            mov         word ptr -0x58[bp],0x1000 
4645    BA 00 10                  mov         dx,0x1000 
4648    31 C0                     xor         ax,ax 
464A    31 DB                     xor         bx,bx 
464C    89 46 A6                  mov         word ptr -0x5a[bp],ax 
464F    89 86 92 00               mov         word ptr 0x92[bp],ax 
4653    8E C2                     mov         es,dx 
4655                          L$656:
4655    8B 86 92 00               mov         ax,word ptr 0x92[bp] 
4659    3B 86 8E 00               cmp         ax,word ptr 0x8e[bp] 
465D    73 27                     jae         L$657 
465F    8A 86 8A 00               mov         al,byte ptr 0x8a[bp] 
4663    26 C6 47 03 02            mov         byte ptr es:0x3[bx],0x02 
4668    26 88 07                  mov         byte ptr es:[bx],al 
466B    8A 86 8C 00               mov         al,byte ptr 0x8c[bp] 
466F    26 88 47 01               mov         byte ptr es:0x1[bx],al 
4673    8A 86 92 00               mov         al,byte ptr 0x92[bp] 
4677    83 C3 04                  add         bx,0x0004 
467A    FE C0                     inc         al 
467C    FF 86 92 00               inc         word ptr 0x92[bp] 
4680    26 88 47 FE               mov         byte ptr es:-0x2[bx],al 
4684    EB CF                     jmp         L$656 
4686                          L$657:
4686    8C D8                     mov         ax,ds 
4688    89 86 90 00               mov         word ptr 0x90[bp],ax 
468C    8B 86 8E 00               mov         ax,word ptr 0x8e[bp] 
4690    30 E4                     xor         ah,ah 
4692    80 CC 05                  or          ah,0x05 
4695    89 86 CC FE               mov         word ptr -0x134[bp],ax 
4699    8B 86 8A 00               mov         ax,word ptr 0x8a[bp] 
469D    8B 96 8A 00               mov         dx,word ptr 0x8a[bp] 
46A1    C1 E8 02                  shr         ax,0x02 
46A4    30 F6                     xor         dh,dh 
46A6    30 E4                     xor         ah,ah 
46A8    C1 E2 08                  shl         dx,0x08 
46AB    24 C0                     and         al,0xc0 
46AD    09 C2                     or          dx,ax 
46AF    8B 86 8C 00               mov         ax,word ptr 0x8c[bp] 
46B3    C1 E0 08                  shl         ax,0x08 
46B6    89 86 D2 FE               mov         word ptr -0x12e[bp],ax 
46BA    89 96 D0 FE               mov         word ptr -0x130[bp],dx 
46BE    FF B6 D2 FE               push        word ptr -0x12e[bp] 
46C2    8B 46 A6                  mov         ax,word ptr -0x5a[bp] 
46C5    52                        push        dx 
46C6    89 86 CE FE               mov         word ptr -0x132[bp],ax 
46CA    FF B6 CC FE               push        word ptr -0x134[bp] 
46CE    8B 46 A8                  mov         ax,word ptr -0x58[bp] 
46D1    FF B6 8E 00               push        word ptr 0x8e[bp] 
46D5    89 86 DA FE               mov         word ptr -0x126[bp],ax 
46D9    FF B6 8C 00               push        word ptr 0x8c[bp] 
46DD    8B 86 90 00               mov         ax,word ptr 0x90[bp] 
46E1    FF B6 8A 00               push        word ptr 0x8a[bp] 
46E5    89 86 D8 FE               mov         word ptr -0x128[bp],ax 
46E9    1E                        push        ds 
46EA    31 C0                     xor         ax,ax 
46EC    68 F5 36                  push        offset DGROUP:L$1053 
46EF    89 86 D6 FE               mov         word ptr -0x12a[bp],ax 
46F3    89 86 D4 FE               mov         word ptr -0x12c[bp],ax 
46F7    89 86 DC FE               mov         word ptr -0x124[bp],ax 
46FB    E8 00 00                  call        _cprintf 
46FE    83 C4 10                  add         sp,0x0010 
4701    16                        push        ss 
4702    8D 96 CC FE               lea         dx,-0x134[bp] 
4706    52                        push        dx 
4707    E8 00 00                  call        _int13_call 
470A    83 C4 04                  add         sp,0x0004 
470D    F6 86 DC FE 01            test        byte ptr -0x124[bp],0x01 
4712    74 05                     je          L$658 
4714    BA 09 16                  mov         dx,offset DGROUP:L$845 
4717    EB 03                     jmp         L$659 
4719                          L$658:
4719    BA 9A 13                  mov         dx,offset DGROUP:L$830 
471C                          L$659:
471C    8C D8                     mov         ax,ds 
471E    50                        push        ax 
471F    8B 86 CC FE               mov         ax,word ptr -0x134[bp] 
4723    52                        push        dx 
4724    C1 E8 08                  shr         ax,0x08 
4727    50                        push        ax 
4728    1E                        push        ds 
4729    68 31 37                  push        offset DGROUP:L$1054 
472C    E8 00 00                  call        _cprintf 
472F    83 C4 0A                  add         sp,0x000a 
4732    1E                        push        ds 
4733    68 4D 37                  push        offset DGROUP:L$1055 
4736    C7 86 92 00 00 00         mov         word ptr 0x92[bp],0x0000 
473C    E8 00 00                  call        _cprintf 
473F    83 C4 04                  add         sp,0x0004 
4742                          L$660:
4742    C4 1E 00 00               les         bx,dword ptr _bda_ptr 
4746    03 9E 92 00               add         bx,word ptr 0x92[bp] 
474A    26 0F B6 47 42            movzx       ax,byte ptr es:0x42[bx] 
474F    50                        push        ax 
4750    1E                        push        ds 
4751    68 1B 1F                  push        offset DGROUP:L$915 
4754    FF 86 92 00               inc         word ptr 0x92[bp] 
4758    E8 00 00                  call        _cprintf 
475B    83 C4 06                  add         sp,0x0006 
475E    83 BE 92 00 07            cmp         word ptr 0x92[bp],0x0007 
4763    72 DD                     jb          L$660 
4765    C4 1E 00 00               les         bx,dword ptr _bda_ptr 
4769    26 0F B6 47 3F            movzx       ax,byte ptr es:0x3f[bx] 
476E    50                        push        ax 
476F    26 0F B6 47 3E            movzx       ax,byte ptr es:0x3e[bx] 
4774    50                        push        ax 
4775    26 0F B6 47 41            movzx       ax,byte ptr es:0x41[bx] 
477A    50                        push        ax 
477B    1E                        push        ds 
477C    68 5F 37                  push        offset DGROUP:L$1056 
477F    E9 F8 C6                  jmp         L$131 
4782                          L$661:
4782    BB 94 37                  mov         bx,offset DGROUP:L$1057 
4785    8D 46 82                  lea         ax,-0x7e[bp] 
4788    8C D9                     mov         cx,ds 
478A    8C D2                     mov         dx,ss 
478C    E8 00 00                  call        is_cmd_ 
478F    85 C0                     test        ax,ax 
4791    0F 84 F8 01               je          L$673 
4795    C7 86 9C 00 01 00         mov         word ptr 0x9c[bp],0x0001 
479B    8D 5E BA                  lea         bx,-0x46[bp] 
479E    8C D1                     mov         cx,ss 
47A0    31 C0                     xor         ax,ax 
47A2    8C D2                     mov         dx,ss 
47A4    89 86 9A 00               mov         word ptr 0x9a[bp],ax 
47A8    89 86 98 00               mov         word ptr 0x98[bp],ax 
47AC    89 86 96 00               mov         word ptr 0x96[bp],ax 
47B0    89 86 94 00               mov         word ptr 0x94[bp],ax 
47B4    8D 46 82                  lea         ax,-0x7e[bp] 
47B7    31 F6                     xor         si,si 
47B9    E8 00 00                  call        parse_val_ 
47BC    85 C0                     test        ax,ax 
47BE    74 0A                     je          L$662 
47C0    8B 46 BA                  mov         ax,word ptr -0x46[bp] 
47C3    BE 01 00                  mov         si,0x0001 
47C6    89 86 94 00               mov         word ptr 0x94[bp],ax 
47CA                          L$662:
47CA    8D 5E BA                  lea         bx,-0x46[bp] 
47CD    8D 46 82                  lea         ax,-0x7e[bp] 
47D0    8C D1                     mov         cx,ss 
47D2    8C D2                     mov         dx,ss 
47D4    E8 00 00                  call        parse_val_ 
47D7    85 C0                     test        ax,ax 
47D9    74 08                     je          L$663 
47DB    8B 46 BA                  mov         ax,word ptr -0x46[bp] 
47DE    46                        inc         si 
47DF    89 86 96 00               mov         word ptr 0x96[bp],ax 
47E3                          L$663:
47E3    8D 5E BA                  lea         bx,-0x46[bp] 
47E6    8D 46 82                  lea         ax,-0x7e[bp] 
47E9    8C D1                     mov         cx,ss 
47EB    8C D2                     mov         dx,ss 
47ED    E8 00 00                  call        parse_val_ 
47F0    85 C0                     test        ax,ax 
47F2    74 0C                     je          L$664 
47F4    8B 46 BA                  mov         ax,word ptr -0x46[bp] 
47F7    30 E4                     xor         ah,ah 
47F9    24 01                     and         al,0x01 
47FB    46                        inc         si 
47FC    89 86 98 00               mov         word ptr 0x98[bp],ax 
4800                          L$664:
4800    8D 5E BA                  lea         bx,-0x46[bp] 
4803    8D 46 82                  lea         ax,-0x7e[bp] 
4806    8C D1                     mov         cx,ss 
4808    8C D2                     mov         dx,ss 
480A    E8 00 00                  call        parse_val_ 
480D    85 C0                     test        ax,ax 
480F    74 08                     je          L$665 
4811    8B 46 BA                  mov         ax,word ptr -0x46[bp] 
4814    46                        inc         si 
4815    89 86 9A 00               mov         word ptr 0x9a[bp],ax 
4819                          L$665:
4819    8D 5E BA                  lea         bx,-0x46[bp] 
481C    8D 46 82                  lea         ax,-0x7e[bp] 
481F    8C D1                     mov         cx,ss 
4821    8C D2                     mov         dx,ss 
4823    E8 00 00                  call        parse_val_ 
4826    83 FE 04                  cmp         si,0x0004 
4829    75 13                     jne         L$667 
482B    83 7E BC 00               cmp         word ptr -0x44[bp],0x0000 
482F    75 06                     jne         L$666 
4831    83 7E BA 00               cmp         word ptr -0x46[bp],0x0000 
4835    74 07                     je          L$667 
4837                          L$666:
4837    8B 46 BA                  mov         ax,word ptr -0x46[bp] 
483A    89 86 9C 00               mov         word ptr 0x9c[bp],ax 
483E                          L$667:
483E    83 FE 04                  cmp         si,0x0004 
4841    75 07                     jne         L$668 
4843    83 BE 9A 00 00            cmp         word ptr 0x9a[bp],0x0000 
4848    75 07                     jne         L$669 
484A                          L$668:
484A    1E                        push        ds 
484B    68 99 37                  push        offset DGROUP:L$1058 
484E    E9 7E C6                  jmp         L$134 
4851                          L$669:
4851    8C D8                     mov         ax,ds 
4853    89 86 9E 00               mov         word ptr 0x9e[bp],ax 
4857    8B 96 94 00               mov         dx,word ptr 0x94[bp] 
485B    8B 86 9C 00               mov         ax,word ptr 0x9c[bp] 
485F    C1 E2 08                  shl         dx,0x08 
4862    30 E4                     xor         ah,ah 
4864    09 C2                     or          dx,ax 
4866    8B 86 96 00               mov         ax,word ptr 0x96[bp] 
486A    30 E4                     xor         ah,ah 
486C    89 96 DE FE               mov         word ptr -0x122[bp],dx 
4870    89 C2                     mov         dx,ax 
4872    8B 86 96 00               mov         ax,word ptr 0x96[bp] 
4876    C1 E8 02                  shr         ax,0x02 
4879    30 E4                     xor         ah,ah 
487B    C1 E2 08                  shl         dx,0x08 
487E    24 C0                     and         al,0xc0 
4880    09 D0                     or          ax,dx 
4882    8B 96 9A 00               mov         dx,word ptr 0x9a[bp] 
4886    30 F6                     xor         dh,dh 
4888    80 E2 3F                  and         dl,0x3f 
488B    09 D0                     or          ax,dx 
488D    89 86 E2 FE               mov         word ptr -0x11e[bp],ax 
4891    8B 86 98 00               mov         ax,word ptr 0x98[bp] 
4895    C1 E0 08                  shl         ax,0x08 
4898    C7 86 E0 FE 00 00         mov         word ptr -0x120[bp],0x0000 
489E    89 86 E4 FE               mov         word ptr -0x11c[bp],ax 
48A2    C7 86 EC FE 00 10         mov         word ptr -0x114[bp],0x1000 
48A8    FF B6 E4 FE               push        word ptr -0x11c[bp] 
48AC    8B 86 9E 00               mov         ax,word ptr 0x9e[bp] 
48B0    FF B6 E2 FE               push        word ptr -0x11e[bp] 
48B4    89 86 EA FE               mov         word ptr -0x116[bp],ax 
48B8    FF B6 9C 00               push        word ptr 0x9c[bp] 
48BC    31 C0                     xor         ax,ax 
48BE    FF B6 94 00               push        word ptr 0x94[bp] 
48C2    89 86 E8 FE               mov         word ptr -0x118[bp],ax 
48C6    1E                        push        ds 
48C7    89 86 E6 FE               mov         word ptr -0x11a[bp],ax 
48CB    68 36 38                  push        offset DGROUP:L$1059 
48CE    89 86 EE FE               mov         word ptr -0x112[bp],ax 
48D2    E8 00 00                  call        _cprintf 
48D5    83 C4 0C                  add         sp,0x000c 
48D8    16                        push        ss 
48D9    8D 96 DE FE               lea         dx,-0x122[bp] 
48DD    52                        push        dx 
48DE    E8 00 00                  call        _int13_call 
48E1    83 C4 04                  add         sp,0x0004 
48E4    F6 86 EE FE 01            test        byte ptr -0x112[bp],0x01 
48E9    74 05                     je          L$670 
48EB    B8 09 16                  mov         ax,offset DGROUP:L$845 
48EE    EB 03                     jmp         L$671 
48F0                          L$670:
48F0    B8 9A 13                  mov         ax,offset DGROUP:L$830 
48F3                          L$671:
48F3    8C DA                     mov         dx,ds 
48F5    52                        push        dx 
48F6    50                        push        ax 
48F7    8B 86 DE FE               mov         ax,word ptr -0x122[bp] 
48FB    30 E4                     xor         ah,ah 
48FD    50                        push        ax 
48FE    8B 86 DE FE               mov         ax,word ptr -0x122[bp] 
4902    C1 E8 08                  shr         ax,0x08 
4905    50                        push        ax 
4906    1E                        push        ds 
4907    68 5D 38                  push        offset DGROUP:L$1060 
490A    E8 00 00                  call        _cprintf 
490D    83 C4 0C                  add         sp,0x000c 
4910    1E                        push        ds 
4911    68 4D 37                  push        offset DGROUP:L$1055 
4914    31 F6                     xor         si,si 
4916    E8 00 00                  call        _cprintf 
4919    83 C4 04                  add         sp,0x0004 
491C                          L$672:
491C    C4 1E 00 00               les         bx,dword ptr _bda_ptr 
4920    01 F3                     add         bx,si 
4922    26 0F B6 47 42            movzx       ax,byte ptr es:0x42[bx] 
4927    50                        push        ax 
4928    1E                        push        ds 
4929    68 1B 1F                  push        offset DGROUP:L$915 
492C    46                        inc         si 
492D    E8 00 00                  call        _cprintf 
4930    83 C4 06                  add         sp,0x0006 
4933    83 FE 07                  cmp         si,0x0007 
4936    72 E4                     jb          L$672 
4938    C4 36 00 00               les         si,dword ptr _bda_ptr 
493C    26 0F B6 44 48            movzx       ax,byte ptr es:0x48[si] 
4941    50                        push        ax 
4942    26 0F B6 44 47            movzx       ax,byte ptr es:0x47[si] 
4947    50                        push        ax 
4948    26 0F B6 44 46            movzx       ax,byte ptr es:0x46[si] 
494D    50                        push        ax 
494E    26 0F B6 44 45            movzx       ax,byte ptr es:0x45[si] 
4953    50                        push        ax 
4954    26 0F B6 44 44            movzx       ax,byte ptr es:0x44[si] 
4959    50                        push        ax 
495A    26 0F B6 44 43            movzx       ax,byte ptr es:0x43[si] 
495F    50                        push        ax 
4960    26 0F B6 44 42            movzx       ax,byte ptr es:0x42[si] 
4965    50                        push        ax 
4966    1E                        push        ds 
4967    68 81 38                  push        offset DGROUP:L$1061 
496A    E8 00 00                  call        _cprintf 
496D    C4 1E 00 00               les         bx,dword ptr _bda_ptr 
4971    83 C4 12                  add         sp,0x0012 
4974    26 0F B6 47 3F            movzx       ax,byte ptr es:0x3f[bx] 
4979    50                        push        ax 
497A    26 0F B6 47 3E            movzx       ax,byte ptr es:0x3e[bx] 
497F    50                        push        ax 
4980    26 0F B6 47 41            movzx       ax,byte ptr es:0x41[bx] 
4985    50                        push        ax 
4986    1E                        push        ds 
4987    68 B6 38                  push        offset DGROUP:L$1062 
498A    E9 ED C4                  jmp         L$131 
498D                          L$673:
498D    BB EA 38                  mov         bx,offset DGROUP:L$1063 
4990    8D 46 82                  lea         ax,-0x7e[bp] 
4993    8C D9                     mov         cx,ds 
4995    8C D2                     mov         dx,ss 
4997    E8 00 00                  call        is_cmd_ 
499A    85 C0                     test        ax,ax 
499C    75 07                     jne         L$674 
499E    1E                        push        ds 
499F    68 FD 38                  push        offset DGROUP:L$1065 
49A2    E9 2A C5                  jmp         L$134 
49A5                          L$674:
49A5    1E                        push        ds 
49A6    68 EF 38                  push        offset DGROUP:L$1064 
49A9    E8 00 00                  call        _cprintf 
49AC    83 C4 04                  add         sp,0x0004 
49AF    8D A6 F4 00               lea         sp,0xf4[bp] 
49B3    5D                        pop         bp 
49B4    E9 7B B8                  jmp         L$20 

Routine Size: 15439 bytes,    Routine Base: _TEXT + 0D68

No disassembly errors

Segment: CONST WORD USE16 00003904 bytes
0000                          L$675:
0000    6E 6F 6E 65 00                                  none.
0005                          L$676:
0005    75 53 44 20 00                                  uSD .
000A                          L$677:
000A    53 44 30 20 00                                  SD0 .
000F                          L$678:
000F    53 44 31 20 00                                  SD1 .
0014                          L$679:
0014    49 44 45 6D 00                                  IDEm.
0019                          L$680:
0019    49 44 45 73 00                                  IDEs.
001E                          L$681:
001E    25 30 34 58 20 20 00                            %04X  .
0025                          L$682:
0025    25 30 34 58 20 00                               %04X .
002B                          L$683:
002B    25 30 32 58 20 00                               %02X .
0031                          L$684:
0031    0A 00                                           ..
0033                          L$685:
0033    25 30 38 6C 58 20 20 00                         %08lX  .
003B                          L$686:
003B    20 20 20 00                                        .
003F                          L$687:
003F    20 00                                            .
0041                          L$688:
0041    20 7C 00                                         |.
0044                          L$689:
0044    25 63 00                                        %c.
0047                          L$690:
0047    7C 0A 00                                        |..
004A                          L$691:
004A    5E 43 20 20 2D 2D 20 64 75 6D 70 20 73 74 6F 70 ^C  -- dump stop
005A    70 65 64 20 2D 2D 0A 00                         ped --..
0062                          L$692:
0062    42 49 4F 53 20 44 61 74 61 20 41 72 65 61 20 61 BIOS Data Area a
0072    74 20 25 30 34 58 3A 30 30 30 30 0A 0A 00       t %04X:0000...
0080                          L$693:
0080    79 65 73 00                                     yes.
0084                          L$694:
0084    6E 6F 20 00                                     no .
0088                          L$695:
0088    45 71 75 69 70 20 20 20 20 25 30 34 58 20 20 46 Equip    %04X  F
0098    50 55 20 25 73 20 20 73 65 72 69 61 6C 20 70 6F PU %s  serial po
00A8    72 74 73 20 25 75 20 20 6D 66 67 20 25 30 32 58 rts %u  mfg %02X
00B8    20 25 30 32 58 20 25 30 32 58 0A 00              %02X %02X..
00C4                          L$696:
00C4    4D 65 6D 6F 72 79 20 20 20 63 6F 6E 76 20 25 75 Memory   conv %u
00D4    4B 62 20 20 65 78 74 20 25 75 4B 62 20 20 53 52 Kb  ext %uKb  SR
00E4    41 4D 20 25 75 4B 62 20 20 43 50 55 20 25 75 2E AM %uKb  CPU %u.
00F4    25 30 32 75 6D 68 7A 0A 00                      %02umhz..
00FD                          L$697:
00FD    4D 69 73 63 20 20 20 20 20 45 42 44 41 20 25 30 Misc     EBDA %0
010D    34 58 20 20 65 72 72 6E 6F 20 25 30 34 58 20 20 4X  errno %04X  
011D    41 54 73 74 61 74 20 25 30 32 58 20 20 72 65 73 ATstat %02X  res
012D    65 74 20 25 30 34 58 20 20 52 4F 4D 69 6E 69 74 et %04X  ROMinit
013D    20 25 30 38 6C 58 0A 00                          %08lX..
0145                          L$698:
0145    0A 53 65 72 69 61 6C 20 20 20 64 65 76 20 25 30 .Serial   dev %0
0155    34 58 20 25 30 34 58 20 25 30 34 58 20 25 30 34 4X %04X %04X %04
0165    58 20 20 20 66 6C 61 67 73 20 25 30 32 58 20 25 X   flags %02X %
0175    30 32 58 20 25 30 32 58 20 25 30 32 58 0A 00    02X %02X %02X..
0184                          L$699:
0184    20 20 20 20 20 20 20 20 20 74 69 6D 65 6F 75 74          timeout
0194    20 25 30 32 58 20 25 30 32 58 20 25 30 32 58 20  %02X %02X %02X 
01A4    25 30 32 58 0A 00                               %02X..
01AA                          L$700:
01AA    50 61 72 61 6C 6C 65 6C 20 64 65 76 20 25 30 34 Parallel dev %04
01BA    58 20 25 30 34 58 20 25 30 34 58 20 25 30 34 58 X %04X %04X %04X
01CA    20 20 20 74 69 6D 65 6F 75 74 20 25 30 32 58 20    timeout %02X 
01DA    25 30 32 58 20 25 30 32 58 20 25 30 32 58 0A 00 %02X %02X %02X..
01EA                          L$701:
01EA    0A 54 69 6D 65 72 20 20 20 20 25 30 38 6C 58 20 .Timer    %08lX 
01FA    20 6F 76 65 72 66 6C 6F 77 20 25 30 32 58 20 20  overflow %02X  
020A    69 6E 74 66 6C 61 67 20 25 30 32 58 20 20 52 54 intflag %02X  RT
021A    43 77 61 69 74 20 25 30 32 58 0A 00             Cwait %02X..
0226                          L$702:
0226    4B 65 79 62 64 20 20 20 20 66 6C 61 67 20 25 30 Keybd    flag %0
0236    32 58 20 25 30 32 58 20 25 30 32 58 20 25 30 32 2X %02X %02X %02
0246    58 20 20 68 65 61 64 20 25 30 34 58 20 74 61 69 X  head %04X tai
0256    6C 20 25 30 34 58 20 20 62 75 66 20 25 30 34 58 l %04X  buf %04X
0266    2E 2E 25 30 34 58 20 20 62 72 6B 20 25 30 32 58 ..%04X  brk %02X
0276    0A 00                                           ..
0278                          L$703:
0278    0A 46 6C 6F 70 70 79 20 20 20 73 65 65 6B 20 25 .Floppy   seek %
0288    30 32 58 20 6D 6F 74 6F 72 20 25 30 32 58 20 63 02X motor %02X c
0298    6F 75 6E 74 20 25 30 32 58 20 73 74 61 74 75 73 ount %02X status
02A8    20 25 30 32 58 20 20 72 61 74 65 20 25 30 32 58  %02X  rate %02X
02B8    20 20 74 61 62 20 25 30 32 58 20 25 30 32 58 0A   tab %02X %02X.
02C8    00                                              .
02C9                          L$704:
02C9    46 69 78 65 64 44 73 6B 20 6E 20 25 75 20 20 73 FixedDsk n %u  s
02D9    74 61 74 75 73 20 25 30 32 58 20 20 63 74 72 6C tatus %02X  ctrl
02E9    20 25 30 32 58 20 20 70 6F 72 74 20 25 30 32 58  %02X  port %02X
02F9    20 20 74 72 61 63 6B 20 25 30 34 58 20 20 73 74   track %04X  st
0309    73 2F 65 72 72 20 25 30 32 58 2F 25 30 32 58 0A s/err %02X/%02X.
0319    00                                              .
031A                          L$705:
031A    44 69 73 6B 74 61 62 20 00                      Disktab .
0323                          L$706:
0323    20 25 75 3A 25 73 00                             %u:%s.
032A                          L$707:
032A    20 25 75 3A 3F 25 30 32 58 00                    %u:?%02X.
0334                          L$708:
0334    0A 4E 56 52 41 4D 20 20 20 20 73 69 6F 30 20 25 .NVRAM    sio0 %
0344    30 32 58 20 25 30 32 58 20 20 63 68 65 63 6B 73 02X %02X  checks
0354    75 6D 20 25 30 34 58 0A 00                      um %04X..
035D                          L$709:
035D    73 6C 61 76 65 00                               slave.
0363                          L$710:
0363    6D 61 73 74 65 72 00                            master.
036A                          L$711:
036A    49 44 45 20 25 73 3A 20 77 69 6C 6C 20 6E 6F 74 IDE %s: will not
037A    20 61 63 63 65 70 74 20 38 2D 62 69 74 20 50 49  accept 8-bit PI
038A    4F 20 6D 6F 64 65 0A 00                         O mode..
0392                          L$712:
0392    49 44 45 20 25 73 3A 20 49 44 45 4E 54 49 46 59 IDE %s: IDENTIFY
03A2    20 66 61 69 6C 65 64 0A 00                       failed..
03AB                          L$713:
03AB    49 44 45 20 25 73 20 49 44 45 4E 54 49 46 59 20 IDE %s IDENTIFY 
03BB    20 20 28 72 61 77 20 64 61 74 61 20 61 74 20 25   (raw data at %
03CB    30 38 6C 58 29 0A 00                            08lX)..
03D2                          L$714:
03D2    20 20 4D 6F 64 65 6C 20 20 20 20 20 22 25 73 22   Model     "%s"
03E2    0A 00                                           ..
03E4                          L$715:
03E4    20 20 53 65 72 69 61 6C 20 20 20 20 22 25 73 22   Serial    "%s"
03F4    0A 00                                           ..
03F6                          L$716:
03F6    20 20 46 69 72 6D 77 61 72 65 20 20 22 25 73 22   Firmware  "%s"
0406    0A 00                                           ..
0408                          L$717:
0408    20 20 43 6F 6E 66 69 67 20 20 20 20 25 30 34 58   Config    %04X
0418    20 20 20 63 61 70 73 20 25 30 34 58 20 20 20 44    caps %04X   D
0428    4D 41 20 25 73 20 20 20 4C 42 41 20 25 73 20 20 MA %s   LBA %s  
0438    20 43 46 41 2D 38 62 69 74 20 25 73 0A 00        CFA-8bit %s..
0446                          L$718:
0446    20 20 47 65 6F 6D 65 74 72 79 20 20 25 75 20 63   Geometry  %u c
0456    79 6C 20 20 25 75 20 68 65 61 64 20 20 25 75 20 yl  %u head  %u 
0466    73 65 63 2F 74 72 6B 20 20 20 6D 75 6C 74 69 70 sec/trk   multip
0476    6C 65 20 25 75 0A 00                            le %u..
047D                          L$719:
047D    20 20 4C 42 41 32 38 20 20 20 20 20 25 6C 75 20   LBA28     %lu 
048D    73 65 63 74 6F 72 73 20 20 3D 20 25 6C 75 20 4D sectors  = %lu M
049D    62 0A 00                                        b..
04A0                          L$720:
04A0    49 44 45 20 25 73 3A 20 72 65 61 64 20 6F 66 20 IDE %s: read of 
04B0    4C 42 41 20 25 6C 75 20 66 61 69 6C 65 64 0A 00 LBA %lu failed..
04C0                          L$721:
04C0    49 44 45 20 25 73 20 20 4C 42 41 20 25 6C 75 20 IDE %s  LBA %lu 
04D0    28 25 30 38 6C 58 29 0A 00                      (%08lX)..
04D9                          L$722:
04D9    4D 4F 4E 3E 00                                  MON>.
04DE                          L$723:
04DE    44 55 4D 50 00                                  DUMP.
04E3                          L$724:
04E3    75 73 61 67 65 3A 20 44 55 4D 50 20 3C 61 64 64 usage: DUMP <add
04F3    72 3E 20 5B 3C 65 6E 64 3E 5D 0A 20 20 20 20 20 r> [<end>].     
0503    20 20 61 64 64 72 20 69 73 20 46 30 30 30 3A 46   addr is F000:F
0513    46 46 30 20 6F 72 20 61 20 66 6C 61 74 20 33 46 FF0 or a flat 3F
0523    30 30 30 30 30 0A 00                            00000..
052A                          L$725:
052A    46 49 4C 4C 00                                  FILL.
052F                          L$726:
052F    75 73 61 67 65 3A 20 46 49 4C 4C 20 3C 61 64 64 usage: FILL <add
053F    72 3E 20 3C 63 6F 75 6E 74 3E 20 3C 62 79 74 65 r> <count> <byte
054F    3E 20 5B 3C 73 74 65 70 3E 5D 20 20 20 63 6F 75 > [<step>]   cou
055F    6E 74 20 74 6F 20 46 46 46 30 0A 20 20 20 20 20 nt to FFF0.     
056F    20 20 77 69 74 68 20 61 20 73 74 65 70 2C 20 65   with a step, e
057F    61 63 68 20 62 79 74 65 20 69 73 20 74 68 65 20 ach byte is the 
058F    6C 61 73 74 20 70 6C 75 73 20 73 74 65 70 0A 00 last plus step..
059F                          L$727:
059F    46 49 4C 4C 3A 20 25 30 34 58 3A 25 30 34 58 2C FILL: %04X:%04X,
05AF    20 25 75 20 62 79 74 65 73 0A 00                 %u bytes..
05BA                          L$728:
05BA    49 52 51 46 49 4E 44 00                         IRQFIND.
05C2                          L$729:
05C2    73 61 6D 70 6C 69 6E 67 20 74 68 65 20 49 43 55 sampling the ICU
05D2    20 77 69 74 68 20 53 49 4F 30 20 72 65 63 65 69  with SIO0 recei
05E2    76 65 20 4F 46 46 20 2E 2E 2E 0A 00             ve OFF .....
05EE                          L$730:
05EE    62 61 73 65 6C 69 6E 65 20 6D 61 73 74 65 72 20 baseline master 
05FE    25 30 32 58 20 73 6C 61 76 65 20 25 30 32 58 0A %02X slave %02X.
060E    00                                              .
060F                          L$731:
060F    4E 4F 57 20 54 59 50 45 20 4F 4E 45 20 4B 45 59 NOW TYPE ONE KEY
061F    20 2D 2D 20 69 74 20 77 69 6C 6C 20 6E 6F 74 20  -- it will not 
062F    62 65 20 72 65 61 64 2C 20 73 6F 20 74 68 65 0A be read, so the.
063F    72 65 71 75 65 73 74 20 73 74 61 79 73 20 61 73 request stays as
064F    73 65 72 74 65 64 2E 20 20 46 69 76 65 20 73 65 serted.  Five se
065F    63 6F 6E 64 73 20 2E 2E 2E 0A 00                conds .....
066A                          L$732:
066A    77 69 74 68 20 52 58 20 6F 6E 20 20 20 6D 61 73 with RX on   mas
067A    74 65 72 20 25 30 32 58 20 73 6C 61 76 65 20 25 ter %02X slave %
068A    30 32 58 20 20 20 4C 53 52 20 25 30 32 58 0A 00 02X   LSR %02X..
069A                          L$733:
069A    6E 65 77 20 62 69 74 73 20 20 20 20 20 6D 61 73 new bits     mas
06AA    74 65 72 20 25 30 32 58 20 73 6C 61 76 65 20 25 ter %02X slave %
06BA    30 32 58 00                                     02X.
06BE                          L$734:
06BE    20 20 20 3C 2D 2D 20 74 68 61 74 20 69 73 20 53    <-- that is S
06CE    49 4F 30 0A 00                                  IO0..
06D3                          L$735:
06D3    47 45 4F 00                                     GEO.
06D7                          L$736:
06D7    75 73 61 67 65 3A 20 47 45 4F 20 3C 68 65 61 64 usage: GEO <head
06E7    73 3E 20 3C 73 65 63 74 6F 72 73 3E 0A 00       s> <sectors>..
06F5                          L$737:
06F5    63 75 72 72 65 6E 74 20 25 75 2F 25 75 2F 25 75 current %u/%u/%u
0705    20 20 4C 42 41 20 25 6C 75 0A 00                  LBA %lu..
0710                          L$738:
0710    47 45 4F 3A 20 25 6C 75 2F 25 6C 75 2F 25 6C 75 GEO: %lu/%lu/%lu
0720    20 6E 65 65 64 73 20 25 6C 75 20 63 79 6C 69 6E  needs %lu cylin
0730    64 65 72 73 2C 20 6F 75 74 73 69 64 65 20 31 2E ders, outside 1.
0740    2E 31 30 32 34 0A 00                            .1024..
0747                          L$739:
0747    49 4E 54 20 31 33 68 20 67 65 6F 6D 65 74 72 79 INT 13h geometry
0757    20 6E 6F 77 20 25 75 2F 25 75 2F 25 75 20 20 28  now %u/%u/%u  (
0767    63 6F 76 65 72 73 20 25 6C 75 20 6F 66 20 25 6C covers %lu of %l
0777    75 20 73 65 63 74 6F 72 73 29 0A 00             u sectors)..
0783                          L$740:
0783    42 44 41 00                                     BDA.
0787                          L$741:
0787    4D 4B 42 4F 4F 54 00                            MKBOOT.
078E                          L$742:
078E    75 73 61 67 65 3A 20 4D 4B 42 4F 4F 54 20 3C 6C usage: MKBOOT <l
079E    62 61 3E 20 20 20 2A 2A 2A 20 4F 56 45 52 57 52 ba>   *** OVERWR
07AE    49 54 45 53 20 74 68 61 74 20 73 65 63 74 6F 72 ITES that sector
07BE    20 2A 2A 2A 0A 20 20 20 20 20 20 20 77 72 69 74  ***.       writ
07CE    65 20 69 74 20 74 6F 20 30 20 74 6F 20 6D 61 6B e it to 0 to mak
07DE    65 20 69 74 20 74 68 65 20 62 6F 6F 74 20 73 65 e it the boot se
07EE    63 74 6F 72 0A 00                               ctor..
07F4                          L$743:
07F4    77 72 69 74 65 20 6F 66 20 4C 42 41 20 25 6C 75 write of LBA %lu
0804    20 66 61 69 6C 65 64 0A 00                       failed..
080D                          L$744:
080D    72 65 61 64 20 62 61 63 6B 20 6F 66 20 4C 42 41 read back of LBA
081D    20 25 6C 75 20 66 61 69 6C 65 64 0A 00           %lu failed..
082A                          L$745:
082A    46 41 49 4C 45 44 00                            FAILED.
0831                          L$746:
0831    6F 6B 00                                        ok.
0834                          L$747:
0834    74 65 73 74 20 62 6F 6F 74 20 73 65 63 74 6F 72 test boot sector
0844    20 2D 3E 20 4C 42 41 20 25 6C 75 2C 20 25 75 20  -> LBA %lu, %u 
0854    62 79 74 65 73 20 6F 66 20 63 6F 64 65 2C 20 76 bytes of code, v
0864    65 72 69 66 79 20 25 73 0A 00                   erify %s..
086E                          L$748:
086E    66 69 72 73 74 20 62 79 74 65 73 20 25 30 32 58 first bytes %02X
087E    20 25 30 32 58 20 25 30 32 58 20 20 20 73 69 67  %02X %02X   sig
088E    6E 61 74 75 72 65 20 25 30 32 58 20 25 30 32 58 nature %02X %02X
089E    0A 00                                           ..
08A0                          L$749:
08A0    53 45 43 43 4D 50 00                            SECCMP.
08A7                          L$750:
08A7    75 73 61 67 65 3A 20 53 45 43 43 4D 50 20 3C 6C usage: SECCMP <l
08B7    62 61 3E 20 5B 3C 73 65 63 74 6F 72 73 3E 5D 20 ba> [<sectors>] 
08C7    5B 3C 64 72 69 76 65 3E 5D 0A 20 20 20 20 20 20 [<drive>].      
08D7    20 72 65 61 64 73 20 4E 20 69 6E 20 6F 6E 65 20  reads N in one 
08E7    63 6F 6D 6D 61 6E 64 2C 20 74 68 65 6E 20 4E 20 command, then N 
08F7    73 69 6E 67 6C 79 2C 20 61 6E 64 20 63 6F 6D 70 singly, and comp
0907    61 72 65 73 0A 20 20 20 20 20 20 20 64 72 69 76 ares.       driv
0917    65 20 30 20 3D 20 6D 61 73 74 65 72 20 28 64 65 e 0 = master (de
0927    66 61 75 6C 74 29 2C 20 31 20 3D 20 73 6C 61 76 fault), 1 = slav
0937    65 0A 20 20 20 20 20 20 20 65 76 65 72 79 20 61 e.       every a
0947    72 67 75 6D 65 6E 74 20 69 73 20 48 45 58 2C 20 rgument is HEX, 
0957    6C 69 6B 65 20 65 76 65 72 79 77 68 65 72 65 20 like everywhere 
0967    65 6C 73 65 20 68 65 72 65 0A 00                else here..
0972                          L$751:
0972    53 45 43 43 4D 50 3A 20 32 20 74 6F 20 32 30 20 SECCMP: 2 to 20 
0982    73 65 63 74 6F 72 73 2C 20 61 6E 64 20 74 68 61 sectors, and tha
0992    74 20 69 73 20 68 65 78 20 2D 2D 20 31 20 77 6F t is hex -- 1 wo
09A2    75 6C 64 20 6E 6F 74 20 74 65 73 74 20 61 6E 79 uld not test any
09B2    74 68 69 6E 67 0A 00                            thing..
09B9                          L$752:
09B9    53 45 43 43 4D 50 3A 20 64 72 69 76 65 20 30 20 SECCMP: drive 0 
09C9    3D 20 6D 61 73 74 65 72 2C 20 31 20 3D 20 73 6C = master, 1 = sl
09D9    61 76 65 0A 00                                  ave..
09DE                          L$753:
09DE    53 45 43 43 4D 50 3A 20 25 73 2C 20 25 6C 75 20 SECCMP: %s, %lu 
09EE    73 65 63 74 6F 72 73 20 66 72 6F 6D 20 4C 42 41 sectors from LBA
09FE    20 25 6C 75 0A 00                                %lu..
0A04                          L$754:
0A04    53 45 43 43 4D 50 3A 20 74 68 65 20 25 6C 75 2D SECCMP: the %lu-
0A14    73 65 63 74 6F 72 20 72 65 61 64 20 66 61 69 6C sector read fail
0A24    65 64 2C 20 73 74 61 74 75 73 20 25 30 32 58 0A ed, status %02X.
0A34    00                                              .
0A35                          L$755:
0A35    53 45 43 43 4D 50 3A 20 73 69 6E 67 6C 65 20 72 SECCMP: single r
0A45    65 61 64 20 6F 66 20 4C 42 41 20 25 6C 75 20 66 ead of LBA %lu f
0A55    61 69 6C 65 64 2C 20 73 74 61 74 75 73 20 25 30 ailed, status %0
0A65    32 58 0A 00                                     2X..
0A69                          L$756:
0A69    53 45 43 43 4D 50 3A 20 73 65 63 74 6F 72 20 25 SECCMP: sector %
0A79    75 20 28 4C 42 41 20 25 6C 75 29 20 64 69 66 66 u (LBA %lu) diff
0A89    65 72 73 20 61 74 20 62 79 74 65 20 25 75 3A 20 ers at byte %u: 
0A99    6D 75 6C 74 69 20 25 30 32 58 2C 20 73 69 6E 67 multi %02X, sing
0AA9    6C 65 20 25 30 32 58 0A 00                      le %02X..
0AB2                          L$757:
0AB2    53 45 43 43 4D 50 3A 20 25 73 20 2D 2D 20 6F 6E SECCMP: %s -- on
0AC2    65 20 63 6F 6D 6D 61 6E 64 20 61 6E 64 20 25 6C e command and %l
0AD2    75 20 73 69 6E 67 6C 65 73 20 61 67 72 65 65 20 u singles agree 
0AE2    62 79 74 65 20 66 6F 72 20 62 79 74 65 0A 00    byte for byte..
0AF1                          L$758:
0AF1    53 45 43 43 4D 50 3A 20 7A 65 72 6F 2D 63 6F 75 SECCMP: zero-cou
0B01    6E 74 20 67 75 61 72 64 20 2E 2E 2E 20 00       nt guard ... .
0B0F                          L$759:
0B0F    72 65 74 75 72 6E 65 64 20 25 30 32 58 20 28 77 returned %02X (w
0B1F    61 6E 74 20 30 30 29 0A 00                      ant 00)..
0B28                          L$760:
0B28    53 45 43 32 00                                  SEC2.
0B2D                          L$761:
0B2D    75 73 61 67 65 3A 20 53 45 43 32 20 3C 6C 62 61 usage: SEC2 <lba
0B3D    3E 0A 00                                        >..
0B40                          L$762:
0B40    62 6C 6F 63 6B 20 25 75 3A 20 6E 6F 20 44 52 51 block %u: no DRQ
0B50    2C 20 73 74 61 74 75 73 20 25 30 32 58 0A 00    , status %02X..
0B5F                          L$763:
0B5F    62 6C 6F 63 6B 20 25 75 3A 20 25 75 20 62 79 74 block %u: %u byt
0B6F    65 73 2C 20 73 74 61 74 75 73 20 25 30 32 58 2C es, status %02X,
0B7F    20 6C 61 73 74 20 34 3A 20 25 30 32 58 20 25 30  last 4: %02X %0
0B8F    32 58 20 25 30 32 58 20 25 30 32 58 0A 00       2X %02X %02X..
0B9D                          L$764:
0B9D    53 45 43 54 45 53 54 00                         SECTEST.
0BA5                          L$765:
0BA5    75 73 61 67 65 3A 20 53 45 43 54 45 53 54 20 3C usage: SECTEST <
0BB5    6C 62 61 3E 20 20 20 2A 2A 2A 20 4F 56 45 52 57 lba>   *** OVERW
0BC5    52 49 54 45 53 20 74 68 61 74 20 73 65 63 74 6F RITES that secto
0BD5    72 20 2A 2A 2A 0A 00                            r ***..
0BDC                          L$766:
0BDC    70 72 65 2D 72 65 61 64 20 6F 66 20 4C 42 41 20 pre-read of LBA 
0BEC    25 6C 75 20 66 61 69 6C 65 64 0A 00             %lu failed..
0BF8                          L$767:
0BF8    70 72 65 2D 72 65 61 64 20 20 30 2E 2E 33 3A 20 pre-read  0..3: 
0C08    25 30 32 58 20 25 30 32 58 20 25 30 32 58 20 25 %02X %02X %02X %
0C18    30 32 58 20 20 20 35 30 38 2E 2E 35 31 31 3A 20 02X   508..511: 
0C28    25 30 32 58 20 25 30 32 58 20 25 30 32 58 20 25 %02X %02X %02X %
0C38    30 32 58 0A 00                                  02X..
0C3D                          L$768:
0C3D    73 65 63 6F 6E 64 20 70 72 65 2D 72 65 61 64 20 second pre-read 
0C4D    66 61 69 6C 65 64 0A 00                         failed..
0C55                          L$769:
0C55    44 49 53 41 47 52 45 45 20 2D 2D 20 72 65 61 64 DISAGREE -- read
0C65    20 70 61 74 68 20 69 73 20 75 6E 72 65 6C 69 61  path is unrelia
0C75    62 6C 65 00                                     ble.
0C79                          L$770:
0C79    61 67 72 65 65 00                               agree.
0C7F                          L$771:
0C7F    74 77 6F 20 72 65 61 64 73 20 6F 66 20 74 68 65 two reads of the
0C8F    20 73 61 6D 65 20 73 65 63 74 6F 72 20 25 73 0A  same sector %s.
0C9F    00                                              .
0CA0                          L$772:
0CA0    4C 42 41 20 25 6C 75 20 72 6F 75 6E 64 20 74 72 LBA %lu round tr
0CB0    69 70 3A 20 25 75 20 6F 66 20 25 75 20 62 79 74 ip: %u of %u byt
0CC0    65 73 20 77 72 6F 6E 67 0A 00                   es wrong..
0CCA                          L$773:
0CCA    66 69 72 73 74 20 62 61 64 20 61 74 20 25 75 3A first bad at %u:
0CDA    20 65 78 70 65 63 74 65 64 20 25 30 32 58 20 67  expected %02X g
0CEA    6F 74 20 25 30 32 58 0A 00                      ot %02X..
0CF3                          L$774:
0CF3    4F 4B 00                                        OK.
0CF6                          L$775:
0CF6    57 52 4F 4E 47 00                               WRONG.
0CFC                          L$776:
0CFC    62 79 74 65 20 35 31 31 3A 20 65 78 70 65 63 74 byte 511: expect
0D0C    65 64 20 25 30 32 58 20 67 6F 74 20 25 30 32 58 ed %02X got %02X
0D1C    20 20 20 25 73 0A 00                               %s..
0D23                          L$777:
0D23    53 45 43 52 41 57 31 36 00                      SECRAW16.
0D2C                          L$778:
0D2C    75 73 61 67 65 3A 20 53 45 43 52 41 57 31 36 20 usage: SECRAW16 
0D3C    3C 6C 62 61 3E 0A 00                            <lba>..
0D43                          L$779:
0D43    53 45 54 20 46 45 41 54 55 52 45 53 20 38 31 68 SET FEATURES 81h
0D53    20 2D 3E 20 73 74 61 74 75 73 20 25 30 32 58 0A  -> status %02X.
0D63    00                                              .
0D64                          L$780:
0D64    73 74 61 74 75 73 20 61 74 20 44 52 51 20 25 30 status at DRQ %0
0D74    32 58 0A 00                                     2X..
0D78                          L$781:
0D78    64 72 69 76 65 20 73 75 70 70 6C 69 65 64 20 25 drive supplied %
0D88    75 20 77 6F 72 64 73 2C 20 66 69 6E 61 6C 20 73 u words, final s
0D98    74 61 74 75 73 20 25 30 32 58 0A 00             tatus %02X..
0DA4                          L$782:
0DA4    62 79 74 65 73 20 30 2E 2E 33 3A 20 20 20 20 20 bytes 0..3:     
0DB4    25 30 32 58 20 25 30 32 58 20 25 30 32 58 20 25 %02X %02X %02X %
0DC4    30 32 58 0A 00                                  02X..
0DC9                          L$783:
0DC9    62 79 74 65 73 20 35 30 38 2E 2E 35 31 31 3A 20 bytes 508..511: 
0DD9    25 30 32 58 20 25 30 32 58 20 25 30 32 58 20 25 %02X %02X %02X %
0DE9    30 32 58 0A 00                                  02X..
0DEE                          L$784:
0DEE    53 45 43 52 41 57 00                            SECRAW.
0DF5                          L$785:
0DF5    75 73 61 67 65 3A 20 53 45 43 52 41 57 20 3C 6C usage: SECRAW <l
0E05    62 61 3E 0A 00                                  ba>..
0E0A                          L$786:
0E0A    62 75 66 66 65 72 20 77 72 69 74 65 62 61 63 6B buffer writeback
0E1A    20 35 30 38 2E 2E 35 31 31 3A 20 25 30 32 58 20  508..511: %02X 
0E2A    25 30 32 58 20 25 30 32 58 20 25 30 32 58 20 20 %02X %02X %02X  
0E3A    20 28 65 78 70 65 63 74 20 31 31 20 32 32 20 33  (expect 11 22 3
0E4A    33 20 34 34 29 0A 00                            3 44)..
0E51                          L$787:
0E51    64 72 69 76 65 20 73 75 70 70 6C 69 65 64 20 25 drive supplied %
0E61    75 20 62 79 74 65 73 2C 20 66 69 6E 61 6C 20 73 u bytes, final s
0E71    74 61 74 75 73 20 25 30 32 58 0A 00             tatus %02X..
0E7D                          L$788:
0E7D    6F 6E 65 20 6D 6F 72 65 20 72 65 61 64 20 61 66 one more read af
0E8D    74 65 72 20 44 52 51 20 64 72 6F 70 70 65 64 3A ter DRQ dropped:
0E9D    20 25 30 32 58 20 20 20 28 73 74 61 74 75 73 20  %02X   (status 
0EAD    6E 6F 77 20 25 30 32 58 29 0A 00                now %02X)..
0EB8                          L$789:
0EB8    64 75 70 20 64 61 74 61 20 31 46 38 3A 20 25 30 dup data 1F8: %0
0EC8    32 58 20 20 20 31 46 39 3A 20 25 30 32 58 20 20 2X   1F9: %02X  
0ED8    20 65 72 72 20 31 46 31 3A 20 25 30 32 58 0A 00  err 1F1: %02X..
0EE8                          L$790:
0EE8    75 6E 67 61 74 65 64 20 66 69 72 73 74 20 62 79 ungated first by
0EF8    74 65 73 20 30 2E 2E 33 3A 20 25 30 32 58 20 25 tes 0..3: %02X %
0F08    30 32 58 20 25 30 32 58 20 25 30 32 58 0A 00    02X %02X %02X..
0F17                          L$791:
0F17    75 6E 67 61 74 65 64 20 35 31 32 20 72 65 61 64 ungated 512 read
0F27    73 2C 20 35 30 38 2E 2E 35 31 31 3A 20 25 30 32 s, 508..511: %02
0F37    58 20 25 30 32 58 20 25 30 32 58 20 25 30 32 58 X %02X %02X %02X
0F47    20 20 20 28 73 74 61 74 75 73 20 6E 6F 77 20 25    (status now %
0F57    30 32 58 29 0A 00                               02X)..
0F5D                          L$792:
0F5D    42 4F 4F 54 43 48 4B 00                         BOOTCHK.
0F65                          L$793:
0F65    68 64 5F 6E 75 6D 62 65 72 3D 25 75 20 20 64 69 hd_number=%u  di
0F75    73 6B 5F 74 61 62 5B 30 5D 3D 25 30 32 58 20 20 sk_tab[0]=%02X  
0F85    49 4E 54 34 31 68 3D 25 30 32 58 25 30 32 58 3A INT41h=%02X%02X:
0F95    25 30 32 58 25 30 32 58 0A 00                   %02X%02X..
0F9F                          L$794:
0F9F    43 41 52 52 59 00                               CARRY.
0FA5                          L$795:
0FA5    41 48 3D 30 30 20 72 65 73 65 74 20 20 41 58 3D AH=00 reset  AX=
0FB5    25 30 34 58 20 20 25 73 0A 00                   %04X  %s..
0FBF                          L$796:
0FBF    41 48 3D 30 32 20 72 65 61 64 20 20 20 41 58 3D AH=02 read   AX=
0FCF    25 30 34 58 20 20 25 73 0A 00                   %04X  %s..
0FD9                          L$797:
0FD9    41 48 3D 30 31 20 73 74 61 74 75 73 20 41 48 3D AH=01 status AH=
0FE9    25 30 32 58 20 20 20 62 64 61 2E 68 64 5F 73 74 %02X   bda.hd_st
0FF9    61 74 75 73 3D 25 30 32 58 0A 00                atus=%02X..
1004                          L$798:
1004    30 30 30 30 3A 37 43 30 30 20 3D 20 25 30 32 58 0000:7C00 = %02X
1014    20 25 30 32 58 20 2E 2E 2E 20 20 37 44 46 45 20  %02X ...  7DFE 
1024    3D 20 25 30 32 58 20 25 30 32 58 0A 00          = %02X %02X..
1031                          L$799:
1031    42 4F 4F 54 00                                  BOOT.
1036                          L$800:
1036    49 4E 54 20 31 39 68 20 2D 2D 20 74 68 65 20 6D INT 19h -- the m
1046    6F 6E 69 74 6F 72 20 64 6F 65 73 20 6E 6F 74 20 onitor does not 
1056    67 65 74 20 63 6F 6E 74 72 6F 6C 20 62 61 63 6B get control back
1066    0A 00                                           ..
1068                          L$801:
1068    48 44 49 4E 49 54 00                            HDINIT.
106F                          L$802:
106F    72 65 73 65 74 74 69 6E 67 20 74 68 65 20 49 44 resetting the ID
107F    45 20 69 6E 74 65 72 66 61 63 65 20 2E 2E 2E 0A E interface ....
108F    00                                              .
1090                          L$803:
1090    49 44 45 4E 54 00                               IDENT.
1096                          L$804:
1096    75 73 61 67 65 3A 20 49 44 45 4E 54 20 5B 64 72 usage: IDENT [dr
10A6    69 76 65 5D 20 20 20 30 20 3D 20 6D 61 73 74 65 ive]   0 = maste
10B6    72 2C 20 31 20 3D 20 73 6C 61 76 65 0A 00       r, 1 = slave..
10C4                          L$805:
10C4    4C 42 41 00                                     LBA.
10C8                          L$806:
10C8    75 73 61 67 65 3A 20 4C 42 41 20 3C 73 65 63 74 usage: LBA <sect
10D8    6F 72 3E 20 5B 64 72 69 76 65 5D 20 20 20 30 20 or> [drive]   0 
10E8    3D 20 6D 61 73 74 65 72 2C 20 31 20 3D 20 73 6C = master, 1 = sl
10F8    61 76 65 0A 00                                  ave..
10FD                          L$807:
10FD    4C 42 41 3A 20 32 38 2D 62 69 74 20 61 64 64 72 LBA: 28-bit addr
110D    65 73 73 69 6E 67 20 6F 6E 6C 79 2C 20 6D 61 78 essing only, max
111D    20 46 46 46 46 46 46 46 0A 00                    FFFFFFF..
1127                          L$808:
1127    4C 42 41 3A 20 64 72 69 76 65 20 69 73 20 30 20 LBA: drive is 0 
1137    6F 72 20 31 0A 00                               or 1..
113D                          L$809:
113D    49 4F 52 57 00                                  IORW.
1142                          L$810:
1142    49 4F 52 00                                     IOR.
1146                          L$811:
1146    75 73 61 67 65 3A 20 49 4F 52 20 3C 70 6F 72 74 usage: IOR <port
1156    3E 20 5B 63 6F 75 6E 74 5D 20 20 20 20 62 79 74 > [count]    byt
1166    65 20 70 6F 72 74 73 0A 20 20 20 20 20 20 20 49 e ports.       I
1176    4F 52 57 20 3C 70 6F 72 74 3E 20 5B 63 6F 75 6E ORW <port> [coun
1186    74 5D 20 20 20 77 6F 72 64 20 70 6F 72 74 73 0A t]   word ports.
1196    00                                              .
1197                          L$812:
1197    49 4F 52 3A 20 63 6F 75 6E 74 20 69 73 20 31 2E IOR: count is 1.
11A7    2E 25 58 0A 00                                  .%X..
11AC                          L$813:
11AC    49 4F 57 57 00                                  IOWW.
11B1                          L$814:
11B1    49 4F 57 00                                     IOW.
11B5                          L$815:
11B5    75 73 61 67 65 3A 20 49 4F 57 20 3C 70 6F 72 74 usage: IOW <port
11C5    3E 20 3C 62 79 74 65 3E 20 20 20 20 62 79 74 65 > <byte>    byte
11D5    20 70 6F 72 74 73 0A 20 20 20 20 20 20 20 49 4F  ports.       IO
11E5    57 57 20 3C 70 6F 72 74 3E 20 3C 77 6F 72 64 3E WW <port> <word>
11F5    20 20 20 77 6F 72 64 20 70 6F 72 74 73 0A 00       word ports..
1204                          L$816:
1204    49 4F 57 3A 20 61 20 76 61 6C 75 65 20 69 73 20 IOW: a value is 
1214    72 65 71 75 69 72 65 64 0A 00                   required..
121E                          L$817:
121E    30 30 30 30 2E 2E 46 46 46 46 00                0000..FFFF.
1229                          L$818:
1229    30 30 2E 2E 46 46 00                            00..FF.
1230                          L$819:
1230    49 4F 57 3A 20 76 61 6C 75 65 20 69 73 20 25 73 IOW: value is %s
1240    0A 00                                           ..
1242                          L$820:
1242    25 30 34 58 20 3C 2D 20 25 30 34 58 0A 00       %04X <- %04X..
1250                          L$821:
1250    25 30 34 58 20 3C 2D 20 25 30 32 58 0A 00       %04X <- %02X..
125E                          L$822:
125E    47 4F 00                                        GO.
1261                          L$823:
1261    47 4F 3A 20 52 65 61 6C 20 4D 6F 64 65 20 63 61 GO: Real Mode ca
1271    6E 6E 6F 74 20 72 65 61 63 68 20 61 62 6F 76 65 nnot reach above
1281    20 31 4D 62 20 2D 2D 20 67 69 76 65 20 74 68 65  1Mb -- give the
1291    20 61 64 64 72 65 73 73 20 61 73 20 73 65 67 3A  address as seg:
12A1    6F 66 66 0A 00                                  off..
12A6                          L$824:
12A6    75 73 61 67 65 3A 20 47 4F 20 3C 61 64 64 72 3E usage: GO <addr>
12B6    20 5B 41 58 20 5B 42 58 20 5B 43 58 20 5B 44 58  [AX [BX [CX [DX
12C6    5D 5D 5D 5D 0A 20 20 20 20 20 20 20 61 64 64 72 ]]]].       addr
12D6    20 69 73 20 46 30 30 30 3A 45 30 30 30 20 6F 72  is F000:E000 or
12E6    20 61 20 66 6C 61 74 20 46 45 30 30 30 0A 20 20  a flat FE000.  
12F6    20 20 20 20 20 74 68 65 20 74 61 72 67 65 74 20      the target 
1306    6D 75 73 74 20 72 65 74 75 72 6E 20 77 69 74 68 must return with
1316    20 61 20 66 61 72 20 52 45 54 0A 00              a far RET..
1322                          L$825:
1322    63 61 6C 6C 20 25 30 34 58 3A 25 30 34 58 20 20 call %04X:%04X  
1332    41 58 3D 25 30 34 58 20 42 58 3D 25 30 34 58 20 AX=%04X BX=%04X 
1342    43 58 3D 25 30 34 58 20 44 58 3D 25 30 34 58 20 CX=%04X DX=%04X 
1352    44 53 3D 25 30 34 58 0A 00                      DS=%04X..
135B                          L$826:
135B    62 61 63 6B 20 41 58 3D 25 30 34 58 20 42 58 3D back AX=%04X BX=
136B    25 30 34 58 20 43 58 3D 25 30 34 58 20 44 58 3D %04X CX=%04X DX=
137B    25 30 34 58 20 53 49 3D 25 30 34 58 20 44 49 3D %04X SI=%04X DI=
138B    25 30 34 58 0A 00                               %04X..
1391                          L$827:
1391    5A 52 00                                        ZR.
1394                          L$828:
1394    4E 5A 00                                        NZ.
1397                          L$829:
1397    43 59 00                                        CY.
139A                          L$830:
139A    4E 43 00                                        NC.
139D                          L$831:
139D    20 20 20 20 20 44 53 3D 25 30 34 58 20 45 53 3D      DS=%04X ES=
13AD    25 30 34 58 20 46 4C 3D 25 30 34 58 20 20 25 73 %04X FL=%04X  %s
13BD    20 25 73 0A 00                                   %s..
13C2                          L$832:
13C2    49 4E 54 31 35 00                               INT15.
13C8                          L$833:
13C8    75 73 61 67 65 3A 20 49 4E 54 31 35 20 38 36 20 usage: INT15 86 
13D8    5B 3C 75 73 65 63 3E 5D 0A 20 20 20 20 20 20 20 [<usec>].       
13E8    49 4E 54 31 35 20 38 37 20 3C 73 72 63 3E 20 3C INT15 87 <src> <
13F8    64 73 74 3E 20 5B 3C 77 6F 72 64 73 3E 5D 0A 20 dst> [<words>]. 
1408    20 20 20 20 20 20 49 4E 54 31 35 20 38 38 0A 20       INT15 88. 
1418    20 20 20 20 20 20 49 4E 54 31 35 20 43 30 0A 00       INT15 C0..
1428                          L$834:
1428    38 36 68 3A 20 67 69 76 65 20 61 20 6D 69 63 72 86h: give a micr
1438    6F 73 65 63 6F 6E 64 20 63 6F 75 6E 74 0A 00    osecond count..
1447                          L$835:
1447    31 6D 68 7A 20 63 6F 75 6E 74 65 72 20 28 74 68 1mhz counter (th
1457    65 20 50 68 61 73 65 20 34 20 77 6F 72 6B 29 00 e Phase 4 work).
1467                          L$836:
1467    31 38 2E 32 68 7A 20 74 69 63 6B 20 28 74 68 65 18.2hz tick (the
1477    20 6F 6C 64 20 70 61 74 68 29 00                 old path).
1482                          L$837:
1482    38 36 68 3A 20 25 73 20 70 61 74 68 0A 00       86h: %s path..
1490                          L$838:
1490    38 36 68 3A 20 43 59 20 2D 2D 20 72 65 66 75 73 86h: CY -- refus
14A0    65 64 20 61 66 74 65 72 20 25 64 20 63 61 6C 6C ed after %d call
14B0    28 73 29 0A 00                                  (s)..
14B5                          L$839:
14B5    38 36 68 3A 20 25 75 20 78 20 25 6C 75 20 75 73 86h: %u x %lu us
14C5    65 63 20 3D 20 25 6C 75 20 75 73 65 63 20 61 73 ec = %lu usec as
14D5    6B 65 64 0A 00                                  ked..
14DA                          L$840:
14DA    20 20 20 20 20 25 75 20 74 69 63 6B 73 20 3D 20      %u ticks = 
14EA    25 6C 75 20 75 73 65 63 20 6D 65 61 73 75 72 65 %lu usec measure
14FA    64 2C 20 2B 2F 2D 35 34 39 32 35 20 6F 6E 20 74 d, +/-54925 on t
150A    68 65 20 72 75 6E 0A 00                         he run..
1512                          L$841:
1512    20 20 20 20 20 25 6C 75 25 25 20 6F 66 20 77 68      %lu%% of wh
1522    61 74 20 77 61 73 20 61 73 6B 65 64 20 2D 2D 20 at was asked -- 
1532    77 61 6E 74 20 61 62 6F 75 74 20 31 30 30 0A 00 want about 100..
1542                          L$842:
1542    75 73 61 67 65 3A 20 49 4E 54 31 35 20 38 37 20 usage: INT15 87 
1552    3C 73 72 63 20 6C 69 6E 65 61 72 3E 20 3C 64 73 <src linear> <ds
1562    74 20 6C 69 6E 65 61 72 3E 20 5B 3C 77 6F 72 64 t linear> [<word
1572    73 3E 5D 0A 20 20 20 20 20 20 20 6C 69 6E 65 61 s>].       linea
1582    72 20 61 64 64 72 65 73 73 65 73 2C 20 73 6F 20 r addresses, so 
1592    31 30 30 30 30 30 20 69 73 20 74 68 65 20 31 4D 100000 is the 1M
15A2    62 20 6D 61 72 6B 0A 00                         b mark..
15AA                          L$843:
15AA    38 37 68 3A 20 31 20 74 6F 20 38 30 30 30 20 77 87h: 1 to 8000 w
15BA    6F 72 64 73 2C 20 61 6E 64 20 74 68 61 74 20 63 ords, and that c
15CA    6F 75 6E 74 20 69 73 20 68 65 78 0A 00          ount is hex..
15D7                          L$844:
15D7    38 37 68 3A 20 25 6C 75 20 77 6F 72 64 73 2C 20 87h: %lu words, 
15E7    25 30 38 6C 58 20 2D 3E 20 25 30 38 6C 58 2C 20 %08lX -> %08lX, 
15F7    47 44 54 20 61 74 20 25 30 34 58 3A 25 30 34 58 GDT at %04X:%04X
1607    0A 00                                           ..
1609                          L$845:
1609    43 59 20 2D 2D 20 66 61 69 6C 65 64 00          CY -- failed.
1616                          L$846:
1616    38 37 68 3A 20 41 48 3D 25 30 32 58 20 20 25 73 87h: AH=%02X  %s
1626    0A 00                                           ..
1628                          L$847:
1628    20 20 20 20 20 73 72 63 20 25 30 38 6C 58 3A 20      src %08lX: 
1638    00                                              .
1639                          L$848:
1639    20 20 20 20 20 64 73 74 20 25 30 38 6C 58 3A 20      dst %08lX: 
1649    00                                              .
164A                          L$849:
164A    0A 20 20 20 20 20 74 68 65 20 74 77 6F 20 6C 69 .     the two li
165A    6E 65 73 20 6D 75 73 74 20 61 67 72 65 65 0A 00 nes must agree..
166A                          L$850:
166A    43 59 20 2D 2D 20 72 65 66 75 73 65 64 00       CY -- refused.
1678                          L$851:
1678    38 38 68 3A 20 41 58 3D 25 30 34 58 20 3D 20 25 88h: AX=%04X = %
1688    75 20 4B 62 20 61 62 6F 76 65 20 31 4D 62 20 28 u Kb above 1Mb (
1698    25 75 20 4D 62 29 3B 20 20 42 44 41 20 68 6F 6C %u Mb);  BDA hol
16A8    64 73 20 25 75 20 4B 62 20 20 25 73 0A 00       ds %u Kb  %s..
16B6                          L$852:
16B6    43 30 68 3A 20 43 59 20 2D 2D 20 6E 6F 74 20 73 C0h: CY -- not s
16C6    75 70 70 6F 72 74 65 64 0A 00                   upported..
16D0                          L$853:
16D0    43 30 68 3A 20 74 61 62 6C 65 20 61 74 20 25 30 C0h: table at %0
16E0    34 58 3A 25 30 34 58 2C 20 25 75 20 62 79 74 65 4X:%04X, %u byte
16F0    73 20 66 6F 6C 6C 6F 77 0A 00                   s follow..
16FA                          L$854:
16FA    20 20 20 20 20 6D 6F 64 65 6C 20 25 30 32 58 20      model %02X 
170A    20 73 75 62 6D 6F 64 65 6C 20 25 30 32 58 20 20  submodel %02X  
171A    42 49 4F 53 20 72 65 76 20 25 30 32 58 0A 00    BIOS rev %02X..
1729                          L$855:
1729    52 54 43 00                                     RTC.
172D                          L$856:
172D    6E 6F 20 52 54 43 00                            no RTC.
1734                          L$857:
1734    32 6E 64 20 49 43 55 00                         2nd ICU.
173C                          L$858:
173C    6E 6F 20 32 6E 64 20 49 43 55 00                no 2nd ICU.
1747                          L$859:
1747    20 20 20 20 20 66 65 61 74 75 72 65 73 20 25 30      features %0
1757    32 58 20 25 30 32 58 20 25 30 32 58 20 25 30 32 2X %02X %02X %02
1767    58 20 25 30 32 58 20 2D 2D 20 25 73 2C 20 25 73 X %02X -- %s, %s
1777    0A 00                                           ..
1779                          L$860:
1779    49 4E 54 31 35 3A 20 38 36 2C 20 38 37 2C 20 38 INT15: 86, 87, 8
1789    38 20 61 6E 64 20 43 30 20 6F 6E 6C 79 0A 00    8 and C0 only..
1798                          L$861:
1798    57 44 54 00                                     WDT.
179C                          L$862:
179C    4F 4E 00                                        ON.
179F                          L$863:
179F    6F 66 66 00                                     off.
17A3                          L$864:
17A3    57 44 54 3A 20 57 44 54 53 54 41 54 55 53 20 25 WDT: WDTSTATUS %
17B3    30 32 58 20 2D 2D 20 62 75 73 20 6D 6F 6E 69 74 02X -- bus monit
17C3    6F 72 20 25 73 0A 00                            or %s..
17CA                          L$865:
17CA    6F 6E 00                                        on.
17CD                          L$866:
17CD    4F 46 46 00                                     OFF.
17D1                          L$867:
17D1    20 20 20 20 20 50 57 52 43 4F 4E 20 20 20 20 25      PWRCON    %
17E1    30 32 58 20 2D 2D 20 57 44 54 52 44 59 20 25 73 02X -- WDTRDY %s
17F1    2C 20 48 53 52 45 41 44 59 20 25 73 0A 00       , HSREADY %s..
17FF                          L$868:
17FF    20 20 20 20 20 72 65 6C 6F 61 64 20 25 30 34 58      reload %04X
180F    25 30 34 58 20 3D 20 25 6C 75 20 63 6F 75 6E 74 %04X = %lu count
181F    73 20 20 20 28 6E 65 76 65 72 20 77 72 69 74 74 s   (never writt
182F    65 6E 20 62 79 20 74 68 69 73 20 42 49 4F 53 29 en by this BIOS)
183F    0A 00                                           ..
1841                          L$869:
1841    20 20 20 20 20 63 6F 75 6E 74 20 00                  count .
184D                          L$870:
184D    20 25 30 34 58 25 30 34 58 00                    %04X%04X.
1857                          L$871:
1857    20 20 20 20 20 61 74 20 25 75 20 6D 68 7A 20 74      at %u mhz t
1867    68 61 74 20 69 73 20 61 62 6F 75 74 20 25 6C 75 hat is about %lu
1877    20 75 73 65 63 20 62 65 66 6F 72 65 20 52 45 41  usec before REA
1887    44 59 20 69 73 20 66 6F 72 63 65 64 0A 00       DY is forced..
1895                          L$872:
1895    20 20 20 20 20 63 6F 6D 70 61 72 65 20 61 67 61      compare aga
18A5    69 6E 73 74 20 74 68 65 20 73 6C 6F 77 65 73 74 inst the slowest
18B5    20 72 65 61 6C 20 61 63 63 65 73 73 3A 20 43 53  real access: CS
18C5    30 20 61 6E 64 20 43 53 31 20 72 75 6E 20 37 20 0 and CS1 run 7 
18D5    77 61 69 74 20 73 74 61 74 65 73 0A 00          wait states..
18E2                          L$873:
18E2    56 33 4B 42 44 00                               V3KBD.
18E8                          L$874:
18E8    53 43 41 4E 00                                  SCAN.
18ED                          L$875:
18ED    56 33 4B 42 44 3A 20 73 63 61 6E 20 63 6F 64 65 V3KBD: scan code
18FD    73 2E 20 20 41 6E 79 20 6B 65 79 20 6F 6E 20 74 s.  Any key on t
190D    68 65 20 73 65 72 69 61 6C 20 63 6F 6E 73 6F 6C he serial consol
191D    65 20 65 6E 64 73 20 69 74 2E 0A 00             e ends it...
1929                          L$876:
1929    49 52 51 00                                     IRQ.
192D                          L$877:
192D    48 49 47 48 00                                  HIGH.
1932                          L$878:
1932    74 6F 67 67 6C 69 6E 67 00                      toggling.
193B                          L$879:
193B    6C 6F 77 00                                     low.
193F                          L$880:
193F    69 64 6C 65 20 20 20 20 20 20 49 52 52 20 6D 61 idle      IRR ma
194F    73 74 65 72 20 25 30 32 58 20 73 6C 61 76 65 20 ster %02X slave 
195F    25 30 32 58 20 20 20 49 4E 54 30 20 25 73 0A 4E %02X   INT0 %s.N
196F    4F 57 20 50 52 45 53 53 20 41 4E 44 20 48 4F 4C OW PRESS AND HOL
197F    44 20 41 20 4B 45 59 20 6F 6E 20 74 68 65 20 50 D A KEY on the P
198F    53 2F 32 20 6B 65 79 62 6F 61 72 64 2E 20 20 46 S/2 keyboard.  F
199F    69 76 65 20 73 65 63 6F 6E 64 73 20 2E 2E 2E 0A ive seconds ....
19AF    00                                              .
19B0                          L$881:
19B0    77 65 6E 74 20 68 69 67 68 00                   went high.
19BA                          L$882:
19BA    77 69 74 68 20 6B 65 79 20 20 49 52 52 20 6D 61 with key  IRR ma
19CA    73 74 65 72 20 25 30 32 58 20 73 6C 61 76 65 20 ster %02X slave 
19DA    25 30 32 58 20 20 20 49 4E 54 30 20 25 73 20 20 %02X   INT0 %s  
19EA    20 38 32 34 32 20 73 74 61 74 75 73 20 25 30 32  8242 status %02
19FA    58 0A 00                                        X..
19FD                          L$883:
19FD    4F 42 46 20 6E 65 76 65 72 20 73 65 74 3A 20 6E OBF never set: n
1A0D    6F 20 73 63 61 6E 20 63 6F 64 65 20 61 72 72 69 o scan code arri
1A1D    76 65 64 2E 20 20 49 73 20 61 20 6B 65 79 62 6F ved.  Is a keybo
1A2D    61 72 64 20 70 6C 75 67 67 65 64 20 69 6E 3F 0A ard plugged in?.
1A3D    00                                              .
1A3E                          L$884:
1A3E    49 74 20 73 74 61 79 65 64 20 68 69 67 68 20 77 It stayed high w
1A4E    69 74 68 20 61 20 6B 65 79 20 68 65 6C 64 2E 00 ith a key held..
1A5E                          L$885:
1A5E    49 74 20 44 49 50 50 45 44 20 77 68 69 6C 65 20 It DIPPED while 
1A6E    61 20 6B 65 79 20 77 61 73 20 68 65 6C 64 2E 00 a key was held..
1A7E                          L$886:
1A7E    49 4E 54 30 20 72 65 73 74 73 20 48 49 47 48 20 INT0 rests HIGH 
1A8E    77 69 74 68 20 6E 6F 20 6B 65 79 2E 20 20 25 73 with no key.  %s
1A9E    0A 54 68 65 20 63 61 72 64 20 64 72 69 76 65 73 .The card drives
1AAE    20 74 68 65 20 6C 69 6E 65 20 61 73 73 65 72 74  the line assert
1ABE    65 64 20 61 74 20 72 65 73 74 3A 20 70 6F 6C 61 ed at rest: pola
1ACE    72 69 74 79 20 69 73 20 62 61 63 6B 77 61 72 64 rity is backward
1ADE    73 0A 66 6F 72 20 74 68 69 73 20 62 75 73 2E 20 s.for this bus. 
1AEE    20 54 72 79 20 74 68 65 20 2F 49 4E 54 20 70 6F  Try the /INT po
1AFE    73 69 74 69 6F 6E 2C 20 77 68 69 63 68 20 69 73 sition, which is
1B0E    20 61 63 74 69 76 65 20 6C 6F 77 20 62 79 0A 64  active low by.d
1B1E    65 66 69 6E 69 74 69 6F 6E 20 61 6E 64 20 72 65 efinition and re
1B2E    61 63 68 65 73 20 74 68 65 20 73 61 6D 65 20 49 aches the same I
1B3E    4E 54 30 20 70 69 6E 2E 0A 00                   NT0 pin...
1B48                          L$887:
1B48    41 20 63 6F 64 65 20 69 73 20 77 61 69 74 69 6E A code is waitin
1B58    67 2C 20 62 75 74 20 49 4E 54 30 20 6E 65 76 65 g, but INT0 neve
1B68    72 20 72 6F 73 65 20 61 6E 64 20 6E 6F 74 68 69 r rose and nothi
1B78    6E 67 20 6C 61 74 63 68 65 64 2E 0A 54 68 65 20 ng latched..The 
1B88    63 61 72 64 20 69 73 20 6E 6F 74 20 64 72 69 76 card is not driv
1B98    69 6E 67 20 2F 49 4E 54 20 6F 72 20 49 52 31 2E ing /INT or IR1.
1BA8    0A 00                                           ..
1BAA                          L$888:
1BAA    49 4E 54 30 20 72 6F 73 65 20 62 75 74 20 6E 6F INT0 rose but no
1BBA    74 68 69 6E 67 20 6C 61 74 63 68 65 64 20 69 6E thing latched in
1BCA    20 74 68 65 20 49 43 55 3A 20 74 68 65 20 70 69  the ICU: the pi
1BDA    6E 20 72 65 61 63 68 65 73 20 74 68 65 0A 43 50 n reaches the.CP
1BEA    55 20 61 6E 64 20 49 4E 54 43 46 47 20 6F 72 20 U and INTCFG or 
1BFA    49 43 57 31 20 69 73 20 6E 6F 74 20 74 61 6B 69 ICW1 is not taki
1C0A    6E 67 20 69 74 2E 0A 00                         ng it...
1C12                          L$889:
1C12    20 2D 2D 20 74 68 65 20 50 43 20 6B 65 79 62 6F  -- the PC keybo
1C22    61 72 64 20 6C 69 6E 65 3B 20 49 4E 54 20 30 39 ard line; INT 09
1C32    68 20 77 69 74 68 20 49 43 57 32 20 3D 20 30 38 h with ICW2 = 08
1C42    68 00                                           h.
1C44                          L$890:
1C44    00                                              .
1C45                          L$891:
1C45    6B 65 79 62 6F 61 72 64 20 72 61 69 73 65 73 20 keyboard raises 
1C55    49 52 25 75 25 73 0A 00                         IR%u%s..
1C5D                          L$892:
1C5D    56 33 4B 42 44 3A 20 73 74 61 74 75 73 20 25 30 V3KBD: status %0
1C6D    32 58 00                                        2X.
1C70                          L$893:
1C70    20 2D 2D 20 66 6C 6F 61 74 69 6E 67 2E 20 20 4E  -- floating.  N
1C80    6F 74 68 69 6E 67 20 61 6E 73 77 65 72 73 20 61 othing answers a
1C90    74 20 25 30 34 58 2E 0A 00                      t %04X...
1C99                          L$894:
1C99    20 20 28 4F 42 46 20 25 75 20 20 49 42 46 20 25   (OBF %u  IBF %
1CA9    75 20 20 53 59 53 20 25 75 20 20 49 4E 48 20 25 u  SYS %u  INH %
1CB9    75 29 0A 00                                     u)..
1CBD                          L$895:
1CBD    20 20 20 20 20 20 20 66 6C 75 73 68 65 64 20 25        flushed %
1CCD    30 32 58 0A 00                                  02X..
1CD2                          L$896:
1CD2    20 20 20 20 20 20 20 73 65 6C 66 2D 74 65 73 74        self-test
1CE2    3A 20 6E 6F 20 72 65 70 6C 79 2E 20 20 4E 6F 74 : no reply.  Not
1CF2    20 61 6E 20 38 30 34 32 2C 20 6F 72 20 6E 6F 74  an 8042, or not
1D02    20 72 75 6E 6E 69 6E 67 2E 0A 00                 running...
1D0D                          L$897:
1D0D    2D 2D 20 61 6E 20 38 30 34 32 2D 63 6C 61 73 73 -- an 8042-class
1D1D    20 63 6F 6E 74 72 6F 6C 6C 65 72 20 69 73 20 74  controller is t
1D2D    68 65 72 65 00                                  here.
1D32                          L$898:
1D32    2D 2D 20 57 52 4F 4E 47 2C 20 65 78 70 65 63 74 -- WRONG, expect
1D42    65 64 20 35 35 00                               ed 55.
1D48                          L$899:
1D48    20 20 20 20 20 20 20 73 65 6C 66 2D 74 65 73 74        self-test
1D58    20 25 30 32 58 20 25 73 0A 00                    %02X %s..
1D62                          L$900:
1D62    2D 2D 20 63 6C 6F 63 6B 20 61 6E 64 20 64 61 74 -- clock and dat
1D72    61 20 6C 69 6E 65 73 20 67 6F 6F 64 00          a lines good.
1D7F                          L$901:
1D7F    2D 2D 20 43 4C 4F 43 4B 20 53 54 55 43 4B 20 4C -- CLOCK STUCK L
1D8F    4F 57 00                                        OW.
1D92                          L$902:
1D92    2D 2D 20 43 4C 4F 43 4B 20 53 54 55 43 4B 20 48 -- CLOCK STUCK H
1DA2    49 47 48 00                                     IGH.
1DA6                          L$903:
1DA6    2D 2D 20 44 41 54 41 20 53 54 55 43 4B 20 4C 4F -- DATA STUCK LO
1DB6    57 00                                           W.
1DB8                          L$904:
1DB8    2D 2D 20 44 41 54 41 20 53 54 55 43 4B 20 48 49 -- DATA STUCK HI
1DC8    47 48 00                                        GH.
1DCB                          L$905:
1DCB    2D 2D 20 75 6E 6B 6E 6F 77 6E 00                -- unknown.
1DD6                          L$906:
1DD6    20 20 20 20 20 20 20 69 6E 74 65 72 66 61 63 65        interface
1DE6    20 74 65 73 74 20 25 30 32 58 20 25 73 0A 00     test %02X %s..
1DF5                          L$907:
1DF5    20 20 20 20 20 20 20 69 6E 74 65 72 66 61 63 65        interface
1E05    20 74 65 73 74 3A 20 6E 6F 20 72 65 70 6C 79 0A  test: no reply.
1E15    00                                              .
1E16                          L$908:
1E16    44 49 53 41 42 4C 45 44 00                      DISABLED.
1E1F                          L$909:
1E1F    65 6E 61 62 6C 65 64 00                         enabled.
1E27                          L$910:
1E27    4F 4E 20 28 73 65 74 20 31 20 64 65 6C 69 76 65 ON (set 1 delive
1E37    72 65 64 29 00                                  red).
1E3C                          L$911:
1E3C    6F 66 66 20 28 73 65 74 20 32 20 72 61 77 29 00 off (set 2 raw).
1E4C                          L$912:
1E4C    20 20 20 20 20 20 20 63 6F 6D 6D 61 6E 64 20 62        command b
1E5C    79 74 65 20 25 30 32 58 3A 20 6B 62 64 20 49 52 yte %02X: kbd IR
1E6C    51 20 25 73 2C 20 74 72 61 6E 73 6C 61 74 65 20 Q %s, translate 
1E7C    25 73 2C 20 6B 62 64 20 25 73 0A 00             %s, kbd %s..
1E88                          L$913:
1E88    20 20 20 20 20 20 20 6B 65 79 62 6F 61 72 64 20        keyboard 
1E98    72 65 73 65 74 3A 20 6E 6F 20 72 65 70 6C 79 2E reset: no reply.
1EA8    20 20 4E 6F 20 6B 65 79 62 6F 61 72 64 20 70 6C   No keyboard pl
1EB8    75 67 67 65 64 20 69 6E 2C 0A 20 20 20 20 20 20 ugged in,.      
1EC8    20 6F 72 20 69 74 20 69 73 20 6E 6F 74 20 67 65  or it is not ge
1ED8    74 74 69 6E 67 20 70 6F 77 65 72 2E 20 20 54 68 tting power.  Th
1EE8    65 20 63 6F 6E 74 72 6F 6C 6C 65 72 20 69 73 20 e controller is 
1EF8    66 69 6E 65 2E 0A 00                            fine...
1EFF                          L$914:
1EFF    20 20 20 20 20 20 20 6B 65 79 62 6F 61 72 64 20        keyboard 
1F0F    72 65 73 65 74 3A 20 25 30 32 58 00             reset: %02X.
1F1B                          L$915:
1F1B    20 25 30 32 58 00                                %02X.
1F21                          L$916:
1F21    20 2D 2D 20 6B 65 79 62 6F 61 72 64 20 70 61 73  -- keyboard pas
1F31    73 65 64 20 69 74 73 20 73 65 6C 66 2D 74 65 73 sed its self-tes
1F41    74 0A 00                                        t..
1F44                          L$917:
1F44    20 2D 2D 20 65 78 70 65 63 74 65 64 20 46 41 20  -- expected FA 
1F54    74 68 65 6E 20 41 41 0A 00                      then AA..
1F5D                          L$918:
1F5D    20 20 20 20 20 20 20 56 33 4B 42 44 20 53 43 41        V3KBD SCA
1F6D    4E 20 73 68 6F 77 73 20 63 6F 64 65 73 3B 20 56 N shows codes; V
1F7D    33 4B 42 44 20 49 52 51 20 66 69 6E 64 73 20 74 3KBD IRQ finds t
1F8D    68 65 20 69 6E 74 65 72 72 75 70 74 2E 0A 00    he interrupt...
1F9C                          L$919:
1F9C    56 33 43 52 54 43 00                            V3CRTC.
1FA3                          L$920:
1FA3    56 33 43 52 54 43 3A 20 25 30 34 58 20 61 73 20 V3CRTC: %04X as 
1FB3    61 64 64 72 65 73 73 20 64 69 64 20 6E 6F 74 20 address did not 
1FC3    61 6E 73 77 65 72 3B 20 74 72 79 69 6E 67 20 69 answer; trying i
1FD3    74 20 74 68 65 20 6F 74 68 65 72 0A 20 20 20 20 t the other.    
1FE3    20 20 20 20 77 61 79 20 72 6F 75 6E 64 2E 0A 00     way round...
1FF3                          L$921:
1FF3    56 33 43 52 54 43 3A 20 6E 65 69 74 68 65 72 20 V3CRTC: neither 
2003    6F 72 64 65 72 20 61 6E 73 77 65 72 73 2E 20 20 order answers.  
2013    52 31 34 2F 52 31 35 20 72 65 61 64 20 62 61 63 R14/R15 read bac
2023    6B 20 25 30 32 58 2F 25 30 32 58 0A 00          k %02X/%02X..
2030                          L$922:
2030    20 20 20 20 20 20 20 20 54 68 65 20 33 32 4B 20         The 32K 
2040    61 6E 73 77 65 72 65 64 2C 20 73 6F 20 74 68 65 answered, so the
2050    20 62 6F 61 72 64 20 69 73 20 73 65 6C 65 63 74  board is select
2060    65 64 20 61 6E 64 20 74 68 65 0A 20 20 20 20 20 ed and the.     
2070    20 20 20 66 61 75 6C 74 20 69 73 20 74 68 65 20    fault is the 
2080    43 52 54 43 20 69 74 73 65 6C 66 20 6F 72 20 69 CRTC itself or i
2090    74 73 20 6F 77 6E 20 64 65 63 6F 64 65 20 2D 2D ts own decode --
20A0    20 6E 6F 74 20 74 68 65 0A 20 20 20 20 20 20 20  not the.       
20B0    20 49 2F 4F 20 62 6C 6F 63 6B 2E 0A 00           I/O block...
20BD                          L$923:
20BD    56 33 43 52 54 43 3A 20 61 64 64 72 65 73 73 20 V3CRTC: address 
20CD    72 65 67 69 73 74 65 72 20 25 30 34 58 2C 20 64 register %04X, d
20DD    61 74 61 20 72 65 67 69 73 74 65 72 20 25 30 34 ata register %04
20ED    58 0A 00                                        X..
20F0                          L$924:
20F0    20 20 20 20 20 20 20 20 52 31 34 2F 52 31 35 20         R14/R15 
2100    68 6F 6C 64 20 74 77 6F 20 70 61 74 74 65 72 6E hold two pattern
2110    73 2E 20 20 54 68 65 20 43 52 54 43 20 69 73 20 s.  The CRTC is 
2120    74 68 65 72 65 2E 0A 00                         there...
2128                          L$925:
2128    20 20 20 20 20 20 20 20 52 31 34 20 25 30 32 58         R14 %02X
2138    20 20 52 31 35 20 25 30 32 58 20 20 52 31 36 20   R15 %02X  R16 
2148    25 30 32 58 20 20 52 31 37 20 25 30 32 58 0A 00 %02X  R17 %02X..
2158                          L$926:
2158    56 49 44 45 4F 00                               VIDEO.
215E                          L$927:
215E    56 49 44 45 4F 3A 20 74 68 65 20 56 47 41 33 20 VIDEO: the VGA3 
216E    69 73 20 6E 6F 74 20 6F 6E 2E 20 20 49 73 20 74 is not on.  Is t
217E    68 65 20 62 6F 61 72 64 20 69 6E 3F 0A 00       he board in?..
218C                          L$928:
218C    66 67 00                                        fg.
218F                          L$929:
218F    30 31 32 33 34 35 36 37 38 39 41 42 43 44 45 46 0123456789ABCDEF
219F    00                                              .
21A0                          L$930:
21A0    62 67 00                                        bg.
21A3                          L$931:
21A3    62 6C 69 6E 6B 20 6F 72 20 62 72 69 67 68 74 3F blink or bright?
21B3    00                                              .
21B4                          L$932:
21B4    49 42 4D 20 33 32 37 30 20 66 61 63 65 00       IBM 3270 face.
21C2                          L$933:
21C2    76 69 61 20 49 4E 54 20 31 30 68 00             via INT 10h.
21CE                          L$934:
21CE    72 65 76 65 72 73 65 00                         reverse.
21D6                          L$935:
21D6    54 68 65 20 71 75 69 63 6B 20 62 72 6F 77 6E 20 The quick brown 
21E6    66 6F 78 20 6A 75 6D 70 73 20 6F 76 65 72 20 74 fox jumps over t
21F6    68 65 20 6C 61 7A 79 20 64 6F 67 20 30 31 32 33 he lazy dog 0123
2206    34 35 36 37 38 39 00                            456789.
220D                          L$936:
220D    56 49 44 45 4F 3A 20 74 65 73 74 20 73 63 72 65 VIDEO: test scre
221D    65 6E 20 70 61 69 6E 74 65 64 20 74 68 72 6F 75 en painted throu
222D    67 68 20 49 4E 54 20 31 30 68 2E 0A 00          gh INT 10h...
223A                          L$937:
223A    56 33 52 44 43 48 4B 00                         V3RDCHK.
2242                          L$938:
2242    56 33 52 44 43 48 4B 3A 20 74 68 65 20 56 47 41 V3RDCHK: the VGA
2252    33 20 69 73 20 6E 6F 74 20 6F 6E 2E 0A 00       3 is not on...
2260                          L$939:
2260    56 33 52 44 43 48 4B 3A 20 33 32 30 30 30 20 72 V3RDCHK: 32000 r
2270    65 61 64 73 20 6F 66 20 74 68 65 20 6C 69 76 65 eads of the live
2280    20 73 63 72 65 65 6E 2C 20 61 6C 6C 20 63 6F 72  screen, all cor
2290    72 65 63 74 2E 0A 20 20 20 20 20 20 20 20 20 54 rect..         T
22A0    68 65 20 43 50 55 20 77 69 6E 73 20 74 68 65 20 he CPU wins the 
22B0    52 41 4D 3B 20 72 65 61 64 73 20 61 72 65 20 63 RAM; reads are c
22C0    6C 65 61 6E 2E 0A 00                            lean...
22C7                          L$940:
22C7    56 33 52 44 43 48 4B 3A 20 25 75 20 6F 66 20 33 V3RDCHK: %u of 3
22D7    32 30 30 30 20 72 65 61 64 73 20 57 52 4F 4E 47 2000 reads WRONG
22E7    2C 20 66 69 72 73 74 20 61 74 20 6F 66 66 73 65 , first at offse
22F7    74 20 25 30 34 58 2E 0A 20 20 20 20 20 20 20 20 t %04X..        
2307    20 52 65 61 64 73 20 64 75 72 69 6E 67 20 64 69  Reads during di
2317    73 70 6C 61 79 20 72 65 74 75 72 6E 20 74 68 65 splay return the
2327    20 43 52 54 43 27 73 20 64 61 74 61 2E 0A 00     CRTC's data...
2336                          L$941:
2336    56 33 42 45 41 4D 00                            V3BEAM.
233D                          L$942:
233D    56 33 42 45 41 4D 3A 20 74 68 65 20 56 47 41 33 V3BEAM: the VGA3
234D    20 69 73 20 6E 6F 74 20 6F 6E 2E 0A 00           is not on...
235A                          L$943:
235A    56 33 42 45 41 4D 3A 20 52 33 31 20 62 69 74 20 V3BEAM: R31 bit 
236A    31 20 6E 65 76 65 72 20 63 68 61 6E 67 65 64 20 1 never changed 
237A    28 52 33 31 20 3D 20 25 30 32 58 29 2E 20 20 4E (R31 = %02X).  N
238A    6F 20 62 6C 61 6E 6B 69 6E 67 20 73 74 61 74 75 o blanking statu
239A    73 20 68 65 72 65 2E 0A 00                      s here...
23A3                          L$944:
23A3    56 33 42 45 41 4D 3A 20 66 72 61 6D 65 20 25 75 V3BEAM: frame %u
23B3    20 75 73 20 3D 20 25 6C 75 20 6C 69 6E 65 73 2C  us = %lu lines,
23C3    20 62 6C 61 6E 6B 69 6E 67 20 25 75 20 75 73 20  blanking %u us 
23D3    3D 20 25 6C 75 20 6C 69 6E 65 73 0A 00          = %lu lines..
23E0                          L$945:
23E0    56 33 44 55 4D 50 00                            V3DUMP.
23E7                          L$946:
23E7    75 73 61 67 65 3A 20 56 33 44 55 4D 50 20 3C 61 usage: V3DUMP <a
23F7    64 64 72 3E 20 5B 3C 63 6F 75 6E 74 3E 5D 0A 00 ddr> [<count>]..
2407                          L$947:
2407    25 73 25 30 34 58 20 00                         %s%04X .
240F                          L$948:
240F    56 47 41 33 00                                  VGA3.
2414                          L$949:
2414    56 47 41 33 3A 20 25 30 34 58 20 3C 2D 20 25 30 VGA3: %04X <- %0
2424    32 58 2C 20 72 65 61 64 73 20 25 30 32 58 0A 00 2X, reads %02X..
2434                          L$950:
2434    56 47 41 33 3A 20 25 30 34 58 20 3D 20 25 30 32 VGA3: %04X = %02
2444    58 0A 00                                        X..
2447                          L$951:
2447    56 47 41 33 3A 20 49 2F 4F 20 25 30 34 58 2E 2E VGA3: I/O %04X..
2457    25 30 34 58 20 20 28 6B 62 64 20 25 30 34 58 2F %04X  (kbd %04X/
2467    25 30 34 58 20 20 63 72 74 63 20 25 30 34 58 2F %04X  crtc %04X/
2477    25 30 34 58 20 20 63 66 67 20 25 30 34 58 29 0A %04X  cfg %04X).
2487    00                                              .
2488                          L$952:
2488    20 20 20 20 20 20 64 61 74 61 20 70 61 74 68 20       data path 
2498    61 74 20 30 30 30 30 3A 20 77 72 6F 74 65 20 35 at 0000: wrote 5
24A8    35 20 72 65 61 64 20 25 30 32 58 2C 20 20 77 72 5 read %02X,  wr
24B8    6F 74 65 20 41 41 20 72 65 61 64 20 25 30 32 58 ote AA read %02X
24C8    0A 00                                           ..
24CA                          L$953:
24CA    20 20 20 20 20 20 4E 6F 74 68 69 6E 67 20 69 73       Nothing is
24DA    20 68 6F 6C 64 69 6E 67 20 64 61 74 61 2E 20 20  holding data.  
24EA    43 68 65 63 6B 20 50 33 20 69 73 20 6A 75 6D 70 Check P3 is jump
24FA    65 72 65 64 20 45 30 68 2C 20 61 6E 64 0A 20 20 ered E0h, and.  
250A    20 20 20 20 74 68 61 74 20 74 68 65 20 62 6F 61     that the boa
251A    72 64 20 69 73 20 73 65 61 74 65 64 20 2D 2D 20 rd is seated -- 
252A    61 6E 20 75 6E 64 65 63 6F 64 65 64 20 72 65 61 an undecoded rea
253A    64 20 67 69 76 65 73 20 46 46 0A 20 20 20 20 20 d gives FF.     
254A    20 68 65 72 65 20 61 6E 64 20 63 6F 73 74 73 20  here and costs 
255A    32 30 39 6D 73 20 61 20 74 69 6D 65 2C 20 73 6F 209ms a time, so
256A    20 61 20 77 72 6F 6E 67 20 62 6C 6F 63 6B 20 69  a wrong block i
257A    73 20 73 6C 6F 77 0A 20 20 20 20 20 20 61 73 20 s slow.      as 
258A    77 65 6C 6C 20 61 73 20 77 72 6F 6E 67 2E 0A 00 well as wrong...
259A                          L$954:
259A    20 20 20 20 20 20 77 72 69 74 69 6E 67 20 61 6C       writing al
25AA    6C 20 25 75 20 62 79 74 65 73 20 2E 2E 2E 0A 00 l %u bytes .....
25BA                          L$955:
25BA    20 20 20 20 20 20 25 30 34 58 3A 20 77 61 6E 74       %04X: want
25CA    20 25 30 32 58 20 67 6F 74 20 25 30 32 58 0A 00  %02X got %02X..
25DA                          L$956:
25DA    20 20 20 20 20 20 61 6C 6C 20 25 75 20 62 79 74       all %u byt
25EA    65 73 20 76 65 72 69 66 69 65 64 2E 20 20 54 68 es verified.  Th
25FA    65 20 62 6F 61 72 64 20 69 73 20 74 68 65 72 65 e board is there
260A    20 61 6E 64 20 69 74 73 0A 20 20 20 20 20 20 61  and its.      a
261A    64 64 72 65 73 73 20 70 61 74 68 20 69 73 20 73 ddress path is s
262A    6F 75 6E 64 2E 0A 00                            ound...
2631                          L$957:
2631    20 20 20 20 20 20 25 75 20 62 79 74 65 28 73 29       %u byte(s)
2641    20 77 72 6F 6E 67 2C 20 66 69 72 73 74 20 61 74  wrong, first at
2651    20 25 30 34 58 2E 0A 00                          %04X...
2659                          L$958:
2659    20 20 20 20 20 20 57 72 6F 6E 67 20 65 76 65 72       Wrong ever
2669    79 77 68 65 72 65 20 69 73 20 61 20 64 61 74 61 ywhere is a data
2679    20 70 61 74 68 20 66 61 75 6C 74 3B 20 77 72 6F  path fault; wro
2689    6E 67 20 69 6E 20 62 6C 6F 63 6B 73 0A 20 20 20 ng in blocks.   
2699    20 20 20 74 68 61 74 20 72 65 70 65 61 74 20 69    that repeat i
26A9    73 20 61 6E 20 61 64 64 72 65 73 73 20 6C 69 6E s an address lin
26B9    65 2C 20 61 6E 64 20 74 68 65 20 72 65 70 65 61 e, and the repea
26C9    74 20 69 6E 74 65 72 76 61 6C 0A 20 20 20 20 20 t interval.     
26D9    20 6E 61 6D 65 73 20 77 68 69 63 68 20 6F 6E 65  names which one
26E9    2E 0A 00                                        ...
26EC                          L$959:
26EC    49 4F 54 49 4D 45 00                            IOTIME.
26F3                          L$960:
26F3    75 73 61 67 65 3A 20 49 4F 54 49 4D 45 20 3C 70 usage: IOTIME <p
2703    6F 72 74 3E 20 5B 3C 72 65 61 64 73 3E 5D 0A 20 ort> [<reads>]. 
2713    20 20 20 20 20 20 68 65 78 2C 20 61 73 20 65 76       hex, as ev
2723    65 72 79 77 68 65 72 65 20 68 65 72 65 3B 20 64 erywhere here; d
2733    65 66 61 75 6C 74 20 38 20 72 65 61 64 73 0A 20 efault 8 reads. 
2743    20 20 20 20 20 20 74 72 79 20 61 20 64 65 63 6F       try a deco
2753    64 65 64 20 70 6F 72 74 20 28 31 46 37 2C 20 46 ded port (1F7, F
2763    38 33 34 29 20 61 67 61 69 6E 73 74 20 61 6E 20 834) against an 
2773    75 6E 64 65 63 6F 64 65 64 20 6F 6E 65 20 28 36 undecoded one (6
2783    34 2C 20 33 30 30 29 0A 00                      4, 300)..
278C                          L$961:
278C    49 4F 54 49 4D 45 3A 20 25 75 20 72 65 61 64 28 IOTIME: %u read(
279C    73 29 20 6F 66 20 70 6F 72 74 20 25 30 34 58 20 s) of port %04X 
27AC    2E 2E 2E 0A 00                                  .....
27B1                          L$962:
27B1    49 4F 54 49 4D 45 3A 20 75 6E 64 65 72 20 6F 6E IOTIME: under on
27C1    65 20 74 69 63 6B 20 66 6F 72 20 61 6C 6C 20 25 e tick for all %
27D1    75 20 2D 2D 20 66 61 73 74 65 72 20 74 68 61 6E u -- faster than
27E1    20 25 6C 75 20 75 73 65 63 20 65 61 63 68 2E 0A  %lu usec each..
27F1    00                                              .
27F2                          L$963:
27F2    20 20 20 20 20 20 20 20 54 68 61 74 20 70 6F 72         That por
2802    74 20 61 6E 73 77 65 72 73 2E 20 54 68 65 20 77 t answers. The w
2812    61 74 63 68 64 6F 67 20 69 73 20 6E 6F 74 20 69 atchdog is not i
2822    6E 76 6F 6C 76 65 64 2E 0A 00                   nvolved...
282C                          L$964:
282C    49 4F 54 49 4D 45 3A 20 25 75 20 74 69 63 6B 28 IOTIME: %u tick(
283C    73 29 20 66 6F 72 20 25 75 20 72 65 61 64 73 20 s) for %u reads 
284C    3D 20 61 62 6F 75 74 20 25 6C 75 20 75 73 65 63 = about %lu usec
285C    20 65 61 63 68 0A 00                             each..
2863                          L$965:
2863    20 20 20 20 20 20 20 20 25 6C 75 20 75 73 65 63         %lu usec
2873    20 61 20 72 65 61 64 20 42 59 20 54 48 45 20 54  a read BY THE T
2883    49 43 4B 20 2D 2D 20 77 68 69 63 68 20 75 6E 64 ICK -- which und
2893    65 72 63 6F 75 6E 74 73 2E 0A 00                ercounts...
289E                          L$966:
289E    20 20 20 20 20 20 20 20 41 20 73 74 61 6C 6C 20         A stall 
28AE    6C 6F 6E 67 20 65 6E 6F 75 67 68 20 74 6F 20 6D long enough to m
28BE    65 61 73 75 72 65 20 69 73 20 6C 6F 6E 67 20 65 easure is long e
28CE    6E 6F 75 67 68 20 74 6F 20 6C 6F 73 65 0A 20 20 nough to lose.  
28DE    20 20 20 20 20 20 49 52 51 30 73 3A 20 74 68 65       IRQ0s: the
28EE    20 38 32 35 39 20 6C 61 74 63 68 65 73 20 6F 6E  8259 latches on
28FE    65 20 61 6E 64 20 64 72 6F 70 73 20 74 68 65 20 e and drops the 
290E    72 65 73 74 2C 20 73 6F 20 74 68 69 73 0A 20 20 rest, so this.  
291E    20 20 20 20 20 20 63 6F 75 6E 74 73 20 72 65 61       counts rea
292E    64 73 2C 20 6E 6F 74 20 74 69 6D 65 3B 20 74 68 ds, not time; th
293E    65 20 52 54 43 20 67 69 76 65 73 20 74 68 65 20 e RTC gives the 
294E    72 65 61 6C 20 66 69 67 75 72 65 2E 0A 00       real figure...
295C                          L$967:
295C    49 4E 54 31 33 00                               INT13.
2962                          L$968:
2962    75 73 61 67 65 3A 20 49 4E 54 31 33 20 5B 64 72 usage: INT13 [dr
2972    69 76 65 5D 20 20 20 30 20 3D 20 6D 61 73 74 65 ive]   0 = maste
2982    72 2C 20 31 20 3D 20 73 6C 61 76 65 0A 00       r, 1 = slave..
2990                          L$969:
2990    49 4E 54 31 33 3A 20 64 72 69 76 65 20 25 30 32 INT13: drive %02
29A0    58 20 41 48 3D 30 38 68 20 66 61 69 6C 65 64 2C X AH=08h failed,
29B0    20 41 48 3D 25 30 32 58 0A 00                    AH=%02X..
29BA                          L$970:
29BA    49 4E 54 31 33 3A 20 64 72 69 76 65 20 25 30 32 INT13: drive %02
29CA    58 20 2D 2D 20 25 75 20 63 79 6C 2C 20 25 75 20 X -- %u cyl, %u 
29DA    68 65 61 64 2C 20 25 75 20 73 65 63 2F 74 72 6B head, %u sec/trk
29EA    3B 20 20 25 75 20 64 72 69 76 65 28 73 29 20 70 ;  %u drive(s) p
29FA    72 65 73 65 6E 74 0A 00                         resent..
2A02                          L$971:
2A02    49 4E 54 31 33 3A 20 7A 65 72 6F 20 73 65 63 74 INT13: zero sect
2A12    6F 72 73 20 70 65 72 20 74 72 61 63 6B 20 2D 2D ors per track --
2A22    20 74 68 61 74 20 67 65 6F 6D 65 74 72 79 20 69  that geometry i
2A32    73 20 75 6E 75 73 61 62 6C 65 0A 00             s unusable..
2A3E                          L$972:
2A3E    20 20 20 20 20 20 20 72 65 61 64 69 6E 67 20 43        reading C
2A4E    25 75 20 48 25 75 20 53 25 75 2C 20 77 68 69 63 %u H%u S%u, whic
2A5E    68 20 69 73 20 4C 42 41 20 25 6C 75 0A 00       h is LBA %lu..
2A6C                          L$973:
2A6C    49 4E 54 31 33 3A 20 41 48 3D 30 32 68 20 66 61 INT13: AH=02h fa
2A7C    69 6C 65 64 2C 20 41 48 3D 25 30 32 58 0A 00    iled, AH=%02X..
2A8B                          L$974:
2A8B    49 4E 54 31 33 3A 20 74 68 65 20 64 72 69 76 65 INT13: the drive
2A9B    72 20 63 6F 75 6C 64 20 6E 6F 74 20 72 65 61 64 r could not read
2AAB    20 4C 42 41 20 25 6C 75 2C 20 73 74 61 74 75 73  LBA %lu, status
2ABB    20 25 30 32 58 0A 00                             %02X..
2AC2                          L$975:
2AC2    49 4E 54 31 33 3A 20 64 69 66 66 65 72 73 20 61 INT13: differs a
2AD2    74 20 62 79 74 65 20 25 75 20 2D 2D 20 49 4E 54 t byte %u -- INT
2AE2    20 31 33 68 20 25 30 32 58 2C 20 64 72 69 76 65  13h %02X, drive
2AF2    72 20 25 30 32 58 0A 00                         r %02X..
2AFA                          L$976:
2AFA    49 4E 54 31 33 3A 20 25 73 20 2D 2D 20 49 4E 54 INT13: %s -- INT
2B0A    20 31 33 68 20 43 25 75 20 48 25 75 20 53 25 75  13h C%u H%u S%u
2B1A    20 61 6E 64 20 74 68 65 20 64 72 69 76 65 72 20  and the driver 
2B2A    61 74 20 4C 42 41 20 25 6C 75 20 61 67 72 65 65 at LBA %lu agree
2B3A    0A 00                                           ..
2B3C                          L$977:
2B3C    46 44 43 00                                     FDC.
2B40                          L$978:
2B40    46 44 43 3A 20 6D 61 69 6E 20 73 74 61 74 75 73 FDC: main status
2B50    20 72 65 67 69 73 74 65 72 20 2D 2D 00           register --.
2B5D                          L$979:
2B5D    20 20 25 30 33 58 3D 25 30 32 58 00               %03X=%02X.
2B69                          L$980:
2B69    20 20 20 20 20 64 69 67 69 74 61 6C 20 69 6E 70      digital inp
2B79    75 74 20 34 33 38 3D 25 30 32 58 20 20 20 28 62 ut 438=%02X   (b
2B89    69 74 20 30 20 69 73 20 7E 44 43 2C 20 64 69 73 it 0 is ~DC, dis
2B99    6B 20 63 68 61 6E 67 65 29 0A 00                k change)..
2BA4                          L$981:
2BA4    46 44 43 3A 20 6E 6F 74 68 69 6E 67 20 61 6E 73 FDC: nothing ans
2BB4    77 65 72 69 6E 67 2E 20 20 46 46 20 69 73 20 61 wering.  FF is a
2BC4    20 66 6C 6F 61 74 69 6E 67 20 62 75 73 20 2D 2D  floating bus --
2BD4    20 6E 6F 20 63 61 72 64 2C 20 6F 72 20 6E 6F 74  no card, or not
2BE4    20 6A 75 6D 70 65 72 65 64 20 74 6F 20 33 30 68  jumpered to 30h
2BF4    2D 33 46 68 2E 0A 00                            -3Fh...
2BFB                          L$982:
2BFB    20 68 65 6C 64 20 69 6E 20 72 65 73 65 74 2C 20  held in reset, 
2C0B    61 73 20 65 78 70 65 63 74 65 64 20 61 66 74 65 as expected afte
2C1B    72 20 70 6F 77 65 72 2D 6F 6E 3B 00             r power-on;.
2C27                          L$983:
2C27    20 69 64 6C 65 3B 00                             idle;.
2C2E                          L$984:
2C2E    20 77 65 64 67 65 64 20 6D 69 64 2D 63 6F 6D 6D  wedged mid-comm
2C3E    61 6E 64 3B 00                                  and;.
2C43                          L$985:
2C43    46 44 43 3A 20 4D 53 52 20 25 30 32 58 20 61 74 FDC: MSR %02X at
2C53    20 25 30 33 58 20 2D 2D 25 73 20 70 75 6C 73 69  %03X --%s pulsi
2C63    6E 67 20 72 65 73 65 74 20 28 6C 61 74 63 68 20 ng reset (latch 
2C73    34 33 38 20 3C 2D 20 30 30 20 74 68 65 6E 20 38 438 <- 00 then 8
2C83    30 29 0A 00                                     0)..
2C87                          L$986:
2C87    20 42 55 53 59 00                                BUSY.
2C8D                          L$987:
2C8D    20 69 64 6C 65 00                                idle.
2C93                          L$988:
2C93    20 45 58 45 43 00                                EXEC.
2C99                          L$989:
2C99    20 44 49 4F 3D 69 6E 00                          DIO=in.
2CA1                          L$990:
2CA1    20 44 49 4F 3D 6F 75 74 00                       DIO=out.
2CAA                          L$991:
2CAA    20 52 51 4D 00                                   RQM.
2CAF                          L$992:
2CAF    20 28 6E 6F 20 52 51 4D 29 00                    (no RQM).
2CB9                          L$993:
2CB9    46 44 43 3A 20 4D 53 52 20 25 30 32 58 20 2D 2D FDC: MSR %02X --
2CC9    25 73 25 73 25 73 25 73 0A 00                   %s%s%s%s..
2CD3                          L$994:
2CD3    20 20 20 20 20 73 74 69 6C 6C 20 6E 6F 74 20 72      still not r
2CE3    65 61 64 79 20 66 6F 72 20 61 20 63 6F 6D 6D 61 eady for a comma
2CF3    6E 64 20 28 77 61 6E 74 20 52 51 4D 20 73 65 74 nd (want RQM set
2D03    2C 20 44 49 4F 20 63 6C 65 61 72 29 2E 0A 00    , DIO clear)...
2D12                          L$995:
2D12    20 20 20 20 20 63 6F 6D 6D 61 6E 64 20 74 61 6B      command tak
2D22    65 6E 20 62 75 74 20 6E 6F 20 72 65 73 75 6C 74 en but no result
2D32    20 70 68 61 73 65 2C 20 4D 53 52 20 25 30 32 58  phase, MSR %02X
2D42    0A 00                                           ..
2D44                          L$996:
2D44    20 20 20 20 20 53 45 4E 53 45 20 49 4E 54 45 52      SENSE INTER
2D54    52 55 50 54 20 53 54 41 54 55 53 20 2D 3E 20 53 RUPT STATUS -> S
2D64    54 30 20 25 30 32 58 00                         T0 %02X.
2D6C                          L$997:
2D6C    2C 20 50 43 4E 20 25 30 32 58 20 20 28 72 65 73 , PCN %02X  (res
2D7C    65 74 20 73 65 65 6E 20 2D 2D 20 74 68 65 20 70 et seen -- the p
2D8C    61 72 74 20 69 73 20 61 6C 69 76 65 29 0A 00    art is alive)..
2D9B                          L$998:
2D9B    20 20 28 69 6E 76 61 6C 69 64 20 63 6F 6D 6D 61   (invalid comma
2DAB    6E 64 20 2D 2D 20 6E 6F 74 68 69 6E 67 20 77 61 nd -- nothing wa
2DBB    73 20 70 65 6E 64 69 6E 67 29 0A 00             s pending)..
2DC7                          L$999:
2DC7    2C 20 50 43 4E 20 25 30 32 58 0A 00             , PCN %02X..
2DD3                          L$1000:
2DD3    46 44 43 3A 20 63 6F 6E 74 72 6F 6C 6C 65 72 20 FDC: controller 
2DE3    61 6E 73 77 65 72 69 6E 67 20 61 74 20 25 30 33 answering at %03
2DF3    58 2C 20 64 61 74 61 20 72 65 67 69 73 74 65 72 X, data register
2E03    20 61 74 20 25 30 33 58 2E 0A 00                 at %03X...
2E0E                          L$1001:
2E0E    46 44 49 44 00                                  FDID.
2E13                          L$1002:
2E13    46 44 49 44 3A 20 6C 61 74 63 68 20 25 30 32 58 FDID: latch %02X
2E23    2C 20 46 44 43 20 64 72 69 76 65 20 25 75 0A 00 , FDC drive %u..
2E33                          L$1003:
2E33    46 44 49 44 3A 20 4D 53 52 20 25 30 32 58 20 61 FDID: MSR %02X a
2E43    66 74 65 72 20 61 20 72 65 73 65 74 20 70 75 6C fter a reset pul
2E53    73 65 20 2D 2D 20 74 68 65 20 63 6F 6E 74 72 6F se -- the contro
2E63    6C 6C 65 72 20 77 69 6C 6C 20 6E 6F 74 20 67 6F ller will not go
2E73    20 69 64 6C 65 2E 0A 00                          idle...
2E7B                          L$1004:
2E7B    20 20 20 20 20 20 72 65 73 65 74 20 69 6E 74 65       reset inte
2E8B    72 72 75 70 74 73 20 63 6C 65 61 72 65 64 2C 20 rrupts cleared, 
2E9B    6C 61 73 74 20 53 54 30 20 25 30 32 58 0A 00    last ST0 %02X..
2EAA                          L$1005:
2EAA    46 44 49 44 3A 20 53 50 45 43 49 46 59 20 77 61 FDID: SPECIFY wa
2EBA    73 20 6E 6F 74 20 61 63 63 65 70 74 65 64 0A 00 s not accepted..
2ECA                          L$1006:
2ECA    46 44 49 44 3A 20 52 45 43 41 4C 49 42 52 41 54 FDID: RECALIBRAT
2EDA    45 20 77 61 73 20 6E 6F 74 20 61 63 63 65 70 74 E was not accept
2EEA    65 64 0A 00                                     ed..
2EEE                          L$1007:
2EEE    20 20 20 28 6E 65 76 65 72 20 63 6F 6D 70 6C 65    (never comple
2EFE    74 65 64 29 00                                  ted).
2F03                          L$1008:
2F03    20 20 20 28 73 65 65 6B 20 65 6E 64 20 2D 2D 20    (seek end -- 
2F13    68 65 61 64 20 69 73 20 61 74 20 74 72 61 63 6B head is at track
2F23    20 30 29 00                                      0).
2F27                          L$1009:
2F27    20 20 20 28 65 71 75 69 70 6D 65 6E 74 20 63 68    (equipment ch
2F37    65 63 6B 20 2D 2D 20 6E 6F 20 74 72 61 63 6B 20 eck -- no track 
2F47    30 20 73 69 67 6E 61 6C 2C 20 73 6F 20 6E 6F 20 0 signal, so no 
2F57    64 72 69 76 65 20 69 73 20 61 6E 73 77 65 72 69 drive is answeri
2F67    6E 67 29 00                                     ng).
2F6B                          L$1010:
2F6B    20 20 20 28 6E 6F 74 20 72 65 61 64 79 29 00       (not ready).
2F7A                          L$1011:
2F7A    20 20 20 20 20 20 61 66 74 65 72 20 52 45 43 41       after RECA
2F8A    4C 49 42 52 41 54 45 2C 20 4D 53 52 20 25 30 32 LIBRATE, MSR %02
2F9A    58 2C 20 53 54 30 20 25 30 32 58 20 20 50 43 4E X, ST0 %02X  PCN
2FAA    20 25 30 32 58 25 73 0A 00                       %02X%s..
2FB3                          L$1012:
2FB3    46 44 49 44 3A 20 52 45 41 44 20 49 44 20 77 61 FDID: READ ID wa
2FC3    73 20 6E 6F 74 20 61 63 63 65 70 74 65 64 0A 00 s not accepted..
2FD3                          L$1013:
2FD3    46 44 49 44 3A 20 52 45 41 44 20 49 44 20 67 61 FDID: READ ID ga
2FE3    76 65 20 6E 6F 20 72 65 73 75 6C 74 20 70 68 61 ve no result pha
2FF3    73 65 20 2D 2D 20 74 68 65 20 63 6F 6E 74 72 6F se -- the contro
3003    6C 6C 65 72 20 69 73 20 73 74 75 63 6B 0A 00    ller is stuck..
3012                          L$1014:
3012    20 20 20 20 20 20 52 45 41 44 20 49 44 20 2D 3E       READ ID ->
3022    20 53 54 30 20 25 30 32 58 20 20 53 54 31 20 25  ST0 %02X  ST1 %
3032    30 32 58 20 20 53 54 32 20 25 30 32 58 20 20 20 02X  ST2 %02X   
3042    43 25 75 20 48 25 75 20 52 25 75 20 4E 25 75 0A C%u H%u R%u N%u.
3052    00                                              .
3053                          L$1015:
3053    46 44 49 44 3A 20 73 65 63 74 6F 72 20 49 44 20 FDID: sector ID 
3063    66 6F 75 6E 64 2E 20 20 4E 25 75 20 6D 65 61 6E found.  N%u mean
3073    73 20 25 75 20 62 79 74 65 73 20 61 20 73 65 63 s %u bytes a sec
3083    74 6F 72 2E 0A 00                               tor...
3089                          L$1016:
3089    46 44 49 44 3A 20 6D 69 73 73 69 6E 67 20 61 64 FDID: missing ad
3099    64 72 65 73 73 20 6D 61 72 6B 20 2D 2D 20 74 68 dress mark -- th
30A9    65 20 68 65 61 64 20 69 73 20 72 65 61 64 69 6E e head is readin
30B9    67 20 6E 6F 74 68 69 6E 67 20 69 74 20 72 65 63 g nothing it rec
30C9    6F 67 6E 69 73 65 73 2E 0A 20 20 20 20 20 20 57 ognises..      W
30D9    72 6F 6E 67 20 64 61 74 61 20 72 61 74 65 2C 20 rong data rate, 
30E9    77 72 6F 6E 67 20 64 72 69 76 65 2C 20 6E 6F 20 wrong drive, no 
30F9    64 69 73 6B 2C 20 6F 72 20 74 68 65 20 6D 6F 74 disk, or the mot
3109    6F 72 20 6E 65 76 65 72 20 73 70 61 6E 2E 0A 00 or never span...
3119                          L$1017:
3119    46 44 49 44 3A 20 61 62 6E 6F 72 6D 61 6C 20 74 FDID: abnormal t
3129    65 72 6D 69 6E 61 74 69 6F 6E 2C 20 53 54 31 20 ermination, ST1 
3139    25 30 32 58 20 53 54 32 20 25 30 32 58 0A 00    %02X ST2 %02X..
3148                          L$1018:
3148    20 20 20 20 20 20 6D 6F 74 6F 72 20 6F 66 66 0A       motor off.
3158    00                                              .
3159                          L$1019:
3159    46 44 52 45 41 44 00                            FDREAD.
3160                          L$1020:
3160    75 73 61 67 65 3A 20 46 44 52 45 41 44 20 5B 3C usage: FDREAD [<
3170    6C 61 74 63 68 3E 5D 20 5B 3C 63 79 6C 3E 5D 20 latch>] [<cyl>] 
3180    5B 3C 68 65 61 64 3E 5D 20 5B 3C 73 65 63 74 6F [<head>] [<secto
3190    72 3E 5D 0A 20 20 20 20 20 20 20 68 65 78 3B 20 r>].       hex; 
31A0    73 65 63 74 6F 72 73 20 63 6F 75 6E 74 20 66 72 sectors count fr
31B0    6F 6D 20 31 2E 20 20 44 65 66 61 75 6C 74 20 38 om 1.  Default 8
31C0    32 20 30 20 30 20 31 2E 0A 00                   2 0 0 1...
31CA                          L$1021:
31CA    46 44 52 45 41 44 3A 20 6C 61 74 63 68 20 25 30 FDREAD: latch %0
31DA    32 58 2C 20 43 25 75 20 48 25 75 20 53 25 75 0A 2X, C%u H%u S%u.
31EA    00                                              .
31EB                          L$1022:
31EB    46 44 52 45 41 44 3A 20 63 6F 6E 74 72 6F 6C 6C FDREAD: controll
31FB    65 72 20 77 69 6C 6C 20 6E 6F 74 20 67 6F 20 69 er will not go i
320B    64 6C 65 0A 00                                  dle..
3210                          L$1023:
3210    20 20 20 20 20 20 20 20 53 45 45 4B 20 2D 3E 20         SEEK -> 
3220    53 54 30 20 25 30 32 58 20 20 50 43 4E 20 25 30 ST0 %02X  PCN %0
3230    32 58 0A 00                                     2X..
3234                          L$1024:
3234    46 44 52 45 41 44 3A 20 74 68 65 20 63 6F 6D 6D FDREAD: the comm
3244    61 6E 64 20 77 61 73 20 6E 6F 74 20 74 61 6B 65 and was not take
3254    6E 0A 00                                        n..
3257                          L$1025:
3257    46 44 52 45 41 44 3A 20 72 65 73 75 6C 74 20 70 FDREAD: result p
3267    68 61 73 65 20 73 74 6F 70 70 65 64 20 61 66 74 hase stopped aft
3277    65 72 20 25 75 20 62 79 74 65 73 0A 00          er %u bytes..
3284                          L$1026:
3284    63 6F 6D 70 6C 65 74 65 00                      complete.
328D                          L$1027:
328D    63 75 74 20 73 68 6F 72 74 00                   cut short.
3297                          L$1028:
3297    74 69 6D 65 64 20 6F 75 74 00                   timed out.
32A1                          L$1029:
32A1    20 20 20 20 20 20 20 20 74 72 61 6E 73 66 65 72         transfer
32B1    20 25 73 3B 20 20 53 54 30 20 25 30 32 58 20 53  %s;  ST0 %02X S
32C1    54 31 20 25 30 32 58 20 53 54 32 20 25 30 32 58 T1 %02X ST2 %02X
32D1    20 20 20 43 25 75 20 48 25 75 20 52 25 75 20 4E    C%u H%u R%u N
32E1    25 75 20 20 20 4D 53 52 20 25 30 32 58 0A 00    %u   MSR %02X..
32F0                          L$1030:
32F0    20 6D 69 73 73 69 6E 67 20 61 64 64 72 65 73 73  missing address
3300    20 6D 61 72 6B 00                                mark.
3306                          L$1031:
3306    20 6E 6F 20 64 61 74 61 20 28 73 65 63 74 6F 72  no data (sector
3316    20 6E 6F 74 20 6F 6E 20 74 68 69 73 20 74 72 61  not on this tra
3326    63 6B 29 00                                     ck).
332A                          L$1032:
332A    20 43 52 43 20 65 72 72 6F 72 20 69 6E 20 74 68  CRC error in th
333A    65 20 64 61 74 61 20 66 69 65 6C 64 00          e data field.
3347                          L$1033:
3347    20 6F 76 65 72 72 75 6E 20 28 74 68 65 20 6C 6F  overrun (the lo
3357    6F 70 20 77 61 73 20 74 6F 6F 20 73 6C 6F 77 29 op was too slow)
3367    00                                              .
3368                          L$1034:
3368    46 44 52 45 41 44 3A 20 66 61 69 6C 65 64 20 2D FDREAD: failed -
3378    2D 25 73 25 73 25 73 25 73 0A 00                -%s%s%s%s..
3383                          L$1035:
3383    46 44 52 45 41 44 3A 20 73 65 63 74 6F 72 20 72 FDREAD: sector r
3393    65 61 64 2E 20 20 46 69 72 73 74 20 31 36 20 62 ead.  First 16 b
33A3    79 74 65 73 3A 0A 20 20 20 20 20 20 20 00       ytes:.       .
33B1                          L$1036:
33B1    61 20 62 6F 6F 74 20 73 69 67 6E 61 74 75 72 65 a boot signature
33C1    00                                              .
33C2                          L$1037:
33C2    6E 6F 74 20 61 20 62 6F 6F 74 20 73 69 67 6E 61 not a boot signa
33D2    74 75 72 65 00                                  ture.
33D7                          L$1038:
33D7    20 20 20 20 20 20 20 20 62 79 74 65 73 20 31 46         bytes 1F
33E7    45 2D 31 46 46 20 61 72 65 20 25 30 32 58 20 25 E-1FF are %02X %
33F7    30 32 58 20 2D 2D 20 25 73 0A 00                02X -- %s..
3402                          L$1039:
3402    46 44 57 52 49 54 45 00                         FDWRITE.
340A                          L$1040:
340A    75 73 61 67 65 3A 20 46 44 57 52 49 54 45 20 3C usage: FDWRITE <
341A    6C 61 74 63 68 3E 20 3C 63 79 6C 3E 20 3C 68 65 latch> <cyl> <he
342A    61 64 3E 20 3C 73 65 63 74 6F 72 3E 0A 20 20 20 ad> <sector>.   
343A    20 20 20 20 65 76 65 72 79 20 61 72 67 75 6D 65     every argume
344A    6E 74 20 72 65 71 75 69 72 65 64 2C 20 68 65 78 nt required, hex
345A    2E 20 20 38 32 20 3D 20 35 30 30 6B 62 70 73 2C .  82 = 500kbps,
346A    20 38 36 20 3D 20 32 35 30 6B 62 70 73 2E 0A 20  86 = 250kbps.. 
347A    20 20 20 20 20 20 54 48 49 53 20 4F 56 45 52 57       THIS OVERW
348A    52 49 54 45 53 20 54 48 45 20 53 45 43 54 4F 52 RITES THE SECTOR
349A    2E 20 20 55 73 65 20 61 20 64 69 73 6B 20 79 6F .  Use a disk yo
34AA    75 20 64 6F 20 6E 6F 74 20 77 61 6E 74 2E 0A 00 u do not want...
34BA                          L$1041:
34BA    46 44 57 52 49 54 45 3A 20 6C 61 74 63 68 20 25 FDWRITE: latch %
34CA    30 32 58 2C 20 43 25 75 20 48 25 75 20 53 25 75 02X, C%u H%u S%u
34DA    20 2D 2D 20 6F 76 65 72 77 72 69 74 69 6E 67 0A  -- overwriting.
34EA    00                                              .
34EB                          L$1042:
34EB    46 44 57 52 49 54 45 3A 20 63 6F 6E 74 72 6F 6C FDWRITE: control
34FB    6C 65 72 20 77 69 6C 6C 20 6E 6F 74 20 67 6F 20 ler will not go 
350B    69 64 6C 65 0A 00                               idle..
3511                          L$1043:
3511    46 44 57 52 49 54 45 3A 20 74 68 65 20 63 6F 6D FDWRITE: the com
3521    6D 61 6E 64 20 77 61 73 20 6E 6F 74 20 74 61 6B mand was not tak
3531    65 6E 0A 00                                     en..
3535                          L$1044:
3535    20 20 20 20 20 20 20 20 20 77 72 69 74 65 20 25          write %
3545    73 3B 20 20 53 54 30 20 25 30 32 58 20 53 54 31 s;  ST0 %02X ST1
3555    20 25 30 32 58 20 53 54 32 20 25 30 32 58 0A 00  %02X ST2 %02X..
3565                          L$1045:
3565    20 75 6E 64 65 72 72 75 6E 20 28 74 68 65 20 73  underrun (the s
3575    65 63 74 6F 72 20 6F 6E 20 74 68 65 20 6D 65 64 ector on the med
3585    69 61 20 69 73 20 6E 6F 77 20 64 61 6D 61 67 65 ia is now damage
3595    64 29 00                                        d).
3598                          L$1046:
3598    20 57 52 49 54 45 20 50 52 4F 54 45 43 54 45 44  WRITE PROTECTED
35A8    00                                              .
35A9                          L$1047:
35A9    46 44 57 52 49 54 45 3A 20 66 61 69 6C 65 64 20 FDWRITE: failed 
35B9    2D 2D 25 73 25 73 25 73 0A 00                   --%s%s%s..
35C3                          L$1048:
35C3    46 44 57 52 49 54 45 3A 20 74 68 65 20 72 65 61 FDWRITE: the rea
35D3    64 20 62 61 63 6B 20 66 61 69 6C 65 64 2C 20 53 d back failed, S
35E3    54 30 20 25 30 32 58 20 53 54 31 20 25 30 32 58 T0 %02X ST1 %02X
35F3    0A 00                                           ..
35F5                          L$1049:
35F5    46 44 57 52 49 54 45 3A 20 77 72 69 74 74 65 6E FDWRITE: written
3605    20 61 6E 64 20 72 65 61 64 20 62 61 63 6B 2C 20  and read back, 
3615    35 31 32 20 62 79 74 65 73 20 61 67 72 65 65 0A 512 bytes agree.
3625    00                                              .
3626                          L$1050:
3626    46 44 57 52 49 54 45 3A 20 64 69 66 66 65 72 73 FDWRITE: differs
3636    20 61 74 20 62 79 74 65 20 25 75 20 2D 2D 20 67  at byte %u -- g
3646    6F 74 20 25 30 32 58 2C 20 77 61 6E 74 65 64 20 ot %02X, wanted 
3656    25 30 32 58 0A 00                               %02X..
365C                          L$1051:
365C    46 44 46 4D 54 00                               FDFMT.
3662                          L$1052:
3662    75 73 61 67 65 3A 20 46 44 46 4D 54 20 3C 63 79 usage: FDFMT <cy
3672    6C 3E 20 3C 68 65 61 64 3E 20 5B 3C 73 65 63 74 l> <head> [<sect
3682    6F 72 73 3E 5D 0A 20 20 20 20 20 20 20 68 65 78 ors>].       hex
3692    2E 20 20 64 72 69 76 65 20 41 20 6F 6E 6C 79 2C .  drive A only,
36A2    20 61 6E 64 20 69 74 20 45 52 41 53 45 53 20 74  and it ERASES t
36B2    68 61 74 20 74 72 61 63 6B 2E 0A 20 20 20 20 20 hat track..     
36C2    20 20 73 65 63 74 6F 72 73 20 64 65 66 61 75 6C   sectors defaul
36D2    74 73 20 74 6F 20 31 32 68 20 28 31 38 29 2C 20 ts to 12h (18), 
36E2    75 73 65 20 30 39 20 66 6F 72 20 37 32 30 4B 62 use 09 for 720Kb
36F2    2E 0A 00                                        ...
36F5                          L$1053:
36F5    46 44 46 4D 54 3A 20 63 79 6C 20 25 75 20 68 65 FDFMT: cyl %u he
3705    61 64 20 25 75 2C 20 25 75 20 73 65 63 74 6F 72 ad %u, %u sector
3715    73 20 20 41 58 3D 25 30 34 58 20 43 58 3D 25 30 s  AX=%04X CX=%0
3725    34 58 20 44 58 3D 25 30 34 58 0A 00             4X DX=%04X..
3731                          L$1054:
3731    20 20 20 20 20 20 72 65 74 75 72 6E 65 64 20 41       returned A
3741    48 3D 25 30 32 58 20 20 25 73 0A 00             H=%02X  %s..
374D                          L$1055:
374D    20 20 20 20 20 20 37 36 35 20 72 65 73 75 6C 74       765 result
375D    3A 00                                           :.
375F                          L$1056:
375F    0A 20 20 20 20 20 20 66 64 5F 73 74 61 74 75 73 .      fd_status
376F    20 25 30 32 58 20 20 73 65 65 6B 5F 73 74 61 74  %02X  seek_stat
377F    75 73 20 25 30 32 58 20 20 6C 61 74 63 68 20 25 us %02X  latch %
378F    30 32 58 0A 00                                  02X..
3794                          L$1057:
3794    46 44 31 33 00                                  FD13.
3799                          L$1058:
3799    75 73 61 67 65 3A 20 46 44 31 33 20 3C 66 6E 3E usage: FD13 <fn>
37A9    20 3C 63 79 6C 3E 20 3C 68 65 61 64 3E 20 3C 73  <cyl> <head> <s
37B9    65 63 3E 20 5B 3C 63 6F 75 6E 74 3E 5D 0A 20 20 ec> [<count>].  
37C9    20 20 20 20 20 68 65 78 2E 20 20 30 32 20 72 65      hex.  02 re
37D9    61 64 73 2C 20 30 33 20 57 52 49 54 45 53 2C 20 ads, 03 WRITES, 
37E9    30 34 20 76 65 72 69 66 69 65 73 2C 20 30 38 20 04 verifies, 08 
37F9    70 61 72 61 6D 65 74 65 72 73 2E 0A 20 20 20 20 parameters..    
3809    20 20 20 64 72 69 76 65 20 41 20 6F 6E 6C 79 2E    drive A only.
3819    20 20 30 33 20 6F 76 65 72 77 72 69 74 65 73 20   03 overwrites 
3829    74 68 65 20 73 65 63 74 6F 72 2E 0A 00          the sector...
3836                          L$1059:
3836    46 44 31 33 3A 20 41 48 3D 25 30 32 58 20 41 4C FD13: AH=%02X AL
3846    3D 25 30 32 58 20 43 58 3D 25 30 34 58 20 44 58 =%02X CX=%04X DX
3856    3D 25 30 34 58 0A 00                            =%04X..
385D                          L$1060:
385D    20 20 20 20 20 20 72 65 74 75 72 6E 65 64 20 41       returned A
386D    48 3D 25 30 32 58 20 41 4C 3D 25 30 32 58 20 20 H=%02X AL=%02X  
387D    25 73 0A 00                                     %s..
3881                          L$1061:
3881    0A 20 20 20 20 20 20 53 54 30 20 25 30 32 58 20 .      ST0 %02X 
3891    53 54 31 20 25 30 32 58 20 53 54 32 20 25 30 32 ST1 %02X ST2 %02
38A1    58 20 20 20 43 25 75 20 48 25 75 20 52 25 75 20 X   C%u H%u R%u 
38B1    4E 25 75 0A 00                                  N%u..
38B6                          L$1062:
38B6    20 20 20 20 20 20 66 64 5F 73 74 61 74 75 73 20       fd_status 
38C6    25 30 32 58 20 20 73 65 65 6B 5F 73 74 61 74 75 %02X  seek_statu
38D6    73 20 25 30 32 58 20 20 6C 61 74 63 68 20 25 30 s %02X  latch %0
38E6    32 58 0A 00                                     2X..
38EA                          L$1063:
38EA    45 58 49 54 00                                  EXIT.
38EF                          L$1064:
38EF    51 75 69 74 20 4D 6F 6E 69 74 6F 72 0A 00       Quit Monitor..
38FD                          L$1065:
38FD    2A 2A 45 52 52 0A 00                            **ERR..

Segment: CONST2 WORD USE16 00000086 bytes
0000                          _disk_short:
0000    00 00 00 00                                     DD	DGROUP:L$675
0004    05 00 00 00                                     DD	DGROUP:L$676
0008    0A 00 00 00                                     DD	DGROUP:L$677
000C    0F 00 00 00                                     DD	DGROUP:L$678
0010    14 00 00 00                                     DD	DGROUP:L$679
0014    19 00 00 00                                     DD	DGROUP:L$680
0018                          _bootcode:
0018    FA 31 C0 8E D0 BC 00 7C 8E D8 8E C0 FB FC BE 21 .1.....|.......!
0028    7C AC 08 C0 74 08 B4 01 31 D2 CD 14 EB F3 F4 EB |...t...1.......
0038    FD 0D 0A 2A 2A 2A 20 54 45 53 54 20 42 4F 4F 54 ...*** TEST BOOT
0048    20 53 45 43 54 4F 52 20 52 55 4E 4E 49 4E 47 20  SECTOR RUNNING 
0058    2A 2A 2A 0D 0A 49 4E 54 20 31 39 68 20 68 61 6E ***..INT 19h han
0068    64 65 64 20 6F 76 65 72 20 63 6F 72 72 65 63 74 ded over correct
0078    6C 79 2E 0D 0A 00                               ly....
007E                          L$1066:
007E    30 04 32 04 34 04 36 04                         0.2.4.6.

Segment: _DATA WORD USE16 00000000 bytes

