:10000000FAEB57436F707972696768742028432947
:10001000203230313820204A6F686E205220436FE2
:1000200066666D616E2E2020416C6C207269676877
:1000300074732072657365727665642E000000002B
:1000400059AD89C2407404ACEEEBF6FFE159AD89BD
:10005000C2407404ADEFEBF6FFE1FA81FA092374B4
:1000600004FAF4EBFDB4D59E909073F575F379F135
:100070007BEFF872EC30E472E875E69E7AE378E1A3
:1000800074DF72DDE423B80080E62386E0E622E731
:1000900022FCB800F08ED88EC0BE107FB9A100EB54
:1000A000ADBE8A7FB9A900EB98BAFF0488D0EEB044
:1000B00003E86602BF00A88ED78EC7BA002089D792
:1000C000C1E70A368815FEC238F272F2362A1600E7
:1000D00000C1E20A89D4C1EA0231F6BBE100E90EAF
:1000E0000289D56A400726A1720036A30400B00138
:1000F000E8270231F68EC6BA0040E8F101BA34F8BA
:10010000B04BEEBA20F0B04AEEEB00EB00EB00ECA7
:10011000A80174F5BA34F8B041EEBA41F0EC88C3E6
:10012000EC88C7F7D389D883C005C1E806BAA2F422
:10013000EF8D87F401B9E80331D2F7F1BAFF04EE8D
:100140004848BA04F8EF6A400726891EDD0089EBAB
:1001500026883E0101B002E8C00136A104003D340A
:1001600012750E6A400726800E120001B800A0EB3F
:100170001731F6BA0040B800108EC0E870018CC08C
:1001800080C41080FCA072F1C1E80689C3061E5726
:100190005652515350FAFC8CC88ED8B800208EC0ED
:1001A00031F631FFB90080F3A531F631FFB9008097
:1001B000F3A77536EAB9010020BA3CF4ED24FEEF4E
:1001C000B800208ED8B800F08EC031F631FFB900EB
:1001D00080F3A531F631FFB90080F3A77407BA3C6C
:1001E000F4ED0C01EFEAEA0100F0585B595A5E5F4A
:1001F0001F076A000731FFBE107EB980008CC8A5BA
:10020000ABE2FC6A400726891E1300B007E80A012A
:100210000F20C083E0F90F22C0DBE3B009E8FA0049
:1002200055B85A5A5089E5DD7E00807E0000751E63
:10023000B00AE8E500D97E008B4600253F1083F820
:100240003F750BB00BE8D20026830E1000025D5DF7
:10025000B004E8C500E888016A400748BAFF04EE28
:10026000C1E00A26A3DB00E850116A4007BBE100A9
:10027000B81F20CD1A7306B00FE89E00F46A0089FB
:10028000E5B81F00E8010109C07416BE00F08EDE5B
:10029000BE11806A4007BFE100B91F00F3A4FE460B
:1002A00000E8620F7304804E0002E8F41034A0A846
:1002B000F0750CA8037408240C7404340C750480C5
:1002C0004E0004E81D0FB005E84F00B800F08ED8CE
:1002D0008EC08B4600FBE83612BAFF04EEE83A0007
:1002E000FABA00F8EC24FC0C01EE90F4EBFD5B662E
:0F02F000B80100000031FF89D1F366AB89D1312D
:10030000F366AF7407BAFF04B0F5EEF466D1E0739C
:10031000E431FF89D1F366ABFFE352509CBA62F837
:10032000F6D0C0E00488C4FAEC240F08E0EE9D5833
:100330005AC352BAFF04EE5AC352BAFF04EE5AFA35
:10034000F4C366C1C810E80C0066C1E810EB069261
:10035000E8020089D086E0E8020088E050C0E804A6
:10036000E8010058240F2704F01440EB0FB020EBF5
:100370000B3C0A7507B00DE80200B00A5052B401F8
:10038000BA0000CD145A58C306515350B009E88939
:0F03910029C0BB00F08EC3BBF0FFB91000E81FFE
:1003A000016A4007BBE10059E8150186E05B590787
:1003B000C3065350B80022CD1ABBE1006A4007B80B
:1003C0001F21CD1AB88022CD1A585B07C390909098
:1003D000EA000000F0FFFFFFFFFFFFFFFFFFFC0050
:1003E0000F011648800F20C380CB0166F7E00F2273
:1003F000C3EAF603680066BAFF04B0F0EE66B81808
:10040000008ED831C08B1089C7C1E7148907FEC0A0
:100410003C4072F32B05000000008915000000002D
:1004200089C266B858008ED8EA2F04000060000F19
:1004300020C024FE0F22C0EA3C0400F0B800F08E79
:10044000D889D0C35589E5061E5756525153509C42
:10045000FA8B4E0C09C9745D660FB7460A66C1E097
:1004600004660FB75E086601D86689C7668B760496
:10047000660FB7C90F011648800F20C380CB0166F5
:10048000F7E00F22C3EA8A04680066B818008ED825
:1004900066B820008EC0FCF3A466B858008ED88ED3
:1004A000C0EAA804000060000F20C024FE0F22C094
:1004B000EAB50400F09D585B595A5E5F1F075DC3A3
:1004C0005689DE88E330FF26321C4688C430C0D10E
:1004D000E32E3387DC04E2EB89F35EC300002110D6
:1004E000422063308440A550C660E770088129919E
:1004F0004AA16BB18CC1ADD1CEE1EFF13112100246
:1005000073325222B5529442F772D66239931883ED
:100510007BB35AA3BDD39CC3FFF3DEE36224433411
:1005200020040114E664C774A44485546AA54BB53D
:1005300028850995EEE5CFF5ACC58DD553367226E5
:1005400011163006D776F6669556B4465BB77AA78D
:1005500019973887DFF7FEE79DD7BCC7C448E55831
:100560008668A7784008611802282338CCC9EDD9DD
:100570008EE9AFF9488969990AA92BB9F55AD44A85
:10058000B77A966A711A500A333A122AFDDBDCCB2D
:10059000BFFB9EEB799B588B3BBB1AABA66C877C51
:1005A000E44CC55C222C033C600C411CAEED8FFD7D
:1005B000ECCDCDDD2AAD0BBD688D499D977EB66E25
:1005C000D55EF44E133E322E511E700E9FFFBEEFCD
:1005D000DDDFFCCF1BBF3AAF599F788F8891A9818F
:1005E000CAB1EBA10CD12DC14EF16FE18010A10079
:1005F000C230E3200450254046706760B983989369
:10060000FBA3DAB33DC31CD37FE35EF3B1029012C8
:10061000F322D2323542145277625672EAB5CBA534
:10062000A89589856EF54FE52CD50DC5E234C32418
:10063000A01481046674476424540544DBA7FAB708
:100640009987B8975FE77EF71DC73CD7D326F23668
:100650009106B01657667676154634564CD96DC954
:100660000EF92FE9C899E9898AB9ABA944586548B8
:1006700006782768C018E1088238A3287DCB5CDBA8
:100680003FEB1EFBF98BD89BBBAB9ABB754A545A08
:10069000376A167AF10AD01AB32A923A2EFD0FED74
:1006A0006CDD4DCDAABD8BADE89DC98D267C076C58
:0F06B000645C454CA23C832CE01CC10C1FEF3E48
:1006C0005DCF7CDF9BAFBABFD98FF89F176E367EA8
:1006D000554E745E932EB23ED10EF01E0000000007
:1006E0005253515589E50657807E0E00750431C07E
:1006F000EB3488C7E80D01752A8A5E0E8B560C8B89
:10070000460AE8F701B020BAF701EE0FB64E0E8E9A
:1007100046028B5E04E81A017509E8BD01E2F63174
:10072000C0EB03E844015F07C9595B5AC206005297
:1007300053515589E51E56807E0E00750431C0EB7D
:100740003988C7E8BE00752F8A5E0E8B560C8B4623
:100750000AE8A801B030BAF701EE0FB64E0E8E5E71
:10076000028B5E04E8CB00750EE87F01E2F6E893A9
:1007700000750431C0EB03E8F0005E1FC9595B5AF5
:10078000C206005253515589E5065788C7E87400E0
:100790007516B300B80000BA0000E85F01B0ECBA0B
:1007A000F701EEE88C007405E8BF00EB0B8E460203
:1007B0008B5E04E80D0131C05F07C9595B5AC35114
:1007C000525006535589E5575306E837007524B350
:1007D000008A7E02B80000BA0000E81F01E8240089
:1007E0007511B001BAF101EEB0EFBAF701EEE813FE
:1007F000007405E87400EB0231C0075B5FC95B075A
:10080000585A59C3065251536A4007268B1E6C0032
:10081000BAF701ECA8807413268B0E6C0029D983DB
:10082000F95A72ECB9010009C9EB0231C95B595A96
:1008300007C3065251536A4007268B1E6C00BAF755
:1008400001ECA801751688C180E18880F90874134D
:10085000268B0E6C0029D983F95A72E2B90100097E
:10086000C9EB0231C95B595A07C306525153BAF753
:1008700001EC88C4A8807539A8017435F6C42074C9
:1008800004B3CCEB2EBAF101ECB30AA8807524B303
:1008900010A840751EB304A8107518B301A80475FC
:1008A00012B340A802750CB302A8017506B3BBEBE6
:1008B00002B3806A400726881E74000FB6C35B59D6
:1008C0005A07C35153BAF00187FBB90001EC88C441
:1008D000ECAA88E0AAE2F65B59C351BAF00187FBA3
:1008E000B90002ECAAE2FC87FB59C351BAF00187B8
:1008F000F3B90002ACEEE2FC87F359C351505289C0
:10090000D9B01020E888F380E30F80CBE008D8BA94
:10091000F601EE5B88D84AEE5B88F84AEE88D84A42
:10092000EE88C84AEE59C300000000000000000035
:100930006A405AB8AC00C30000000000000000008C
:10094000FB1E6A401FA110001FCFFB1E6A401FA1A3
:1009500013001FCF00000000000000000000000096
:10096000FBF6C2807422061E6089E5FCBF900980F8
:10097000FC16720B80EC41BFBC0980FC0E735988D9
:10098000E330FF01DB2EFF21CD40CA0200EB49908E
:10099000540BF909840B890B8E0BD809D809D80997
:1009A000360CD809D809D809D809D809D809D809DE
:1009B000D809D809D809D809D809690C9C0AC00AED
:1009C000800CBF0CD809D8093D0D530DD809D809A2
:1009D000D809D809D8098D09B401804E1801EB0651
:1009E00030E4806618FE066A4007268826740007F1
:1009F00088660F89EC611F07CF6A4007268A267434
:100A00000008E47506806618FEEBE5804E1801EBE1
:100A1000DFCF414668696A6B6C6D00000000E0063C
:100A2000000000002F075088D0247F6A4007263A34
:100A300006750073300FB6F8268A85E50008C07485
:0F0A4000243C0673200FB6D82E8A9F6A0A80FBCB
:100A5000741330FF2E0FB6BD120AC1E7026A0007F9
:100A600026C43D58C358E96FFF90FF000101020200
:100A7000803C100F8561FF807C02800F8359FF66E8
:100A8000837C0C000F8550FF66817C08FFFFFF0F01
:100A90000F8744FF83FB030F833DFFC3E887FF817C
:100AA0007E08AA550F8530FF26F6450F020F8427D2
:0E0AB100C7460855AAC7460C0500B421E92225
:100AC000E863FF260FB64507C1E004E8A2FF01DB9B
:100AD0002E8BBF1A0A09FF0F84FDFE8B4C0283E1A7
:100AE0007F5166FF7408C45C048CC1FFD73C000FC3
:100AF00084EDFEC1E00888440288460EE9DBFEB4BE
:100B000004E9D6FE88CB80E33F88F788C825C0007B
:100B1000C1E00288E808DB7439263A5D0E77332697
:100B20003A7D02732D263B057328660FB7C02666F3
:100B30000FB64D0266F7E1660FB6CF6601C82666AE
:100B40000FB64D0E66F7E1660FB6CB66496601C873
:100B5000F8C3F9C3E8CFFE1EB800F08ED8E80058FD
:100B600009C0751A31C0E823586A400726803E75CF
:100B700000017606B80100E812581FE962FE1FB4B2
:100B800005E956FEBE1A0AEB08BE200AEB03BE1AA0
:100B90000AE892FE01DB2E8B3009F60F8439FEE85D
:100BA00062FF0F8259FF83EC108976F8668946FC54
:100BB000260FB64507C1E0048946F68A460E30E4A2
:100BC0008946FA8946F08B46088946F48B46128995
:100BD00046F2807E0F04750E2EA130808946F42ED9
:0F0BE000A132808946F2837EFA0074316A016681
:100BF00076FC8B5EF48B4EF28B46F6FF56F809C0FE
:100C0000752466FF46FCFF4EFA807E0F0474D78180
:100C100046F4000273D08146F20010EBC98B46F017
:100C200088460EE9BAFD89C38B46F02B46FA884602
:100C30000E88DCE9A4FDC6460A00E8E9FD268B051E
:100C400009C00F8492FD4888C588E1C0E106260AE4
:100C50004D0E894E0C268A7502FECE6A4007268A02
:100C600016750089560AE977FDE8BAFD26668B45B8
:100C70000A89460A66C1E81089460CB403E962FD98
:100C8000E8A3FD260FB64507C1E004E8E2FD01DB5D
:100C90002E8BBF200A09FF0F843DFD8B4C0283E1A0
:100CA0007F5166FF7408C45C048CC1FFD73C000F01
:100CB000842DFDC1E00888440288460EE91BFDE84A
:100CC00064FD260FB64507C1E004E8A3FD01DB2E55
:100CD0008BBF1A0A09FF0F84FEFC83EC10897EF893
:100CE0008946F68B440283E07F8946FA8946F0669E
:100CF0008B4408668946FC2EA130808946F42EA1DB
:100D000032808946F2837EFA00741F6A0166FF769C
:100D1000FC8B5EF48B4EF28B46F6FF56F809C075DD
:100D20000C66FF46FCFF4EFAEBDBE9B3FC89C38B94
:100D300046F02B46FA89440288DCE99DFCE8E6FC93
:100D4000E82DFD668B440826663B450A0F83AFFD00
:100D5000E98DFCE8D0FC833C1A0F827BFC26660FF1
:100D6000B7056689440426660FB6450266894408BD
:100D700026660FB6450E6689440C26668B450A66C4
:100D800089441066C7441400000000C744180002DC
:0E0D9000C744020200833C1E720F66C7441A5D
:0E0DA200C7041E00E937FCC7041A00E930FC44
:100DB000FB1E6089E56A401F83FA04732589D3010D
:100DC000DB8B1F09DB741B8D570508E47478FECCA0
:100DD000745CFECC743AFECC0F84A100FECC0F8470
:100DE000A100B80F8E89460E611FCF5D10000C0068
:100DF0000600038001C0006000300018000C0008ED
:100E000000040002000100EC247F88C442EC4AC3C5
:100E1000E8F4FFF6C40174F887DAEC87DA88C1E8F1
:100E2000E5FF80E41E740380CC8088C8EBB788C1DE
:100E3000E8D4FFF6C42074F887DA88C8EE87DAE8C9
:100E4000C5FF88C8EB9F3B1E0000743189C681E650
:100E5000E000C1EE0483E01FB10288C44A0C804A5E
:100E6000EE5289DA2E8BBCEB0DD3EF89F988C8EEF0
:0F0E70004288E8EE5A88E0EE42B003EE42E8878F
:100E8000E962FF8B4E0C89CE83E60F01F688C424FD
:100E900001C0E00680E50308E88B4E0880E101C050
:100EA000E10208C888E983E10789CF2E0A85BB0ED5
:100EB000B102F6C42074A330C9EB9F00081828388B
:100EC0000000001E56515289C26A401F8D36000034
:100ED000B90400AD39D0741209C07404E2F5EB0A0C
:100EE0008954FE8006110002EB03B88E005A595E49
:100EF0001FC3000000000000000000000000000010
:100F000080FC4F7501CFFB80FC047306B486F9CAE0
:100F1000020080EC80744F80FC0A7326FECC74467D
:100F2000FECC7442FECC743EFECC74E0FECC74DC8D
:100F3000FECC7434FECC0F84E600FECC0F84AC01F2
:100F4000EB2480FC10741F80FC11741A80EC400F9D
:100F500084AF0180FC0573B4FECC740AFECC74AC83
:100F6000FECC74A8EBA6EBA483F904725A1E52516E
:100F7000535089C889D331D2B90600D1E3D1D0D139
:100F8000D2E2F8B95307F7F193F7F131D293F7F1C1
:100F900093F7F16A401F08DF08E77402B0FFA27BF5
:100FA00000F4803E7B000075F8585B595A1FF8CA60
:100FB0000200529CFAB040BA43F0EEBA41F0EC881D
:100FC000C4EC86C49D5AC366506653665166526629
:100FD00056665706660FB7F166C1E61089D6B04B64
:100FE000BA34F8EE6A4007268B0E6C00E8C3FF891E
:100FF000C7E8BEFF89FB29C389C7660FB7DB66292F
:10100000DE760C268B166C0029CA83FA0872E2077A
:10101000665F665E665A6659665B6658F8CA020085
:1010200081F900800F87BE0009C90F84B2006650A5
:10103000665366516652665666571E069CFA8CC009
:10104000660FB7C066C1E004660FB7DE6601D8263A
:0E105000C744082F00266689440A26C744209C
:1010600026C74422000026C644240F26C644259BDA
:1010700026C7442600008CD0660FB7C066C1E004C6
:1010800026C74428FFFF266689442A26C6442D9396
:1010900026C7442E0000260F0154080F20C380CB22
:1010A0000166F7E00F22C3EAAC102000B810008EF2
:1010B000D8B818008EC031F631FFFCF3A5B828006F
:1010C0008ED88EC00F20C024FE0F22C0EAD110009F
:1010D000F09D071F665F665E665A6659665B6658D6
:1010E00030E4F8CA0200B402F9CA02001E6A401FC6
:1010F000A1DB001FF8CA02000800FC01006000002C
:1011000000000E07BBF81030E4F8CA02000000002F
:10111000FB5689C6C1EE0801F683FE10720F83EEFE
:101120004083FE0A720EB486F95ECA02002EFF9456
:101130003C11EBF52EFF944C11EBEE907211F01177
:101140000612381269129F1256115611E2124C13F0
:101150007C139113A113EBCE5288C480CC81E85943
:1011600002E86702E87102E88402E84D02C1E8087B
:101170005AC31E6A401FFA8B166C008B0E6E00302D
:10118000C086067000FBF81FC390FCCD1C1E515397
:101190006A401FB9080066FF066C0066813E6C005D
:1011A000BA001800720EC60670000166C7066C0011
:1011B00000000000382E40007409FE0E4000750348
:1011C000E89B5FBB7800382F7402FE0F43E2F75BA9
:1011D000591FE9CC1643F03440F0BB40F0C534F859
:1011E00043FFFF561E0E1FBED511E853EE1F5EC310
:1011F0001E6A401FFA89166C00890E6E00C60670C2
:101200000000FBF81FC35031DBB8008188C2E80D35
:101210000188E652B80181E8040188E1B80281E85A
:10122000FC0088E5B80081E8F4005A86F438F475CB
:10123000E280E67F00E458C352505251B000E83BD0
:10124000015BB8028088F980E17FE8E700B801809F
:1012500088D9E8DF005BB8008088F980E17FE8D3B7
:1012600000B080E81601E98B00B80681E8AF00887D
:10127000E1B80481E8A70088E7B80381E89F008807
:10128000E3B80581E8970088E5B80081E88F008918
:10129000DA88E8B51980F9707302B520D0E4C3523A
:1012A0005080FD20740580FD19754D5152E8640190
:1012B0005B595188C5B000E8C200B80680E87400E8
:1012C000B8048088F9E86C00B8038088D9E8640025
:1012D000B8058088E9FEC1E85A00B080E89D005951
:1012E000EB1252503C1F7314B4C1E8310088E05A2D
:1012F00088F4EB0158F85AC3585AF9C375FA515398
:10130000E8B700E8C500B4FFE8CD00B91F00E8DD8C
:101310000026882743E2F7E8A0005B59EBCFD0E036
:1013200008E088C4E89300E8A100E8AB00E8BE004C
:10133000E88700C3D0E008E088C4E87D00E88B00BF
:10134000E8950088CCE89000E86F00C352503C1F3D
:101350007307B4C0E8DDFFEB9B759D5153E85A005D
:10136000E86800B4FEE87000B91F00268A27E86725
:101370000043E2F7E843005B59E978FF5250A87F49
:101380000F8574FF5188C1B80780E8A7FF59E9634A
:0F139100525051B48088C1B008E897FF59E95312
:0F13A1005250B80881E875FF88E25888D0E944B7
:0F13B10090EEEB00EB00EB00C3BA62F8EC24FB0C
:1013C000E8EFFF0C0124F7E8E8FFC324FB0C01E879
:1013D000E0FF0C08E8DBFFC351B9080024FBD1E8AB
:1013E000D0C0E8CDFF0C04E8C8FFE2F059C351B902
:1013F00008000C05E8BBFF24FBE8B6FF52BA60F812
:10140000EC5AD1C8D0E0E2EA59C388C4C0EC042445
:0F1410000FD50AC388E8E8F1FF89C388C8E8EA66
:1014200089C188F0E8E3FF92E8DFFF9283E803795F
:101430000A83C00C49790483C1644B01CAC1E90223
:1014400001CA01DAC1E30201DAC1EB0401DAB9052C
:1014500000F6F188E32E8A9F6B1401DA41F6E10170
:10146000D031D2414040F7F189D0C3001F3D5C7AB2
:101470005351525657C8060000C41E0D8081C3E167
:1014800000268B07C1E8022501008946FC268B0750
:10149000C1E80530E4241F80CC038946FEB800046F
:0F14A0008B9EFCFF8B8EFEFF33D2CD148986FA14
:1014B0008B46FA30E4508B46FAC1E808501E68BCEF
:1014C00080E8A76483C408C95F5E5A595BC3565756
:0F14D000C80200008B960800B403CD148986FE75
:1014E0008B46FEC95F5EC35351525657C804000075
:1014F000BBA086B9010031D2E863678946FC8956F2
:10150000FEB4868B96FCFF8B8EFEFFCD15EBB85399
:1015100051525657C804000050E816EEB8F803E8D8
:10152000A1F985C075A1E847FFB88300CD10C41E9E
:101530000D80268B471024CF0C2026894710C436F7
:101540000D8031DB2680BCE300007403BB0100C4C6
:10155000360D802680BCE40000740143C4360D8043
:10156000268064103E85DB741689D8C1E0068B3670
:101570000D802D40008E060F800C01260944108539
:10158000DB7403E8235DE8275931C0E8700CE89B61
:1015900001837EFA00750A1E680581E8CD6383C465
:1015A00004B81700E840FF31C0E86EEDC41E0D809E
:1015B000260FB687010150268B87DB0031D2C1E8A8
:1015C0000A268BB7DD005083C60526FF771389F006
:1015D00026FF7710BB0A00F7F3BB640031D2F7F3A4
:1015E000BBE8035289F031D2F7F3501E683C81E822
:1015F000796383C410BA3CF4ED8986FCFF8B46FC0A
:10160000A8017405B88781EB03B8A5818CDB535022
:101610001E68CE81E85463C41E0D8083C40826F67C
:101620004712017405B8E481EB03B817828CDB53D1
:10163000501E682982E8336383C4081E683A82E832
:10164000296383C404B88F00E80DFB501E683C82F8
:10165000E8186383C406F646FA01740A1E684C82D1
:10166000E8086383C404F646FA02740A1E686E82B0
:10167000E8F86283C4041E688582E8EE6283C404CD
:10168000F646FA0474061E68B282EB041E68B6823F
:10169000E8D86283C4041E68B982E8CE6283C404B9
:1016A000E8AD52C746FE0000B401CD160F84060017
:1016B000C786FEFF0100837EFE007411E80A121E39
:1016C00068C182804EFA10E8A16283C4048B46FA96
:1016D00085C0740824EF50E86D03EB06B81400E8E9
:1016E00005FECD191E68D282E88062B8080083C466
:1016F00004E9D3FD53515657C8040000B402CD1A73
:101700008AE6898EFEFF8986FCFF8B46FC8B56FE9F
:10171000C95F5E595BC353515657C8040000B404F7
:10172000CD1A898EFEFF8996FCFFEBDE535152568F
:10173000C80C0000BBF5FFB800F031F68EC046269D
:101740008A07438842F383FE087CF31E6850B6C6BE
:1017500046FC00E8156283C404168D56F4521E68D8
:10176000FA82E8066283C408E889FF89D38946FEC5
:10177000B90800D1EAD1D8E2FA30E45089D830E48F
:10178000C1EB08500FB6C3501E683683E8DC618396
:10179000C40AE881FF8946FE520FB65EFEB9080012
:1017A000D1EAD1D8E2FA5330E4501E685983E8BA3E
:1017B0006183C40AC95E5A595BC33D20007C053D64
:1017C0007F007C0331C0C3B80100C3535189C38972
:1017D000D18EC126803F00740DBA0700260FB607D0
:1017E000E8DD1043EBEB595BC37713100D050201E5
:1017F00000BC188418931862186218AD18AD1860F0
:10180000188418515657C8020000505289DE4E31D4
:10181000DB39F30F8DCA00E8AF1089C189C28D7F13
:1018200001E896FF897EFE85C074168E46FABA07D7
:101830000089DF89C8037EFC8B5EFE26880DE98067
:101840000083E90883F9777773BFE91788C80E0723
:10185000B90900F2AED1E189CF2E8B85F117FFE0F7
:1018600031DBBA0700B80D00E85510BA0700B80A16
:10187000008B76FCE8491001DE8E46FA89D826C630
:0F1880000400EB5F85DB7E3CB870838CDAE83BBD
:101890004BEB31BA0700B82000E8241089DF8E46F0
:1018A000FA037EFC8B5EFE26C60520EB1785DB74F3
:1018B00013B870838CDAE812FF4BEBF1BA0700899A
:1018C000D0E8FC0F39F30F8547FFBA070089D0E84D
:1018D000EE0FBA0700B808008D5CFFE8E20FE930B0
:0F18E10089D8C95F5E59C35657C80400005052DA
:1018F000535131F6FF76F8FF76FA1E68B2858B7E7B
:10190000F6E867608B5EF483C40831C0895EFE3BF5
:10191000460873268E46FE6626FF3540501E8946D1
:10192000FC68B88583C704E841608B46FC83C40A21
:10193000EBDD85F60F857100EBBA1E68C185E82ADC
:101940006083C404E8820F89C7E86EFE85C07434E2
:101950008D75D0BA070089F8E8650F837E0809768F
:101960002F83FE01752AE8600F89C7E84CFE85C009
:10197000741E6BF60A8D5DD0BA070089F8E8400F37
:1019800001DEEB0C1E68CA85E8E05F83C404EB1936
:101990001E68CA85E8D45F83C40483FE010F8C519E
:0F19A1003B7608768CE949FF89F0C95F5EC20288
:1019B000005657C8040000B424CD1A8886FEFFC71D
:1019C00046FC0000837EFC0373118B5EFC8A876EED
:1019D000B93A46FE7405FF46FCEBE91E68CC85E883
:1019E000895F83C404837EFC0372061E68DA85EB7C
:1019F0000B8B5EFCC1E30266FFB762B9E86C5F83E4
:101A0000C4046A03BB62B9B8E4858CD98CDAE8D720
:101A1000FE8946FC837EFC00741D8B5EFC0FB69F26
:101A20006DB9895EFCB80022CD1A8B86FCFFB42309
:101A3000CD1AB88022CD1AC95F5EC3751A7C1A818F
:101A40001A861A8B1A901A56575589E58B7608B85C
:101A50001D00E833E96A06BB71B9B8FA858CD98CE8
:101A6000DAE884FE89C7483D0500772789C301C3AA
:101A70002EFFA73B1AE8A70009C6EB17E87F01EB8A
:101A8000F7E8F906EBF2E82502EB08E8A619EB0304
:101A9000E8050C85FF75BE85F67425B81D00E8E7DE
:101AA000E8C41E0D80268987FE00E804E9B81F00FF
:101AB000E8D5E81E681186E8B15E83C404E8E25008
:101AC0005DE9E8FE5657C810000089CF5352501EFA
:101AD000683386E8955EBB10008D46F083C40A8C9F
:101AE000D2E81FFD85C0743131C031F6807AF00034
:101AF0007421807AF0307221807AF039771B6BD8AC
:101B00000A0FB652F089D02D300001D839F87F097C
:101B100046EBD985F60F851EFFB8FFFFE918FF5386
:101B200051525657C80800001E683D86E83C5E8347
:101B3000C4041E685386E8325E83C4041E688D8622
:101B4000E8285E83C40431FF1E31F668C586897EAD
:101B5000FEE8175E83C404EB68B803878CDB535040
:101B60001E680A87E8045EB9FF008B5EF8B80F872D
:101B700083C4088CDAE84CFF8946FC85C07C118A56
:101B800046FCC41E0D8001F3BF0100268887ED00CE
:101B9000B93F008B5EFAB819878CDAE826FF8946D0
:101BA000FC85C07C118A46FCC41E0D8001F3BF0178
:101BB00000268887EE00FF46FE4646837EFE027DB5
:101BC00026C41E0D8001F3260FB687ED008946F866
:101BD000260FB687EE008946FA837EFE000F8478D2
:0F1BE100B8FD86E975FF85FF740A1E682387E843
:101BF000795D83C40489F8C95F5E5A595BC3535148
:101C00005256571E685E87E8615D83C4041E686E85
:101C100087E8575D83C4041E31FF68A88731F6E862
:101C2000495D83C404EB4FB8DC878CDA52501E68E0
:101C3000E487E8365DBBA1B983C40C8CD96A0585FD
:101C4000F67405B8D487EB03B8DC878CDAE898FC27
:101C500089C23D01007C193D050077148B1E0D8063
:101C6000FEC88E060F8001F3BF0100268887E300BF
:101C70004683FE027325C41E0D8001F3268A87E386
:101C8000003C05720230C00FB6D8C1E30266FFB750
:101C9000A1B985F67491B8D487EB8F85FF740A1EBD
:101CA00068EF87E8C55C83C40489F8E94AFF566A8F
:101CB00003BBB5B9B8CB838CD98CDAE82AFC89C6CA
:101CC0003D030074143D0200740A3D0100750DE8E7
:101CD0001000EB08E8C201EB03E8D5FC85F675CFF0
:0F1CE0005EC35657C83A0000B404CD1A88AEF45C
:101CF000888EFAFF88B6F6FF8896F8FFFEC88886B9
:101D0000FCFFE80FF78886FEFF0FB65EFEC1E30218
:101D100066FFB7C1B91E682988E84F5C83C4080F05
:101D2000B646FC500FB646FE500FB646FA500FB6F8
:101D300046F4500FB646F8500FB646F6501E6839B6
:101D400088E8275C83C4101E686088C646FE63E886
:101D5000195CBB28008D46C683C4048CD2E8A3FA64
:101D600085C00F84D1FC8D56C68D5EEE8D46C68C27
:101D7000D18956EE8CD28C56F0E8B0048946F285B3
:101D8000C00F8409013D13000F8D02018A46F288BD
:101D900046F6FF46EE8D5EEE8B56F08CD18B46EE0E
:101DA000E889048946F285C00F84E2003D32000FC5
:101DB0008DDB008A46F28846F8FF46EE8D5EEE8B9C
:101DC00056F08CD18B46EEE862048946F285C00F4E
:101DD00084BB003D70190F8CB4003D70200F8DAD99
:101DE000008A56F28856FAC1F8088846F40FB646BB
:101DF000FAE816F689C30FB646F6E80DF689C20F63
:101E0000B646F8E804F689D8C1F80F31C329C38370
:101E1000E30331C3C746F2280029C37505C746F25C
:101E2000290083FA0275090FB646F83B46F27F5E39
:101E300083EA03C746F2310085D27D0383C20C8951
:101E4000D0BB050099F7FBF6C2017403FF4EF20FF9
:101E5000B646F83B46F27F36C646FE010FB646FA56
:101E6000500FB646F4500FB646F8500FB646F6502F
:0F1E70001E687688E8F45A83C40CB4058AAEF471
:101E80008A8EFAFF8AB6F6FF8A96F8FFCD1A807E10
:101E9000FE070F83B1FEE99EFB5657C8360000B41B
:101EA00002CD1A88AEFAFF888EFCFF88B6FEFF9F2F
:101EB00080E40188A6F8FF0FB646FE500FB646FC38
:101EC000500FB646FA501E688B88E89E5A83C40AA3
:101ED000807EF80074061E68B988EB041E68C2880C
:101EE000E8885A83C4041E68CB88E87E5ABB280061
:101EF0008D46CA83C4048CD2E808F985C00F8436A5
:101F0000FB8D5ECA8D46CA8CD18CD2895EF28D5E05
:101F1000F28C56F4E815038946F63D24007D718A5B
:101F200046F68846FAC45EF226803F3A7562FF465E
:101F3000F28D5EF28CD18CC28B46F2E8EE028946BD
:101F4000F63D60007D4A8A46F68846FCC45EF2266D
:101F5000803F3A7407C746F60000EB18FF46F28D43
:101F60005EF28CD18CC28B46F2E8C0028946F63D07
:0F1F700060007D1C8A46F68846FEB4038AAEFAEE
:101F80008A8EFCFF8AB6FEFFB200CD1AC646F80262
:101F9000807EF8020F824EFFE99CFA53515657C8D3
:101FA00004000089C68956FEC746FC0E008EC23169
:0F1FB10026F64401207505C746FC0C008E46FE3F
:101FC000268B1CB800F0C1EB05BA070030FF31C901
:101FD00080E31F8EC001DBB80008268B9FEB0DE865
:101FE000DD5C52501E68E188E88059BBDDB9B8F865
:101FF0008883C4088CD9FF76FC8CDAE8EAF889C2B9
:102000003D01007C433B46FC7F3E8E46FE4A89C331
:1020100031C930F601C380E21F2681241FFCC1E2D2
:1020200005B800F0260914BA07008EC0B8000826CB
:102030008B9FE90DE8885C52501E681089BF010033
:10204000E8285983C408EB5E85D20F856FFFEB56F5
:1020500053515657C802000089C68956FE31FF8E7B
:1020600046FE268B04C1E80225010040501E68236D
:1020700089E8F758BB15BAB83B8983C4068CD96A7E
:10208000028CDAE862F889C285C07E223D02007FB8
:102090001D4830E48E46FE2401268024FBC1E00268
:1020A000BF010026090489F8C95F5E595BC385D268
:1020B00075ADEBF253515657C806000089C68956D4
:1020C000FC8EC2268B0489C231FF30E6C1E8038052
:1020D000E20330E483C20524038956FA8946FE8B65
:1020E00046FE85C07505BA4F89EB0D3D01007505AB
:1020F000BA5289EB03BA56898CD85052FF76FA1E31
:10210000685B89E86558BB1DBAB87A8983C40A8CB4
:10211000D96A038CDAE8D0F789C23D030074253D03
:10212000020074133D01007528C746FE0000C74633
:10213000FA030089C7EB1AC746FE0300BF010089F6
:1021400046FAEB0DC746FE0100C746FA0200BF0182
:102150000085D2740485FF748685FF0F8447FFC411
:1021600046FA30E4268024FC24032609048B46FE2C
:10217000250300268024E7C1E003E926FF535152DE
:102180005657C80200008B3E0D80A10F8031F689A2
:1021900046FE81C7E1006A03BB29BAB88B898CD996
:1021A0008CDAE843F789C33D0300741E3D020074D6
:1021B0000F3D0100751E8B56FE89F8E8DDFDEB1220
:1021C0008B56FE89F8E888FEEB088B56FE89F8E806
:1021D000E2FE09C685DB75BE89F0E91AFA00000047
:1021E000525191B8010083E10FD3E0BAA10008C0B9
:1021F0007405BA210088C4EC08E0EE595AC3525164
:1022000091B8010083E10FD3E0BAA10008C07405C2
:10221000BA210088C4F6D4EC20E0EE595AC33C3011
:1022200072073C3977032C30C3B0FFC35657C80838
:10223000000050525351C646FE00C746F80A0089B6
:0F22400046FA8956FCE8E8E631DB89C68EC231E2
:1022500026891C8E46FC8B76FA268A043C20740460
:102260003C097505FF46FAEBED8D440126803C2DB7
:102270007506C646FEFFEB0A26803C2B7507C64650
:10228000FE018946FAC476FA260FB604E88FFF0FDE
:10229000B6F03B76F87C1A8B76F68B46F48976FAA4
:1022A0008946FCE88AE689C68EC226C7040100EB8F
:1022B0006C0FB6D831FFFF46FAC476FA260FB60483
:1022C000E85BFF3CFF743F0FB6F03B76F87D228160
:0F22D10099097208751A81FB99997314B9040061
:1022E000D1E3D1D7E2FA0FB6F031C001F311C7EB59
:1022F000C5E83CE6FF46FA89C38EC231FF26C70710
:10230000010031C3EBB0FF4EFA807EFE007D0EB8B7
:10231000999929D889C3B8999919F889C7837EF002
:10232000007506837EF2007416FF46FA8E46F08B27
:1023300076F28B46FA2689048B46FC26894402896C
:10234000D889FAC95F5EC33C3072073C3977032CE9
:1023500030C33C4172073C4677032C37C33C617263
:10236000073C6677032C57C3B011C35657C8080003
:10237000005052535130C08956F88846FE30E4313F
:10238000F68946FAE8A9E589C78EC28B5EF62689EA
:10239000358E46F8268A073C2074083C0974043CB4
:1023A0003A750343EBEE8D470126803F2D7506C637
:1023B00046FEFFEB0A26803F2B7506C646FE0189C6
:1023C000C38E46F8260FB607E87CFF3C1175178BC5
:1023D00046F48946F8E858E589C78EC28B5EF62632
:0F23E000C7050100EB718E46F8260FB607E857C8
:1023F0008846FC3C11743481FEFF0F760EE830E510
:1024000089C78EC226C7050100EB1D8B46FA89F2EB
:10241000B90400D1E0D1D2E2FA89D60FB656FC3128
:0F24210001D08946FA11FE43EBBBE802E589C7FB
:102430008EC226833D007409C746FA000031F6EBD0
:1024400016807EFE007D108B46FAF7D0F7D6050188
:10245000008946FA83D600837EF0007506837EF2FB
:102460000074128E46F08B7EF226891D89FB8B4606
:10247000F8268947028B46FA89F2C95F5EC3535238
:102480008B1E0D800FB6D08E060F800FB60638BAA1
:10249000268B5F6301D8E8AA580FB60639BA01D86F
:1024A000E8AA585A5BC3535188D18B1E0D800FB6D2
:1024B000D08E060F800FB60638BA268B5F6301D820
:1024C000E880580FB60639BA0FB6D101D8E873586C
:1024D000595BC353528B1E0D8030E48E060F8080F3
:1024E000C404BA5A002689476331C0E8B8FFBAC6A7
:0F24F00000B81500E8AFFFBAAC00B80D00E8A6C1
:1025000031C0E879FF3C5A751AB81500E86FFF3CF6
:10251000C67510B80D00E865FF3CAC7506B8010043
:102520005A5BC331C05A5BC353515289C1C41E0D9B
:102530008089C2268B5F63C1EA0883C30589D830CE
:10254000F6E8FF57430FB6D189D8E8F6578D470113
:10255000E8FA57E9C0005351C802000089C1885603
:10256000FEC41E0D8089C2268B5F63C1EA0883C347
:102570000589D830F6E8CB57430FB6D189D8E8C2E1
:10258000570FB656FE8D4701E8B857C9595BC3537C
:10259000528B1E0D8030E48E060F8080C404BAA5D5
:1025A000002689476331C0E8ACFFBAC600B80B000B
:1025B000E8A3FFBA5C00B81700E89AFF31C0E867EB
:0F25C1003CA5751AB80B00E85DFF3CC67510B855
:1025D0001700E853FF3C5C7506B801005A5BC33135
:1025E000C05A5BC353515256BE00B831C931DB30BB
:1025F000E4BA8100050404E849578EC626803FA549
:10260000751126807F0BC6750A26807F175C7503BF
:10261000B9010089C85E5A595BC35352A81F74059B
:1026200031C05A5BC30FB6D031DB80C604EB09431F
:1026300083C20883FB047D0989D0E8235785C075D0
:0F264000EE5A5BC35657C8020000CD118986FEC3
:102650008B46FEC95F5EC35657C8020000CD128983
:1026600086FEFFEBEB56575589E58B9608008B8E5F
:102670000A00B401CD1A8B46088B560AEBD5565783
:0F268000C8040000B402CD1A898EFEFF8996FCB3
:102690008B46FC8B56FEEBBB5351525657C80A0073
:1026A00000C41E0D80268B87E100C1E805251F00B0
:1026B00089C6465650268BB7E100268B87E100C1BC
:1026C000EE03C1E80283E60330E4268B9FE1002499
:1026D0000130FF4080E303500FB6844EBA01DB5057
:0F26E100B746BA1E68A089E8805283C40EB403BE
:1026F00033D2CD148986F6FF8B46F630E4508B46F4
:10270000F6C1E808501E68D889E85F5283C408E81B
:1027100032FF8946FA8946F8E83CFF501E68038A72
:10272000E8485283C406F646FA01750C1E682F8AE3
:10273000E8385283C404EB168B46FAC1E80630E44D
:10274000240340501E68338AE8205283C4061E6862
:10275000378AE8165283C404F646F802750A1E68E2
:102760002F8AE8065283C4041E68518AE8FC518B04
:1027700046F8C1E80930E483C4042407501E686E9B
:102780008AC746FC0000E8E25183C406EB0B83468F
:10279000FC20817EFCF000731A0FB646FCE87AFE3E
:1027A00085C074EAFF76FC1E68888AE8BD5183C440
:1027B00006EBDBB8E800C746FE0000E8D1FD85C0A7
:1027C000740F1E68A68AC746FEE800E89D5183C4C0
:1027D00004B8E000E8B8FD85C0740F1E68BB8AC766
:1027E00046FEE000E8845183C404B8D800E89FFDA9
:1027F00085C0740F1E68D08AC746FED800E86B51AA
:1028000083C404B8F000E886FD85C074111E68E535
:102810008AC746FEF000E8525183C404EB06837E6B
:10282000FE0074210FB646FEE8B9FD85C07405B8F8
:10283000FA8AEB03B8FC8A8CDB53501E68028BE8E3
:10284000295183C408B8C000E888FC85C0740A1EFA
:1028500068318BE8155183C404B8D000E874FC8556
:10286000C0740A1E68468BE8015183C404B8E000B6
:10287000E860FC85C0740A1E685B8BE8ED5083C479
:1028800004B8F000E84CFC85C0740A1E68708BE840
:10289000D95083C404C95FE97BFD0000000000003B
:1028A000CF50B020E62058CFFBB401F9CA0200CFC8
:1028B00050B020E6A0EB0150B062E62058CF90C3A4
:1028C00053B40E31DBCD105BC330E4CD16247F3022
:1028D000E4C35657C80C000089C68956FE89DF89B3
:1028E0004EFA8EC2268B0489F38946F4268B440265
:1028F00089D18946F68B46F48B56F6E86DFA8E46FA
:10290000FE8946F88956FC89C2268B1C268B4C0210
:102910008B46FC3B4EF675093B5EF4750431C0EB0B
:102920004A8EC126803F3A75358E46FE4326894C35
:102930000289D826891C89F38CC1268B5402E82A87
:10294000FA89C689D38B46F88B56FCB90400D1E0CE
:10295000D1D2E2FA89D189C289C801F211D88E4652
:10296000FA26891526894502B80100C95F5EC3565B
:1029700057C80A000089C68956FE89DF894EFA8E3B
:10298000C2268B0489F38946F6268B440289D189B5
:1029900046F88B46F68B56F8E8D0F98E46FE894607
:1029A000FC268B4402268B1C3B46F875093B5EF6E1
:1029B000750431C0EB628EC026803F3A75298E4681
:1029C000FE43268944028CC126891C89D8268B5453
:1029D0000289F3E895F98B56FC8E46FA8B5E082641
:0F29E00089158E460AEB2B83FA1077027505B81E
:0F29F100EB258B46FC8E46FAB90400D1EAD1D80B
:102A0000E2FA2689058B46FC8B5E0830E48E460A86
:102A1000240F268907B80100C95F5EC2040056571B
:102A2000C808000089C68956FE89DF894EFC8EC21F
:102A3000268B0489F38946FA268B440289D189467C
:102A4000F88B46FA8B56F8E821F98E46FE268B1C49
:102A5000268B74023B76F8750A3B5EFA750531C029
:102A6000E908FF8E46FC26890526895502E9F8FE0D
:102A70005657C804000089DE89CF8D5EFC8CD1E8F2
:102A80009CFF85C00F84E3FE8EC78B46FC2689041D
:102A9000E9D5FE5657C802000089C6894EFE31C0EE
:102AA0008E46FE26803F00741B8EC226C43C01C7A2
:102AB000268A0D8E46FE263A0F740531C0E9ABFE1C
:102AC0004340EBDC8EC226C41C01C3268A1F84DB74
:102AD000740A80FB20740580FB0975DF8EC2260115
:102AE00004E984FE53515657C80200005085D27441
:0F2AF0000B8B96FCFFED8986FEFFEB0B8B96FCA4
:102B0000EC32E48986FEFF8B46FEC95F5E595BC3EB
:0F2B10005156575589E5505285DB740B8B96FE55
:102B20008B86FCFFEFEB098B96FEFF8B86FCFFEE9E
:102B3000C95F5E59C3515657C80A000089C68956F5
:102B4000FA895EFE85DB0F95C030E4408946F88542
:102B5000DB7405B80800EB03B8100031FF8946FCB0
:102B6000897EF68B46F63B46FA735085FF750B5609
:102B70001E68AE8BE8F44D83C406837EFE00740F9E
:102B8000BA010089F0E85CFF501E68B58BEB0C8938
:102B9000F031D2E84EFF501E68BB8BE8CD4D83C4A8
:0F2BA00006470376F83B7EFC750C1E68C18B312F
:102BB000E8B84D83C404FF46F6EBA885FF0F846F89
:0F2BC1001E68C18BE8A34D83C404E962FF535122
:102BD000565789C189D6C41E0D80268B7F6C89C843
:102BE00031D2E8FFFE25E00039F0750530C0E91A62
:0F2BF100C41E0D80268B476C29F83D240072DE30
:102C0000B8FFFFE905FF535189C389D1BA8000E8B5
:102C1000BCFF85C07406B8FFFF595BC38D470189AF
:102C2000CA31DBE8EAFE31C0595BC3525689C6BAE5
:102C3000C000E899FF85C07406B8FFFF5E5AC38DD7
:102C4000440131D2E89DFE8EC126890731C05E5A0B
:102C5000C35351525657C8040000C746FC0000B485
:102C600001CD160F840600C786FCFF01008B46FCD1
:102C700085C0741432E4CD168986FEFF8B46FE258E
:102C80007F003D03000F94C0C95F5E5A595BC35675
:102C900057C81A000050525389D839D10F82CBFC43
:102CA00075073B46E40F82C2FC8B7EE489D68956C9
:102CB000FE83E7F089F8F7DEF7D883DE0001D8114C
:102CC000CE8946F88976FC8B46FE3B46E272077554
:102CD0000C3B7EE473078B46E429F8EB0231C08994
:102CE00046FA837EFC00750D837EF81073078B4EC9
:102CF000E029F9EB03B90F0089C82B46FA408D563D
:102D0000E6500356FA168B46FA529901F81356FE0E
:102D10005250894EF6E82CD783C40AFF76FE571E20
:102D200068C38B31F6E8434C83C408EB1F1E68CBA5
:102D30008BE8374C83C40483FE07750A1E68CF8B6B
:102D4000E8284C83C4044683FE107D1B3B76FA7C46
:102D5000DC3B76F67FD70FB642E6501E68BB8BE8A9
:102D6000094C83C406EBD01E68D18B31F6E8FB4BCF
:102D700083C404EB268A4AE680F920720A80F97F30
:102D800073050FB6C1EB03B82E00501E68D48BE854
:102D9000D94B83C4064683FE107D163B76FA7C052C
:102DA0003B76F67ED01E68CF8BE8BF4B83C404EB26
:102DB000E41E68D78BE8B34B83C404837EFC0075A4
:102DC00008837EF8100F82A2FB8346F8F08356FC3E
:0F2DD10083C7108356FE00E876FE85C00F84E6A8
:102DE000FE1E68DA8BE8834B83C404E97DFB5351F4
:102DF000525657C80600006A408B1E0D801E8E0674
:102E00000F8068F28B268B4710268B7F6E8946FCDD
:102E1000268B476C268BB7DD008946FAE84C4BC4FD
:102E20001E0D8083C406260FB6471650260FB647E0
:102E30001550260FB64712508B46FCC1E8092507EE
:102E40000083C60550F646FC027405B8108CEB03EF
:102E5000B8148C8CDB5350FF76FC1E68188CE80A83
:102E60004BBB0A0089F031D2F7F3BB640031D2F7D3
:102E7000F383C412BBE8035289F031D2F7F3C41EC6
:102E80000D8050260FB68701015026FFB7DB0026C4
:0F2E910077131E68548CE8D14A8B1E0D8083C4C2
:102EA0000E8E060F806626FF776726FF7772260F45
:102EB000B68700015026FFB7AC0026FFB7DF001E23
:102EC000688D8CE8A54AC41E0D8083C410260FB6F9
:102ED00087DA0050260FB687D90050260FB687D85C
:102EE0000050260FB687D700506626FF7704662667
:0F2EF100371E68D58CE8724AC41E0D8083C41446
:102F0000260FB6477F50260FB6477E50260FB6478E
:102F10007D50260FB6477C501E68148DE84C4AC47D
:102F20001E0D8083C40C260FB6477B50260FB64774
:102F30007A50260FB6477950260FB6477850662646
:0F2F4100770C6626FF77081E683A8DE81C4A83D6
:102F5000C414C41E0D80260FB687A00050260FB6DD
:102F6000476B50260FB647705057FF76FA1E687AA7
:102F70008DE8F749C41E0D8083C40E260FB6477135
:102F8000506626FFB780006626FF771A260FB687A1
:102F9000960050260FB687970050260FB647185058
:102FA000260FB64717501E68B68DE8BE49C41E0DE1
:102FB0008083C416260FB687E40050260FB687E339
:102FC0000050260FB6878B0050260FB6474150267B
:102FD0000FB6474050260FB6473F50260FB6473E24
:102FE000501E68088EE88349C41E0D8083C41226D3
:102FF0000FB6878D0050260FB6878C005026FFB77E
:103000009400260FB6477750260FB6477650260F06
:10301000B6477450260FB64775501E68598E31F664
:10302000E8484983C412EB2B0FB646FE50561E6883
:10303000BA8EE8364983C40889F030E424033D039E
:1030400000750A1E68C18BE8214983C4044683FECB
:1030500008733DC41E0D8001F3268A87E50088466B
:10306000FEF7C60300750A1E68AA8EE8FD4883C4F1
:0F307000048A46FE3C0673B00FB6D8C1E3026671
:10308000B758BA561E68B38EE8E04883C40AEBA866
:10309000C41E0D8026FFB7FE00260FB687E2005043
:1030A000260FB687E100501E68C48EE8BD4883C471
:1030B0000AE9D4FB5657C802000089C689DF894E49
:1030C000FE8B5E088B4E0A31C001FE89D73B46FE5F
:1030D0007D0F8EC740268A148EC14626881743EB83
:1030E000ECC45E0801C385C07E1626807FFF207475
:1030F0000726807FFF00750883C3FF05FFFFEBE60F
:10310000C45E0801C326C60700E90CF9515657C82A
:10311000100000538946F28956F68946F08956F820
:1031200031F63B76EE0F8307FA56C746FE00001EC7
:103130008B7EF068AE8B01F7E830488B46F883C48D
:10314000068946FCEB0AFF46FE47837EFE107D247F
:103150008E46FC260FB605501E68BB8BE80C4883D4
:10316000C406837EFE0775DE1E68CF8BE8FC4783AE
:10317000C404EBD21EC746FA000068D18B8B7EF2E6
:10318000E8E84701F78B46F683C4048946F4EB1858
:10319000B82E00501EFF46FA68D48B47E8CC478310
:1031A000C406837EFA107D128E46F4268A053C20E2
:1031B00072DE3C7F73DA30E4EBD91E68D78BE8AA65
:1031C0004783C404E88AFA85C0740D1E68DA8BE868
:1031D000994783C404E958F983C610E944FF535161
:1031E000525657C8320000508B3630808B3E3280AA
:1031F000E8993185C0741F837ECC007405B8ED8ECC
:10320000EB03B8F38E8CDE56501E68FA8EE85B47EF
:1032100083C408E972FA8B46CC89F389F985C074B6
:1032200003B8100030E4E85AD585C07418837ECC0A
:10323000007405BAED8EEB03BAF38E8CD850521E93
:1032400068228FEBC889F089FA31DBE8D830BB31CE
:10325000008946F889FA89F0E8CB30BB3C00894602
:10326000FE89FA89F0E8D330FF3632808946FA8940
:1032700056FCFF363080837ECC007405BAED8EEBB1
:1032800003BAF38E8CD850521E683B8FE8DC468D13
:1032900056CEB9280083C40CBB36001689F052897B
:1032A000FAE810FE168D56CE521E68628FE8BB46B5
:1032B0008D56CEB9140083C40889F01689CB528983
:1032C000FAE8F0FD168D56CE521E68748FE89B46C4
:1032D0008D56CEB9080083C408BB2E001689F05263
:1032E00089FAE8CFFD168D56CE521E68868FE87A91
:1032F00046BB530083C40889F089FAE82830A80443
:103300007405BA108CEB03BA148C8CD85052F64664
:0F331100027405BA108CEB03BA148C8CD850528E
:10332000F646FF017405BA108CEB03BA148C8CD8E6
:103330005052FF76FEFF76F81E68988FE82C46BB49
:103340002F0083C41489F089FAE8DA2FBB06003015
:10335000E489FA5089F0E8CD2FBB03005089FA893F
:10336000F0E8C22FBB01005089FA89F0E8B72F506E
:103370001E8B7EFC68D68F8B76FAE8EE4583C40CF4
:10338000B90B00D1EFD1DEE2FA575666FF76FA1E8E
:10339000680D90E8D54583C40CE9ECF8515657897F
:1033A000C789D689DA89D8E8E22F85C0741D85DB04
:1033B0007405B8ED8EEB03B8F38E8CDA52501E68AC
:1033C000FA8EE8A64583C408E966F76A018B1E30C9
:1033D00080568B0E32805785D27403B8100030E4CB
:1033E000E8FDD285C0741F565785D27405B8ED8E9E
:1033F000EB03B8F38E8CDA52501E683090E86B45C0
:1034000083C40CE92BF75657565785D27405B8ED8F
:103410008EEB03B8F38E8CDA52501E685090E84A57
:1034200045BB0002A1308083C4108B163280E8DBDC
:10343000FCE9FDF65351525657C876020081EDCE95
:1034400000E937058D5EEA8D46AA8CD18CD2E881E1
:10345000F485C075128B46EE057F008946EA8B46DF
:10346000F01500008946EC8B5EEA8B4EEC8B46EE45
:103470008B56F0E819F8E90205BBBA908D46AA8C84
:10348000D98CD2E80DF685C00F841E011EBAC290F9
:103490005231F6E8D5448976F2C41E0D8083C40407
:1034A000268B7F6CBA0A00B8200031DBE861F6B8E1
:1034B000200031D2E82DF631DBBA0A000946F2B815
:1034C000A000E84BF6B8A00031D2E817F6C41E0DF4
:1034D0008009C6268B476C29F83D120072C6B8F9E0
:1034E0000331D2E8FEF531DBBA01008946F6B8F9BE
:1034F00003E81CF656FF76F21E68EE90E86C4483F3
:10350000C4081E31FF680F91897EF4E85D44C41E33
:103510000D8083C404268B4F6CBA0A00B82000319A
:10352000DBE8ECF5B8200031D2E8B8F531DBBA0AB7
:10353000000946F4B8A000E8D6F5B8A00031D2E8FA
:10354000A2F5C41E0D8009C7268B476C29C83D5AB9
:103550000072C6B8FD0331D2E889F531DB8B56F62F
:1035600089C189869C00B8F903E8A4F5F6C1017405
:1035700008B8F80331D2E86BF5FFB69C0057FF7628
:10358000F41EF7D6686A9121FEE8DF438B46F2838A
:10359000C40AF7D0562346F4501E689A91E8CB43EC
:1035A00083C4081E68BE91E92004BBD3918D46AA4E
:1035B0008CD98CD2E8DCF485C00F844C018D5EB2CE
:1035C0008B360D80A10F808CD18CD28946268D46FA
:1035D000AA81C6AE00E846F485C074488D5EB68DFB
:1035E00046AA8CD18CD2E835F485C07437837EB47A
:1035F000007506837EB201722B8B46B485C077249A
:103600007507817EB2FF00771B837EB80075068345
:103610007EB601720F8B46B885C077087534837EFD
:10362000B63F762E1E68D791E840438E462683C467
:10363000046626FF740A260FB6440E50260FB644C1
:10364000025026FF341E68F591E81F4383C40EE93B
:1036500029038B46B28B56B48B5EB68B4EB8E8FD11
:10366000458E462689C389D1268B440A268B540C65
:10367000E84C4689C385D2750485C0740B85D27722
:0F36800007751E3D00047619525366FF76B66635
:1036900076B252531E681092E8D04283C414E9DA1D
:1036A000028A46B2268844028A46B62688440E26F6
:1036B000891C8B46B485C07708750B837EB208766B
:1036C00005B80800EB0231C08E462626884408263D
:0F36D100740C8B4EB489D826FF740A8B5EB2E856
:1036E0007C458B5EB68B4EB8E873455250260FB6BC
:1036F000440E50260FB644025026FF341E684792EF
:10370000E8684283C412E97202BB83928D46AA8C98
:10371000D98CD2E87DF385C07406E8D1F6E95B0266
:10372000BB87928D46AA8CD98CD2E866F385C00FF0
:10373000843B018D5E8AA132808CD18CD289869E99
:10374000008D46AA8B363080E8D3F285C075071EFF
:10375000BA8E92E973028B969E0089B68E0031C0B4
:103760008EC28B9E8E0040FF868E0026C607003DCF
:10377000000272EE8E869E0089F731DB8A8770BA6E
:10378000432688054783FB6672F28E869E0026C616
:1037900084FE01556A0126C684FF01AA89F3FF76DB
:1037A0008C31C0FF768A8CC1E884CF85C0740A66EC
:0F37B100768A1E68F492EB308E869E0089F34074
:1037C00026C60700433D000272F56A018B8E9E00FB
:0F37D100768C89F3FF768A31C0E803CF85C07408
:1037E0001166FF768A1E680D93E87F4183C408E95D
:1037F00089018E869E0089F731DBEB07434783FB07
:1038000066730C268A153A9770BA74F040EBED8E09
:10381000869E002680BCFE015575082680BCFF01EF
:10382000AA74014085C07405BA2A93EB03BA319398
:103830008CD850526A6666FF768A1E683493E82AEE
:10384000418E869E0083C40E260FB684FF0150264B
:103850000FB684FE0150260FB6440250260FB64420
:103860000150260FB604501E686E93E9DBFDBBA025
:10387000938D46AA8CD98CD2E818F285C00F846F3C
:10388000028D5E9AA130808CD18946F8A132808C5D
:10389000D28986A2008D46AAC786A4000000E87DD2
:1038A000F185C075071EBAA793E91D01C746C60872
:1038B000008D5EC68D46AA8CD18CD2C746C800004A
:1038C000E85BF1837EC8007506837EC602720F8BAB
:1038D00046C885C07708750D837EC62076071E68AA
:1038E0007294E9E5008D5E9E8D46AA8CD18CD2E85B
:1038F0002CF185C0741D8B46A085C07708750D839B
:103900007E9E0176071EBAB994E9BD008B469E895A
:0F39100086A4008B86A40085C07403B8100066DF
:10392000769AFF76C88886CC00FF76C683BEA40050
:10393000007405BAED8EEB03BAF38E8CD850521E8C
:1039400068DE94E8254083C4108B86A400E83C2AF6
:103950000FB646C650B90010FF769C31DBFF769A51
:103960000FB686CC00E878CD85C074665066FF76C9
:10397000C61E680495E8F33F83C40A1E686990E890
:10398000E93FBB28008D8688FE83C4048CD2E87290
:10399000DE85C074E68D9688FEBB6E908D46AA8C3F
:1039A000D98956AA8CD28C56ACE8E7F085C00F8432
:1039B000C7FA8D5EEE8D46AA8CD18CD2E813EF85C6
:1039C000C00F857FFA1EBA739052E89E3F83C404ED
:1039D000EBA9C7869A0000108986A00031D28B46D9
:1039E000F831FF898694008B86A200899698008919
:1039F0008696003B56C60F839F006A018B5E9A3104
:103A0000F601D38B469C11F08B8EA200500FB68628
:103A1000CC00538B5EF8E8C7CC85C07418500356B1
:103A20009A8B469C11F050521E683595E83C3F83B6
:103A3000C40AE98C008B9E94008B8E96008BB698FE
:103A400000898E90008B8E9A0001FE898E9200EB89
:103A5000084340463D000273388E869200268A0C49
:103A60008E869000263A0F74E8260FB61F8E869237
:103A70000053260FB61C53508B469A31DB01D013EE
:103A80005E9C5350521E686995E8DF3E83C410EB7C
:103A90003081C7000242E95AFF83BEA000007521B1
:103AA00066FF76C683BEA400007405B8ED8EEB03F6
:103AB000B8F38E8CDA52501E68B295E8AD3E83C4DE
:103AC0000C1E68F195E8A33E83C4046A000FB68615
:103AD000CC00FF769C8B5EF8FF769A8B8EA200E876
:103AE000FECB501E680F96E8813E83C406E98BFE2C
:103AF000BB28968D46AA8CD98CD2E896EF85C00F4C
:103B00008436018D5EDAA132808CD18CD28946FA5E
:103B10008D46AA8B363080E804EF85C075071EBA43
:103B20002D96E9A4FE31C0E862288B56DC31DBC15A
:103B3000EA08B8F60183E20F80CAE0E8D2EFBA02E1
:103B400000B8F20131DBE8C7EF8B56DAB8F3013188
:103B5000DB30F6E8BAEF8B46DA8B7EDCB90800D1B1
:103B6000EFD1D8E2FA30E431DB89C2B8F401E89F42
:103B7000EF8B56DCB8F50131DB30F6E892EFBA2076
:103B800000B8F70131DBC786C2000000E881EFEB27
:103B90003C8E46FA260FB684FF0150260FB684FEEF
:103BA0000150260FB684FD0150260FB684FC01504B
:103BB0005153FFB6C2001E685F96FF86C200E8AA96
:103BC0003D83C41283BEC200020F83AEFD31DBEB26
:103BD000074381FB30757316B8F70131D2E804EF63
:103BE00089C2A80175082588003D080075E3F6C262
:103BF00008750C52FFB6C2001E684096E9EAFB3118
:103C0000DBEB14BFFF018E46FA01F74326880581DE
:103C1000FB58020F837AFFB8F70131D2E8C5EE896D
:103C2000C1A8080F846AFFB8F00131D2E8B5EE816F
:103C3000FB000273CE89DFEBCDBB9D968D46AA8C2F
:103C4000D98CD2E84DEE85C00F842D028D5EA2A1E5
:103C500032808CD18CD28986C6008D46AA8B3630B4
:103C600080E8BAED85C075071EBAA596E95AFDB879
:103C70000100508B8EC600FF76A489F3FF76A23137
:103C8000C0E85CCA85C0740C66FF76A21EBADC96DA
:103C900052E955FB89461089F28B86C6008B7E104F
:0F3CA00089868C0001FA8E868C008B7E1089D36A
:103CB0004610268A87F00142888320FF837E1010F9
:103CC00072E88E86C600260FB684FF0150260FB616
:103CD00084FE0150260FB684FD0150260FB684FCE9
:103CE0000150260FB6440350260FB6440250260F4B
:103CF000B6440150260FB604501E68F896E86B3C97
:103D000083C4146A018B8EC600FF76A489F3FF7604
:103D1000A231C0E8CAC985C074071E683D97E9A9E9
:103D2000FC8E86C60089461089F331D2EB0AFF4625
:103D30001043837E101073118B7E10268A87F0014A
:103D40003A8320FF74E842EBE585D27405BA5597B3
:103D5000EB03BA79978CD850521E687F97C74610EC
:103D60000000E8063C8E86C60083C40889F38A46B4
:103D700010345AFF461026880743817E10000272D5
:103D8000ED6A018B8EC600FF76A489F3FF76A2311F
:103D9000C0E89BC985C0740766FF76A2E914FA8E55
:103DA00086C60089461089F3FF461026C6070043E1
:103DB000817E10000272F16A018B8EC600FF76A42C
:0F3DC00089F3FF76A231C0E816C985C074076683
:103DD00076A2E910FAC786C400FFFF8E86C6008966
:103DE000461089F331FFEB0BFF461043817E100034
:103DF00002731B8A4610345A263A0774EB83BEC4FA
:103E000000FF75078B46108986C40047EBDA68000F
:103E1000025766FF76A21E68A097E84E3B83C40C4B
:103E200085FF7422C49EC40001F3260FB607508A92
:103E300086C400345A30E450FFB6C4001E68CA97E6
:103E4000E8283B83C40A8E86C6002680BCFF01A5F5
:103E50007505BAF397EB03BAF6978CD8508E86C6E1
:103E60000052260FB684FF015068A5001E68FC971B
:103E7000E8F83A83C40CE902FBBB23988D46AA8C70
:103E8000D98CD2E80DEC85C00F8489018D5E92A19A
:103E900032808CD18CD28946FC8D46AA8B363080FC
:103EA000E87BEB85C075071EBA2C98E91BFBBA812D
:103EB00000B8F10131DBE857ECBAEF00B8F7013197
:103EC000DBC746200000E847ECEB0AFF4620817E76
:103ED000203075730EB8F70131D2E807EC89C2A81B
:103EE0008075E8521E684398E8803A8B5694B8F67D
:103EF0000183C406C1EA0831DB83E20F80CAE0E82F
:103F00000EECBA0100B8F20131DBE803EC8B5692FB
:103F1000B8F30131DB30F6E8F6EB8B46928B7E94FA
:103F2000B90800D1EFD1D8E2FA30E431DB89C2B868
:103F3000F401E8DBEB8B5694B8F50131DB30F6E8A1
:103F4000CEEBBA2000B8F70131DBE8C3EB31DBEB95
:103F5000074381FB30757317B8F70131D2E884EB62
:103F600089C2A801750930E424883D080075E25231
:103F70001E68649831FFE8F2398B4EFC83C40689D1
:103F8000F3EB1EBA0100B8F001E858EB8EC12688A9
:103F900007C1E808434347268847FF81FF000173B4
:103FA00010B8F70131D2E83BEB8986A600A8087566
:103FB000D2FFB6A600571E687898E8AE398E46FC48
:103FC00083C408260FB6440350260FB64402502679
:103FD0000FB6440150260FB604501E68A498E88A14
:103FE000398E46FC83C40C260FB684FF0150260F81
:103FF000B684FE0150260FB684FD0150260FB6840C
:10400000FC01501E68C998E8613983C40C31C0E8CE
:104010007A23E966F9BBEE988D46AA8CD98CD2E852
:1040200071EA85C00F8493028D5EA6A132808CD187
:104030008CD28946FE8D46AA8B363080E8DFE98532
:10404000C075071EBAF598E97FF98E46FE26C6842C
:0F4051000144260FB684FF0126C684FE013350BA
:10406000260FB684FE0126C684FD012250260FB617
:1040700084FD0126C684FC011150260FB684FC0184
:10408000501EB80A9950E8E23883C40C31C0E8FBEE
:10409000228B46A8C1E80831DB250F000CE089C25D
:1040A000B8F601E86AEABA0100B8F20131DBE85F6C
:1040B000EA8B56A6B8F30131DB30F6E852EA8B46BC
:1040C000A68B7EA8B90800D1EFD1D8E2FA30E4314E
:1040D000DB89C2B8F401E837EA8B46A830E431DB6B
:1040E00089C2B8F501E828EABA2000B8F70131DB47
:1040F00031FFE81BEAEB074781FF30757317B8F70C
:104100000131D2E8DEE989C2A801750930E42488CA
:104110003D080075E2521E686498E84E3883C40674
:1041200031DBEB12BFFF018E46FE01F74326880507
:1041300081FB58027320B8F70131D2E8A6E989C1A2
:10414000A8087412B8F00131D2E898E981FB0002A6
:1041500073D289DFEBD151531E685199E80C388E28
:1041600046FE83C408260FB684FF0150260FB6848E
:10417000FE0150260FB684FD0150260FB684FC01C7
:10418000501E68C998E8E337B8F70183C40C31D2F0
:10419000E851E95031D2B8F001E848E9501E687D95
:1041A00099E8C737B8F10183C40831D2E835E9503E
:1041B00031D2B8F901E82CE95031D2B8F801E8233E
:1041C000E9501E68B899E8A2378B46A8C1E8088371
:1041D000C40A250F000CE031DB89C2B8F601E82FD4
:1041E000E9BA0100B8F20131DBE824E98B56A6B840
:1041F000F30131DB30F6E817E98B46A68B7EA8B9D0
:104200000800D1EFD1D8E2FA30E431DB89C2B8F44A
:1042100001E8FCE88B56A8B8F50131DB30F6E8EF91
:10422000E8BA2000B8F70131DBE8E4E831DBEB075E
:104230004381FB30757315B8F70131D2E8A5E8A8C2
:1042400001750930E424883D080075E48B7EFE8901
:10425000F331C9B8F00131D2E889E88EC741268828
:10426000074381F9000272EB8E46FE260FB6440327
:1042700050260FB6440250260FB6440150260FB602
:1042800004501E68E899E8E236B8F70183C40C319F
:10429000D2E850E88E46FE50260FB684FF01502625
:1042A0000FB684FE0150260FB684FD0150260FB6CE
:1042B00084FC01501E68179AE98EF3BB5D9A8D4607
:1042C000AA8CD98CD2E8CBE785C00F841E016A0482
:1042D000168D56BE526A00680401E867C183C40A9D
:1042E0000FB646BE500FB646BF500FB646C08B1E27
:1042F0000D80500FB646C18E060F8050260FB68730
:10430000E50050260FB64775501EBA659A52E85A16
:104310003683C41006B400B280CD139C5B8986003E
:1043200000899E0200078B4602A8017405BA9F9A75
:10433000EB03BA31938CD850528B4600501E68A5BF
:104340009AE8273683C40A06B80102B90100B6000C
:10435000B28033DB8EC3BB007CCD139C5B898604AB
:1043600000899E0600078B4606A8017405BA9F9A2D
:10437000EB03BA31938CD850528B4604501E68BF61
:104380009AE8E73583C40A06B401B280CD1388A643
:10439000C80007C41E0D80260FB64774500FB6869E
:1043A000C800501E68D99AE8C13583C4086A02164D
:1043B0008D56BE526A0068007CE888C083C40A6AD1
:1043C00002168D56C0526A0068FE7DE876C083C42E
:1043D0000A0FB646C1500FB646C0500FB646BF5082
:1043E0000FB646BE501E68049BE984FABB319B8D14
:1043F00046AA8CD98CD2E89AE685C074101EBA36CB
:104400009B52E8663583C404CD19E96EF5BB689B01
:104410008D46AA8CD98CD2E879E685C074251EBA5F
:104420006F9B52E84535BB02008D86B0FE83C40405
:104430008CD2E8B62289C38CD28D86B0FEE8A62342
:10444000E938F5BB909B8D46AA8CD98CD2E843E61F
:1044500085C074348D5ECA8D46AA8CD18CD2E8BDDD
:10446000E531F685C074198B46CC85C07708750D8B
:10447000837ECA0176071EBA969BE94CF58B76CAF5
:1044800089F0E859EDE9F3F4BBC49B8D46AA8CD9B9
:104490008CD2E8FEE585C074618D5ECE8D46AA8C17
:1044A000D18CD2E878E531F685C075071E68C89BC7
:1044B000E917F58B46D03DFF0F76071E68FD9BE997
:1044C00008F58D5EE28D46AA8CD18CD2E84FE58549
:1044D000C074198B46E485C07708750D837EE201B0
:1044E00076071E68279CE9E1F48B76E28B46CE8B3B
:1044F00056D089F3E8A5EEE981F4BB3D9C8D46AA30
:104500008CD98CD2E88CE585C07405BE0100EB1512
:10451000BB429C8D46AA8CD98CD2E876E585C00F2B
:1045200084710031F68D5ED28D46AA8CD18CD2E892
:10453000ECE485C074078B46D485C076071E6846B8
:104540009CE986F48B46D28D5ED28CD18CD2894682
:10455000088D46AABF0100E8C4E485C07429837EA3
:10456000D4007506837ED20074108B46D485C07744
:10457000097511817ED20001760A6800011E6897D4
:104580009CE963F58B7ED28B460889F389FAE8A40F
:10459000E5E9E7F3BBAC9C8D46AA8CD98CD2E8F256
:1045A000E485C07405BE0100EB15BBB19C8D46AA25
:1045B0008CD98CD2E8DCE485C00F848F0031F68D75
:1045C0005ED68D46AA8CD18CD2E852E485C07407A1
:1045D0008B46D885C076071E68B59CE9ECF38D5EE6
:1045E000D68D46AA8CD18CD28B7ED6E830E485C09D
:0E45F00075071E68049DE9D1F385F67405BABF
:10460000EB03BAFF0031C03B46D87207751C3B561E
:10461000D6731785F67405B81E9DEB03B8299D8CDB
:10462000DA52501E68309DE9BFF18B4ED689F3896E
:10463000F889CAE8DAE485F6740951571E68429D84
:10464000E9A6F151571E68509DE99DF1BB5E9D8D15
:1046500046AA8CD98CD2E83AE485C00F840C018D2F
:10466000560C8D5E0A8D46AA168CD1528CD2E8FE6D
:10467000E285C07D071EBA619DE94DF375071EBA3C
:10468000A69DE944F38CD889860E0031C089861432
:0F469100898612FF898610FF89860EFF89861899
:0E46A100898616FF8B460E8D9E0EFF89861CA5
:1046B00089861AFF8CD18CD28D46AAC7861EFF0030
:1046C00000E8ACE38D9E10FF8D46AA8CD18CD2E819
:1046D0009EE38D9E12FF8D46AA8CD18CD2E890E38A
:1046E0008D9E14FF8D46AA8CD18CD2E882E3FFB652
:1046F0001AFF66FFB612FF66FFB60EFF66FF760A68
:0F4700001EBA229E52E8633283C412168D960EA3
:0F4710005266FF760AE8181A83C40866FFB616C9
:1047200066FFB612FF66FFB60EFF1EBA5B9E52E82A
:10473000393283C410F6861EFF407405BA919EEB91
:1047400003BA949E8CD85052F6861EFF017405BAA7
:0F475000979EEB03BA9A9E8CD8505266FFB61C08
:0F476100B61AFF1E689D9EE995EFBBC29E8D465E
:10477000AA8CD98CD2E81BE385C00F849D048D5E82
:10478000128D46AA8CD18CD2E8E5E285C075071E51
:10479000BAC89EE933F28CD88986140031C0898664
:1047A00002FF898600FF8986FEFE8986FCFE8986D7
:1047B00006FF898604FF8B461489860AFF898608CE
:0F47C1008B4612C7860CFF00003D870072150F54
:1047D0008666013DC0000F847C033D88000F84265F
:1047E00003E930043D86000F852904C746DEA08614
:1047F0008D5EDE8D46AA8CD18CD2C746E00100E8E2
:104800001CE2837EE000750D837EDE0075071EBA14
:10481000289FE9B4F18B46E03D04007305BA479F39
:10482000EB03BA679F8CD850521E68829FBE01006E
:10483000E838318B46E083C4083D0F0072097519D2
:10484000817EDE40427312B84042BA0F008B5EDEBA
:104850008B4EE0E8693489C64681FEE8037603BEE4
:10486000E803C41E0D80268B476C31FF89461C3936
:10487000F77D2AC786FCFE00868B46E08D96FCFEFF
:1048800016898600FF8B46DE52898602FFE82219D0
:1048900083C404F6860CFF01750347EBD2C41E0DDA
:1048A00080268B476C89461EF6860CFF01740857DC
:1048B0001E68909FE930F28B46DE8B56E089F3311B
:1048C000C9E89A33BB8DD689461689D78B461E31E7
:1048D000C92B461C31D2894650E8823357FF7616E1
:1048E00066FF76DE561E89461868B59F89561AE817
:1048F000793083C40E66FF7618FF76501E68DA9F03
:10490000E8683083C40A85FF7506837E1600741C30
:104910008B4616BB640089FA31C9E8A23389C38982
:10492000D18B46188B561AE89533EB0431C031D23F
:1049300052501E6812A0E9B0EEC7468600018D5E97
:10494000BA8D46AA8CD18CD2C746880000E8CEE04A
:1049500085C074118D5EE68D46AA8CD18CD2E8BDDF
:10496000E085C075071E6842A0E95EF08D5E868D09
:1049700046AA8CD18CD2E8A5E0837E880075068398
:104980007E860074108B468885C07709750E817EFF
:1049900086008076071E68AAA0E92EF031F646C68A
:1049A0008257FE0083FE3072F5B0FF8B7EBC888696
:1049B00068FE888669FE8A46BAC6866DFE9388863A
:1049C0006AFE8B46BAC68675FE93B90800D1EFD150
:1049D000D8E2FA8D9E58FE88866BFE8B46BC5388C3
:1049E000866CFEC1E8081688866FFEB0FFFF76E889
:1049F000888670FE888671FE8A46E68B7EE8888609
:104A000072FE8B46E6FF76E6B90800D1EFD1D8E218
:104A1000FAFF76BC888673FE8B46E8FF76BA8886F6
:104A200074FEC1E808FF7688888677FE8B4686C7C5
:104A300086FCFE0087508C960AFF1E899E04FF6844
:104A4000D7A0898600FFE8222F83C414168D96FC18
:104A5000FE52E85D1783C404F6860CFF017405BAA4
:104A600009A1EB03BA9A9E8CD8508B86FCFE52C1EA
:104A7000E808501E6816A1E8F12E83C40AF6860CD9
:0E4A8100010F85F5EE6A10168D9630FF526615
:104A900076BAE8AFB983C40A66FF76BA1E6828A161
:104AA00031F6E8C62E83C4080FB68230FF501E6868
:104AB000BB8B46E8B52E83C40683FE1072EA1E68DF
:104AC000C18BE8A62E83C4046A10168D9630FF525F
:104AD00066FF76E6E86DB983C40A66FF76E61E686F
:104AE00039A131F6E8842E83C4080FB68230FF5016
:104AF0001E68BB8B46E8732E83C40683FE1072EAE1
:104B00001E684AA1E9C3EE168D96FCFE52C786FCCC
:104B1000FE0088E89C1683C404F6860CFF01740529
:104B2000BA6AA1EB03BA9A9E8CD88B1E0D80508E68
:104B3000060F80528B86FCFE26FFB7DB00C1E80A19
:104B400050FFB6FCFEFFB6FCFE1E6878A1E81B2EE7
:104B500083C410E925EE168D96FCFE52C786FCFE36
:104B600000C0E84D1683C404F6860CFF0174071ECE
:104B7000BAB6A1E953EE8B86FEFE8946C28B860A41
:0F4B81008B76C28EC026FF34FFB6FEFE50BAD030
:104B9000A11E8946C45289C7E8D02D8EC783C40A96
:104BA000260FB6440450260FB6440350260FB644D1
:104BB00002501EBAFAA152E8B12D8EC783C40A264C
:104BC000F64405207405BA29A2EB03BA2DA28CD8AD
:104BD000508EC75226F64405407405BA34A2EB0342
:104BE000BA3CA28CD8508EC752260FB64409502624
:104BF0000FB6440850260FB6440750260FB6440699
:104C000050260FB64405501E6847A2E85D2D83C4A8
:104C100016E967ED1E6879A2E9AFEDBB98A28D4653
:104C2000AA8CD98CD2E86BDE85C00F841801B8CA73
:104C3000F431D2E8AEDE89C331D2B800F8E8A4DEA0
:104C4000BA0100894622B8C0F4C746240000E893A0
:104C5000DEBA010089C7B8C2F431F6E886DE09463B
:104C600024BA0100B8C4F4E87ADEBA010089826A85
:0F4C7100B8C6F44646E86BDE898270FF83FE0802
:104C800075DFF6C3027405BA9CA2EB03BA9FA28C2F
:104C9000D85052531E68A3A2E8D02C83C40AF6460B
:104CA00022047405B8CAA2EB03B89FA28CDA525052
:104CB000F64622087405BACAA2EB03BACDA28CD874
:104CC0005052FF76221E68D1A2E89F2C83C40E5753
:0F4CD1007624FF7624571E68FFA2E88D2C83C43B
:104CE0000C1E6841A331F6E8812C83C404FFB27224
:0E4CF200B26AFF1E684DA34646E86D2C83C4CF
:104D00000883FE0875E71E68C18BE85E2CC41E0D83
:104D10008031D2268B87DD00BBE803F7F383C40420
:104D200089C685C074198B462489FA89F331C9E88C
:104D30008D2F5250561E6857A3E82F2C83C40A1E8D
:104D40006895A3E984ECBBE2A38D46AA8CD98CD2EA
:104D5000E840DD85C00F84D3008D5E288D46AA8C87
:104D6000D18CD2E80ADD85C075071E68E9A3E95930
:104D7000EC8D5E2A8D46AA8CD18CD2C7462A0800BB
:104D8000E8EDDC837E2A007505C7462A0800FF7619
:104D900028FF762A1E6882A431F6E8CE2BC41E0DA9
:104DA0008083C408268B7F6C3B762A730B8B462846
:104DB00031D2E82FDD46EBF0C41E0D80268B776CD8
:104DC00029FE7523B88DD68B5E2A31D231C9E8EE23
:104DD0002E5250FF762A1E68A7A4E88E2B83C40AA1
:104DE0001E68E8A4E9E3EBBB8DD689F031D231C966
:104DF000E86B2E8B5E2A31C9E8C42E5250FF762A0A
:104E0000561E89462C6822A589D7E85E2B83C40CE0
:104E100083FF017709750E817E2CA08676071E68B8
:104E200059A5E9A5EB1E68B1A5E99EEBBBD6A58DFA
:104E300046AA8CD98CD2E85ADC85C00F8482028DB8
:104E40005E8EA130808CD1894644A132808CD2897B
:104E500046468D46AAC746320000E8C1DB85C074CD
:104E60001C8B469085C07708750D837E8E01760772
:104E70001E68DCA5E953EB8B468E8946328B4632A1
:104E800085C07403B81000C7867CFF00108886CAEE
:104E90000031C0C74642001089867AFF8946408C9F
:104EA000D8898634008B46328B7632E8DE14C7868A
:104EB000D8FE000831C081CE80008986DCFE89865C
:104EC000DAFE89B6DEFE8986E2FE8986E0FE168B72
:104ED0004634C786E8FE00008D96D8FE8986E6FE39
:104EE000528986E4FEE8391383C404F686E8FE019D
:104EF00074108B86D8FEC1E80850561E680AA6E9D1
:104F0000E7E88B86DCFE8B96DCFE30E4C1EA082401
:104F1000C030F6C1E00209C28B86DEFEC1E808306F
:104F2000E48946388B86DEFE8BBEDCFE30E483E708
:104F30003F508B46385740504252561E6834A6E8C0
:104F4000292A83C40E85FF75071E687CA6E97AEAC4
:104F5000C7463A0100837E38027205B80200EB02B0
:104F600031C089463C83FF037205BE0300EB03BEDC
:104F700001008B5E388B463A31D231C943E8DE2CD2
:104F800031DB03463C11DA89FB31C989763EE8CD35
:104F90002C8D5CFF31C901D811CA52505666FF767C
:104FA0003A1E89462E68B8A6895630E8BD298B4638
:104FB0003A30E489C28B463AC1E80230E4C1E208E3
:104FC00024C083E63F09D009F08B563C8986DCFE7D
:104FD0008B4632C1E2080C80C786D8FE010209C2A6
:104FE0008B867AFF83C40E8986DAFE8B867CFF89E6
:104FF00096DEFE8986E6FE168B46348D96D8FE89AF
:1050000086E4FE31C0528986E2FE8986E0FE89860A
:10501000E8FEE80C1283C404F686E8FE01740F8BE8
:1050200086D8FEC1E808501E68E6A6E9B9EA6A011A
:105030000FB686CA00FF76308B5E44FF762E8B4E0D
:1050400046E89CB685C0740C5066FF762E1E680537
:10505000A7E921E98B7E448B5E468B76408B5642D6
:1050600089463689968A00EB084740463D00027320
:10507000248E868A00268A148EC3263A1574EA2660
:105080000FB6158E868A0052260FB61452501E682F
:105090003CA7E9E0E8837E36000F85DEE866FF7610
:1050A0002E66FF763CFF763A837E32007405BAEDB9
:1050B0008EEB03BAF38E8CD850521E6874A7E93F6A
:1050C000E6BBB6A78D46AA8CD98CD2E8C5D985C0D7
:1050D0000F8405021EC7464E000068BAA731F6E8E5
:1050E000892889764A89764889F783C404EB0A4778
:1050F00047FF464883FF08742E8B85D6BA31D28984
:105100004652E8DFD950FF76521E68D7A78946502D
:10511000E8582883C408817E50FF0074D2C7464AED
:1051200001008B7652EBC81E68C18BE83D28B83869
:105130000483C40431D2E8ABD9501E68E3A7E82A3F
:105140002883C406837E4A0075071E681EA8E97975
:10515000E889F031D2E88CD989C385C07505BA7564
:10516000A8EB0D3D80007505BAA1A8EB03BAA8A86D
:105170008CD8505256531E68BDA8E8EE27B83804A4
:1051800083C40C31DB31D2E886D931DB89F031D2EE
:1051900043E850D981FBC80072F2BA8000B83804E5
:1051A00031DBE86BD931DBEB074381FBD007730EB2
:1051B00089F031D2E82DD989C73D800075EBF7C75A
:1051C00010007405BA01A9EB03BA07A98CD8505294
:1051D000F7C720007405BA0DA9EB03BA13A98CD840
:1051E0005052F7C740007405BA14A9EB03BA1CA9C2
:1051F0008CD85052F7C780007405BA25A9EB03BAC2
:105200002AA98CD85052571E6834A981E7C000E8FB
:10521000592783C41681FF800074071E684EA9E9D0
:10522000A8E7BA08008D7C0131DB89F8E8E1D831C4
:10523000DBEB074381FBD007731289F031D2E8A37F
:10524000D889C230E424C03DC00075E789D030F46D
:1052500024C03DC0007408521E688DA9E988E88901
:10526000F831D2E87ED831DB89464CEB1189F83130
:10527000D2E870D84389464E81FBD007731089F07D
:1052800031D2E85FD830E424C03DC00074DFFF763F
:105290004C1E68BFA9E8D3268B464C30E424C0835B
:1052A000C4063DC0007509FF764E1E68E7A9EB1ADB
:1052B000817E4C8000750C1E6816AAE8AD2683C45A
:1052C00004EB0DFF764E1E6842AAE89E2683C406B4
:1052D00057561E684EAAE910E5BB89AA8D46AA8CCE
:1052E000D98CD2E8ADD785C00F84B902BE36048D03
:1052F0009E7EFF8D46AA8CD18CD2C746548200E890
:105300001CD731FF85C074078B867EFF8946548D7C
:105310009E7EFF8D46AA8CD18CD2E801D785C074C1
:10532000078BBE7EFF83E70357FF76541E688EAA65
:10533000E838268B5654B8380483C40830F631DB7D
:0F53400080E27FC746560000E8C5D789F031D21A
:105350004656E88FD7817E56C80072EF8B5654B8F8
:10536000380431DBE8A9D7C41E0D80268B576CC4E6
:105370001E0D80268B476C29D03D0A0072F589F0FE
:1053800031D2E85FD73D80007413501E68AEAAE8A2
:10539000D925BA8000B8380483C406EB73C786A841
:1053A000000000EB218D9E5CFF8CD189F0E87BD85A
:1053B0008D9E5EFF8CD189F0FF86A800E86CD883B3
:1053C000BEA80004730CBA080089F0E838D885C07C
:1053D00074D3FFB65CFF1E68F6AAE88E25BA0300F8
:1053E00083C40689F0E81ED8BADF0089C389F0E8D3
:1053F00014D8BA030009C389F0E80AD809C374189D
:105400001E6825ABE86425BA8000B8380483C4045C
:1054100031DBE8FBD6E963E5BA070089F0E8E6D7B7
:1054200089C389FA89F0E8DDD709D874061E684572
:10543000ABEBD1C7865CFF8000C41E0D8089865E01
:0F544100268B476C8986AA00BA080089F0E8B567
:10545000D785C075358D9E5CFF8CD189F0E8CBD7A0
:0F54600085C0752681BE5CFF8000740D8D9E5E39
:105470008CD189F0E8B4D7EB11C41E0D80268B4780
:105480006C2B86AA003D240072BF89F031D2E8530C
:10549000D689C381BE5CFF80007505BA69ABEB2A73
:1054A0008A865CFFA8C07509A8207405BA7EABEB9C
:1054B000198A865CFFA8107405BAA2ABEB0CA80889
:0F54C0007405BAE6ABEB03BA13A98CD850526649
:1054D000B65CFF531E68F5ABE89024BA4A0083C45B
:1054E0000E89F0E820D789FA89C330F689F080E286
:1054F00003E812D709D874071E682EACE905FF8DA2
:10550000965CFF8986AC008C96880031FFEB0847DB
:10551000424283FF0773118B8E880089D389F0E89C
:1055200009D785C07509EBE783BEAC000074071E80
:0F553000684EACE9CEFE66FFB666FF66FFB66258
:1055400066FFB65EFFFFB65CFF1E688DACE81B24ED
:1055500083C412F6865CFFC075178B8E68FFB88017
:105560000080E107D3E050FFB668FF1E68CEACEBC9
:105570001CF6865EFF01740C1E6804ADE8EC238304
:10558000C404EB0F66FFB65EFF1E6894ADE8DB2334
:1055900083C408BA8000B8380431DBE872D51E68CD
:1055A000C3ADE925E4BBD4AD8D46AA8CD98CD2E835
:1055B000E1D485C00F843A04BE3604C74658820041
:1055C0008D5E828CD131C08CD289465E89466089DD
:1055D000465A8D46AAC746620100E841D485C07488
:1055E000068B46828946588D5E828D46AA8CD18C68
:1055F000D2E82AD485C074068B468289465E8D5EC9
:10560000828D46AA8CD18CD2E813D485C0740A8BC3
:10561000468230E424018946608D5E828D46AA8CE4
:10562000D18CD2E8F8D385C074068B468289466255
:10563000837E620075071E68DBADE98DE366FF7649
:1056400060FF765EFF76581EC7466400106845AE60
:1056500031FFE816238B5658B8380483C40C30F653
:0F56600031DB80E27F897E5CE8A5D489F031D20E
:10567000465CE86FD4817E5CC80072EF8B5658B8E8
:10568000380431DBE889D4C41E0D80268B576CC4E6
:105690001E0D80268B476C29D03D0A0072F589F0DB
:1056A00031D2E83FD43D800074071E6866AEE953EE
:1056B000FDC786B2000000EB218D9E4EFF8CD18984
:1056C000F0E867D58D9E50FF8CD189F0FF86B2003F
:1056D000E858D583BEB20004730CBA080089F0E81C
:1056E00024D585C074D3BA030089F0E818D5BADF91
:1056F0000089F0E810D5BA030089F0E808D5BA07A8
:105700000089F0E800D58B565A89F0E8F8D4C41E19
:105710000D80C7864EFF8000268B476C8986B600B9
:0F572000BA080089F0E8DED485C075358D9E4E3D
:105730008CD189F0E8F4D485C0752681BE4EFF80F7
:1057400000740D8D9E50FF8CD189F0E8DDD4EB11F3
:10575000C41E0D80268B476C2B86B6003D2400723C
:10576000BF837E5E000F848000BA0F0089F0E89549
:10577000D48B5660C1E20289F00B565AE887D48B6D
:10578000565E89F0E87FD4C41E0D80C7864EFF8028
:1057900000268B476C8986B400BA080089F0E8655A
:1057A000D485C075358D9E4EFF8CD189F0E87BD4B1
:0F57B00085C0752681BE4EFF8000740D8D9E5002
:1057C0008CD189F0E864D4EB11C41E0D80268B4780
:1057D0006C2B86B4003D240072BF66FFB64EFF1EE0
:1057E000688BAEE8852183C408BA460089F0E815C5
:1057F000D48B566089C3C1E20289F00B565AE80582
:10580000D48B565E09C389F0E8FBD38B566009C37D
:1058100089F0E8F1D38B566209C389F0E8E7D3BA7F
:10582000020009C389F0E8DDD38B566209C389F011
:10583000E8D3D3BA1B0009C389F0E8C9D3BAFF0083
:1058400009C389F0E8BFD309C374071E68AFAEE986
:10585000B2FB680002FF76645756E803188B56586F
:1058600083C4088986B80031DBB8380480CA01C710
:1058700086B0000000E898D28B5658B8380431DB67
:105880008C968400E889D28D964EFFEB0DFF86B092
:1058900000424283BEB00007731D8B8E840089D303
:1058A00089F0E886D385C074E4FFB6B0001E68D2E4
:1058B000AEE8B72083C40689F031D2E826D231DBC6
:1058C000BA800089C1B83804E845D25166FFB6589D
:0E58D10066FFB654FF66FFB650FF8B86B80028
:1058E000B64EFF85C07505BAFFAEEB0D3D010075E4
:1058F00005BA08AFEB03BA12AF8CD850521E681C21
:10590000AFE8672083C418F6864EFFC07453F6864E
:1059100050FF017405BA6BAFEB03BA13A98CD850D2
:1059200052F68650FF047405BA81AFEB03BA13A98F
:105930008CD85052F68650FF207405BAA5AFEB0301
:10594000BA13A98CD85052F68650FF107405BAC20B
:10595000AFEB03BA13A98CD850521E68E3AFE937F6
:10596000DD1EC786AE00000068FEAF89FEE8FB1FA3
:105970008B466483C404898686008E868600260F43
:10598000B604501EFF86AE00682CB046E8DC1F83CC
:10599000C40683BEAE001072E11E68C18BE8CB1F47
:1059A00083C404837E5E000F85D0DF837E60000F9A
:1059B00085C8DF837E62010F85C0DF8E4664268046
:1059C000BDFE0155750D2680BDFF01AA7505BA32D1
:1059D000B0EB03BA43B08CD8508E466452260FB653
:1059E00085FF0150260FB685FE01501E6858B0E9AC
:1059F0007EE4BB83B08D46AA8CD98CD2E894D08546
:105A0000C00F840605BE36048D5E968CD131C08CE5
:105A1000D289466689466E89466C89466A8946748B
:105A20008D46AA31FFE8F6CF85C074088B7E96C7F5
:105A3000467401008D5E968D46AA8CD18CD2E8DD2D
:105A4000CF85C074098B4696FF467489466A8D5E81
:105A5000968D46AA8CD18CD2E8C3CF85C0740D8BAD
:105A6000469630E42401FF467489466C8D5E968D1F
:105A700046AA8CD18CD2E8A5CF85C074098B4696F6
:0F5A8100467489466E837E7404750A85FF740629
:105A9000837E6E0075071E688BB0E92DDF66FF768A
:105AA0006CFF766A571E683BB1E8BF1E8A466AB42F
:105AB00007F6E488C68A466CB40DF6E488C28A46C6
:105AC0006EB41DF6E466C7467000000010C7466855
:105AD0000000B9001083C40C02466831DB00C28E9E
:105AE000C100F2FF466826881743FEC2817E680027
:105AF0000272F089FAB8380430F631DB80E27FC7F1
:105B000046680000E809D089F031D2FF4668E8D342
:105B1000CF817E68C80072EFB8380489FA31DBE8BB
:105B2000EECFC41E0D80268B576CC41E0D80268BB5
:105B3000476C29D03D0A0072F589F031D2E8A4CF34
:105B40003D800074071E686CB1E9B8F8C74668006C
:105B500000EB1F8D9E40FF8CD189F0E8CDD08D9E4B
:105B600042FF8CD189F0FF4668E8BFD0837E68048D
:105B7000730CBA080089F0E88CD085C074D5BA03DC
:105B80000089F0E880D0BADF0089F0E878D0BA0365
:105B90000089F0E870D0BA070089F0E868D08B5629
:105BA0006689F0E860D0C41E0D80C78640FF800083
:105BB000268B476C8986BC00BA080089F0E846D07D
:105BC00085C075358D9E40FF8CD189F0E85CD0850D
:105BD000C0752681BE40FF8000740D8D9E42FF8CF3
:105BE000D189F0E845D0EB11C41E0D80268B476C9F
:105BF0002B86BC003D240072BF837E6A007471BA9C
:105C00000F0089F0E8FFCF8B566CC1E20289F00BE0
:105C10005666E8F1CF8B566A89F0E8E9CFC41E0DCD
:105C200080C78640FF8000268B476C8986BA00BA01
:105C3000080089F0E8CFCF85C075358D9E40FF8C78
:105C4000D189F0E8E5CF85C0752681BE40FF800090
:105C5000740D8D9E42FF8CD189F0E8CECFEB11C43C
:105C60001E0D80268B476C2B86BA003D240072BF28
:105C7000BA450089F0E88ECF8B566C89C3C1E20229
:105C800089F00B5666E87ECF8B566A09C389F0E827
:105C900074CF8B566C09C389F0E86ACF8B566E09B6
:105CA000C389F0E860CFBA020009C389F0E856CF93
:105CB0008B566E09C389F0E84CCFBA1B0009C38923
:105CC000F0E842CFBAFF0009C389F0E838CF09C332
:105CD00074071E6892B1E92BF768000266FF7670C0
:105CE00056E8FB1383C4088986C00089FA31DBB803
:105CF000380480CA01C746680000E813CEB83804EB
:105D000089FA31DB8C968200E805CE8D9640FFEB58
:105D10000BFF46684242837E6807730F8B8E8200BA
:0F5D200089D389F0E804CF85C074E666FFB642E8
:105D30008B86C000FFB640FF85C07505BAFFAEEB8D
:105D40000D3D01007505BA08AFEB03BA12AF8CD850
:0F5D500050521E68B6B1E8121C83C40EF686408E
:105D6000C0744CF68642FF017405BA6BAFEB03BA00
:105D700013A98CD85052F68642FF107405BAE6B1CA
:105D8000EB03BA13A98CD85052F68642FF02740571
:105D9000BA19B2EB03BA13A98CD850521E682AB2B2
:105DA000E8C81BBA8000B8380483C410E961F6C79C
:105DB00046680000C45E70FF466826C6070043813F
:105DC0007E68000272F1BA460089F0E838CE8B5640
:105DD0006CC1E20289F00B5666E82ACE8B566A89BE
:105DE000F0E822CE8B566C89F0E81ACE8B566E897D
:105DF000F0E812CEBA020089F0E80ACE8B566E891E
:105E0000F0E802CEBA1B0089F0E8FACDBAFF0089AB
:105E1000F0E8F2CD68000266FF767056E841128322
:105E2000C4088986BE0089FA31DBB8380480CA010B
:105E3000E8DDCCB8380489FA31DBC746680000E8F1
:105E4000CECC8D9640FF8CD7EB0BFF466842428349
:105E50007E6807730D89D389F989F0E8CDCD85C0B7
:105E600074E8BA8000B8380431DBE8A3CCF6864089
:0F5E7100C075088B86BE0085C0740C66FFB640F6
:0F5E81001E6844B2E961D98946688A466AB40747
:105E9000F6E488C18A466CB40DF6E488C58A466E7D
:105EA000B41DF6E4BAFFFF0246688B5E7000E88E10
:105EB000467200C8EB0DFF466843FEC0817E680055
:105EC000027308263A0774EE8B566885D27D071E4A
:105ED0006876B2E9F4DA8A466AB407F6E488D30051
:105EE000C38A466CB40DF6E400C38A466EB41DF650
:105EF000E48E467200D88B5E7030E401D350260FDA
:105F0000B60750521E68A7B2E96ADABBDDB28D4609
:105F1000AA8CD98CD2E87BCB85C00F84DF01C74621
:105F20007E01008D5EAE8CD131C08CD289467C89D9
:105F3000467A8946788946768D46AA31F6E8DECAE1
:105F400085C074098B46AEBE01008946768D5EAE73
:105F50008D46AA8CD18CD2E8C4CA85C074078B4602
:105F6000AE468946788D5EAE8D46AA8CD18CD2E83D
:105F7000ACCA85C0740B8B46AE30E424014689461A
:105F80007A8D5EAE8D46AA8CD18CD2E890CA85C03F
:105F900074078B46AE4689467C8D5EAE8D46AA8CD4
:105FA000D18CD2E878CA83FE047512837EB0007566
:105FB00006837EAE0074068B46AE89467E83FE0461
:105FC0007506837E7C0075071E68E2B2E9FBD98CFA
:105FD000D8898680008B56768B467EC1E20830E4F5
:105FE00009C28B46788996EAFE8B5678C1E8023062
:105FF000F630E4C1E20824C009C28B467C30E424B8
:106000003F09C28B467AC786ECFE0000C1E008C794
:1060100086F8FE00108986F0FE8996EEFEFFB6F047
:0F602000FE8B868000528986F6FEFF767E31C0A9
:1060300076768986F4FE1E8986F2FE687FB38986AD
:10604000FAFEE8261983C40C168D96EAFE52E8D0B3
:106050000183C404F686FAFE017405BA09A1EB03B4
:10606000BA9A9E8CD8508B86EAFE5230E4508B86CA
:10607000EAFEC1E808501E68A6B3E8EE1883C40C17
:106080001E68CAB331F6E8E21883C404C41E0D804A
:1060900001F3260FB64742501E682CB046E8CB18D5
:1060A00083C40683FE0772E4C4360D80260FB6440F
:1060B0004850260FB6444750260FB6444650260F88
:1060C000B6444550260FB6444450260FB6444350BC
:1060D000260FB64442501E68DCB3E88E18C41E0D6D
:1060E0008083C412260FB6473F50260FB6473E5056
:1060F000260FB64741501E6811B4E978D8BB45B4A5
:106100008D46AA8CD98CD2E889C985C075071E68CE
:1061100058B4E9B5D81E684AB4E84F1883C4048D52
:10612000A6CE005DE962CB00000000000000000088
:106130005589E5061E57565251535083EC048B4641
:10614000068946EC8B46048946EEC47E0826FF7518
:106150000E26FF750C268B05268B5D02268B4D04C3
:10616000268B5506268B7508268B7D0A1F07FF5E3A
:10617000EC9C5053515256571E0689E583C526C4E0
:106180007E08268F450E268F450C268F450A268FC2
:106190004508268F4506268F4504268F4502268F03
:1061A00005268F451083C404585B595A5E5F1F074C
:1061B0005DC35589E5061E575652515350C47E049F
:1061C00026FF750E26FF750C268B05268B5D022695
:1061D0008B4D04268B5506268B7508268B7D0A1F52
:1061E00007CD159C5053515256571E0689E583C55D
:1061F00022C47E04268F450E268F450C268F450A25
:10620000268F4508268F4506268F4504268F450292
:10621000268F05268F4510585B595A5E5F1F075D14
:10622000C35589E5061E575652515350C47E042665
:0F623100750E26FF750C268B05268B5D02268BBE
:106240004D04268B5506268B7508268B7D0A1F0765
:10625000CD139C5053515256571E0689E583C522D3
:10626000C47E04268F450E268F450C268F450A26B0
:106270008F4508268F4506268F4504268F45022622
:106280008F05268F4510585B595A5E5F1F075DC307
:106290005351525657C8020000508B96FCFFEC3207
:1062A000E48986FEFF8A46FEC95F5E5A595BC35386
:0F62B0005156575589E550528B96FEFF8B86FC51
:1062C000EEC95F5E595BC35289C289D04A85C07EE0
:1062D00008B8FE01E8B9FFEBF15AC353515289C225
:1062E000C41E0D80268B4F6CB8FE01E8A2FFA8806B
:1062F000750431C0EBB5C41E0D80268B476C29C8D0
:1063000039D076E4B8FFFFEBA25285C07405BA100D
:1063100000EB0231D2B8F60180CAE0E891FFB80480
:1063200000E8A3FF5AC38EC201DB01C3260FB607E4
:10633000C1E008260FB65F0109D8C3515657C802FD
:10634000000089C189D689DF43E8DAFF8946FE89E2
:10635000FB89F289C8E8CEFF8B56FEC95F5E59C340
:1063600052BA0600B8FE01E845FFB82800BA02009C
:10637000E854FFB8FE01E836FFB82800E848FF31CE
:0F638000C0E885FFB86C00E851FF5AC352E879B6
:10639000B81200E845FF85C07405B8FFFF5AC3BABC
:1063A0000100B8F101E807FFBAEF00B8F701E8FE15
:1063B000FEB81200E824FF85C075DFB8F701E8CF0A
:1063C000FEA8010F94C030E4485AC352E83AFFB81F
:1063D0001200E806FF85C0754FBA5500B8F201E813
:1063E000CDFEBAAA00B8F301E8C4FEBAAA00B8F21A
:1063F00001E8BBFEBA5500B8F301E8B2FEBA550099
:10640000B8F201E8A9FEBAAA00B8F301E8A0FEB804
:10641000F201E87BFE3C55750FB8F301E871FE3CD4
:10642000AA7505B801005AC331C05AC352E8D9FE53
:10643000B81200E8A5FE85C0740431C05AC3B8FE86
:1064400001E84CFE84C074F23CFF74EEB8F401E83D
:106450003EFE88C288C6B8F501E834FE88C484D2FE
:10646000750984C07505B801005AC380FE14750A09
:1064700080FCEB7505B802005AC3B803005AC35339
:10648000515657C804000089C68956FE8EC2268B15
:10649000440A8B1E0D808946FC260FB64407268BC6
:1064A0007C0C01C08E060F8001C3260FB687ED005D
:1064B000260FB69FEE003D010072473DFF00774278
:1064C00083FB01723D83FB3F77388B4EFC09F974E7
:1064D000318EC231C92688440231D226885C0EE84A
:1064E0007C1789C389D18B46FC89FAE8D117894684
:1064F000FC85D275073D00040F86CB00B80004E987
:10650000C5008E46FE268B44103D010072323D00D0
:1065100004772D26807C12017226268A44133C01C2
:10652000721E3C3F771A268B4410268904268A4423
:106530001226884402268A44132688440EE981FDE7
:106540008B46FC09F80F8478FD83FF0F7209750CE8
:10655000817EFC00C07705B81000EB3A83FF1F7204
:1065600009750C817EFC00807705B82000EB27833D
:0F6571003F7208750B837EFC007705B84000EB86
:106580001583FF7E7208750B837EFC007705B8804B
:1065900000EB03B8FF008E46FEBB3F0031D226C69B
:1065A000440E3F31C926884402E8B21689C389D116
:1065B0008B46FC89FAE807178946FC85D275053DAC
:1065C00000047603B800048E46FE268904E9F1FC37
:1065D000525657C80C00005089DE894EFEA130800B
:1065E0008B3E3280895EF889CA8946FC89C38B4616
:1065F000F289F985C07403B8100030E4E884A185FD
:10660000C07406B8FFFFE9DD008B5EF88EC231C9A9
:106610004126C607004383F91472F5BB31008B464F
:10662000FC89FAE800FDBB01008946F689FA8B4631
:10663000FCE8F2FCBB03008946F489FA8B46FCE8CF
:10664000E4FCBB060089C18946FA89FA8B46FCE85E
:10665000D4FC8E46FE89C38B46F42689441083F908
:1066600001720C81F9FF0077060FB646FAEB023192
:10667000C08E46FE2688441283FB01720A83FB3FCC
:1066800077050FB6C3EB0231C08E46FEBB3C0089D6
:10669000FA268844138B46FCE8A0FC8E46FE268929
:1066A000440A2689540C8A46F28CC22688440789FB
:1066B000F0E8CBFD8E46FE26807C0208760526C6D5
:1066C0004408088E46FE26C6440F09F646F70274B3
:1066D0000526804C0F02F646F70174088E46FE260A
:1066E000804C0F0431C0C95F5E5AC3515657C80C65
:1066F000000089C1895EFAE866FCC746FE00008595
:10670000C0740F1E6860B4E8611283C40431C0E92C
:1067100049FC31FF31F689F8E811FD4646478942C8
:10672000F283FF027CF031FF31F6EB0847464683E7
:0F673100027D14837AF40175F289F8E88CFC85F7
:10674000C075E98942F4EBE46B46FE148956F831D2
:10675000F601C831FF8946FCEB1BB987B48CD850D1
:10676000511E688EB4E8031283C40846474783FE6F
:10677000020F8D6B008B46FE3B46FA7D638B43F424
:106780003D0200750985F674D1B980B4EBCF3D01A7
:106790000075D889F0E8F4FB85C0741685F6740599
:1067A000B980B4EB03B987B48CD850511E68B6B425
:1067B000EBB38B5EFC8B4EF889F0E813FE85C07559
:1067C000098346FC14FF46FEEBA185F67405B980EB
:1067D000B4EB03B987B48CD850511E68DEB4EB8596
:1067E0008B46FEE975FB515657C8060000505253C0
:1067F00085DB75071E68F7B4E90C01C746FA00008F
:1068000089C78956FC8B46FA3B46F40F8DC2008B34
:1068100046FC8EC08946FE260FB6450F268B550CCA
:1068200050268B450AB90B00D1EAD1D8E2FA525072
:1068300026FF750C89FE26FF750A26807D070074E9
:1068400005BA80B4EB03BA87B48CD850521E680DD9
:10685000B5E817118E46FE83C41226833C00740EE1
:1068600026807C0200740726807C0E007505BA33F2
:10687000B5EB25268B04263B44107514268A44026A
:10688000263A4412750A268A440E263A44137405A1
:10689000BA4BB5EB03BA5BB58CD8508E46FE522688
:1068A0000FB6440E50260FB644025026FF34260F72
:0F68B000B6441350260FB644125026FF74101E24
:1068C00046FA685CB583C714E8A01083C414E934A1
:0F68D100837EF4020F8582FA8E46F68B76F826C8
:1068E0008B440C268B540A263B44200F856CFA26D9
:1068F0003B541E0F8564FA268B4410263B44240F1C
:106900008558FA1E688DB5E8611083C404E94BFA16
:1069100053C8040000C1E0028946FC31C08B5EFC14
:106920008EC08946FE268B07268B5702C95BC3564D
:10693000C8040000C1E0028946FC31C08B76FC8EA1
:10694000C026891C89F38946FE26894F02C95EC389
:106950005351525657C8040000BB02008B360D80BD
:106960008B0E0F8081C6AE0089CA89F0E87CFD8954
:1069700046FE89C389CA89F089CFE869FE8A46FE46
:10698000C41E0D8031C926884775C41E0D8001CBF9
:106990004126C687E5000083F90872EE89F1897EF9
:1069A000FC31C03B46FE7D278E46FC89CB26807F8E
:1069B00007000F95C28B1E0D8083C11430F68E0622
:1069C0000F8083C20401C340268897E500EBD4837F
:1069D0007EFE007E0AB8410089F389F9E850FF8302
:0F69E0007EFE017E0BB846008D5C1489F9E83FFE
:1069F000837EFE000F84B0F8B84100E812FF5052C9
:0F6A010076FE1E6810B6E8610F83C40AE998F8A4
:106A1000FA31C08ED0BC007C8ED88EC0FBFCBF008B
:106A20007CB90001F3ABB9040051B400B280CD13BE
:106A30007215B80102B90100B600B28031DB8EC315
:106A4000BB007CCD13730859E2DFBED36AEB0C594F
:106A5000813EFE7D55AA740BBEFC6AE81800CD1875
:106A6000F4EBFDBEB46AE80D00B28031C08ED88E62
:106A7000C0EA007C000056525153502EAC08C0743E
:106A800008B40131D2CD14EBF2585B595A5EC3FA07
:106A900031C08ED0BC007CFBFCBE2C6BE8D7FFB8AD
:106AA00000F08ED88EC0E88BC9BE886BE8C7FFCDDA
:106AB00019F4EBFD0D0A426F6F74696E6720667200
:106AC0006F6D20647269766520383068202E2E2E16
:106AD0000D0A000D0A494E54203139683A2063618D
:106AE0006E6E6F7420726561642074686520626FD9
:106AF0006F7420736563746F720D0A000D0A494E3E
:106B000054203139683A206E6F2041413535682074
:106B10007369676E6174757265202D2D206E6F74B8
:106B200020626F6F7461626C650D0A000D0A494E38
:106B300054203138683A206E6F20626F6F74616242
:106B40006C65206465766963652E0D0A44726F700A
:106B500070696E6720696E746F2074686520646563
:106B6000627567206D6F6E69746F72202D2D2045E0
:106B70005849542072657472696573207468652081
:106B8000626F6F742E0D0A000D0A52657472796976
:106B90006E672074686520626F6F74202E2E2E0D34
:106BA0000A00FA6A401FC706720034128B160000F2
:106BB00009D2740D83C205B90000ECA8407502E249
:106BC000F9BA0923EA0000FFFF00000000000000FE
:106BD000FB80FC027706B401F8CA0200B401F9CACE
:106BE00002000000000000000000000000000000A3
:106BF000FB061E6089E5FC6A401F80FC10730B8851
:106C0000E330FF01DB2EFFA70E6C611F07CFFC6C8A
:106C10005A6D636D866D0A6C9F6D276E2B6E1E6EAE
:106C2000056E056E0A6C0A6C0A6CC46DAD6D575624
:106C300052515350B40131D2CD14585B595A5E5F52
:106C4000C3535030E4B30AF6F30430E8E0FF88E0C1
:106C50000430E8D9FF585BC350B01BE8D0FFB05BED
:106C6000E8CBFF58C38A1E620080E30730FF01DBD8
:106C70008B4750C3538A1E620080E30730FF01DB5D
:0F6C80008947505BC3515350E8DAFF89C1E8C818
:106C900088E8FEC0E8AAFFB03BE892FF88C8FEC0C3
:106CA000E89EFFB048E886FF585B59C3515350E84F
:106CB000B3FFFEC03C50720B30C0FEC480FC1972A2
:106CC00002B418E8AEFF585B59C35350E896FF3042
:106CD000C0E8A0FF585BC35350E889FFFEC480FCA6
:0F6CE000197202B418E88CFF585BC35350E87563
:106CF00008C07402FEC8E87BFF585BC38A460E8852
:106D0000C4247FA24900C7064A005000C60684007A
:106D100018C7064C00A00FC7064E000000C606624A
:106D20000000C7066300D403C60666000051533155
:106D3000DBB90800C74750000083C302E2F65B5985
:106D4000F6C4800F85C3FEE80EFFB032E8DFFEB068
:106D50004AE8DAFEE82EFFE9B0FE8B460CA360009D
:106D6000E9A7FE8B5E0888F82407A262008B460A1A
:106D700080FC197202B4183C507202B04FE8F4FE65
:106D8000E802FFE984FE8B5E0888F82407A262000F
:106D9000E8D2FE89460AA1600089460CE96BFE8AAA
:106DA000460E2407A26200E8DBFEE95DFEA0490072
:106DB0008A264A0089460E8B5E088A3E6200895EFA
:106DC00008E946FE8A460E3C0D74193C0A741E3CC6
:106DD0000874233C0774283C207224E850FEE8CB5A
:106DE000FEE926FEE847FEE8E0FEE91DFEE83EFE7D
:106DF000E8E4FEE914FEE835FEE8EFFEE90BFEE804
:106E00002CFEE905FE8B4E0C09C90F84FCFD8A4659
:106E10000E51E819FE59E2F9E86AFEE9ECFDB820E6
:106E20000789460EE9E3FDB353EB02B3548B4E0CD6
:106E30008B560A8A460E08C0744088F428ECFEC4BB
:106E400038E0733650E810FE88E8FEC0E8F2FDB086
:106E50003BE8DAFD88F0FEC0E8E6FDB072E8CEFD62
:106E6000E8F5FD58E8DAFD88D8E8C2FDE8E9FDB0AC
:106E700072E8BAFDE80EFEE990FD88E838F0772761
:106E800050E8D4FDFEC0E8B8FDB03BE8A0FD88C8DE
:106E9000FEC0E8ACFDB048E894FDE8BBFDB04BE8AF
:106EA0008CFD58FEC0EBD5E8DBFDE95DFD00000080
:106EB0001E52506A401FC70680001E00C70682008F
:106EC0003E00C7061A001E00C7061C001E00C606AC
:106ED000170000C606180000C606190000BAF9031C
:106EE000B001EE585A1FB80400E812B3C31E57563B
:106EF000525153506A401FFCBAFD03ECA8017424A0
:106F0000BAF803EC247F3C1E7407C606190000EB98
:106F10000EFE061900803E19000372DCE983FCE8CE
:106F20000E00EBD4B020E620585B595A5E5F1FCFAD
:106F3000525153503C7F7502B0080FB6D82E8AA725
:106F4000DE6F89C18B1E1C0089D883C00283F83E86
:106F50007203B81E003B061A007407890FA31C00B9
:106F6000EB08B008B40131D2CD14585B595AC3FBB9
:106F7000061E6089E5FC6A401F88E0240F3C02770A
:106F80001008C07415FEC87435A0170088460EEBB3
:106F900005C7460E0000611F07CFFB8B1E1A003B82
:106FA0001E1C007503F4EBF38B0783C30283FB3EC7
:106FB0007203BB1E00891E1A0089460EEBD88B1E79
:106FC0001A003B1E1C00740D8B0789460E611F07BB
:106FD00009E4CA0200611F0739E4CA020090031ED7
:106FE000302E201221220E0F2425261C31181910B4
:106FF000131F14162F112D152C012B1B070C3902F2
:107000002804050608280A0B090D330C34350B0239
:10701000030405060708090A2727330D3435031E24
:10702000302E201221222317242526323118191040
:10703000131F14162F112D152C1A2B1B070C291E8C
:10704000302E201221222317242526323118191020
:10705000131F14162F112D152C1A2B1B295300004A
:107060005589E583EC02061E5756525153C746FE1A
:1070700002008B5604C47E068B4E0AFCE34E66BBB0
:1070800040420F00EC24E03CE0740A3CC0743666D9
:107090004B75F1EB3C9CFA42EC4AAA49741FBB00C9
:1070A00000EC24E03CE074EF3CC0740A4B75F2C77E
:1070B00046FE0200EB0CC746FE0100EB05C746FE8C
:1070C00000009DEB0CC746FE0100EB05C746FE0025
:1070D000005B595A5E5F1F078B46FE89EC5DC35506
:1070E00089E583EC02061E5756525153C746FE02ED
:1070F000008B5604C576068B4E0AFCE34E66BB40F9
:10710000420F00EC24E03CA0740A3CC07436664B8D
:1071100075F1EB3C9CFAAC42EE4A49741FBB00008F
:10712000EC24E03CA074EF3CC0740A4B75F2C746F7
:10713000FE0200EB0CC746FE0100EB05C746FE0051
:10714000009DEB0CC746FE0100EB05C746FE0000A4
:107150005B595A5E5F1F078B46FE89EC5DC31E526A
:10716000509C6A401FA03F0024FDA23F00BA380493
:10717000EE9D585A1FC353515288C2C41E0D80261B
:107180008B4F6CB83604E8C40B89C330E780E3E06A
:107190000FB6C239C3750431C0EB12C41E0D802670
:1071A0008B476C29C83D240072D9B8FFFF5A595B40
:0F71B000C35289C2B88000E8BCFF85C07405B81F
:0F71C1005AC3B8370430F6E8780B31C05AC353BD
:1071D00089C3B8C000E89EFF85C07405B8FFFF5B97
:1071E000C3B83704E8660B8EC226880731C05BC37C
:1071F000565789C689D78EC226C604808EC1B80864
:107200000026C60700E8A9FF85C07406B8FFFF5F27
:107210005EC389F0E8B8FF85C075F18EC726803C53
:1072200080740B89D889CAE8A5FF85C075DE5F5ECA
:10723000C3525657C80200005089DE894EFEC41E54
:107240000D80268B7F6C8B5E0A8B4E0C8B56FE89D5
:10725000F0E89CFF85C075248E46FE268A043C809B
:10726000740B24033A46FC750431C0EB12C41E0DA6
:1072700080268B476C29F83D240072CAB8FFFFC9ED
:107280005F5E5AC20400B80300E825FF85C074049D
:10729000B8FFFFC3B8DF00E817FF85C075F2B80379
:1072A00000E80DFF85C075E8C356C8040000C41E81
:1072B0000D80268A473F247F0FB6D02688473FB8E7
:1072C0003804E87E0A31D2B8360442E87F0A81FAEF
:1072D000C8007CF3C41E0D80268A473F0C800FB681
:1072E000D02688473FB83804E8580AC41E0D8026C7
:1072F0008B776CB83604E8540A3D80007411C41EC4
:107300000D80268B476C29F03D240072E6EB1F317F
:10731000F6EB064683FE047D208D5EFC8D46FE8CDA
:10732000D18CD2E8CAFE85C074E9C41E0D80B82095
:107330000026C6474120C95EC3E84AFF85C075EAFA
:10734000C41E0D8026C6473E0FC41E0D8026C647AC
:107350004100C95EC35589E58B46043D04007405B0
:107360003D0200750430C05DC3B0045DC35351528B
:1073700050E8E1FFC41E0D800C82268A673F80E43E
:107380008683C40238C4742D0FB6D02688473FB810
:107390003804E8AE09C41E0D8026C6474025C41E29
:1073A0000D80268B576CC41E0D80268B476C29D010
:1073B0003D0A0072F5C41E0D8026C6474025E9EC43
:1073C000FD5388C631C0C41E0D8001C34026C64788
:1073D00042003D07007CEFC41E0D8026887742C422
:1073E0001E0D80268857455BC3C80400008A4E04E2
:1073F000B80100C41E0D80D3E0260FB6573E85C2EB
:107400000F847B0031D2EB064283FA027D40B8073D
:1074100000E89DFD85C0750A8B4604E893FD85C094
:10742000740C31D231C0E898FFB88000C9C38D5EBA
:10743000FE8B4604168CD1538D5EFCE8F3FD85C0AF
:1074400075E0F646FCC075C0807EFE0075BAF64653
:10745000FCC07506807EFE0074100FB656FE0FB697
:1074600046FCE85CFFB84000C9C38A4E04B0018BFB
:107470001E0D80D2E08E060F80F6D02620473E8B70
:10748000460885C07469B80F00E825FD85C0759968
:107490008B4606C1E0020B4604E815FD85C07589E0
:1074A0008B4608E80BFD85C00F857DFF8D56FE8D50
:1074B0005EFC168B4604528CD1E875FD85C00F85A5
:1074C00060FFF646FCC075088A46FE3A4608741D01
:1074D0000FB656FE0FB646FC8A4E04E8E3FEB00136
:1074E000C41E0D80D2E02608473EE978FF31C0C9AE
:1074F000C3535231DBEB064383FB077D24A10D8090
:107500000542008B160F8001D8E8C3FC85C074E7E4
:10751000C4060D8001C3B8800026C64742005A5BEE
:10752000C3C41E0D80268A6742268A4743F6C4C01C
:10753000750531C05A5BC33C80750726807F4400C7
:1075400074F0A8027406B803005A5BC3A81074064E
:10755000B808005A5BC3A8207406B810005A5BC371
:10756000A8047406B804005A5BC3A8017406B802E4
:10757000005A5BC3F6C4087406B8AA005A5BC3B8C5
:1075800040005A5BC3C80200008B460885C07510D6
:10759000C41E0D8026C6474180268A4741E92D0139
:1075A000E8CAFDFF760AFF760CFF7606E83AFE830E
:1075B000C4068946FE85C0740EC41E0D808A46FE30
:1075C00026884741E90601E8BCFC85C075C2837E78
:1075D00004000F94C030E4054500E8D4FB85C07575
:1075E000AF8B460CC1E0020B4606E8C4FB85C075B4
:1075F0009F8B460AE8BAFB85C075958B460CE8B0B0
:10760000FB85C0758B8B460EE8A6FB85C07581B8DF
:107610000200E89CFB85C00F8575FF8B460EE89045
:10762000FB85C00F8569FFB81B00E884FB85C00F90
:10763000855DFFB8FF00E878FB85C00F8551FF83AB
:107640007E0400740F68000266FF7610683604E856
:0F7650008DFAEB0D68000266FF7610683604E8CD
:10766000F983C4088946FEC41E0D80268A473F0C54
:10767000010FB6D02688473FB83804E8C506C41EB7
:107680000D80268A473F24FE0FB6D02688473FB894
:1076900038048A4E06E8AB06B201D2E2837EFE02CF
:1076A000750EC41E0D802608573EE844FEE9E0FE34
:1076B000E83EFE8946FE85C07408C41E0D8026087B
:1076C000573EC41E0D808A46FE2688474130E4C9D5
:1076D000C3000000000000000000000000000000E7
:1076E00000000028020950020F50020950021290B7
:1076F000FA761B7705771077FA76DF022502121BE0
:0F77010054F60F08DF0225020F1BFF54F60F0886
:10771000DF022502092AFF50F60F08DF02250209C1
:107720002AFF50F60F08531E6A401F0FB65E0A80EC
:10773000FB02731D8A87E3003C05731508C07411B2
:107740000FB6F089F301F601DE81C6E076F81F5B23
:10775000C330C0F9EBF8FB061E6089E5FC80FC0035
:10776000744C80FC01745B80FC02747280FC0374B6
:107770006880FC04745F80FC080F844A0180FC155B
:107780000F849601B40188660F1E6A401F88264147
:10779000001F611F07F9CA0200C6460F001E6A409B
:1077A0001FC6064100001F611F07F8CA02001EB86D
:1077B00000F08ED8E8F2FA1F08C07502EBDB88C42F
:1077C000EBC41E6A401F8A2641001F88660F611F96
:0F77D00007F8CA020031FFEB07BF0100EB0231DF
:1077E000E843FF0F828B0088C70FB64E0EE36D890A
:1077F000CE31D2535257561EFF7612FF76080FB67F
:10780000460C83E03F500FB6460B508A4E0C80E189
:10781000C00FB6C9C1E1020FB6460D09C8500FB678
:10782000C7500FB6460A83E0015057B800F08ED813
:10783000E852FD83C4101F5E5F5A5B09C075234286
:107840004E7419E835007222807E0F0474A58146BB
:10785000080002739E8146120010EB9788560EE9CD
:1078600037FF88560E88C4E91CFF88560EB404E919
:1078700014FFC6460E00B480E90BFF56515350E882
:10788000A4FE72402E8A5C022E8A7C012E8A2C8AEB
:10789000460C88C4243FFEC038D8761AB001FE4694
:1078A0000B8A4E0B38F9720EC6460B00FE460D8A47
:1078B0004E0D38E9730E80E4C008C488660CF85891
:1078C0005B595EC3F9EBF8E85CFE72368846080F38
:1078D000B6D82E8A24FECC88660D2E8A44028846AD
:1078E0000C2E8A4401FEC888460B01DB2E8BBFF0AC
:1078F00076897E008CC8894612E8310088460AE9FC
:1079000097FEC7460C0000C6460B00E81F008846DD
:107910000AC6460800B480E96CFEE809FEB40173AB
:107920000230E488660F611F07F8CA02001E6A4031
:107930001F30C0803EE300007402FEC0803EE400C1
:10794000007402FEC01FC33C0A73030430C3043733
:10795000C3201D1B170C0B0900A579817A987B8524
:107960007B957A897AF67A907A817A5657C8180088
:1079700000C646FC078D5E0C8C56F631F6895EF427
:10798000C45E08FF4608260FB61F85DB0F842B0256
:107990004683FB25741B83FB0A750A0FB656FCB899
:1079A0000D00E81BAF0FB656FC0FB6C3E811AFEBE6
:1079B000CF8B5E08268A078846FE31C0BA0100894F
:1079C00046FA8946F8807EFE2D75030156088E46DC
:1079D0000A8B5E08FF4608260FB61F83FB307C1417
:1079E00083FB397F0F6B46FA0A83EB308946FA0135
:0F79F0005EFAEBDD83FB2E75268E460A8B5E0852
:107A00004608260FB61F83FB307C1483FB397F0F9B
:107A10006B46F80A83EB308946F8015EF8EBDD8AA5
:107A200046FE3C2D7505F75EFAEB083C307404C643
:107A300046FE2085DB0F8482018B7E084783FB682E
:107A4000750AC45E08897E0831D2EB0E83FB6C7523
:107A50000DC45E08897E08BA0200260FB61F8D4746
:107A6000A83D20000F873DFFB90900BF51790E07DF
:0F7A7000F2AED1E189CF89D02E8B8D59790C04DC
:107A8000E1BF100080CA04EB0FBF080089C2EB08F9
:107A9000BF0A00EBF7BFF6FF8B5EF48B4EF6434355
:107AA00083FA02730C8EC1268B47FE895EF499EB34
:107AB0003389D02D04003D0200730D895EF48EC120
:107AC00031D2268B47FEEB1C83FA0773138346F4EF
:107AD000048EC18B5EF4268B47FC268B57FEEB048D
:107AE00031C031D2168D4EE851525089F8E8D1009C
:107AF00089C789D1EB128346F404C47EF48B5EF40B
:107B0000268B7DFC268B4FFE89F889CA4EE8E80259
:107B100089C3837EF80075038946F88B46FA85C0D1
:107B20007E21295EFA837EFA007E110FB656FC0F85
:107B3000B646FEFF4EFAE887AD46EBE9C746FA00C7
:107B400000EB097D07F7D829D88946FA8EC126802F
:107B50003D0074198B46F8FF4EF885C07E0F0FB6B6
:107B600056FC260FB605E857AD4647EBDF837EFA95
:107B7000000F8E0BFE0FB656FCB82000FF4EFAE841
:107B80003EAD46EBE88346F402C45EF40FB656FC05
:107B9000260FB647FEE914FE8B46FA85C07507C668
:107BA00046FC07E9DAFD3D0F007E07C646FC0FE9FB
:107BB000CEFD8A46FA8846FCE9C5FD89F0C95F5EBC
:107BC000C35657C80A00008B5E088B760A8946FEAA
:107BD000C746FA000085C07D13F75EFE85F67D0C72
:107BE000C746FA0100F7DEF7DB83DE008E460E891A
:107BF0005EFC8B5E0CBF0A0026C6470B008B46FE60
:107C0000998946F68956F88B46FC8B5EF68B4EF8C2
:107C100089F2E8AA000FB6C3E82CFD8E460E89FB58
:107C20008B4EF8035E0C89F22688078B46FC8B5E30
:107C3000F64FE88A008946FC89D609D075BF837E55
:107C4000FA00740A89FB035E0C4F26C6072D8D458A
:107C5000018B560E03460CC95F5EC20800009350AC
:107C6000920BC07402F7E2910BC07404F7E303C8EF
:107C700058F7E303D1C30BD278160BC97941F7D972
:107C8000F7DB83D900E83700F7DAF7D883DA00C3E7
:107C9000F7DAF7D883DA000BC97912F7D9F7DB8363
:107CA000D900E81A00F7D9F7DB83D900C3E80F0041
:107CB000F7D9F7DB83D900F7DAF7D883DA00C30BFB
:107CC000C9751A4B7416433BDA77098BC88BC22BE4
:107CD000D2F7F391F7F38BDA8BD12BC9C33BCA727E
:107CE0001A75103BD8770C2BC38BD82BC92BD2B865
:107CF0000100C32BC92BDB9387CAC355562BF68BC8
:107D0000EE03DB13C97211453BCA72F577043BD809
:107D100076EFF813F64D7820D1D9D1DB2BC319CAF1
:107D2000F572F003F64D780CD1E9D1DB03C313D122
:107D300073F1EBDF03C313D18BD88BCA8BC633D25D
:107D40005E5DC35389C388D089DAEE5BC35289C2B2
:107D5000EC2AE45AC300000000000000000000000C
:107D6000575652515389C24231C0EE88D54242B073
:107D700080EE88D188EAB05A88C7EE4AF6D0EE4243
:107D8000EC38F8740E08C075664AEC4208C0755F9E
:107D900080CC4088CA30C0EE88EAEC38F87450FED7
:107DA000C483C20688F8EEEC38F87543FEC486D169
:107DB000B0BFEE86D1EC38F8753288CAB080EE4A92
:107DC000B0E7EEEC88C74230C0EEF6C7407420FE44
:107DD000C4F6C7807419F6C720750FFEC442B020E0
:107DE000EEECA8207409FEC4EB05B40380C404883B
:107DF000E0985B595A5E5FC35389C38EC231C02677
:107E0000803F0074044043EBF65BC30000000000B9
:107E1000A028A028A028A028A028A028A028A02822
:107E20008A11A128A128A128ED6EA128A128A128A6
:107E3000F06B40094A096009B00D000F6F6FD06BFD
:107E40008F6A106A1011A828A028A828FA76A828F6
:107E5000A828A828A828A828A828A828A828A828A2
:107E6000A828A828A828A828A828A828A828A82892
:107E7000A828A828A828A828A828A828A828A82882
:107E8000A828A828A828A828A828A828A828A82872
:107E90005677AF28AF28AF28AF28A028AF28A02852
:107EA000A028A028AF28A028A028A028A028A02883
:107EB000A028A028A028A028A028A028A028A02882
:107EC000A028A028A028A028A028A028A028A02872
:107ED000A028A028A028A028A028A028A028A8285A
:107EE000A028A028A028A028A028A028A028A02852
:107EF000B028B028B028B028B028B028B028B028C2
:107F0000A028A028A028A028A028A028A028A02831
:107F100004F830003AF40F0038F405013EF4000094
:107F20003CF401FC22F40A0020F4008126F400FC59
:107F300024F4007C02F4100000F4070006F403FCB3
:107F400004F401FC0AF4070008F407C00EF400FC76
:107F50000CF4013C1AF40B0018F405011EF40000A7
:107F60001CF401FC12F4000010F4020316F4FF03E9
:107F700014F401FCA0F40800A6F40100A2F4FAFC39
:107F8000A4F40080CAF40200FFFF92000262F863CA
:107F900064F80120F80200F80C6AF8FF6CF8A022DF
:107FA000F8FF72F8FF74F8FF24F8BC26F84034F8A4
:107FB0004143F03040F00040F0B443F07041F00035
:107FC00041F00043F0B042F00042F00036F884FB8C
:107FD0000380F8030CF90300FB0307F90300FC031B
:107FE0000332F85E20F01121F00821F00421F001A5
:107FF00021F0FF20F04BA0F011A1F070A1F002A140
:10800000F001A1F0FFA0F04BF8032AFFFF000040B1
:1080100000E7000000000000000000000000000079
:108020000000000000000000000000000000000050
:10803000008000A000000000000000000000000020
:1080400000000000000000006F0040800F000000F2
:108050000000000000000000FFFF00000093CF00C0
:0E80620000000093CF00FFFF00000093CF004E
:0E8072000000009BCF00FFFF00000F9B0000EE
:0F80810002000400930000FFFF00000093CF00F7
:0E80920000000093CF00FFFF000000930000ED
:0E80A20000000F9B0000FFFF00000F9BC100BD
:1080B0008DD68DD6BA001800BA001800706F727491
:1080C00020737461747573203078253032782020E5
:1080D000206D6F64656D20737461747573203078E2
:1080E000253032780A00226264612E68222069738A
:1080F000207468652077726F6E672073697A653ABD
:108100002025640A0048697420616E79206B6579C6
:1081100020647572696E6720746578742064697371
:10812000706C61792F7363726F6C6C20746F206553
:108130006E7465722053455455500A004350555F84
:10814000636C6B2025642E253032756D687A202093
:108150004571756970466C616720253034786820F8
:1081600020436F6E764D656D2025644B622020455F
:1081700078744D656D2025754D6220205352414D18
:108180002025754B620A004550524F4D2C20382D4A
:10819000626974206174203520776169742073747A
:1081A00061746573004452414D2C2031362D626953
:1081B0007420617420322077616974207374617453
:1081C00065732028736861646F776564290042498C
:1081D0004F532072756E6E696E672066726F6D20E8
:1081E00025730A00736B6970706564202D2D2077EC
:1081F00061726D2073746172742C20666C616720EB
:108200003132333468207761732073657420617470
:108210002034303A37320072616E202D2D20636F8A
:108220006C64207374617274004D656D6F72792097
:108230006D617263682025730A000A00575020623E
:108240006974203D2025303278680A005468652022
:108250004E5652414D20636865636B73756D20699E
:1082600073206E6F742076616C69642E0A00546806
:108270006520636C6F636B2069732073746F70701B
:1082800065642E0A00445331333032205254432F58
:108290004E5652414D206261636B7570206261746D
:1082A00074657279206368617267696E67206973AB
:1082B000200064697300656E0061626C65642E0A5B
:1082C00000676F7420612063686172616374657216
:1082D0000A000A494E54203139682072657475725B
:1082E0006E6564202D2D206E6F7468696E67207432
:1082F0006F20626F6F742E0A000052656C656173A7
:10830000653A202573202020202020202020204393
:108310006F6D70696C65643A202053657020313947
:10832000203230323620206174202032323A323905
:108330003A30380A0A002020202020202020202047
:108340002020426F6F7420617420253032783A25E6
:108350003032783A253032780020206F6E20202588
:108360003032782F253032782F253034780A0A00C1
:10837000082008004E6F6E2D726563686172676534
:1083800061626C650053757065722D4361702034B5
:108390002E3376004E694361642F4E694D48203379
:1083A0002E3676004669786564204469736B7300E5
:1083B000466C6F707079204469736B730052532D53
:1083C0003233322053657269616C00446174652FE9
:1083D00054696D652F4261747465727900446562F9
:1083E0007567204D6F6E69746F720053656C6620FF
:1083F00074657374004E6F6E65006D6963726F20F3
:1084000053442063617264006475616C205344209E
:10841000736C6F742030006475616C20534420735A
:108420006C6F742031006C6F63616C20494445208F
:108430006D6173746572006C6F63616C20494445B3
:1084400020736C617665003336304B622020203516
:108450002E323520696E63682C20343020747261AE
:10846000636B00312E324D62202020352E323520B4
:10847000696E63682C20383020747261636B00373A
:1084800032304B62202020332E3520696E63682CF9
:108490002020383020747261636B00312E34344DEB
:1084A000622020332E3520696E63682C20203830FE
:1084B00020747261636B00536574204461746500BD
:1084C0005365742054696D6500536574204261746E
:1084D0007465727920436861726765720053756EC6
:1084E000004D6F6E005475650057656400546875E3
:1084F000004672690053617400313130003135300B
:108500000033303000363030003132303000323419
:1085100030300034383030003936303000313932C4
:1085200030300033383430300035363030302F358D
:10853000373630300031313532303000323330347C
:108540003030003436303830300031206269740009
:10855000322062697473003820626974732C206E53
:108560006F20706172697479003720626974732CAE
:10857000206576656E2070617269747900372062BB
:108580006974732C206F646420706172697479005F
:108590004C696E652053706565640053746F70207C
:1085A000426974730023426974732F506172697455
:1085B00079000A25733A0A002535642E2025730AAE
:1085C0000043686F6963653A20000A000A437572C8
:1085D00072656E746C793A2020003C756E6B6E6F1C
:1085E000776E3E00445331333032206261747465DB
:1085F0007279206261636B7570005342432D33388A
:108600003645582073797374656D20736574757081
:10861000000A53657474696E67732073746F7265B2
:10862000642E20205265626F6F74696E67202E2E53
:108630002E0A002573205B25645D3A20000A4669F6
:10864000786564206469736B2067656F6D6574720B
:10865000790A000A5468657365206D757374206D1E
:108660006174636820746865206D616368696E6514
:10867000207468617420706172746974696F6E65CA
:10868000642074686520636172642C0A006E6F74E4
:10869000206E65636573736172696C7920776861B8
:1086A00074207468652063617264207265706F72F3
:1086B00074732E20205A65726F203D2075736520DB
:1086C0007468650A00636172642773206F776E2097
:1086D00067656F6D657472792E2020456D707479B1
:1086E000206C696E65206C6561766573206120760B
:1086F000616C756520616C6F6E652E0A00536C614C
:108700007665004D6173746572000A25730A002056
:108710002068656164732020002020736563746F96
:108720007273000A53746F7265642E20205468655A
:10873000206E65772067656F6D657472792074614E
:108740006B65732065666665637420617420746868
:1087500065206E65787420626F6F742E0A000A4679
:108760006C6F707079206472697665730A000A54C0
:10877000686520696E746572666163652063616E09
:108780006E6F742062652061736B65642077686129
:10879000742069732061747461636865642C20734C
:1087A0006F20776861740A006973207365742068AC
:1087B000657265206973207768617420746865202C
:1087C00042494F532077696C6C2062656C6965760D
:1087D000652E0A004472697665204200447269760B
:1087E000652041000A25732069732025730A000A59
:1087F00053746F7265642E2020546865206E65770F
:108800002073657474696E67732074616B6520658D
:10881000666665637420617420746865206E65788F
:108820007420626F6F742E0A000A43757272656E4F
:10883000746C793A202025730020253032782F255A
:108840003032782F253032782530327820444F5717
:108850003D25642020636C6B444F573D25640A001E
:10886000557064617465205B6D6D2F64642F797938
:1088700079795D3A200020253032782F2530327802
:108880002F25303278253032780A000A437572720B
:10889000656E742074696D653A202025783A25301C
:1088A00032783A25303278202020205468652063C1
:1088B0006C6F636B206973200073746F70706564F4
:1088C0000A0072756E6E696E670A00557064617495
:1088D00065205B68683A6D6D5B3A73735D5D3A2045
:1088E000000A43757272656E74207370656564204A
:1088F000256C75206270730053657269616C204C41
:10890000696E6520626974732F7365636F6E6400AE
:1089100053657420737065656420256C75206270E2
:10892000730A000A43757272656E742073746F70F7
:108930002062697473203D202564004E756D626568
:1089400072206F662053746F702042697473006EDA
:108950006F006F6464006576656E000A437572721D
:10896000656E746C793A20257520626974732C20C9
:108970002573207061726974790043686172616364
:10898000746572204D616B65757000536572696125
:108990006C2053657475700000000000000000003A
:1089A0000A53494F30206973207365743A202020A0
:1089B0002564256325642061742073706565645F98
:1089C000696E646578203D202564202853657475A0
:1089D000702025642E290A000A506F727420737467
:1089E00061747573203078253032782020204D6FE7
:1089F00064656D207374617475732030782530322E
:108A0000780A000A436F6E76656E74696F6E616CEA
:108A1000204D656D6F727920617661696C61626C61
:108A200065203D2025644B2062797465730A004EF1
:108A30006F200025642000666C6F7070792064726E
:108A40006976652873292061747461636865640AB6
:108A5000004D61746820636F2D70726F636573736E
:108A60006F7220696E7374616C6C65640A002564B2
:108A70002073657269616C2052532D32333220703D
:108A80006F72742873290A00345541525420626F62
:108A900061726420666F756E642061742030783472
:108AA000253032780A005647413320666F756E6470
:108AB0002061742030783445380A0056474133200D
:108AC000666F756E642061742030783445300A001A
:108AD0005647413320666F756E642061742030788C
:108AE0003444380A005647413320666F756E64205F
:108AF00061742030783446300A002000206E6F7494
:108B000020005647413320646972656374206163B5
:108B10006365737320746F20766964656F206D657B
:108B20006D6F727925736F70657261626C652E0A64
:108B3000004356445520666F756E64206174203082
:108B4000783445380A004356445520666F756E6484
:108B50002061742030783444380A0043564455204C
:108B6000666F756E642061742030783445300A0079
:108B70004356445520666F756E64206174203078CA
:108B80003446300A00000000000000000000000031
:108B90006E6F6E65007553442000534430200053BF
:108BA000443120004944456D004944457300253057
:108BB00034582020002530345820002530325820E9
:108BC000000A002530386C5820200020202000208A
:108BD00000207C002563007C0A005E4320202D2DB0
:108BE0002064756D702073746F70706564202D2D16
:108BF0000A0042494F53204461746120417265610B
:108C000020617420253034583A303030300A0A0060
:108C1000796573006E6F20004571756970202020A2
:108C200020253034582020465055202573202073AD
:108C3000657269616C20706F7274732025752020D5
:108C40006D66672025303258202530325820253077
:108C500032580A004D656D6F7279202020636F6E67
:108C6000762025754B6220206578742025754B622F
:108C700020205352414D2025754B622020435055F2
:108C80002025752E253032756D687A0A004D69737E
:108C900063202020202045424441202530345820A4
:108CA000206572726E6F2025303458202041547335
:108CB00074617420253032582020726573657420E9
:108CC000253034582020524F4D696E69742025306C
:108CD000386C580A000A53657269616C2020206460
:108CE00065762025303458202530345820253034FE
:108CF000582025303458202020666C616773202569
:108D00003032582025303258202530325820253036
:108D100032580A0020202020202020202074696D55
:108D2000656F757420253032582025303258202543
:108D300030325820253032580A00506172616C6C14
:108D4000656C2064657620253034582025303458F1
:108D50002025303458202530345820202074696D67
:108D6000656F757420253032582025303258202503
:108D700030325820253032580A000A54696D657225
:108D8000202020202530386C5820206F76657266B0
:108D90006C6F7720253032582020696E74666C61C4
:108DA000672025303258202052544377616974205F
:108DB000253032580A004B657962642020202066F5
:108DC0006C616720253032582025303258202530FC
:108DD00032582025303258202068656164202530C3
:108DE0003458207461696C20253034582020627515
:108DF0006620253034582E2E2530345820206272BB
:108E00006B20253032580A000A466C6F707079204A
:108E100020207365656B2025303258206D6F746F8C
:108E200072202530325820636F756E7420253032E1
:108E30005820737461747573202530325820207265
:108E400061746520253032582020746162202530FD
:108E5000325820253032580A0046697865644473D8
:108E60006B206E2025752020737461747573202526
:108E700030325820206374726C2025303258202004
:108E8000706F727420253032582020747261636BC9
:108E9000202530345820207374732F65727220257A
:108EA0003032582F253032580A004469736B746190
:108EB0006220002025753A2573002025753A3F254C
:108EC000303258000A4E5652414D202020207369FE
:108ED0006F302025303258202530325820206368EA
:108EE00065636B73756D20253034580A00736C61AF
:108EF0007665006D61737465720049444520257381
:108F00003A2077696C6C206E6F74206163636570C2
:108F10007420382D6269742050494F206D6F64654C
:108F20000A004944452025733A204944454E544996
:108F30004659206661696C65640A004944452025EC
:108F400073204944454E54494659202020287261D7
:108F5000772064617461206174202530386C582951
:108F60000A0020204D6F64656C20202020202225DF
:108F700073220A00202053657269616C2020202032
:108F8000222573220A0020204669726D776172657E
:108F90002020222573220A002020436F6E66696715
:108FA0002020202025303458202020636170732039
:108FB00025303458202020444D4120257320202086
:108FC0004C42412025732020204346412D386269C0
:108FD000742025730A00202047656F6D65747279CF
:108FE000202025752063796C202025752068656117
:108FF0006420202575207365632F74726B202020F8
:109000006D756C7469706C652025750A0020204CA4
:10901000424132382020202020256C752073656362
:10902000746F727320203D20256C75204D620A00FC
:109030004944452025733A2072656164206F66209B
:109040004C424120256C75206661696C65640A009C
:1090500049444520257320204C424120256C752031
:10906000282530386C58290A004D4F4E3E00445593
:109070004D500075736167653A2044554D50203C52
:10908000616464723E205B3C656E643E5D0A202034
:1090900020202020206164647220697320463030D3
:1090A000303A46464630206F72206120666C61740B
:1090B00020334630303030300A0049525146494E54
:1090C000440073616D706C696E6720746865204937
:1090D000435520776974682053494F302072656387
:1090E00065697665204F4646202E2E2E0A00626165
:1090F00073656C696E65206D6173746572202530CF
:10910000325820736C61766520253032580A004E43
:109110004F572054595045204F4E45204B4559201C
:109120002D2D2069742077696C6C206E6F7420621D
:109130006520726561642C20736F207468650A7203
:1091400065717565737420737461797320617373CD
:1091500065727465642E20204669766520736563A8
:109160006F6E6473202E2E2E0A0077697468205269
:1091700058206F6E2020206D617374657220253039
:10918000325820736C6176652025303258202020BB
:109190004C535220253032580A006E6577206269A0
:1091A000747320202020206D617374657220253037
:1091B000325820736C6176652025303258002020AB
:1091C000203C2D2D20746861742069732053494F11
:1091D000300A0047454F0075736167653A2047457F
:1091E0004F203C68656164733E203C736563746F17
:1091F00072733E0A0063757272656E742025752F56
:1092000025752F257520204C424120256C750A00BC
:1092100047454F3A20256C752F256C752F256C75A9
:10922000206E6565647320256C752063796C696EAA
:10923000646572732C206F75747369646520312EB8
:109240002E313032340A00494E54203133682067C1
:10925000656F6D65747279206E6F772025752F2587
:10926000752F2575202028636F7665727320256C15
:1092700075206F6620256C7520736563746F72733B
:10928000290A00424441004D4B424F4F5400757330
:109290006167653A204D4B424F4F54203C6C6261F0
:1092A0003E2020202A2A2A204F5645525752495400
:1092B0004553207468617420736563746F72202A4B
:1092C0002A2A0A2020202020202077726974652015
:1092D000697420746F203020746F206D616B65207D
:1092E00069742074686520626F6F7420736563749D
:1092F0006F720A007772697465206F66204C424174
:1093000020256C75206661696C65640A0072656170
:1093100064206261636B206F66204C424120256CA3
:1093200075206661696C65640A004641494C454494
:10933000006F6B007465737420626F6F74207365C7
:1093400063746F72202D3E204C424120256C752C99
:10935000202575206279746573206F6620636F64C1
:10936000652C207665726966792025730A00666926
:109370007273742062797465732025303258202509
:1093800030325820253032582020207369676E61B2
:1093900074757265202530325820253032580A0005
:1093A000534543434D500075736167653A205345FB
:1093B00043434D50203C6C62613E205B3C736563CF
:1093C000746F72733E5D205B3C64726976653E5DCE
:1093D0000A202020202020207265616473204E2006
:1093E000696E206F6E6520636F6D6D616E642C20F9
:1093F0007468656E204E2073696E676C792C2061ED
:109400006E6420636F6D70617265730A2020202086
:1094100020202064726976652030203D206D6173C4
:10942000746572202864656661756C74292C20311E
:10943000203D20736C6176650A20202020202020AA
:10944000657665727920617267756D656E742069E5
:1094500073204845582C206C696B652065766572D1
:1094600079776865726520656C73652068657265DB
:109470000A00534543434D503A203220746F203246
:109480003020736563746F72732C20616E64207476
:1094900068617420697320686578202D2D20312043
:1094A000776F756C64206E6F7420746573742061BF
:1094B0006E797468696E670A00534543434D503AAC
:1094C0002064726976652030203D206D617374657B
:1094D000722C2031203D20736C6176650A00534563
:1094E00043434D503A2025732C20256C752073651D
:1094F00063746F72732066726F6D204C4241202539
:109500006C750A00534543434D503A2074686520FA
:10951000256C752D736563746F72207265616420AC
:109520006661696C65642C207374617475732025A1
:109530003032580A00534543434D503A2073696E08
:10954000676C652072656164206F66204C42412023
:10955000256C75206661696C65642C207374617478
:10956000757320253032580A00534543434D503A15
:1095700020736563746F7220257520284C4241204A
:10958000256C752920646966666572732061742094
:10959000627974652025753A206D756C7469202593
:1095A0003032582C2073696E676C65202530325834
:1095B0000A00534543434D503A202573202D2D205A
:1095C0006F6E6520636F6D6D616E6420616E6420E7
:1095D000256C752073696E676C65732061677265B1
:1095E00065206279746520666F7220627974650AFD
:1095F00000534543434D503A207A65726F2D636F97
:10960000756E74206775617264202E2E2E20007294
:10961000657475726E656420253032582028776134
:109620006E74203030290A0053454332007573614F
:1096300067653A2053454332203C6C62613E0A0024
:10964000626C6F636B2025753A206E6F2044525117
:109650002C2073746174757320253032580A0062AF
:109660006C6F636B2025753A2025752062797465CF
:10967000732C2073746174757320253032582C203C
:109680006C61737420343A202530325820253032F2
:1096900058202530325820253032580A005345438F
:1096A000544553540075736167653A2053454354DC
:1096B000455354203C6C62613E2020202A2A2A20F7
:1096C0004F5645525752495445532074686174208F
:1096D000736563746F72202A2A2A0A007072652DDE
:1096E00072656164206F66204C424120256C7520B4
:1096F0006661696C65640A007072652D72656164EB
:109700002020302E2E333A2025303258202530327A
:10971000582025303258202530325820202035302E
:10972000382E2E3531313A2025303258202530322E
:1097300058202530325820253032580A007365638E
:109740006F6E64207072652D726561642066616958
:109750006C65640A004449534147524545202D2D0C
:109760002072656164207061746820697320756E71
:1097700072656C6961626C65006167726565007431
:10978000776F207265616473206F6620746865204E
:1097900073616D6520736563746F722025730A00B1
:1097A0004C424120256C7520726F756E6420747276
:1097B00069703A202575206F6620257520627974BE
:1097C00065732077726F6E670A0066697273742022
:1097D0006261642061742025753A20657870656344
:1097E000746564202530325820676F74202530322C
:1097F000580A004F4B0057524F4E4700627974652C
:10980000203531313A2065787065637465642025B0
:1098100030325820676F74202530325820202025A0
:10982000730A0053454352415731360075736167DF
:10983000653A205345435241573136203C6C6261B2
:109840003E0A005345542046454154555245532045
:10985000383168202D3E2073746174757320253073
:1098600032580A0073746174757320617420445215
:109870005120253032580A0064726976652073756C
:1098800070706C69656420257520776F7264732C25
:109890002066696E616C2073746174757320253065
:1098A00032580A00627974657320302E2E333A20C4
:1098B00020202020253032582025303258202530D5
:1098C000325820253032580A006279746573203589
:1098D00030382E2E3531313A20253032582025307F
:1098E0003258202530325820253032580A0053454E
:1098F000435241570075736167653A20534543529F
:109900004157203C6C62613E0A0062756666657272
:109910002077726974656261636B203530382E2E52
:109920003531313A20253032582025303258202523
:109930003032582025303258202020286578706534
:109940006374203131203232203333203434290AF9
:1099500000647269766520737570706C6965642047
:1099600025752062797465732C2066696E616C20A0
:1099700073746174757320253032580A006F6E65F8
:10998000206D6F7265207265616420616674657216
:10999000204452512064726F707065643A20253003
:1099A000325820202028737461747573206E6F778D
:1099B0002025303258290A00647570206461746172
:1099C000203146383A20253032582020203146397F
:1099D0003A202530325820202065727220314631DD
:1099E0003A20253032580A00756E6761746564202C
:1099F000666972737420627974657320302E2E3319
:109A00003A2025303258202530325820253032581F
:109A100020253032580A00756E6761746564203500
:109A200031322072656164732C203530382E2E352A
:109A300031313A2025303258202530325820253017
:109A400032582025303258202020287374617475D4
:109A500073206E6F772025303258290A00424F4F0D
:109A60005443484B0068645F6E756D6265723D25B6
:109A70007520206469736B5F7461625B305D3D25A6
:109A80003032582020494E543431683D2530325808
:109A9000253032583A25303258253032580A0043A2
:109AA000415252590041483D30302072657365740F
:109AB000202041583D25303458202025730A00418C
:109AC000483D3032207265616420202041583D2598
:109AD000303458202025730A0041483D303120732E
:109AE00074617475732041483D2530325820202020
:109AF0006264612E68645F7374617475733D2530B0
:109B000032580A00303030303A37433030203D2070
:109B1000253032582025303258202E2E2E20203746
:109B2000444645203D202530325820253032580A01
:109B300000424F4F5400494E5420313968202D2D9A
:109B400020746865206D6F6E69746F7220646F6534
:109B500073206E6F742067657420636F6E74726F0C
:109B60006C206261636B0A004844494E495400729C
:109B70006573657474696E6720746865204944452F
:109B800020696E74657266616365202E2E2E0A0050
:109B90004944454E540075736167653A2049444510
:109BA0004E54205B64726976655D20202030203D34
:109BB000206D61737465722C2031203D20736C61BF
:109BC00076650A004C42410075736167653A204C26
:109BD0004241203C736563746F723E205B6472691E
:109BE00076655D20202030203D206D6173746572A4
:109BF0002C2031203D20736C6176650A004C424177
:109C00003A2032382D62697420616464726573731E
:109C1000696E67206F6E6C792C206D6178204646E6
:109C200046464646460A004C42413A2064726976EE
:109C3000652069732030206F7220310A00494F522D
:109C40005700494F520075736167653A20494F527A
:109C5000203C706F72743E205B636F756E745D2084
:109C60002020206279746520706F7274730A20203E
:109C70002020202020494F5257203C706F72743EA4
:109C8000205B636F756E745D202020776F72642097
:109C9000706F7274730A00494F523A20636F756E89
:109CA0007420697320312E2E25580A00494F5757CA
:109CB00000494F570075736167653A20494F572037
:109CC0003C706F72743E203C627974653E202020A7
:109CD000206279746520706F7274730A20202020CE
:109CE000202020494F5757203C706F72743E203C13
:109CF000776F72643E202020776F726420706F72DD
:109D000074730A00494F573A20612076616C75657B
:109D10002069732072657175697265640A0030305C
:109D200030302E2E464646460030302E2E46460017
:109D3000494F573A2076616C756520697320257309
:109D40000A0025303458203C2D20253034580A0094
:109D500025303458203C2D20253032580A00474FFA
:109D600000474F3A205265616C204D6F6465206357
:109D7000616E6E6F742072656163682061626F76D8
:109D80006520314D62202D2D20676976652074682D
:109D90006520616464726573732061732073656705
:109DA0003A6F66660A0075736167653A20474F200F
:109DB0003C616464723E205B4158205B4258205BEA
:109DC0004358205B44585D5D5D5D0A2020202020C3
:109DD00020206164647220697320463030303A4537
:109DE000303030206F72206120666C6174204645EF
:109DF0003030300A20202020202020746865207414
:109E00006172676574206D75737420726574757204
:109E10006E20776974682061206661722052455413
:109E20000A0063616C6C20253034583A2530345870
:109E3000202041583D253034582042583D253034AB
:109E4000582043583D253034582044583D2530345F
:109E5000582044533D253034580A006261636B201A
:109E600041583D253034582042583D253034582043
:109E700043583D253034582044583D25303458202F
:109E800053493D253034582044493D253034580A43
:109E9000005A52004E5A004359004E4300202020E1
:109EA000202044533D253034582045533D2530343F
:109EB0005820464C3D2530345820202573202573EA
:109EC0000A00494E5431350075736167653A20497F
:109ED0004E543135203836205B3C757365633E5DEA
:109EE0000A20202020202020494E543135203837A8
:109EF000203C7372633E203C6473743E205B3C776D
:109F00006F7264733E5D0A20202020202020494E7D
:109F10005431352038380A20202020202020494E76
:109F20005431352043300A003836683A2067697664
:109F3000652061206D6963726F7365636F6E642065
:109F4000636F756E740A00316D687A20636F756E89
:109F500074657220287468652050686173652034C8
:109F600020776F726B290031382E32687A2074693D
:109F7000636B2028746865206F6C6420706174685E
:109F800029003836683A20257320706174680A0009
:109F90003836683A204359202D2D20726566757336
:109FA00065642061667465722025642063616C6C51
:109FB0002873290A003836683A202575207820252C
:109FC0006C752075736563203D20256C7520757355
:109FD00065632061736B65640A00202020202025C2
:109FE00075207469636B73203D20256C7520757333
:109FF0006563206D656173757265642C202B2F2D50
:10A000003534393235206F6E207468652072756E74
:10A010000A002020202020256C752525206F662031
:10A0200077686174207761732061736B6564202D9C
:10A030002D2077616E742061626F7574203130302D
:10A040000A0075736167653A20494E5431352038EE
:10A0500037203C737263206C696E6561723E203CF0
:10A06000647374206C696E6561723E205B3C776F2F
:10A070007264733E5D0A202020202020206C696ECF
:10A08000656172206164647265737365732C2073FB
:10A090006F20313030303030206973207468652093
:10A0A000314D62206D61726B0A003837683A203199
:10A0B00020746F203830303020776F7264732C201A
:10A0C000616E64207468617420636F756E742069BA
:10A0D00073206865780A003837683A20256C752047
:10A0E000776F7264732C202530386C58202D3E20F9
:10A0F0002530386C582C204744542061742025307A
:10A1000034583A253034580A004359202D2D206602
:10A1100061696C6564003837683A2041483D2530F4
:10A120003258202025730A002020202020737263DB
:10A13000202530386C583A200020202020206473DD
:10A1400074202530386C583A20000A202020202026
:10A150007468652074776F206C696E6573206D7507
:10A1600073742061677265650A004359202D2D20A4
:10A1700072656675736564003838683A2041583DE9
:10A1800025303458203D202575204B622061626FB8
:10A19000766520314D6220282575204D62293B20AF
:10A1A0002042444120686F6C6473202575204B6207
:10A1B000202025730A004330683A204359202D2D72
:10A1C000206E6F7420737570706F727465640A000E
:10A1D0004330683A207461626C65206174202530D8
:10A1E00034583A253034582C20257520627974650E
:10A1F0007320666F6C6C6F770A0020202020206D22
:10A200006F64656C202530325820207375626D6F45
:10A2100064656C2025303258202042494F5320720B
:10A22000657620253032580A00525443006E6F2064
:10A2300052544300326E6420494355006E6F203201
:10A240006E642049435500202020202066656174FB
:10A2500075726573202530325820253032582025FC
:10A2600030325820253032582025303258202D2DBC
:10A270002025732C2025730A00494E5431353A208D
:10A2800038362C2038372C20383820616E64204333
:10A2900030206F6E6C790A00574454004F4E006FA7
:10A2A0006666005744543A20574454535441545519
:10A2B000532025303258202D2D20627573206D6F6C
:10A2C0006E69746F722025730A006F6E004F4646E8
:10A2D000002020202020505752434F4E2020202085
:10A2E00025303258202D2D205744545244592025D2
:10A2F000732C20485352454144592025730A0020AD
:10A300002020202072656C6F616420253034582530
:10A31000303458203D20256C7520636F756E747342
:10A32000202020286E6576657220777269747465C6
:10A330006E20627920746869732042494F53290A5C
:10A34000002020202020636F756E742000202530AF
:10A3500034582530345800202020202061742025D6
:10A3600075206D687A207468617420697320616259
:10A370006F757420256C7520757365632062656642
:10A380006F726520524541445920697320666F728F
:10A390006365640A002020202020636F6D70617265
:10A3A0006520616761696E73742074686520736CE1
:10A3B0006F77657374207265616C20616363657388
:10A3C000733A2043533020616E642043533120722E
:10A3D000756E2037207761697420737461746573BA
:10A3E0000A00494F54494D450075736167653A202D
:10A3F000494F54494D45203C706F72743E205B3C80
:10A4000072656164733E5D0A202020202020206850
:10A4100065782C206173206576657279776865723E
:10A420006520686572653B2064656661756C7420A3
:10A43000382072656164730A202020202020207457
:10A4400072792061206465636F64656420706F7247
:10A450007420283146372C20463833342920616750
:10A4600061696E737420616E20756E6465636F64DC
:10A470006564206F6E65202836342C2033303029F7
:10A480000A00494F54494D453A20257520726561AF
:10A4900064287329206F6620706F72742025303411
:10A4A00058202E2E2E0A00494F54494D453A20750A
:10A4B0006E646572206F6E65207469636B20666FD1
:10A4C0007220616C6C202575202D2D2066617374BF
:10A4D0006572207468616E20256C752075736563E4
:10A4E00020656163682E0A00202020202020202083
:10A4F0005468617420706F727420616E7377657236
:10A50000732E20546865207761746368646F6720D8
:10A510006973206E6F7420696E766F6C7665642E39
:10A520000A00494F54494D453A2025752074696306
:10A530006B28732920666F7220257520726561640F
:10A5400073203D2061626F757420256C75207573D2
:10A55000656320656163680A002020202020202098
:10A560002054686174206973207468652077617471
:10A570006368646F673A206E6F7468696E67206302
:10A580006C61696D732074686973206379636C65AD
:10A590002C20616E642057445452445920656E64E7
:10A5A00073206974206174207E3230396D732E0AF5
:10A5B000002020202020202020536C6F772C206248
:10A5C0007574206E6F742074686520776174636899
:10A5D000646F672E0A00494E54313300757361670A
:10A5E000653A20494E543133205B64726976655D6B
:10A5F00020202030203D206D61737465722C203145
:10A60000203D20736C6176650A00494E5431333A1F
:10A6100020647269766520253032582041483D30EB
:10A620003868206661696C65642C2041483D25309E
:10A6300032580A00494E5431333A206472697665C3
:10A640002025303258202D2D2025752063796C2C43
:10A6500020257520686561642C202575207365634D
:10A660002F74726B3B2020257520647269766528F3
:10A6700073292070726573656E740A00494E5431F7
:10A68000333A207A65726F20736563746F7273203A
:10A6900070657220747261636B202D2D2074686167
:10A6A000742067656F6D6574727920697320756EAB
:10A6B000757361626C650A002020202020202072C2
:10A6C000656164696E6720432575204825752053B0
:10A6D00025752C207768696368206973204C424196
:10A6E00020256C750A00494E5431333A2041483DCB
:10A6F000303268206661696C65642C2041483D25D4
:10A700003032580A00494E5431333A20746865207B
:10A7100064726976657220636F756C64206E6F7405
:10A720002072656164204C424120256C752C207399
:10A73000746174757320253032580A00494E5431C3
:10A74000333A2064696666657273206174206279A9
:10A750007465202575202D2D20494E5420313368F5
:10A7600020253032582C206472697665722025309D
:10A7700032580A00494E5431333A202573202D2D8A
:10A7800020494E54203133682043257520482575D3
:10A790002053257520616E64207468652064726999
:10A7A000766572206174204C424120256C752061D1
:10A7B000677265650A00464443004644433A206D8B
:10A7C00061696E2073746174757320726567697353
:10A7D000746572202D2D002020253033583D253002
:10A7E00032580020202020206469676974616C2041
:10A7F000696E707574203433383D2530325820200E
:10A8000020286269742030206973207E44432C2004
:10A810006469736B206368616E6765290A0046444A
:10A82000433A206E6F7468696E6720616E73776556
:10A8300072696E672E20204646206973206120666B
:10A840006C6F6174696E6720627573202D2D206EA8
:10A850006F20636172642C206F72206E6F74206AA7
:10A86000756D706572656420746F203330682D33A8
:10A8700046682E0A002068656C6420696E20726547
:10A880007365742C206173206578706563746564EA
:10A8900020616674657220706F7765722D6F6E3BF4
:10A8A000002069646C653B002077656467656420FF
:10A8B0006D69642D636F6D6D616E643B004644434A
:10A8C0003A204D53522025303258206174202530D3
:10A8D0003358202D2D25732070756C73696E672099
:10A8E000726573657420286C617463682034333832
:10A8F000203C2D203030207468656E203830290AC5
:10A90000002042555359002069646C650020455869
:10A91000454300002044494F3D696E002044494FA3
:10A920003D6F7574002052514D0020286E6F2052EB
:10A93000514D29004644433A204D53522025303290
:10A9400058202D2D25732573257325730A0020208B
:10A950002020207374696C6C206E6F7420726561A6
:10A96000647920666F72206120636F6D6D616E6423
:10A97000202877616E742052514D207365742C200D
:10A9800044494F20636C656172292E0A0020202003
:10A990002020636F6D6D616E642074616B656E2045
:10A9A000627574206E6F20726573756C74207068A8
:10A9B0006173652C204D535220253032580A0020F7
:10A9C0002020202053454E534520494E5445525295
:10A9D00055505420535441545553202D3E20535428
:10A9E000302025303258002C2050434E2025303264
:10A9F000582020287265736574207365656E202D5C
:10AA00002D20746865207061727420697320616CF8
:10AA1000697665290A00202028696E76616C696470
:10AA200020636F6D6D616E64202D2D206E6F7468D4
:10AA3000696E67207761732070656E64696E67293F
:10AA40000A002C2050434E20253032580A0046443C
:10AA5000433A20636F6E74726F6C6C657220616E26
:10AA600073776572696E6720617420253033582CC6
:10AA70002064617461207265676973746572206116
:10AA80007420253033582E0A004644494400464479
:10AA900049443A206C6174636820253032582C2078
:10AAA0004644432064726976652025750A00464451
:10AAB00049443A204D535220253032582061667463
:10AAC000657220612072657365742070756C7365A2
:10AAD000202D2D2074686520636F6E74726F6C6C0E
:10AAE00065722077696C6C206E6F7420676F2069C7
:10AAF000646C652E0A00202020202020726573657A
:10AB00007420696E746572727570747320636C65FD
:10AB1000617265642C206C6173742053543020255D
:10AB20003032580A00464449443A2053504543497C
:10AB3000465920776173206E6F742061636365707E
:10AB40007465640A00464449443A20524543414CE6
:10AB500049425241544520776173206E6F742061E1
:10AB6000636365707465640A00202020286E657632
:10AB7000657220636F6D706C6574656429002020B8
:10AB800020287365656B20656E64202D2D20686517
:10AB9000616420697320617420747261636B20307A
:10ABA00029002020202865717569706D656E7420FC
:10ABB000636865636B202D2D206E6F207472616356
:10ABC0006B2030207369676E616C2C20736F206E70
:10ABD0006F20647269766520697320616E73776592
:10ABE00072696E672900202020286E6F74207265BC
:10ABF000616479290020202020202061667465721C
:10AC000020524543414C4942524154452C204D531A
:10AC10005220253032582C205354302025303258C1
:10AC2000202050434E202530325825730A004644D8
:10AC300049443A20524541442049442077617320D9
:10AC40006E6F742061636365707465640A004644C6
:10AC500049443A2052454144204944206761766581
:10AC6000206E6F20726573756C74207068617365F7
:10AC7000202D2D2074686520636F6E74726F6C6C6C
:10AC8000657220697320737475636B0A002020203D
:10AC900020202052454144204944202D3E20535439
:10ACA000302025303258202053543120253032585E
:10ACB000202053543220253032582020204325753F
:10ACC0002048257520522575204E25750A004644DA
:10ACD00049443A20736563746F7220494420666F5B
:10ACE000756E642E20204E2575206D65616E732073
:10ACF0002575206279746573206120736563746FB4
:10AD0000722E0A00464449443A206D697373696E95
:10AD1000672061646472657373206D61726B202DAE
:10AD20002D207468652068656164206973207265F0
:10AD30006164696E67206E6F7468696E67206974FC
:10AD4000207265636F676E697365732E0A20202019
:10AD500020202057726F6E672064617461207261D9
:10AD600074652C2077726F6E672064726976652C2B
:10AD7000206E6F206469736B2C206F72207468657D
:10AD8000206D6F746F72206E6576657220737061CE
:10AD90006E2E0A00464449443A2061626E6F726D1D
:10ADA000616C207465726D696E6174696F6E2C20C0
:10ADB000535431202530325820535432202530321C
:10ADC000580A002020202020206D6F746F72206FA1
:10ADD00066660A00464452454144007573616765E2
:10ADE0003A20464452454144205B3C6C61746368A0
:10ADF0003E5D205B3C63796C3E5D205B3C68656139
:10AE0000643E5D205B3C736563746F723E5D0A2037
:10AE10002020202020206865783B20736563746FB4
:10AE2000727320636F756E742066726F6D20312EA1
:10AE3000202044656661756C7420383220302030E3
:10AE400020312E0A004644524541443A206C617438
:10AE5000636820253032582C2043257520482575FD
:10AE6000205325750A004644524541443A20636FF9
:10AE70006E74726F6C6C65722077696C6C206E6F8B
:10AE80007420676F2069646C650A002020202020F0
:10AE90002020205345454B202D3E20535430202563
:10AEA000303258202050434E20253032580A004678
:10AEB00044524541443A2074686520636F6D6D616A
:10AEC0006E6420776173206E6F742074616B656EA1
:10AED0000A004644524541443A20726573756C74C9
:10AEE0002070686173652073746F70706564206191
:10AEF000667465722025752062797465730A006333
:10AF00006F6D706C657465006375742073686F7223
:10AF1000740074696D6564206F75740020202020B2
:10AF2000202020207472616E736665722025733B49
:10AF300020205354302025303258205354312025BE
:10AF400030325820535432202530325820202043AC
:10AF500025752048257520522575204E2575202001
:10AF6000204D535220253032580A00206D697373EA
:10AF7000696E672061646472657373206D61726BC2
:10AF800000206E6F20646174612028736563746FA4
:10AF900072206E6F74206F6E2074686973207472F3
:10AFA00061636B290020435243206572726F7220E7
:10AFB000696E207468652064617461206669656CDF
:10AFC0006400206F76657272756E20287468652043
:10AFD0006C6F6F702077617320746F6F20736C6F6C
:10AFE0007729004644524541443A206661696C65C0
:10AFF00064202D2D25732573257325730A0046447F
:10B00000524541443A20736563746F7220726561E2
:10B01000642E202046697273742031362062797460
:10B0200065733A0A2020202020202000202530327D
:10B0300058006120626F6F74207369676E61747568
:10B040007265006E6F74206120626F6F7420736987
:10B05000676E6174757265002020202020202020FA
:10B060006279746573203146452D31464620617200
:10B070006520253032582025303258202D2D2025AE
:10B08000730A004644575249544500757361676519
:10B090003A2046445752495445203C6C61746368D9
:10B0A0003E203C63796C3E203C686561643E203CF8
:10B0B000736563746F723E0A202020202020206573
:10B0C0007665727920617267756D656E7420726540
:10B0D0007175697265642C206865782E202038327D
:10B0E000203D203530306B6270732C203836203D87
:10B0F000203235306B6270732E0A202020202020F1
:10B100002054484953204F564552575249544553AD
:10B110002054484520534543544F522E2020557308
:10B12000652061206469736B20796F7520646F20DE
:10B130006E6F742077616E742E0A00464457524930
:10B1400054453A206C6174636820253032582C20B5
:10B150004325752048257520532575202D2D206FFA
:10B1600076657277726974696E670A004644575251
:10B170004954453A20636F6E74726F6C6C6572202F
:10B1800077696C6C206E6F7420676F2069646C65E2
:10B190000A00464457524954453A20746865206372
:10B1A0006F6D6D616E6420776173206E6F742074B3
:10B1B000616B656E0A00202020202020202020774F
:10B1C000726974652025733B20205354302025304C
:10B1D00032582053543120253032582053543220D5
:10B1E000253032580A0020756E64657272756E20C3
:10B1F0002874686520736563746F72206F6E2074A5
:10B200006865206D65646961206973206E6F7720C1
:10B2100064616D6167656429002057524954452077
:10B2200050524F54454354454400464457524954A4
:10B23000453A206661696C6564202D2D2573257360
:10B2400025730A00464457524954453A20746865AC
:10B250002072656164206261636B206661696C6560
:10B26000642C205354302025303258205354312040
:10B27000253032580A00464457524954453A2077FF
:10B2800072697474656E20616E64207265616420F9
:10B290006261636B2C2035313220627974657320D2
:10B2A00061677265650A00464457524954453A2021
:10B2B00064696666657273206174206279746520C2
:10B2C0002575202D2D20676F7420253032582C20B5
:10B2D00077616E74656420253032580A0046443127
:10B2E000330075736167653A2046443133203C660C
:10B2F0006E3E203C63796C3E203C686561643E2074
:10B300003C7365633E205B3C636F756E743E5D0A03
:10B31000202020202020206865782E202030322018
:10B3200072656164732C2030332057524954455361
:10B330002C2030342076657269666965732C203064
:10B340003820706172616D65746572732E0A2020F9
:10B35000202020202064726976652041206F6E6C69
:10B36000792E20203033206F76657277726974658C
:10B37000732074686520736563746F722E0A0046CB
:10B380004431333A2041483D2530325820414C3D2C
:10B39000253032582043583D253034582044583DFC
:10B3A000253034580A002020202020207265747532
:10B3B000726E65642041483D2530325820414C3D35
:10B3C00025303258202025730A00202020202020FC
:10B3D00037363520726573756C743A000A20202068
:10B3E000202020535430202530325820535431200F
:10B3F0002530325820535432202530325820202016
:10B400004325752048257520522575204E25750A3F
:10B410000020202020202066645F7374617475739F
:10B42000202530325820207365656B5F737461741A
:10B430007573202530325820206C61746368202594
:10B440003032580A00455849540051756974204DEE
:10B450006F6E69746F720A002A2A4552520A000000
:10B460004944453A206E6F20726573706F6E736544
:10B4700020746F20736F66742072657365740A00A0
:10B48000736C61766520006D617374657200494468
:10B49000452025733A20415441504920646576691E
:10B4A00063652C206E6F7420612066697865642066
:10B4B0006469736B0A004944452025733A20776913
:10B4C0006C6C206E6F742061636365707420382D1E
:10B4D0006269742050494F206D6F64650A004944C9
:10B4E000452025733A204944454E54494659206623
:10B4F00061696C65640A004944453A206E6F2064B6
:10B50000726976657320666F756E640A00494445FA
:10B5100020257320204C424120256C75203D20259C
:10B520006C75204D622020666C6167732025303277
:10B53000580A00202020286E6F20757361626C65A8
:10B540002067656F6D65747279290020202028744A
:10B5500072616E736C617465642900002020202084
:10B560002020202020202020647269766520257507
:10B570002F25752F2575202020494E542031336802
:10B580002025752F25752F257525730A00494445FB
:10B590003A20626F746820756E69747320726570EA
:10B5A0006F7274206964656E746963616C2067658D
:10B5B0006F6D65747279202D2D20636865636B2033
:10B5C00074686520736C617665206A756D7065724C
:10B5D0002F73747261700A004944453A2070617299
:10B5E000616D65746572207461626C657320646F4F
:10B5F000206E6F74206669742074686520726573AC
:10B6000065727665642042444120617265610A007A
:10B610004944453A20256420647269766528732977
:10B6200020726567697374657265642C20494E5495
:10B6300020343168202D3E20253034583A253034CE
:10B64000580A000000000000000000000000000098
:10B650000A436F7079726967687420284329203221
:10B66000303138204A6F686E20522E20436F666654
:10B670006D616E2E2020416C6C2072696768747356
:10B680002072657365727665642E0A50726F7669F2
:10B6900064656420666F7220686F62627969737492
:10B6A00020757365206F6E20746865205265747212
:10B6B0006F42726577205342432D33383645582008
:10B6C000626F6172642E0A0A546869732070726F27
:10B6D0006772616D206973206672656520736F669D
:10B6E00074776172653A20796F752063616E20729C
:10B6F0006564697374726962757465206974206128
:10B700006E642F6F72206D6F646966790A697420A8
:10B71000756E64657220746865207465726D73203F
:10B720006F662074686520474E552047656E6572C8
:10B73000616C205075626C6963204C6963656E733F
:10B7400065206173207075626C697368656420623E
:10B75000790A746865204672656520536F66747750
:10B7600061726520466F756E646174696F6E2C201E
:10B770006569746865722076657273696F6E2033CF
:10B78000206F6620746865204C6963656E73652C54
:10B79000206F720A28617420796F7572206F70743F
:10B7A000696F6E2920616E79206C617465722076F4
:10B7B000657273696F6E2E0A0A546869732070721D
:10B7C0006F6772616D206973206469737472696256
:10B7D0007574656420696E2074686520686F706593
:10B7E00020746861742069742077696C6C206265CC
:10B7F0002075736566756C2C0A6275742057495400
:10B80000484F555420414E592057415252414E54B1
:10B81000593B20776974686F7574206576656E2072
:10B8200074686520696D706C6965642077617272F7
:10B83000616E7479206F660A4D45524348414E54FB
:10B840004142494C495459206F72204649544E4553
:10B85000535320464F5220412050415254494355A2
:10B860004C415220505552504F53452E2020536585
:10B8700065207468650A474E552047656E6572619C
:10B880006C205075626C6963204C6963656E7365EA
:10B8900020666F72206D6F72652064657461696CDB
:10B8A000732E0A0A596F752073686F756C6420686F
:10B8B00061766520726563656976656420612063E1
:10B8C0006F7079206F662074686520474E55204759
:10B8D000656E6572616C205075626C6963204C699D
:10B8E00063656E73650A616C6F6E67207769746853
:10B8F00020746869732070726F6772616D20696E61
:10B90000207468652066696C6520434F5059494E24
:10B910004720696E2074686520746F706D6F737452
:10B9200020736F757263650A6469726563746F7200
:10B93000792E20204966206E6F742C207365652057
:10B940003C687474703A2F2F7777772E676E752E58
:10B950006F72672F6C6963656E7365732F3E2E0A75
:10B960000A00748300F0858300F0948300F000A542
:10B97000AAA48300F0B08300F0BD8300F0CB830065
:10B98000F0DD8300F0EB8300F0F58300F0FA830034
:10B99000F0088400F0178400F0268400F03784005B
:10B9A000F0F58300F0478400F0638400F07F8400AA
:10B9B000F09B8400F0B78400F0C08400F0C98400DC
:10B9C000F0DD8400F0E18400F0E58400F0E984001B
:10B9D000F0ED8400F0F18400F0F58400F0F98400CB
:10B9E000F0FD8400F0018500F0058500F009850078
:10B9F000F00E8500F0138500F0188500F01D85001D
:10BA0000F0238500F0298500F0358500F03C8500A5
:10BA1000F0438500F04A8500F0508500F05785001E
:10BA2000F0698500F07D8500F0908500F09B850031
:10BA3000F0A58500F0000008040C020A060E0109BA
:10BA4000050D030B070F05000600070008006E6FC9
:10BA50003F653F6D3F730000908B00F0958B00F0C9
:10BA60009A8B00F09F8B00F0A48B00F0A98B00F064
:10BA7000FA31C08ED0BC007C8ED88EC0FBFCBE21BB
:10BA80007CAC08C07408B40131D2CD14EBF3F4EBF4
:10BA9000FD0D0A2A2A2A205445535420424F4F5460
:10BAA00020534543544F522052554E4E494E472045
:10BAB0002A2A2A0D0A494E54203139682068616EBD
:10BAC000646564206F76657220636F72726563745B
:10BAD0006C792E0D0A003004320434043604000060
:10BAE00034F8419090909090909090909090909099
:10BAF000EA000000F030392F31392F3236FFFC00D8
:10BB000034F84100000000000000000000000000C8
:02FFEE0028F5F4
:10FFF000EA000000F030392F31392F3236FFFC0093
:00000001FF
