:020000040001F9
:10000000FAEB57436F707972696768742028432947
:10001000203230313820204A6F686E205220436FE2
:1000200066666D616E2E2020416C6C207269676877
:1000300074732072657365727665642E000000002B
:1000400059AD89C2407404ACEEEBF6FFE159AD89BD
:10005000C2407404ADEFEBF6FFE1FA81FA092374B4
:1000600004FAF4EBFDB4D59E909073F575F379F135
:100070007BEFF872EC30E472E875E69E7AE378E1A3
:1000800074DF72DDE423B80080E62386E0E622E731
:1000900022FCB800F08ED88EC0BE8088B9A100EBDB
:1000A000ADBEFA88B9A900EB98BAFF0488D0EEB0CB
:1000B00003E86602BF00A88ED78EC7BA002089D792
:1000C000C1E70A368815FEC238F272F2362A1600E7
:1000D00000C1E20A89D4C1EA0231F6BBE100E90EAF
:1000E0000289D56A400726A1720036A30400B00138
:1000F000E8270231F68EC6BA0040E8F101BA34F8BA
:10010000B04BEEBA20F0B04AEEEB00EB00EB00ECA7
:10011000A80174F5BA34F8B041EEBA41F0EC88C3E6
:10012000EC88C7F7D389D883C005C1E806BAA2F422
:10013000EF8D87F401B9E80331D2F7F1BAFF04EE8D
:100140004848BA04F8EF6A400726891EDD0089EBAB
:1001500026883E0101B002E8C00136A104003D340A
:1001600012750E6A400726800E120001B800A0EB3F
:100170001731F6BA0040B800108EC0E870018CC08C
:1001800080C41080FCA072F1C1E80689C3061E5726
:100190005652515350FAFC8CC88ED8B800208EC0ED
:1001A00031F631FFB90080F3A531F631FFB9008097
:1001B000F3A77536EAB9010020BA3CF4ED24FEEF4E
:1001C000B800208ED8B800F08EC031F631FFB900EB
:1001D00080F3A531F631FFB90080F3A77407BA3C6C
:1001E000F4ED0C01EFEAEA0100F0585B595A5E5F4A
:1001F0001F076A000731FFBE8087B980008CC8A541
:10020000ABE2FC6A400726891E1300B007E80A012A
:100210000F20C083E0F90F22C0DBE3B009E8FA0049
:1002200055B85A5A5089E5DD7E00807E0000751E63
:10023000B00AE8E500D97E008B4600253F1083F820
:100240003F750BB00BE8D20026830E1000025D5DF7
:10025000B004E8C500E888016A400748BAFF04EE28
:10026000C1E00A26A3DB00E85A116A4007BBE1009F
:10027000B81F20CD1A7306B00FE89E00F46A0089FB
:10028000E5B81F00E8010109C07416BE00F08EDE5B
:10029000BE81896A4007BFE100B91F00F3A4FE4692
:1002A00000E86C0F7304804E0002E8FE1034A0A832
:1002B000F0750CA8037408240C7404340C750480C5
:1002C0004E0004E8270FB005E84F00B800F08ED8C4
:1002D0008EC08B4600FBE84012BAFF04EEE83A00FD
:1002E000FABA00F8EC24FC0C01EE90F4EBFD5B662E
:0F02F000B80100000031FF89D1F366AB89D1312D
:10030000F366AF7407BAFF04B0F5EEF466D1E0739C
:10031000E431FF89D1F366ABFFE352509CBA62F837
:10032000F6D0C0E00488C4FAEC240F08E0EE9D5833
:100330005AC352BAFF04EE5AC352BAFF04EE5AFA35
:10034000F4C366C1C810E80C0066C1E810EB069261
:10035000E8020089D086E0E8020088E050C0E804A6
:10036000E8010058240F2704F01440EB0FB020EBF5
:100370000B3C0A7507B00DE80200B00A5052B401F8
:10038000BA0000CD145A58C306515350B009E88939
:0F03910029C0BB00F08EC3BBF0FFB91000E81FFE
:1003A000016A4007BBE10059E8150186E05B590787
:1003B000C3065350B80022CD1ABBE1006A4007B80B
:1003C0001F21CD1AB88022CD1A585B07C390909098
:1003D000EA000000F0FFFFFFFFFFFFFFFFFFFC0050
:1003E0000F0116B8890F20C380CB0166F7E00F22FA
:1003F000C3EAF603680066BAFF04B0F0EE66B81808
:10040000008ED831C08B1089C7C1E7148907FEC0A0
:100410003C4072F32B05000000008915000000002D
:1004200089C266B858008ED8EA2F04000060000F19
:1004300020C024FE0F22C0EA3C0400F0B800F08E79
:10044000D889D0C35589E5061E5756525153509C42
:10045000FA8B4E0C09C9745D660FB7460A66C1E097
:1004600004660FB75E086601D86689C7668B760496
:10047000660FB7C90F0116B8890F20C380CB01667C
:10048000F7E00F22C3EA8A04680066B818008ED825
:1004900066B820008EC0FCF3A466B858008ED88ED3
:1004A000C0EAA804000060000F20C024FE0F22C094
:1004B000EAB50400F09D585B595A5E5F1F075DC3A3
:1004C0005689DE88E330FF26321C4688C430C0D10E
:1004D000E32E3387DC04E2EB89F35EC300002110D6
:1004E000422063308440A550C660E770088129919E
:1004F0004AA16BB18CC1ADD1CEE1EFF13112100246
:1005000073325222B5529442F772D66239931883ED
:100510007BB35AA3BDD39CC3FFF3DEE36224433411
:1005200020040114E664C774A44485546AA54BB53D
:1005300028850995EEE5CFF5ACC58DD553367226E5
:1005400011163006D776F6669556B4465BB77AA78D
:1005500019973887DFF7FEE79DD7BCC7C448E55831
:100560008668A7784008611802282338CCC9EDD9DD
:100570008EE9AFF9488969990AA92BB9F55AD44A85
:10058000B77A966A711A500A333A122AFDDBDCCB2D
:10059000BFFB9EEB799B588B3BBB1AABA66C877C51
:1005A000E44CC55C222C033C600C411CAEED8FFD7D
:1005B000ECCDCDDD2AAD0BBD688D499D977EB66E25
:1005C000D55EF44E133E322E511E700E9FFFBEEFCD
:1005D000DDDFFCCF1BBF3AAF599F788F8891A9818F
:1005E000CAB1EBA10CD12DC14EF16FE18010A10079
:1005F000C230E3200450254046706760B983989369
:10060000FBA3DAB33DC31CD37FE35EF3B1029012C8
:10061000F322D2323542145277625672EAB5CBA534
:10062000A89589856EF54FE52CD50DC5E234C32418
:10063000A01481046674476424540544DBA7FAB708
:100640009987B8975FE77EF71DC73CD7D326F23668
:100650009106B01657667676154634564CD96DC954
:100660000EF92FE9C899E9898AB9ABA944586548B8
:1006700006782768C018E1088238A3287DCB5CDBA8
:100680003FEB1EFBF98BD89BBBAB9ABB754A545A08
:10069000376A167AF10AD01AB32A923A2EFD0FED74
:1006A0006CDD4DCDAABD8BADE89DC98D267C076C58
:0F06B000645C454CA23C832CE01CC10C1FEF3E48
:1006C0005DCF7CDF9BAFBABFD98FF89F176E367EA8
:1006D000554E745E932EB23ED10EF01E0000000007
:1006E0005253515589E50657807E0E00750431C07E
:1006F000EB3488C7E80D01752A8A5E0E8B560C8B89
:10070000460AE8F701B020BAF701EE0FB64E0E8E9A
:1007100046028B5E04E81A017509E8BD01E2F63174
:10072000C0EB03E844015F07C9595B5AC206005297
:1007300053515589E51E56807E0E00750431C0EB7D
:100740003988C7E8BE00752F8A5E0E8B560C8B4623
:100750000AE8A801B030BAF701EE0FB64E0E8E5E71
:10076000028B5E04E8CB00750EE87F01E2F6E893A9
:1007700000750431C0EB03E8F0005E1FC9595B5AF5
:10078000C206005253515589E5065788C7E87400E0
:100790007516B300B80000BA0000E85F01B0ECBA0B
:1007A000F701EEE88C007405E8BF00EB0B8E460203
:1007B0008B5E04E80D0131C05F07C9595B5AC35114
:1007C000525006535589E5575306E837007524B350
:1007D000008A7E02B80000BA0000E81F01E8240089
:1007E0007511B001BAF101EEB0EFBAF701EEE813FE
:1007F000007405E87400EB0231C0075B5FC95B075A
:10080000585A59C3065251536A4007268B1E6C0032
:10081000BAF701ECA8807413268B0E6C0029D983DB
:10082000F95A72ECB9010009C9EB0231C95B595A96
:1008300007C3065251536A4007268B1E6C00BAF755
:1008400001ECA801751688C180E18880F90874134D
:10085000268B0E6C0029D983F95A72E2B90100097E
:10086000C9EB0231C95B595A07C306525153BAF753
:1008700001EC88C4A8807539A8017435F6C42074C9
:1008800004B3CCEB2EBAF101ECB30AA8807524B303
:1008900010A840751EB304A8107518B301A80475FC
:1008A00012B340A802750CB302A8017506B3BBEBE6
:1008B00002B3806A400726881E74000FB6C35B59D6
:1008C0005A07C35153BAF00187FBB90001EC88C441
:1008D000ECAA88E0AAE2F65B59C351BAF00187FBA3
:1008E000B90002ECAAE2FC87FB59C351BAF00187B8
:1008F000F3B90002ACEEE2FC87F359C351505289C0
:10090000D9B01020E888F380E30F80CBE008D8BA94
:10091000F601EE5B88D84AEE5B88F84AEE88D84A42
:10092000EE88C84AEE59C300000000000000000035
:100930006A405AB8AC00C30000000000000000008C
:10094000FB1E6A401FA110001FCFFB1E6A401FA1A3
:1009500013001FCF00000000000000000000000096
:10096000FBF6C2807422061E6089E5FCBF900980F8
:10097000FC16720B80EC41BFBC0980FC0E735988D9
:10098000E330FF01DB2EFF21CD40CA0200EB49908E
:10099000540BF909840B890B8E0BD809D809D80997
:1009A000360CD809D809D809D809D809D809D809DE
:1009B000D809D809D809D809D809690C9C0AC00AED
:1009C000800CBF0CD809D8093D0D530DD809D809A2
:1009D000D809D809D8098D09B401804E1801EB0651
:1009E00030E4806618FE066A4007268826740007F1
:1009F00088660F89EC611F07CF6A4007268A267434
:100A00000008E47506806618FEEBE5804E1801EBE1
:100A1000DFCF414668696A6B6C6D00000000E0063C
:100A2000000000002F075088D0247F6A4007263A34
:100A300006750073300FB6F8268A85E50008C07485
:0F0A4000243C0673200FB6D82E8A9F6A0A80FBCB
:100A5000741330FF2E0FB6BD120AC1E7026A0007F9
:100A600026C43D58C358E96FFF90FF000101020200
:100A7000803C100F8561FF807C02800F8359FF66E8
:100A8000837C0C000F8550FF66817C08FFFFFF0F01
:100A90000F8744FF83FB030F833DFFC3E887FF817C
:100AA0007E08AA550F8530FF26F6450F020F8427D2
:0E0AB100C7460855AAC7460C0500B421E92225
:100AC000E863FF260FB64507C1E004E8A2FF01DB9B
:100AD0002E8BBF1A0A09FF0F84FDFE8B4C0283E1A7
:100AE0007F5166FF7408C45C048CC1FFD73C000FC3
:100AF00084EDFEC1E00888440288460EE9DBFEB4BE
:100B000004E9D6FE88CB80E33F88F788C825C0007B
:100B1000C1E00288E808DB7439263A5D0E77332697
:100B20003A7D02732D263B057328660FB7C02666F3
:100B30000FB64D0266F7E1660FB6CF6601C82666AE
:100B40000FB64D0E66F7E1660FB6CB66496601C873
:100B5000F8C3F9C3E8CFFE1EB800F08ED8E8C21D76
:100B600009C0751A31C0E8FC1D6A400726803E7531
:100B700000017606B80100E8EB1D1FE962FE1FB414
:100B800005E956FEBE1A0AEB08BE200AEB03BE1AA0
:100B90000AE892FE01DB2E8B3009F60F8439FEE85D
:100BA00062FF0F8259FF83EC108976F8668946FC54
:100BB000260FB64507C1E0048946F68A460E30E4A2
:100BC0008946FA8946F08B46088946F48B46128995
:100BD00046F2807E0F04750E2EA1A0898946F42E60
:0F0BE000A1A2898946F2837EFA0074316A016608
:100BF00076FC8B5EF48B4EF28B46F6FF56F809C0FE
:100C0000752466FF46FCFF4EFA807E0F0474D78180
:100C100046F4000273D08146F20010EBC98B46F017
:100C200088460EE9BAFD89C38B46F02B46FA884602
:100C30000E88DCE9A4FDC6460A00E8E9FD268B051E
:100C400009C00F8492FD4888C588E1C0E106260AE4
:100C50004D0E894E0C268A7502FECE6A4007268A02
:100C600016750089560AE977FDE8BAFD26668B45B8
:100C70000A89460A66C1E81089460CB403E962FD98
:100C8000E8A3FD260FB64507C1E004E8E2FD01DB5D
:100C90002E8BBF200A09FF0F843DFD8B4C0283E1A0
:100CA0007F5166FF7408C45C048CC1FFD73C000F01
:100CB000842DFDC1E00888440288460EE91BFDE84A
:100CC00064FD260FB64507C1E004E8A3FD01DB2E55
:100CD0008BBF1A0A09FF0F84FEFC83EC10897EF893
:100CE0008946F68B440283E07F8946FA8946F0669E
:100CF0008B4408668946FC2EA1A0898946F42EA162
:100D0000A2898946F2837EFA00741F6A0166FF7623
:100D1000FC8B5EF48B4EF28B46F6FF56F809C075DD
:100D20000C66FF46FCFF4EFAEBDBE9B3FC89C38B94
:100D300046F02B46FA89440288DCE99DFCE8E6FC93
:100D4000E82DFD668B440826663B450A0F83AFFD00
:100D5000E98DFCE8D0FC833C1A0F827BFC26660FF1
:100D6000B7056689440426660FB6450266894408BD
:100D700026660FB6450E6689440C26668B450A66C4
:100D800089441066C7441400000000C744180002DC
:0E0D9000C744020200833C1E720F66C7441A5D
:0E0DA200C7041E00E937FCC7041A00E930FC44
:100DB000FB1E6089E56A401F83FA04732589D3010D
:100DC000DB8B1F09DB741B8D570508E47478FECCA0
:100DD000745CFECC743AFECC0F84A100FECC0F8470
:100DE000A100B80F8E89460E611FCF5D10000C0068
:100DF0000600038001C0006000300018000C0008ED
:100E000000040002000100EC247F88C442EC4AC3C5
:100E1000E8F4FFF6C40174F887DAEC87DA88C1E8F1
:100E2000E5FF80E41E740380CC8088C8EBB788C1DE
:100E3000E8D4FFF6C42074F887DA88C8EE87DAE8C9
:100E4000C5FF88C8EB9F3B1E0000743189C681E650
:100E5000E000C1EE0483E01FB10288C44A0C804A5E
:100E6000EE5289DA2E8BBCEB0DD3EF89F988C8EEF0
:0F0E70004288E8EE5A88E0EE42B003EE42E8878F
:100E8000E962FF8B4E0C89CE83E60F01F688C424FD
:100E900001C0E00680E50308E88B4E0880E101C050
:100EA000E10208C888E983E10789CF2E0A85BB0ED5
:100EB000B102F6C42074A330C9EB9F00081828388B
:100EC0000000001E56515289C26A401F8D36000034
:100ED000B90400AD39D0741209C07404E2F5EB0A0C
:100EE0008954FE8006110002EB03B88E005A595E49
:100EF0001FC3000000000000000000000000000010
:100F000080FC4F7501CFFB80FC047306B486F9CAE0
:100F1000020080EC80744F80FC0A7326FECC74467D
:100F2000FECC7442FECC743EFECC74E0FECC74DC8D
:100F3000FECC7434FECC0F84E600FECC0F84AC01F2
:100F4000EB2480FC10741F80FC11741A80EC400F9D
:100F500084AF0180FC0573B4FECC740AFECC74AC83
:100F6000FECC74A8EBA6EBA483F904725A1E52516E
:100F7000535089C889D331D2B90600D1E3D1D0D139
:100F8000D2E2F8B95307F7F193F7F131D293F7F1C1
:100F900093F7F16A401F08DF08E77402B0FFA27BF5
:100FA00000F4803E7B000075F8585B595A1FF8CA60
:100FB0000200529CFAB040BA43F0EEBA41F0EC881D
:100FC000C4EC86C49D5AC366506653665166526629
:100FD00056665706660FB7F166C1E61089D6B04B64
:100FE000BA34F8EE6A4007268B0E6C00E8C3FF891E
:100FF000C7E8BEFF89FB29C389C7660FB7DB66292F
:10100000DE760C268B166C0029CA83FA0872E2077A
:10101000665F665E665A6659665B6658F8CA020085
:1010200081F900800F87BE0009C90F84B2006650A5
:10103000665366516652665666571E069CFA8CC009
:10104000660FB7C066C1E004660FB7DE6601D8263A
:0E105000C744082F00266689440A26C744209C
:1010600026C74422000026C644240F26C644259BDA
:1010700026C7442600008CD0660FB7C066C1E004C6
:1010800026C74428FFFF266689442A26C6442D9396
:1010900026C7442E0000260F0154080F20C380CB22
:1010A0000166F7E00F22C3EAAC102000B810008EF2
:1010B000D8B818008EC031F631FFFCF3A5B828006F
:1010C0008ED88EC00F20C024FE0F22C0EAD110009F
:1010D000F09D071F665F665E665A6659665B6658D6
:1010E00030E4F8CA0200B402F9CA02001E6A401FC6
:1010F000A1DB001FF8CA02000800FC01006000002C
:1011000000000E07BBF81030E4F8CA02000000002F
:10111000FB061E5557565389C6C1EE0801F683FEDD
:1011200010721483EE4083FE0A7213B486F95B5E7C
:0F1130005F5D1F07CA02002EFF944611EBF02EE1
:10114000945611EBE9907C11FA11101242127312AD
:10115000A91260116011EC12561386139B13AB1386
:10116000EBC95288C480CC81E85902E86702E87173
:1011700002E88402E84D02C1E8085AC31E6A401F13
:10118000FA8B166C008B0E6E0030C086067000FB6A
:10119000F81FC390FCCD1C1E51536A401FB90800B4
:1011A00066FF066C0066813E6C00BA001800720E85
:1011B000C60670000166C7066C0000000000382EED
:1011C00040007409FE0E40007503E83126BB78002C
:1011D000382F7402FE0F43E2F75B591FE9421643B2
:1011E000F03440F0BB40F0C534F843FFFF561E0E0C
:1011F0001FBEDF11E849EE1F5EC31E6A401FFA8959
:10120000166C00890E6E00C606700000FBF81FC346
:101210005031DBB8008188C2E80D0188E652B80180
:1012200081E8040188E1B80281E8FC0088E5B800A3
:1012300081E8F4005A86F438F475E280E67F00E431
:1012400058C352505251B000E83B015BB80280884D
:10125000F980E17FE8E700B8018088D9E8DF005B2A
:10126000B8008088F980E17FE8D300B080E81601FB
:10127000E98B00B80681E8AF0088E1B80481E8A7EF
:101280000088E7B80381E89F0088E3B80581E89704
:101290000088E5B80081E88F0089DA88E8B5198010
:1012A000F9707302B520D0E4C3525080FD2074055C
:1012B00080FD19754D5152E864015B595188C5B0E4
:1012C00000E8C200B80680E87400B8048088F9E835
:1012D0006C00B8038088D9E86400B8058088E9FE0E
:1012E000C1E85A00B080E89D0059EB1252503C1FF3
:1012F0007314B4C1E8310088E05A88F4EB0158F85F
:101300005AC3585AF9C375FA5153E8B700E8C500F3
:10131000B4FFE8CD00B91F00E8DD0026882743E2CE
:10132000F7E8A0005B59EBCFD0E008E088C4E89371
:1013300000E8A100E8AB00E8BE00E88700C3D0E009
:1013400008E088C4E87D00E88B00E8950088CCE8D8
:101350009000E86F00C352503C1F7307B4C0E8DD33
:0F136100EB9B759D5153E85A00E86800B4FEE815
:101370007000B91F00268A27E8670043E2F7E843B8
:10138000005B59E978FF5250A87F0F8574FF5188A0
:10139000C1B80780E8A7FF59E963FF525051B480F4
:1013A00088C1B008E897FF59E953FF5250B8088147
:1013B000E875FF88E25888D0E944FF90EEEB00EB37
:1013C00000EB00C3BA62F8EC24FBE8EFFF0C012449
:1013D000F7E8E8FFC324FB0C01E8E0FF0C08E8DBBA
:0F13E100C351B9080024FBD1E8D0C0E8CDFF0C00
:1013F00004E8C8FFE2F059C351B908000C05E8BB86
:0F14010024FBE8B6FF52BA60F8EC5AD1C8D0E02D
:10141000E2EA59C388C4C0EC04240FD50AC388E8A3
:10142000E8F1FF89C388C8E8EAFF89C188F0E8E3EA
:0F14310092E8DFFF9283E803790A83C00C4979C0
:101440000483C1644B01CAC1E90201CA01DAC1E3E4
:101450000201DAC1EB0401DAB90500F6F188E32EE6
:101460008A9F751401DA41F6E101D031D241404042
:10147000F7F189D0C3001F3D5C7A5351525657C8CB
:10148000060000C41E7D8981C3E100268B07C1E8E8
:10149000022501008946FC268B07C1E80530E424BB
:1014A0001F80CC038946FEB800048B9EFCFF8B8E08
:1014B000FEFF33D2CD148986FAFF8B46FA30E45012
:1014C0008B46FAC1E808501E682C8AE80D6E83C46A
:1014D00008C95F5E5A595BC35657C80200008B9615
:1014E0000800B403CD148986FEFF8B46FEC95F5EFB
:1014F000C35351525657C8040000BBA086B901001F
:1015000031D2E8C9708946FC8956FEB4868B96FCB8
:0F1511008B8EFEFFCD15EBB85351525657C804C1
:10152000000050E80CEEB8F803E897F985C075A103
:10153000E847FFB88300CD10C41E7D89268B471075
:1015400024CF0C2026894710C4367D8931DB2680C4
:10155000BCE300007403BB0100C4367D892680BC57
:10156000E40000740143C4367D89268064103E8502
:10157000DB741689D8C1E0068B367D892D40008E3C
:10158000067F890C012609441085DB7406E8B9231F
:10159000E85F2DE8BA1F31C0E8130DE89B01837E98
:1015A000FA00750A1E68758AE8306D83C404B8179E
:1015B00000E83DFF31C0E861EDC41E7D89260FB60D
:1015C00087010150268B87DB0031D2C1E80A268BC8
:1015D000B7DD005083C60526FF771389F026FF7715
:1015E00010BB0A00F7F3BB640031D2F7F3BBE8038A
:1015F0005289F031D2F7F3501E68AC8AE8DC6C8374
:10160000C410BA3CF4ED8986FCFF8B46FCA801743B
:1016100005B8F78AEB03B8158B8CDB53501E683E78
:101620008BE8B76CC41E7D8983C40826F647120177
:101630007405B8548BEB03B8878B8CDB53501E6852
:10164000998BE8966C83C4081E68AA8BE88C6C831F
:10165000C404B88F00E80AFB501E68AC8BE87B6CB2
:1016600083C406F646FA01740A1E68BC8BE86B6CEC
:1016700083C404F646FA02740A1E68DE8BE85B6CCB
:1016800083C4041E68F58BE8516C83C404F646FAE3
:101690000474061E68228CEB041E68268CE83B6CE2
:1016A00083C4041E68298CE8316C83C404E8811863
:1016B000C746FE0000B401CD160F840600C786FEA3
:0F16C1000100837EFE007411E87D111E68318CDC
:1016D000804EFA10E8046C83C4048B46FA85C0740B
:1016E0000824EF50E86F03EB06B81400E802FECDC3
:1016F000191E68428CE8E36BB8080083C404E9D083
:10170000FD53515657C8040000B402CD1A8AE68929
:101710008EFEFF8986FCFF8B46FC8B56FEC95F5E02
:10172000595BC353515657C8040000B404CD1A89FD
:101730008EFEFF8996FCFFEBDE53515256C80C001B
:1017400000BBF5FFB800F031F68EC046268A07438D
:101750008842F383FE087CF31E6830C9C646FC004D
:10176000E8786B83C404168D56F4521E686A8CE8C0
:10177000696B83C408E889FF89D38946FEB90800EC
:10178000D1EAD1D8E2FA30E45089D830E4C1EB088C
:10179000500FB6C3501E68A68CE83F6B83C40AE89E
:1017A00081FF8946FE520FB65EFEB90800D1EAD12C
:1017B000D8E2FA5330E4501E68C98CE81D6B83C42C
:1017C0000AC95E5A595BC33D20007C053D7F007C01
:1017D0000331C0C3B80100C3535189C389D18EC13D
:1017E00026803F00740DBA0700260FB607E8501098
:1017F00043EBEB595BC37713100D05020100C918C9
:101800009118A0186F186F18BA18BA186D18911897
:10181000515657C8020000505289DE4E31DB39F371
:101820000F8DCA00E8221089C189C28D7F01E89618
:0F183100897EFE85C074168E46FABA070089DFDD
:1018400089C8037EFC8B5EFE26880DE9800083E953
:101850000883F9777773BFF61788C80E07B90900B0
:10186000F2AED1E189CF2E8B85FE17FFE031DBBAD6
:101870000700B80D00E8C80FBA0700B80A008B7659
:10188000FCE8BC0F01DE8E46FA89D826C60400EBC0
:101890005F85DB7E3CB8E08C8CDAE83BFF4BEB31BC
:1018A000BA0700B82000E8970F89DF8E46FA037E5A
:1018B000FC8B5EFE26C60520EB1785DB7413B8E0B3
:1018C0008C8CDAE812FF4BEBF1BA070089D0E86F95
:1018D0000F39F30F8547FFBA070089D0E8610FBAC7
:1018E0000700B808008D5CFFE8550FE930FF89D884
:1018F000C95F5E59C35657C8040000505253513156
:10190000F6FF76F8FF76FA1E68798F8B7EF6E8CAC6
:10191000698B5EF483C40831C0895EFE3B46087360
:10192000268E46FE6626FF3540501E8946FC687F9F
:101930008F83C704E8A4698B46FC83C40AEBDD856A
:10194000F60F857100EBBA1E68888FE88D6983C435
:1019500004E8F50E89C7E86EFE85C074348D75D035
:10196000BA070089F8E8D80E837E0809762F83FE2F
:1019700001752AE8D30E89C7E84CFE85C0741E6B3A
:10198000F60A8D5DD0BA070089F8E8B30E01DEEBE8
:101990000C1E68918FE8436983C404EB191E68919B
:1019A0008FE8376983C40483FE010F8C51FF3B76B7
:1019B00008768CE949FF89F0C95F5EC2020056577C
:1019C000C8040000B424CD1A8886FEFFC746FC0078
:1019D00000837EFC0373118B5EFC8A874ECC3A46F3
:1019E000FE7405FF46FCEBE91E68938FE8EC688304
:1019F000C404837EFC0372061E68A18FEB0B8B5E12
:101A0000FCC1E30266FFB742CCE8CF6883C4046A36
:101A100003BB42CCB8AB8F8CD98CDAE8D7FE8946B1
:101A2000FC837EFC00741D8B5EFC0FB69F4DCC8941
:101A30005EFCB80022CD1A8B86FCFFB423CD1AB809
:101A40008022CD1AC95F5EC3841A8B1A901A951A28
:101A50009A1A9F1AA41A56575589E58B7608B81D0D
:101A600000E824E96A07BB51CCB8C18F8CD98CDA65
:101A7000E882FE89C7483D0600772C89C301C32E42
:0F1A8100A7481AE8AC0009C6EB1CE81402EBF703
:101A9000E88E07EBF2E8BA02EB0DE87501EBE8E837
:101AA0004534EB03E86A0B85FF75B985F67425B8F4
:101AB0001D00E8D3E8C4367D89268984FE00E8F05D
:101AC000E8B81F00E8C1E81E68D88FE80D6883C435
:101AD00004E86E175DE9E1FE5657C810000089CF93
:101AE0005352501E68FA8FE8F167BB10008D46F024
:101AF00083C40A8CD2E818FD85C0743131C031F638
:101B0000807AF0007421807AF0307221807AF03986
:101B1000771B6BD80A0FB652F089D02D300001D850
:0E1B200039F87F0946EBD985F60F8517FFB817
:101B3000E911FF5351525657C80800001E6804901F
:101B4000E8986783C4041E681A90E88E6783C4040B
:101B50001E685490E8846783C40431FF1E31F66820
:101B60008C90897EFEE8736783C404EB68B8CA90E2
:101B70008CDB53501E68D190E86067B9FF008B5E24
:101B8000F8B8D69083C4088CDAE84CFF8946FC8507
:101B9000C07C118A46FCC41E7D8901F3BF0100266A
:101BA0008887EE00B93F008B5EFAB8E0908CDAE8E7
:101BB00026FF8946FC85C07C118A46FCC41E7D89AF
:101BC00001F3BF0100268887EF00FF46FE464683EB
:101BD0007EFE027D26C41E7D8901F3260FB687EEA8
:101BE000008946F8260FB687EF008946FA837EFE05
:101BF000000F8478FFB8C490E975FF85FF740A1E52
:101C000068EA90E8D56683C40489F8C95F5E5A59CA
:101C10005BC3535152C8020000C41E7D89268A87C7
:101C2000ED008846FE3C047204C646FE001E682590
:0F1C300091E8A7660FB65EFE83C404C1E30266A7
:101C4000B799CC1E683291E89166C41E7D8983C421
:101C5000082680BFE30000750A1E684191E87B6694
:101C600083C4046A04BB99CCB8A1918CD98CDAE8FE
:101C700083FC89C33D01007C233D0400771E8B1E3D
:101C80007D89FEC81E8E067F8968AC91268887ED07
:101C900000E84766B8010083C404EB0231C0C9E91B
:101CA0006CFF53515256571E68E691E82D6683C467
:101CB000041E68F691E8236683C4041E31FF683071
:101CC0009231F6E8156683C404EB4FB864928CDA5F
:101CD00052501E686C92E80266BB85CC83C40C8CA3
:101CE000D96A0585F67405B85C92EB03B864928CEA
:101CF000DAE801FC89C23D01007C193D050077143A
:101D00008B1E7D89FEC88E067F8901F3BF010026E8
:101D10008887E3004683FE027325C41E7D8901F394
:101D2000268A87E3003C05720230C00FB6D8C1E3B3
:101D30000266FFB785CC85F67491B85C92EB8F850F
:0F1D4100740A1E687792E8916583C40489F8E9F3
:101D5000BAFE566A03BBA9CCB83B8D8CD98CDAE8A5
:101D600093FB89C63D030074143D0200740A3D01D3
:101D700000750DE81000EB08E8C201EB03E83EFC3B
:101D800085F675CF5EC35657C83A0000B404CD1A25
:0F1D900088AEF4FF888EFAFF88B6F6FF8896F8C3
:101DA000FEC88886FCFFE875F68886FEFF0FB65EE3
:101DB000FEC1E30266FFB7B5CC1E68B192E81B65B1
:101DC00083C4080FB646FC500FB646FE500FB64609
:101DD000FA500FB646F4500FB646F8500FB646F616
:101DE000501E68C192E8F36483C4101E68E892C66E
:101DF00046FE63E8E564BB28008D46C683C4048CB8
:101E0000D2E80CFA85C00F843AFC8D56C68D5EEE82
:101E10008D46C68CD18956EE8CD28C56F0E8BC0427
:101E20008946F285C00F8409013D13000F8D020120
:101E30008A46F28846F6FF46EE8D5EEE8B56F08CB3
:101E4000D18B46EEE895048946F285C00F84E20006
:101E50003D32000F8DDB008A46F28846F8FF46EEE1
:101E60008D5EEE8B56F08CD18B46EEE86E04894683
:101E7000F285C00F84BB003D70190F8CB4003D701B
:101E8000200F8DAD008A56F28856FAC1F8088846B0
:101E9000F40FB646FAE87CF589C30FB646F6E87348
:101EA000F589C20FB646F8E86AF589D8C1F80F314E
:101EB000C329C383E30331C3C746F2280029C3758E
:101EC00005C746F2290083FA0275090FB646F83BAA
:101ED00046F27F5E83EA03C746F2310085D27D0376
:101EE00083C20C89D0BB050099F7FBF6C2017403CD
:0F1EF1004EF20FB646F83B46F27F36C646FE016C
:101F00000FB646FA500FB646F4500FB646F8500FCB
:101F1000B646F6501E68FE92E8C06383C40CB40552
:0F1F20008AAEF4FF8A8EFAFF8AB6F6FF8A96F829
:101F3000CD1A807EFE070F83B1FEE907FB5657C816
:101F4000360000B402CD1A88AEFAFF888EFCFF88F6
:101F5000B6FEFF9F80E40188A6F8FF0FB646FE504C
:101F60000FB646FC500FB646FA501E681393E86A47
:101F70006383C40A807EF80074061E684193EB04F4
:101F80001E684A93E8546383C4041E685393E84A66
:101F900063BB28008D46CA83C4048CD2E871F885DF
:101FA000C00F849FFA8D5ECA8D46CA8CD18CD289AF
:101FB0005EF28D5EF28C56F4E821038946F63D24EC
:101FC000007D718A46F68846FAC45EF226803F3A62
:101FD0007562FF46F28D5EF28CD18CC28B46F2E8C0
:101FE000FA028946F63D60007D4A8A46F68846FC3C
:101FF000C45EF226803F3A7407C746F60000EB182D
:0F20010046F28D5EF28CD18CC28B46F2E8CC0297
:102010008946F63D60007D1C8A46F68846FEB4037C
:102020008AAEFAFF8A8EFCFF8AB6FEFFB200CD1A96
:10203000C646F802807EF8020F824EFFE905FA5389
:10204000515657C804000089C68956FEC746FC0E83
:10205000008EC231FF26F64401207505C746FC0CF0
:10206000008E46FE268B1CB800F0C1EB05BA0700B7
:1020700030FF31C980E31F8EC001DBB80008268B1A
:102080009FEB0DE8A96552501E686993E84C62BB4E
:10209000D1CCB8809383C4088CD9FF76FC8CDAE865
:1020A00053F889C23D01007C433B46FC7F3E8E468F
:1020B000FE4A89C331C930F601C380E21F2681245C
:1020C0001FFCC1E205B800F0260914BA07008EC053
:1020D000B80008268B9FE90DE8546552501E689899
:1020E00093BF0100E8F46183C408EB5E85D20F85DD
:1020F0006FFFEB5653515657C802000089C68956E8
:10210000FE31FF8E46FE268B04C1E8022501004009
:10211000501E68AB93E8C361BB09CDB8C39383C4B9
:10212000068CD96A028CDAE8CBF789C285C07E2298
:102130003D02007F1D4830E48E46FE2401268024A7
:10214000FBC1E002BF010026090489F8C95F5E599E
:102150005BC385D275ADEBF253515657C8060000EC
:1021600089C68956FC8EC2268B0489C231FF30E6AF
:10217000C1E80380E20330E483C20524038956FAF0
:102180008946FE8B46FE85C07505BAD793EB0D3D9B
:1021900001007505BADA93EB03BADE938CD850527E
:0F21A10076FA1E68E393E83161BB11CDB8029462
:1021B00083C40A8CD96A038CDAE839F789C23D03F3
:1021C0000074253D020074133D01007528C746FECA
:1021D0000000C746FA030089C7EB1AC746FE030092
:1021E000BF01008946FAEB0DC746FE0100C746FA5B
:1021F0000200BF010085D2740485FF748685FF0F3D
:102200008447FFC446FA30E4268024FC24032609D0
:10221000048B46FE250300268024E7C1E003E9265F
:0F2221005351525657C80200008B3E7D89A17F52
:102230008931F68946FE81C7E1006A03BB1DCDB82E
:1022400013948CD98CDAE8ACF689C33D0300741E74
:102250003D0200740F3D0100751E8B56FE89F8E8A3
:10226000DDFDEB128B56FE89F8E888FEEB088B56F5
:10227000FE89F8E8E2FE09C685DB75BE89F0E98AC9
:10228000F900000000000000000000000000000055
:10229000525191B8010083E10FD3E0BAA10008C008
:1022A0007405BA210088C4EC08E0EE595AC35251B3
:1022B00091B8010083E10FD3E0BAA10008C0740512
:1022C000BA210088C4F6D4EC20E0EE595AC33C3061
:1022D00072073C3977032C30C3B0FFC35657C80888
:1022E000000050525351C646FE00C746F80A008906
:0F22F00046FA8956FCE838E631DB89C68EC231E2
:1023000026891C8E46FC8B76FA268A043C207404AF
:102310003C097505FF46FAEBED8D440126803C2D06
:102320007506C646FEFFEB0A26803C2B7507C6469F
:10233000FE018946FAC476FA260FB604E88FFF0F2D
:10234000B6F03B76F87C1A8B76F68B46F48976FAF3
:102350008946FCE8DAE589C68EC226C7040100EB8F
:102360006C0FB6D831FFFF46FAC476FA260FB604D2
:10237000E85BFF3CFF743F0FB6F03B76F87D2281AF
:0F23810099097208751A81FB99997314B90400B0
:10239000D1E3D1D7E2FA0FB6F031C001F311C7EBA8
:1023A000C5E88CE5FF46FA89C38EC231FF26C70710
:1023B000010031C3EBB0FF4EFA807EFE007D0EB807
:1023C000999929D889C3B8999919F889C7837EF052
:1023D000007506837EF2007416FF46FA8E46F08B77
:1023E00076F28B46FA2689048B46FC2689440289BC
:1023F000D889FAC95F5EC353528B1E7D890FB6D050
:102400008E067F890FB6062CCD268B5F6301D8E838
:10241000A1620FB6062DCD01D8E8A1625A5BC35365
:102420005188D18B1E7D890FB6D08E067F890FB65D
:10243000062CCD268B5F6301D8E877620FB6062D98
:10244000CD0FB6D101D8E86A62595BC353528B1ED7
:102450007D8930E48E067F8980C404BA5A002689BB
:0F246000476331C0E8B8FFBAC600B81500E8AF4F
:10247000BAAC00B80D00E8A6FF31C0E879FF3C5ABD
:10248000751AB81500E86FFF3CC67510B80D00E866
:1024900065FF3CAC7506B801005A5BC331C05A5B9E
:1024A000C353515289C1C41E7D8989C2268B5F6383
:1024B000C1EA0883C30589D830F6E8F661430FB650
:1024C000D189D8E8ED618D4701E8F161E9C0005399
:1024D00051C802000089C18856FEC41E7D8989C288
:1024E000268B5F63C1EA0883C30589D830F6E8C24A
:1024F00061430FB6D189D8E8B9610FB656FE8D4752
:1025000001E8AF61C9595BC353528B1E7D8930E42A
:102510008E067F8980C404BAA5002689476331C02E
:10252000E8ACFFBAC600B80B00E8A3FFBA5C00B87D
:102530001700E89AFF31C0E867FF3CA5751AB80B91
:1025400000E85DFF3CC67510B81700E853FF3C5C1F
:102550007506B801005A5BC331C05A5BC353515270
:1025600056BE00B831C931DB30E4BA81000504043D
:10257000E840618EC626803FA5751126807F0BC678
:10258000750A26807F175C7503B9010089C85E5AF9
:10259000595BC35352A81F740531C05A5BC30FB6B1
:1025A000D031DB80C604EB094383C20883FB047D82
:1025B0000989D0E81A6185C075EE5A5BC35657C8C1
:1025C000020000CD118986FEFF8B46FEC95F5EC307
:1025D0005657C8020000CD128986FEFFEBEB565716
:1025E0005589E58B9608008B8E0A00B401CD1A8BB5
:1025F00046088B560AEBD55657C8040000B402CDE6
:102600001A898EFEFF8996FCFF8B46FC8B56FEEBEB
:10261000BB5351525657C80A0000C41E7D89268BF1
:1026200087E100C1E805251F0089C6465650268B64
:10263000B7E100268B87E100C1EE03C1E80283E623
:102640000330E4268B9FE100240130FF4080E30348
:10265000500FB68442CD01DB50FFB73ACD1E682043
:1026600094E8775C83C40EB40333D2CD148986F624
:0F2671008B46F630E4508B46F6C1E808501E68E1
:102680005894E8565C83C408E832FF8946FA8946C4
:10269000F8E83CFF501E688394E83F5C83C406F66C
:1026A00046FA01750C1E68AF94E82F5C83C404EBF6
:1026B000168B46FAC1E80630E4240340501E68B386
:1026C00094E8175C83C4061E68B794E80D5C83C465
:1026D00004F646F802750A1E68AF94E8FD5B83C4F1
:1026E000041E68D194E8F35B8B46F8C1E80930E436
:1026F00083C4042407501E68EE94C746FC0000E81B
:10270000D95B83C406EB0B8346FC20817EFCF00082
:10271000731A0FB646FCE87AFE85C074EAFF76FCB1
:102720001E680895E8B45B83C406EBDBB8E800C715
:1027300046FE0000E8D1FD85C0740F1E682695C7CF
:1027400046FEE800E8945B83C404B8E000E8B8FD06
:1027500085C0740F1E683B95C746FEE000E87B5BB2
:1027600083C404B8D800E89FFD85C0740F1E68506C
:1027700095C746FED800E8625B83C404B8F000E861
:1027800086FD85C074111E686595C746FEF000E899
:10279000495B83C404EB06837EFE0074210FB646BA
:1027A000FEE8B9FD85C07405B87A95EB03B87C9551
:1027B0008CDB53501E688295E8205B83C408B8C048
:1027C00000E888FC85C0740A1E68B195E80C5B833C
:1027D000C404B8D000E874FC85C0740A1E68C695AD
:1027E000E8F85A83C404B8E000E860FC85C0740AC5
:1027F0001E68DB95E8E45A83C404B8F000E84CFC9A
:1028000085C0740A1E68F095E8D05A83C404C95F75
:10281000E97BFD0000000000000000000000000057
:10282000CF50B020E62058CFFBB401F9CA0200CF48
:1028300050B020E6A0EB0150B062E62058CF90C324
:1028400053B40E31DBCD105BC330E4CD16247F30A2
:0F285000E4C35351525657C8020000508B96FCF8
:10286000EC32E48986FEFF8A46FEC95F5E5A595BF8
:10287000C3535156575589E550528B96FEFF8B86B0
:10288000FCFFEEC95F5E595BC35289C289D04A859D
:10289000C07E08B8FE01E8B9FFEBF15AC3535152AC
:0F28A00089C2C41E7D89268B4F6CB8FE01E8A249
:1028B000A880750431C0EBB5C41E7D89268B476C9A
:1028C00029C839D076E4B8FFFFEBA25285C0740561
:0F28D000BA1000EB0231D2B8F60180CAE0E891ED
:1028E000B80400E8A3FF5AC38EC201DB01C3260F60
:1028F000B607C1E008260FB65F0109D8C351565785
:10290000C802000089C189D689DF43E8DAFF894619
:10291000FE89FB89F289C8E8CEFF8B56FEC95F5E4F
:1029200059C352BA0600B8FE01E845FFB82800BAFC
:102930000200E854FFB8FE01E836FFB82800E84876
:0F29410031C0E885FFB86C00E851FF85C0741302
:10295000B80100E875FFB86C00E841FF85C074035A
:10296000B8FFFF5AC352E862FFB81200E82EFF8595
:10297000C07405B8FFFF5AC3BA0100B8F101E8F00E
:0F298000FEBAEF00B8F701E8E7FEB81200E80D65
:1029900085C075DFB8F701E8B8FEA8010F94C03014
:1029A000E4485AC352E823FFB81200E8EFFE85C09E
:1029B000754FBA5500B8F201E8B6FEBAAA00B8F3EE
:1029C00001E8ADFEBAAA00B8F201E8A4FEBA5500CB
:1029D000B8F301E89BFEBA5500B8F201E892FEBADE
:1029E000AA00B8F301E889FEB8F201E864FE3C559C
:1029F000750FB8F301E85AFE3CAA7505B801005AF4
:102A0000C331C05AC35352E8C1FEB81200E88DFE6C
:102A100085C0740531C05A5BC3B8FE01E833FE8837
:102A2000C2B8F401E82BFE88C688C3B8F501E821D6
:102A3000FE88C484D274DD80FAFF74D884F6750AE7
:102A400084C07506B801005A5BC380FB14750B8007
:102A5000FCEB7506B802005A5BC3B803005A5BC3AF
:102A600053515657C804000089C68956FE8EC226A7
:102A70008B440A8B1E7D898946FC260FB6440726A7
:102A80008B7C0C01C08E067F8901C3260FB687EEB2
:102A900000260FB69FEF003D010072473DFF007713
:102AA0004283FB01723D83FB3F77388B4EFC09F973
:102AB00074318EC231C92688440231D226885C0E18
:102AC000E80B5B89C389D18B46FC89FAE8605B8996
:102AD00046FC85D275073D00040F86CB00B8000484
:102AE000E9C5008E46FE268B44103D010072323D42
:102AF0000004772D26807C12017226268A44133C1E
:102B000001721E3C3F771A268B4410268904268AC0
:102B1000441226884402268A44132688440EE96219
:102B2000FD8B46FC09F80F8459FD83FF0F72097570
:102B30000C817EFC00C07705B81000EB3A83FF1FC4
:102B40007209750C817EFC00807705B82000EB27A8
:102B500083FF3F7208750B837EFC007705B8400049
:102B6000EB1583FF7E7208750B837EFC007705B83A
:102B70008000EB03B8FF008E46FEBB3F0031D2263B
:102B8000C6440E3F31C926884402E8415A89C389A8
:102B9000D18B46FC89FAE8965A8946FC85D27505A0
:102BA0003D00047603B800048E46FE268904E9D26F
:102BB000FC525657C80C00005089DE894EFEA1A079
:102BC000898B3EA289895EF889CA8946FC89C38BB4
:102BD00046F289F985C07403B8100030E4E8A3DB3D
:102BE00085C07406B8FFFFE9DD008B5EF88EC23148
:102BF000C94126C607004383F91472F5BB31008B27
:102C000046FC89FAE8E1FCBB01008946F689FA8BAB
:102C100046FCE8D3FCBB03008946F489FA8B46FCEA
:102C2000E8C5FCBB060089C18946FA89FA8B46FCD7
:102C3000E8B5FC8E46FE89C38B46F4268944108392
:102C4000F901720C81F9FF0077060FB646FAEB0224
:102C500031C08E46FE2688441283FB01720A83FB34
:102C60003F77050FB6C3EB0231C08E46FEBB3C007A
:102C700089FA268844138B46FCE881FC8E46FE26A2
:102C800089440A2689540C8A46F28CC22688440755
:102C900089F0E8CBFD8E46FE26807C02087605266C
:102CA000C64408088E46FE26C6440F09F646F702BB
:102CB000740526804C0F02F646F70174088E46FE16
:102CC00026804C0F0431C0C95F5E5AC3515657C8A5
:102CD0000C000089C1895EFAE847FCC746FE000087
:102CE00085C0740F1E681096E8F05583C40431C087
:102CF000E92AFC31FF31F689F8E809FD46464789A3
:102D000042F283FF027CF031FF31F6EB0847464682
:102D100083FF027D14837AF40175F289F8E884FC5C
:102D200085C075E98942F4EBE46B46FE148956F8D8
:102D300031F601C831FF8946FCEB1BB937968CD8B8
:102D400050511E683E96E8925583C4084647478313
:102D5000FE020F8D6B008B46FE3B46FA7D638B4374
:102D6000F43D0200750985F674D1B93096EBCF3D7C
:102D7000010075D889F0E8ECFB85C0741685F674FF
:102D800005B93096EB03B937968CD850511E68665A
:102D900096EBB38B5EFC8B4EF889F0E813FE85C092
:102DA00075098346FC14FF46FEEBA185F67405B950
:102DB0003096EB03B937968CD850511E688E96EB3F
:102DC000858B46FEE956FB515657C8060000505207
:102DD0005385DB75071E68A796E90C01C746FA0004
:102DE0000089C78956FC8B46FA3B46F40F8DC2001A
:102DF0008B46FC8EC08946FE260FB6450F268B55A6
:102E00000C50268B450AB90B00D1EAD1D8E2FA5210
:102E10005026FF750C89FE26FF750A26807D070067
:102E20007405BA3096EB03BA37968CD850521E68A8
:102E3000BD96E8A6548E46FE83C41226833C0074D9
:102E40000E26807C0200740726807C0E007505BA71
:102E5000E396EB25268B04263B44107514268A4402
:102E600002263A4412750A268A440E263A441374FE
:102E700005BAFB96EB03BA0B978CD8508E46FE52E0
:102E8000260FB6440E50260FB644025026FF3426B5
:102E90000FB6441350260FB644125026FF74101E6E
:0F2EA10046FA680C9783C714E82F5483C414E9CA
:102EB00034FF837EF4020F8563FA8E46F68B76F834
:102EC000268B440C268B540A263B44200F854DFA52
:102ED000263B541E0F8545FA268B4410263B44247E
:102EE0000F8539FA1E683D97E8F05383C404E92C36
:102EF000FA53C8040000C1E0028946FC31C08B5E71
:102F0000FC8EC08946FE268B07268B5702C95BC301
:102F100056C8040000C1E0028946FC31C08B76FC33
:102F20008EC026891C89F38946FE26894F02C95E18
:102F3000C35351525657C8040000BB02008B367D64
:102F4000898B0E7F8981C6AE0089CA89F0E87CFD35
:102F50008946FE89C389CA89F089CFE869FE8A4615
:102F6000FEC41E7D8931C926884775C41E7D89012E
:102F7000CB4126C687E5000083F90872EE89F18906
:102F80007EFC31C03B46FE7D278E46FC89CB2680E9
:102F90007F07000F95C28B1E7D8983C11430F68E8A
:102FA000067F8983C20401C340268897E500EBD4DD
:0F2FB000837EFE007E0AB8410089F389F9E8505C
:102FC000837EFE017E0BB846008D5C1489F9E83FD4
:0F2FD100837EFE000F8491F8B84100E812FF5094
:102FE00052FF76FE1E68C097E8F05283C40AE97962
:102FF000F8000000000000000000000000000000D9
:10300000FA31C08ED0BC007C8ED88EC0FBFC1E6A0C
:10301000401FA0ED001F3C0174143C02741C3C03D3
:10302000741FE83F00732AE856007325EB18E84F39
:1030300000731EE82E007319EB0CE827007312EBE7
:1030400005E83C00730BBE7331E89300CD18F4EB38
:10305000FD56BE4D31E887005A31C08ED88EC0EA89
:10306000007C00001E6A401FA0E3001F08C0740E11
:10307000BE1D31E86900BA0000B90200EB10F9C3C7
:10308000BE3531E85900BA8000B90400EB0006579C
:103090005251535089D631C08EC0BF007C51B90007
:1030A00001F3AB595189F2B400CD13721389F2B810
:1030B0000102B9010031DB8EC3BB007CCD13730666
:1030C00059E2E1F9EB125931C08EC026813EFE7DF6
:1030D00055AA7403F9EB01F8585B595A5F07C356B8
:1030E000525153502EAC08C07408B40131D2CD14E3
:1030F000EBF2585B595A5EC3FA31C08ED0BC007CEB
:10310000FBFCBECC31E8D7FFB800F08ED88EC0E80B
:10311000D51DBE2832E8C7FFCD19F4EBFD0D0A54CA
:103120007279696E6720647269766520413A202E53
:103130002E2E0D0A000D0A547279696E6720647292
:1031400069766520433A202E2E2E0D0A00426F6FBD
:103150007420736563746F72206C6F616465642C96
:1031600020656E746572696E67206974202E2E2E3C
:103170000D0A000D0A494E54203139683A20636126
:103180006E6E6F7420726561642074686520626F72
:103190006F7420736563746F720D0A000D0A494ED7
:1031A00054203139683A206E6F204141353568200E
:1031B0007369676E6174757265202D2D206E6F7452
:1031C00020626F6F7461626C650D0A000D0A494ED2
:1031D00054203138683A206E6F20626F6F746162DC
:1031E0006C65206465766963652E0D0A44726F70A4
:1031F00070696E6720696E746F20746865206465FD
:10320000627567206D6F6E69746F72202D2D204579
:10321000584954207265747269657320746865201A
:10322000626F6F742E0D0A000D0A5265747279690F
:103230006E672074686520626F6F74202E2E2E0DCD
:103240000A00FA6A401FC706720034128B1600008B
:1032500009D2740D83C205B90000ECA8407502E2E2
:10326000F9BA0923EA0000FFFF0000000000000097
:10327000FB80FC027706B401F8CA0200B401F9CA67
:10328000020000000000000000000000000000003C
:10329000FB061E6089E5FC6A401F80FC10730B88EA
:1032A000E330FF01DB2EFFA7AE32611F07CF9C3357
:1032B000FA3303342634AA323F34C734CB34BE3415
:1032C000A534A534AA32AA32AA3264344D345756F2
:1032D00052515350B40131D2CD14585B595A5E5FEC
:1032E000C3535030E4B30AF6F30430E8E0FF88E05B
:1032F0000430E8D9FF585BC350B01BE8D0FFB05B87
:10330000E8CBFF58C38A1E620080E30730FF01DB71
:103310008B4750C3538A1E620080E30730FF01DBF6
:0F3320008947505BC3515350E8DAFF89C1E8C8B1
:1033300088E8FEC0E8AAFFB03BE892FF88C8FEC05C
:10334000E89EFFB048E886FF585B59C3515350E8E8
:10335000B3FFFEC03C50720B30C0FEC480FC19723B
:1033600002B418E8AEFF585B59C35350E896FF30DB
:10337000C0E8A0FF585BC35350E889FFFEC480FC3F
:0F338000197202B418E88CFF585BC35350E875FC
:1033900008C07402FEC8E87BFF585BC38A460E88EB
:1033A000C4247FA24900C7064A005000C606840014
:1033B00018C7064C00A00FC7064E000000C60662E4
:1033C0000000C7066300D403C606660000515331EF
:1033D000DBB90800C74750000083C302E2F65B591F
:1033E000F6C4800F85C3FEE80EFFB032E8DFFEB002
:1033F0004AE8DAFEE82EFFE9B0FE8B460CA3600037
:10340000E9A7FE8B5E0888F82407A262008B460AB3
:1034100080FC197202B4183C507202B04FE8F4FEFE
:10342000E802FFE984FE8B5E0888F82407A26200A8
:10343000E8D2FE89460AA1600089460CE96BFE8A43
:10344000460E2407A26200E8DBFEE95DFEA049000B
:103450008A264A0089460E8B5E088A3E6200895E93
:1034600008E946FE8A460E3C0D74193C0A741E3C5F
:103470000874233C0774283C207224E850FEE8CBF3
:10348000FEE926FEE847FEE8E0FEE91DFEE83EFE16
:10349000E8E4FEE914FEE835FEE8EFFEE90BFEE89D
:1034A0002CFEE905FE8B4E0C09C90F84FCFD8A46F3
:1034B0000E51E819FE59E2F9E86AFEE9ECFDB82080
:1034C0000789460EE9E3FDB353EB02B3548B4E0C70
:1034D0008B560A8A460E08C0744088F428ECFEC455
:1034E00038E0733650E810FE88E8FEC0E8F2FDB020
:1034F0003BE8DAFD88F0FEC0E8E6FDB072E8CEFDFC
:10350000E8F5FD58E8DAFD88D8E8C2FDE8E9FDB045
:1035100072E8BAFDE80EFEE990FD88E838F07727FA
:1035200050E8D4FDFEC0E8B8FDB03BE8A0FD88C877
:10353000FEC0E8ACFDB048E894FDE8BBFDB04BE848
:103540008CFD58FEC0EBD5E8DBFDE95DFD00000019
:103550001E52506A401FC70680001E00C706820028
:103560003E00C7061A001E00C7061C001E00C60645
:10357000170000C606180000C606190000BAF903B5
:10358000B001EE585A1FB80400E822EDC31E57568A
:10359000525153506A401FFCBAFD03ECA801742439
:1035A000BAF803EC247F3C1E7407C606190000EB32
:1035B0000EFE061900803E19000372DCE983FCE868
:1035C0000E00EBD4B020E620585B595A5E5F1FCF47
:1035D000525153503C7F7502B0080FB6D82E8AA7BF
:1035E0007E3689C18B1E1C0089D883C00283F83EB9
:1035F0007203B81E003B061A007407890FA31C0053
:10360000EB08B008B40131D2CD14585B595AC3FB52
:10361000061E6089E5FC6A401F88E0240F3C0277A3
:103620001008C07415FEC87435A0170088460EEB4C
:1036300005C7460E0000611F07CFFB8B1E1A003B1B
:103640001E1C007503F4EBF38B0783C30283FB3E60
:103650007203BB1E00891E1A0089460EEBD88B1E12
:103660001A003B1E1C00740D8B0789460E611F0754
:1036700009E4CA0200611F0739E4CA020090031E70
:10368000302E201221220E0F2425261C311819104D
:10369000131F14162F112D152C012B1B070C39028B
:1036A0002804050608280A0B090D330C34350B02D3
:1036B000030405060708090A2727330D3435031EBE
:1036C000302E2012212223172425263231181910DA
:1036D000131F14162F112D152C1A2B1B070C291E26
:1036E000302E2012212223172425263231181910BA
:1036F000131F14162F112D152C1A2B1B29530000E4
:103700005589E583EC02061E5756525153C746FEB3
:1037100002008B5604C47E068B4E0AFCE34E66BB49
:1037200040420F00EC24E03CE0740A3CC074366672
:103730004B75F1EB3C9CFA42EC4AAA49741FBB0062
:1037400000EC24E03CE074EF3CC0740A4B75F2C717
:1037500046FE0200EB0CC746FE0100EB05C746FE25
:1037600000009DEB0CC746FE0100EB05C746FE00BE
:10377000005B595A5E5F1F078B46FE89EC5DC3559F
:1037800089E583EC02061E5756525153C746FE0286
:10379000008B5604C576068B4E0AFCE34E66BB4092
:1037A000420F00EC24E03CA0740A3CC07436664B27
:1037B00075F1EB3C9CFAAC42EE4A49741FBB000029
:1037C000EC24E03CA074EF3CC0740A4B75F2C74691
:1037D000FE0200EB0CC746FE0100EB05C746FE00EB
:1037E000009DEB0CC746FE0100EB05C746FE00003E
:1037F0005B595A5E5F1F078B46FE89EC5DC31E5204
:10380000509C6A401FA03F0024FDA23F00BA38042C
:10381000EE9D585A1FC353515288C2C41E7D89263B
:103820008B4F6CB83604E8944E89C330E780E3E0F0
:103830000FB6C239C3750431C0EB12C41E7D892690
:103840008B476C29C83D240072D9B8FFFF5A595BD9
:0F385000C35289C2B88000E8BCFF85C07405B8B8
:0F3861005AC3B8370430F6E8484E31C05AC35343
:1038700089C3B8C000E89EFF85C07405B8FFFF5B30
:10388000C3B83704E8364E8EC226880731C05BC302
:10389000565789C689D78EC226C604808EC1B808FD
:1038A0000026C60700E8A9FF85C07406B8FFFF5FC1
:1038B0005EC389F0E8B8FF85C075F18EC726803CED
:1038C00080740B89D889CAE8A5FF85C075DE5F5E64
:1038D000C3525657C80200005089DE894EFEC41EEE
:1038E0007D89268B7F6C8B5E0A8B4E0C8B56FE89F6
:1038F000F0E89CFF85C075248E46FE268A043C8035
:10390000740B24033A46FC750431C0EB12C41E7DCF
:1039100089268B476C29F83D240072CAB8FFFFC97D
:103920005F5E5AC20400B80300E825FF85C0740436
:10393000B8FFFFC3B8DF00E817FF85C075F2B80312
:1039400000E80DFF85C075E8C356C8040000C41E1A
:103950007D89268A473F247F0FB6D02688473FB807
:103960003804E84E4D31D2B8360442E84F4D81FA62
:10397000C8007CF3C41E7D89268A473F0C800FB6A1
:10398000D02688473FB83804E8284DC41E7D8926D4
:103990008B776CB83604E8244D3D80007411C41E4A
:1039A0007D89268B476C29F03D240072E6EB1F31A0
:1039B000F6EB064683FE047D208D5EFE8D46FC8C74
:1039C000D18CD2E8CAFE85C074E9C41E7D89B820B6
:1039D0000026C6474120C95EC3E84AFF85C075EA94
:1039E000C41E7D89268A473E24300C0F2688473E18
:1039F000C41E7D8931C026C6474100C95EC35589B2
:103A0000E58B46043D040074053D0200750430C09A
:0F3A10005DC3B0045DC353515589E55052E8DEE4
:103A20008A4EFE88C28B1E7D89B6108E067F89D293
:103A3000E6260FB65F3E0FB6CE83C40285CB740375
:103A400080F2048B1E7D8988D08E067F890C8226A9
:103A50008A673F80E48638C4742D0FB6D026884725
:103A60003FB83804E84C4CC41E7D8926C647402523
:103A7000C41E7D89268B476CC41E7D89268B576C9E
:103A800029C283FA0A72F5C41E7D8926C6474025DD
:103A9000C9595BC35388C631C0C41E7D8901C34068
:103AA00026C64742003D07007CEFC41E7D8926885C
:103AB0007742C41E7D89268857455BC3C804000031
:103AC0008A4E04B80100C41E7D89D3E0260FB65784
:103AD0003E85C20F847B0031D2EB064283FA027D21
:103AE00040B80700E86AFD85C0750A8B4604E860A7
:103AF000FD85C0740C31D231C0E898FFB88000C990
:103B0000C38D5EFE8B4604168CD1538D5EFCE8C0DF
:103B1000FD85C075E0F646FCC075C0807EFE007570
:103B2000BAF646FCC07506807EFE0074100FB656CD
:103B3000FE0FB646FCE85CFFB84000C9C38A4E04DD
:103B4000B0018B1E7D89D2E08E067F89F6D02620BB
:103B5000473E8B460885C07469B80F00E8F2FC85C3
:103B6000C075998B4606C1E0020B4604E8E2FC856D
:103B7000C075898B4608E8D8FC85C00F857DFF8D10
:103B800056FE8D5EFC168B4604528CD1E842FD85B4
:103B9000C00F8560FFF646FCC075088A46FE3A46AF
:103BA00008741D0FB656FE0FB646FC8A4E04E8E3B5
:0F3BB000FEB001C41E7D89D2E02608473EE978A9
:103BC00031C0C9C3535231DBEB064383FB077D246D
:103BD000A17D890542008B167F8901D8E890FC857C
:103BE000C074E7C4067D8901C3B8800026C6474279
:103BF000005A5BC3C41E7D89268A6742268A4743D2
:103C0000F6C4C0750531C05A5BC33C807507268079
:103C10007F440074F0A8027406B803005A5BC3A87E
:103C2000107406B808005A5BC3A8207406B81000C8
:103C30005A5BC3A8047406B804005A5BC3A8017495
:103C400006B802005A5BC3F6C4087406B8AA005A44
:103C50005BC3B840005A5BC3C80200008B460885AE
:103C6000C07510C41E7D8926C6474180268A4741FB
:103C7000E9610189C28B4606E89BFDFF760AFF7663
:103C80000CFF7606E835FE83C4068946FE85C074BF
:103C90000EC41E7D898A46FE26884741E93501E823
:103CA00084FC85C075BD837E04000F94C030E4059C
:103CB0004500E89CFB85C075AA8B460CC1E0020B51
:103CC0004606E88CFB85C0759A8B460AE882FB8520
:103CD000C075908B460CE878FB85C075868B460EC8
:103CE000E86EFB85C00F857AFFB80200E862FB85AD
:103CF000C00F856EFF8B460EE856FB85C00F8562B0
:0F3D0100B81B00E84AFB85C00F8556FFB8FF00CE
:103D1000E83EFB85C00F854AFF837E0400740F6870
:103D2000000266FF7610683604E853FAEB0D68006F
:103D30000266FF7610683604E8C5F983C408894630
:103D4000FEC41E7D89268A473F0C010FB6D0268807
:103D5000473FB83804E85B49C41E7D89268A473F3F
:103D600024FE0FB6D02688473FB83804E84449837C
:103D70007EFE0275158A4E06B001C41E7D89D2E012
:103D80002608473EE83DFEE9D9FEE837FE8946FEB3
:103D90003D020074103D0400751AC41E7D89268002
:103DA0007F4400750F8A4E06B010C41E7D89D2E094
:103DB0002630473E837EFE00740F8A4E06B001C453
:103DC0001E7D89D2E02608473EC41E7D898A46FEB4
:103DD0002688474130E4C9C356C80200008B760EDE
:103DE000837E08007510C41E7D8926C64741802643
:103DF0008A4741E94C0183FE017C0583FE247E0B4A
:103E0000C41E7D8926C6474101EBE483FE0F7C0773
:103E1000C746FE0000EB05C746FE0400FF7608E833
:103E2000DCFB8A4E06B410D2E483C4023A46FE7527
:103E3000128B1E7D8988E08E067F89F6D02620476A
:103E40003EEB08C41E7D892608673E8B56088B46CC
:103E500006E8C2FBFF760AFF760CFF7606E85CFCFC
:103E600083C40689C285C0740BC41E7D8926884719
:103E700041E9CE00E8AFFA85C00F8569FFB84D0073
:103E8000E8CEF985C00F855DFF8B460CC1E0020BC3
:103E90004606E8BCF985C00F854BFFB80200E8B0C4
:103EA000F985C00F853FFF89F0E8A5F985C00F852A
:103EB00034FF8B4610E899F985C00F8528FF8B46A3
:0F3EC00012E88DF985C00F851CFFC1E60256661A
:103ED0007614683604E8A7F8C41E7D8989C6268A48
:103EE000473F0C0183C4080FB6D02688473FB83837
:103EF00004E8BF47C41E7D89268A473F24FE0FB6CB
:103F0000D02688473FB838048A4E06E8A547B00156
:103F1000D2E088C183FE02750EC41E7D8926084743
:103F20003EE8A0FCE9BFFEE89AFC89C285C074089F
:103F3000C41E7D8926084F3EC41E7D8988D02688F0
:103F4000574130E4C95EC3000000000000000000DB
:103F500000000028020950020F500209500212907E
:103F60006A3F8B3F753F803F6A3FDF022502121B8D
:0F3F71006CF60F08DF0225020F1BFF54F60F0836
:103F8000DF022502092AFF50F60F08DF0225020989
:103F90002AFF50F60F08531E6A401F0FB65E0A80B4
:103FA000FB02731D8A87E3003C05731508C074117A
:103FB0000FB6F089F301F601DE81C6503FF81F5BB2
:103FC000C330C0F9EBF8FB061E6089E5FC80FC00FD
:103FD000745C80FC01746B80FC020F84800080FCA8
:103FE00003747680FC04746D80FC050F849C018052
:103FF000FC080F84960280FC150F84E20280FC18F6
:104000000F841902B40188660F1E6A401F8826417A
:10401000001F611F07F9CA0200C6460F001E6A4052
:104020001FC6064100001F611F07F8CA02001EB824
:1040300000F08ED8E812F91F08C07502EBDB88C4C7
:10404000EBC41E6A401F8A2641001F88660F611F4D
:0F40500007F8CA020031FFEB07BF0100EB023196
:0F406000E833FF0F82CF0088C7FF7612FF760884
:10407000760CFF760A807E0F04750E2EA1A089892A
:1040800046082EA1A28989461231D20FB64E0EE300
:104090006B89CE535257561EFF7612FF76080FB625
:1040A000460C83E03F500FB6460B508A4E0C80E121
:1040B000C00FB6C9C1E1020FB6460D09C8500FB610
:1040C000C7500FB6460A83E0015057B800F08ED8AB
:1040D000E885FB83C4101F5E5F5A5B09C0752F42E1
:1040E0004E7419E85900723A807E0F0474A5814617
:1040F000080002739E8146120010EB978F460A8FCC
:10410000460C8F46088F461288560EE90BFF88C46E
:104110008F460A8F460C8F46088F461288560EE946
:10412000E4FE8F460A8F460C8F46088F461288564B
:104130000EB404E9D0FEC6460E00B480E9C7FE56B0
:10414000515350E850FE72402E8A5C022E8A7C0148
:104150002E8A2C8A460C88C4243FFEC038D8761A92
:10416000B001FE460B8A4E0B38F9720EC6460B00A4
:10417000FE460D8A4E0D38E9730E80E4C008C488EF
:10418000660CF8585B595EC3F9EBF8E808FE0F823D
:10419000860088C7FF7612FF7608FF760CFF760A46
:1041A0001EFF7612FF76081E31C08ED8C536780005
:1041B0008B7C071F89F8C1E8085089F830E4500F5C
:1041C000B6460E500FB6460B508A4E0C80E1C00F1B
:1041D000B6C9C1E1020FB6460D09C8500FB6C750A7
:1041E0000FB6460A83E00150B800F08ED8E8E8FB2D
:1041F00083C4121F09C0750F8F460A8F460C8F4665
:10420000088F4612E912FE88C48F460A8F460C8F2B
:1042100046088F4612E9EEFDB480E9E9FDE876FD37
:1042200072500FB6D801DB2E8BB777428A460C88C6
:10423000C4243F80E4C00FB6CCC1E1020FB6560DD6
:0F42400009CA422E0FB61C09DB74274689DF011D
:1042500001DF2E3895503F75EA2E3885523F75E3C1
:1042600001DB2E8BBF603F897E008CC8894612E936
:10427000A7FDB40CE98FFD814282428442874289C6
:10428000420001000201000300040300E807FD7280
:10429000368846080FB6D82E8A24FECC88660D2EA6
:1042A0008A440288460C2E8A4401FEC888460B01C7
:1042B000DB2E8BBF603F897E008CC8894612E85B8D
:1042C0000088460AE952FDC7460C0000C6460B00AE
:1042D000E8490088460AC6460800B480E927FDE898
:1042E000B4FCB401730230E488660F611F07F8CA9A
:1042F0000200061E53506A401F0FB61EE30083FBE8
:1043000005731401DB2E8B87603F6A000726A378B4
:10431000008CC826A37A00585B1F07C31E6A401F83
:1043200030C0803EE300007402FEC0803EE4000026
:104330007402FEC01FC35657C80C000089C68956B8
:10434000FE89DF894EFA8EC2268B0489F38946F4F2
:10435000268B440289D18946F68B46F48B56F6E8C3
:10436000423E8E46FE8946F88956FC89C2268B1C41
:10437000268B4C028B46FC3B4EF675093B5EF47572
:104380000431C0EB4A8EC126803F3A75358E46FE19
:104390004326894C0289D826891C89F38CC1268B37
:1043A0005402E8FF3D89C689D38B46F88B56FCB989
:1043B0000400D1E0D1D2E2FA89D189C289C801F2E0
:1043C00011D88E46FA26891526894502B80100C9FA
:1043D0005F5EC35657C80A000089C68956FE89DF4A
:1043E000894EFA8EC2268B0489F38946F6268B44C1
:1043F0000289D18946F88B46F68B56F8E8A53D8EA2
:1044000046FE8946FC268B4402268B1C3B46F875EB
:10441000093B5EF6750431C0EB628EC026803F3AE0
:1044200075298E46FE43268944028CC126891C8943
:10443000D8268B540289F3E86A3D8B56FC8E46FAE7
:104440008B5E082689158E460AEB2B83FA107702BD
:104450007505B8FFFFEB258B46FC8E46FAB90400C4
:10446000D1EAD1D8E2FA2689058B46FC8B5E08306A
:10447000E48E460A240F268907B80100C95F5EC290
:1044800004005657C808000089C68956FE89DF898E
:104490004EFC8EC2268B0489F38946FA268B440291
:1044A00089D18946F88B46FA8B56F8E8F63C8E4659
:1044B000FE268B1C268B74023B76F8750A3B5EFA4F
:1044C000750531C0E908FF8E46FC26890526895509
:1044D00002E9F8FE5657C804000089DE89CF8D5ED8
:1044E000FC8CD1E89CFF85C00F84E3FE8EC78B4611
:1044F000FC268904E9D5FE5657C802000089C68902
:104500004EFE31C08E46FE26803F00741B8EC226B2
:10451000C43C01C7268A0D8E46FE263A0F7405312B
:10452000C0E9ABFE4340EBDC8EC226C41C01C326AF
:104530008A1F84DB740A80FB20740580FB0975DF09
:104540008EC2260104E984FE5351525657C8020018
:1045500000B402CD1A8AC632E48986FEFF8B46FE7D
:10456000C1E804250F006BC00A8B56FE83E20F01E1
:10457000D0C95F5E5A595BC35351525657C80200A7
:1045800000B040BA43F0EEBA41F0EC8AE0EC86E0CD
:104590008986FEFF8B46FEEBD853515657C8020062
:1045A000005085D2740B8B96FCFFED8986FEFFEBE5
:1045B0000B8B96FCFFEC32E48986FEFF8B46FEC92E
:1045C0005F5E595BC35156575589E5505285DB7480
:0F45D0000B8B96FEFF8B86FCFFEFEB098B96FEA5
:1045E0008B86FCFFEEC95F5E59C3515657C80A005F
:1045F0000089C68956FA895EFE85DB0F95C030E4D6
:10460000408946F885DB7405B80800EB03B8100054
:1046100031FF8946FC897EF68B46F63B46FA73509D
:1046200085FF750B561E681E98E8AF3C83C4068351
:104630007EFE00740FBA010089F0E85CFF501E682E
:104640002598EB0C89F031D2E84EFF501E682B986C
:10465000E8883C83C406470376F83B7EFC750C1E55
:1046600068319831FFE8733C83C404FF46F6EBA839
:1046700085FF0F846FFF1E683198E85E3C83C40499
:10468000E962FF5351565789C189D6C41E7D8926D8
:104690008B7F6C89C831D2E8FFFE25E00039F075C8
:1046A0000530C0E91AFFC41E7D89268B476C29F8A6
:1046B0003D240072DEB8FFFFE905FF535189C3892D
:1046C000D1BA8000E8BCFF85C07406B8FFFF595B13
:1046D000C38D470189CA31DBE8EAFE31C0595BC3AB
:0F46E000525689C6BAC000E899FF85C07406B863
:0F46F1005E5AC38D440131D2E89DFE8EC12689E9
:104700000731C05E5AC35351525657C8040000C700
:0F47100046FC0000B401CD160F840600C786FCDE
:1047200001008B46FC85C00F8446FE32E4CD16891D
:1047300086FEFF8B46FE257F003D03000F94C0E9F7
:104740002FFE5657C81A000050525389D839D10F3E
:10475000827CFC75073B46E40F8273FC8B7EE48908
:10476000D68956FE83E7F089F8F7DEF7D883DE00B6
:1047700001D811CE8946F88976FC8B46FE3B46E28D
:104780007207750C3B7EE473078B46E429F8EB0255
:1047900031C08946FA837EFC00750D837EF8107364
:1047A000078B4EE029F9EB03B90F0089C82B46FAB5
:1047B000408D56E6500356FA168B46FA529901F888
:1047C0001356FE5250894EF6E879BC83C40AFF7630
:1047D000FE571E68339831F6E8003B83C408EB1F90
:1047E0001E683B98E8F43A83C40483FE07750A1EEA
:1047F000683F98E8E53A83C4044683FE107D1B3B7E
:1048000076FA7CDC3B76F67FD70FB642E6501E6820
:104810002B98E8C63A83C406EBD01E68419831F65F
:10482000E8B83A83C404EB268A4AE680F920720A83
:1048300080F97F73050FB6C1EB03B82E00501E68D8
:104840004498E8963A83C4064683FE107D163B766C
:10485000FA7C053B76F67ED01E683F98E87C3A836A
:10486000C404EBE41E684798E8703A83C404837E6E
:10487000FC007508837EF8100F8253FB8346F8F026
:104880008356FCFF83C7108356FE00E878FE85C080
:104890000F84E6FE1E684A98E8403A83C404E92E75
:1048A000FB5351525657C80600006A408B1E7D8943
:1048B0001E8E067F89686298268B4710268B7F6E36
:1048C0008946FC268B476C268BB7DD008946FAE8C3
:1048D000093AC41E7D8983C406260FB647165026A2
:1048E0000FB6471550260FB64712508B46FCC1E84D
:1048F0000925070083C60550F646FC027405B880FA
:1049000098EB03B884988CDB5350FF76FC1E6888C4
:1049100098E8C739BB0A0089F031D2F7F3BB6400CD
:1049200031D2F7F383C412BBE8035289F031D2F7D6
:10493000F3C41E7D8950260FB68701015026FFB7AC
:10494000DB0026FF77131E68C498E88E398B1E7D26
:104950008983C40E8E067F896626FF776726FF77D8
:1049600072260FB68700015026FFB7AC0026FFB7AE
:10497000DF001E68FD98E86239C41E7D8983C4107B
:10498000260FB687DA0050260FB687D90050260FBB
:10499000B687D80050260FB687D700506626FF7717
:1049A000046626FF371E684599E82F39C41E7D89A5
:1049B00083C414260FB6477F50260FB6477E502675
:1049C0000FB6477D50260FB6477C501E688499E885
:1049D0000939C41E7D8983C40C260FB6477B502637
:1049E0000FB6477A50260FB6477950260FB647784C
:1049F000506626FF770C6626FF77081E68AA99E89E
:104A0000D93883C414C41E7D89260FB687A00050F0
:104A1000260FB6476B50260FB647705057FF76FAF1
:104A20001E68EA99E8B438C41E7D8983C40E260F37
:104A3000B64771506626FFB780006626FF771A26B4
:104A40000FB687960050260FB687970050260FB6F0
:104A5000471850260FB64717501E68269AE87B382D
:104A6000C41E7D8983C416260FB687E40050260F26
:104A7000B687E30050260FB6878B0050260FB64747
:104A80004150260FB6474050260FB6473F50260FDD
:104A9000B6473E501E68789AE84038C41E7D898328
:104AA000C412260FB6878D0050260FB6878C005093
:104AB00026FFB79400260FB6477750260FB64776E5
:104AC00050260FB6477450260FB64775501E68C95A
:104AD0009A31F6E8053883C412EB2B0FB646FE5028
:104AE000561E682A9BE8F33783C40889F030E42413
:104AF000033D0300750A1E683198E8DE3783C4045D
:104B00004683FE08733DC41E7D8901F3268A87E52E
:104B1000008846FEF7C60300750A1E681A9BE8BAAD
:104B20003783C4048A46FE3C0673B00FB6D8C1E38F
:104B30000266FFB74CCD561E68239BE89D3783C4A1
:104B40000AEBA8C41E7D8926FFB7FE00260FB68794
:104B5000E20050260FB687E100501E68349BE87AC9
:104B60003783C40AE90AFA5657C802000089C68981
:104B7000DF894EFE8B5E088B4E0A31C001FE89D75D
:104B80003B46FE7D0F8EC740268A148EC14626887E
:104B90001743EBECC45E0801C385C07E1626807FF8
:0E4BA10020740726807FFF00750883C3FF0580
:0F4BB100EBE6C45E0801C326C60700E9BDF85154
:104BC0005657C8100000538946F28956F68946F0B8
:104BD0008956F831F63B76EE0F8309FA56C746FE42
:104BE00000001E8B7EF0681E9801F7E8ED368B46BC
:104BF000F883C4068946FCEB0AFF46FE47837EFE27
:104C0000107D248E46FC260FB605501E682B98E8B2
:104C1000C93683C406837EFE0775DE1E683F98E8AA
:104C2000B93683C404EBD21EC746FA000068419827
:104C30008B7EF2E8A53601F78B46F683C4048946DD
:104C4000F4EB18B82E00501EFF46FA68449847E867
:104C5000893683C406837EFA107D128E46F4268A36
:104C6000053C2072DE3C7F73DA30E4EBD91E6847E6
:104C700098E8673683C404E88CFA85C0740D1E6812
:104C80004A98E8563683C404E95AF983C610E944C1
:0F4C91005351525657C8320000508B36A0898BB2
:104CA0003EA289E8BFDC85C0741F837ECC007405FA
:104CB000B85D9BEB03B8639B8CDE56501E686A9B05
:104CC000E8183683C408E9A8F88B46CC89F389F93B
:104CD00085C07403B8100030E4E8A7BA85C0741822
:104CE000837ECC007405BA5D9BEB03BA639B8CD8C2
:104CF00050521E68929BEBC889F089FA31DBE8E7D5
:104D0000DBBB31008946F889FA89F0E8DADBBB3C85
:104D1000008946FE89FA89F0E8E2DBFF36A289893C
:104D200046FA8956FCFF36A089837ECC007405BA0A
:104D30005D9BEB03BA639B8CD850521E68AB9BE81B
:104D400099358D56CEB9280083C40CBB3600168920
:104D5000F05289FAE810FE168D56CE521E68D29B8C
:104D6000E878358D56CEB9140083C40889F01689C9
:104D7000CB5289FAE8F0FD168D56CE521E68E49BA0
:104D8000E858358D56CEB9080083C408BB2E0016EE
:104D900089F05289FAE8CFFD168D56CE521E68F67C
:104DA0009BE83735BB530083C40889F089FAE8379C
:104DB000DBA8047405BA8098EB03BA84988CD850A9
:104DC00052F646FF027405BA8098EB03BA84988CB9
:104DD000D85052F646FF017405BA8098EB03BA84A6
:104DE000988CD85052FF76FEFF76F81E68089CE833
:104DF000E934BB2F0083C41489F089FAE8E9DABBEF
:104E0000060030E489FA5089F0E8DCDABB03005090
:104E100089FA89F0E8D1DABB01005089FA89F0E813
:104E2000C6DA501E8B7EFC68469C8B76FAE8AB3463
:0F4E300083C40CB90B00D1EFD1DEE2FA575666FE
:104E400076FA1E687D9CE8923483C40CE922F751FF
:104E5000565789C789D689DA89D8E808DB85C074AE
:104E60001D85DB7405B85D9BEB03B8639B8CDA5240
:104E7000501E686A9BE8633483C408E968F76A01D6
:104E80008B1EA089568B0EA2895785D27403B81049
:104E90000030E4E84AB885C0741F565785D27405BF
:104EA000B85D9BEB03B8639B8CDA52501E68A09CE4
:104EB000E8283483C40CE92DF75657565785D27429
:104EC00005B85D9BEB03B8639B8CDA52501E68C03B
:104ED0009CE80734BB0002A1A08983C4108B16A2F2
:104EE00089E8DBFCE9FFF65351525657C8A202008D
:104EF00081EDE400E927058D5E8A8D46828CD18C98
:104F0000D2E832F485C075128B4686057F0089464B
:104F10008A8B468815000089468C8B5E8A8B4E8C66
:104F20008B46868B5688E819F8E9F204BB2A9D8DDA
:104F300046828CD98CD2E8BEF585C00F8420011E34
:104F4000BA329D5231F6E892338976FAC41E7D89D1
:104F500083C404268B7F6CBA0A00B8200031DBE8DA
:104F600063F6B8200031D2E82FF631DBBA0A000927
:104F700046FAB8A000E84DF6B8A00031D2E819F61C
:104F8000C41E7D8909C6268B476C29F83D12007224
:104F9000C6B8F90331D2E800F631DBBA01008986E0
:104FA000B400B8F903E81DF656FF76FA1E685E9D58
:104FB000E8283383C4081EC746FC0000687F9D3183
:0F4FC100E81733C41E7D8983C404268B4F6CBA56
:104FD0000A00B8200031DBE8EBF5B8200031D2E858
:104FE000B7F531DBBA0A0009C7B8A000E8D6F5B8B2
:104FF000A00031D2E8A2F5C41E7D890946FC268BAB
:10500000476C29C83D5A0072C6B8FD0331D2E88802
:10501000F531DB8B96B40089C1894604B8F903E801
:0F502000A3F5F6C1017408B8F80331D2E86AF5B8
:105030007604FF76FC571EF7D668DA9D2376FCE8E7
:1050400099328B46FA83C40AF7D05621F8501E686D
:105050000A9EE8863283C4081E682E9EE90E04BBB1
:10506000439E8D46828CD98CD2E88BF485C00F8408
:105070004C018D5E9A8B367D89A17F898CD18CD233
:1050800089462C8D468281C6AE00E8F5F385C07452
:10509000488D5EA28D46828CD18CD2E8E4F385C027
:1050A0007437837E9C007506837E9A01722B8B4633
:1050B0009C85C077247507817E9AFF00771B837ECD
:1050C000A4007506837EA201720F8B46A485C0776B
:1050D000087534837EA23F762E1E68479EE8FB311A
:1050E0008E462C83C4046626FF740A260FB6440E2F
:1050F00050260FB644025026FF341E68659EE8DA3B
:105100003183C40EE917038B469A8B569C8B5EA2A3
:105110008B4EA4E8B8348E462C89C389D1268B44A3
:105120000A268B540CE8073589C385D2750485C0DF
:10513000740B85D27707751E3D00047619525366AD
:0F51410076A266FF769A52531E68809EE88B31E5
:1051500083C414E9C8028A469A268844028A46A271
:105160002688440E26891C8B469C85C07708750BC3
:10517000837E9A087605B80800EB0231C08E462C73
:105180002688440826FF740C8B4E9C89D826FF7411
:105190000A8B5E9AE837348B5EA28B4EA4E82E34DD
:0F51A0005250260FB6440E50260FB6440250262A
:1051B000341E68B79EE8233183C412E96002BBF352
:1051C0009E8D46828CD98CD2E82CF385C07406E87B
:1051D000CFF6E94902BBF79E8D46828CD98CD2E886
:1051E00015F385C00F8431018D5EBAA1A2898CD1DF
:1051F0008CD289460E8D46828B36A089E883F28553
:10520000C075071EBAFE9EE962028B4E0E89F289B6
:105210008EA40031C08E86A40089D3404226C607E2
:10522000003D000272F38E460E89F731DB8A8764F7
:10523000CD432688054783FB6672F28E460E26C64E
:1052400084FE01556A0126C684FF01AA89F3FF7610
:10525000BC31C0FF76BA8CC1E8D4B485C0740A668C
:0F52610076BA1E68649FEB2E8E460E89F34026A8
:10527000C60700433D000272F56A018B4E0EFF76B1
:10528000BC89F3FF76BA31C0E855B485C0741166A5
:0F52910076BA1E687D9FE8413083C408E97E012C
:1052A0008E460E89F731DBEB07434783FB66730CB1
:1052B000268A153A9764CD74F040EBED8E460E26A3
:1052C00080BCFE015575082680BCFF01AA74014010
:1052D00085C07405BA9A9FEB03BAA19F8CD850522F
:1052E0006A6666FF76BA1E68A49FE8EE2F8E460EA9
:1052F00083C40E260FB684FF0150260FB684FE012C
:1053000050260FB6440250260FB6440150260FB661
:1053100004501E68DE9FE9E5FDBB10A08D46828C1F
:10532000D98CD2E8D1F185C00F846302C746FE0054
:10533000008D5EAAA1A0898CD18CD289463A8D4677
:10534000828B3EA289E83AF185C075071EBA17A084
:10535000E91901C746CE08008D5ECE8D46828CD1FC
:105360008CD2C746D00000E818F1837ED0007506C5
:10537000837ECE02720F8B46D085C07708750D8371
:105380007ECE2076071E68E2A0E9E1008D5E8E8D5C
:1053900046828CD18CD2E8E9F085C0741C8B469093
:1053A00085C07708750D837E8E0176071EBA29A108
:1053B000E9B9008B468E8946FE8B46FE85C0740394
:1053C000B8100066FF76AAFF76D08886E000FF76E8
:1053D000CE837EFE007405B85D9BEB03B8639B8CA7
:1053E000DA52501E684EA1E8F12E83C4108B46FE9F
:1053F000E872D50FB646CE50B90010FF76AC31DB5F
:0F54010076AA0FB686E000E8D5B285C074665073
:1054100066FF76CE1E6874A1E8C02E83C40A1E689B
:10542000D99CE8B62EBB28008D8672FE83C4048CFE
:10543000D2E8DCC385C074E68D9672FEBBDE9C8D1F
:1054400046828CD98956828CD28C5684E8A8F08505
:10545000C00F84D7FA8D5E868D46828CD18CD2E8BF
:10546000D4EE85C00F858FFA1EBAE39C52E86B2EEE
:1054700083C404EBA9C786B20000108986B80089EE
:1054800086AA0089BEAE0031D28B463A8996B0001A
:105490008986AC003B56CE0F83A0006A018B5EAAC2
:1054A00031F601D38B46AC11F089F9500FB686E086
:1054B00000538B5E3AE828B285C07418500356AA90
:1054C0008B46AC11F050521E68A5A1E80D2E83C486
:1054D0000AE98E008BB6AC008B9EAE008B8EB200BC
:1054E000899EA6008B9EB000898EA800039EAA000C
:1054F000EB084640433D000273388E86A800268A9A
:105500000F8E86A600263A0C74E8260FB60C8E86FF
:10551000A80051260FB61F53508B46AA31DB01D08D
:10552000135EAC5350521E68D9A1E8AE2D83C4104F
:10553000EB308086AB000242E959FF83BEB8000021
:10554000752066FF76CE837EFE007405BA5D9BEB08
:1055500003BA639B8CD850521E6822A2E87C2D832C
:10556000C40C1E6861A2E8722D83C4046A000FB6E1
:1055700086E000FF76AC8B5E3AFF76AA89F9E85F99
:10558000B1501E687FA2E8522D83C406E98FFEBB8E
:1055900098A28D46828CD98CD2E85BEF85C00F84AF
:1055A00039018D5ED6A1A2898CD18CD28946488DD5
:1055B00046828B36A089E8C9EE85C075071EBA9D64
:1055C000A2E9A8FE31C0E89CD38B46D8C1E80831D7
:1055D000DB250F000CE089C2B8F601E8E7EFBA025C
:1055E00000B8F20131DBE8DCEF8B56D6B8F30131BD
:1055F000DB30F6E8CFEF8B46D68B7ED8B90800D1EA
:10560000EFD1D8E2FA30E431DB89C2B8F401E8B472
:10561000EF8B46D830E431DB89C2B8F501E8A5EF5D
:10562000BA2000B8F70131DBC786BC000000E8945F
:10563000EFEB3C8E4648260FB684FF0150260FB68E
:1056400084FE0150260FB684FD0150260FB684FC5F
:1056500001505153FFB6BC001E68CFA2FF86BC00AC
:10566000E8782C83C41283BEBC00020F83AFFD31E7
:10567000DBEB074381FB30757316B8F70131D2E8D5
:1056800017EF89C2A80175082588003D080075E359
:10569000F6C208750C52FFB6BC001E68B0A2E9F64F
:1056A000FB31DBEB14BFFF018E464801F743268830
:1056B0000581FB58020F837AFFB8F70131D2E8D891
:1056C000EE89C1A8080F846AFFB8F00131D2E8C89A
:1056D000EE81FB000273CE89DFEBCDBB0DA38D46BF
:1056E000828CD98CD2E80FEE85C00F841D028D5EAE
:1056F00096A1A2898CD18CD28946608D46828B3648
:10570000A089E87DED85C075071EBA15A3E95CFD8B
:10571000B80100508B4E60FF769889F3FF76963182
:10572000C0E8BCAF85C0740C66FF76961EBA4CA369
:1057300052E963FB89465E89F28B46608B7E5E8907
:1057400086A20001FA8E86A2008B7E5E89D3FF4678
:105750005E268A87F0014288831CFF837E5E10727A
:10576000E88E4660260FB684FF0150260FB684FEF1
:105770000150260FB684FD0150260FB684FC01505F
:10578000260FB6440350260FB6440250260FB644E7
:105790000150260FB604501E6868A3E83D2B83C451
:1057A000146A018B4E60FF769889F3FF769631C0BC
:1057B000E82DAF85C074071E68ADA3E9AFFC8E4627
:1057C0006089465E89F3EB0AFF465E43837E5E1086
:1057D00073118B7E5E268A97F0013A931CFF74E862
:1057E00040EBE585C07405B8C5A3EB03B8E9A38C0D
:1057F000DA52501E68EFA3C7465E0000E8DC2A8E2E
:10580000466083C40889F38A465E345AFF465E26A2
:0F581000880743817E5E000272ED6A018B4E6055
:10582000769889F3FF769631C0E803AF85C0740798
:0F58300066FF7696E92CFA8E466089465E89F30C
:10584000465E26C6070043817E5E000272F16A0151
:105850008B4E60FF769889F3FF769631C0E880AE74
:0E58600085C0740766FF7696E928FAC74600F1
:105870008E466089465E89F231FFEB0BFF465E4241
:10588000817E5E0002731B8A465E89D3345A263AB3
:105890000774E9837E00FF75068B5E5E895E0047B4
:1058A000EBDA6800025766FF76961E6810A4E82AB5
:1058B0002A83C40C85FF74228B5E008E466001F340
:1058C000260FB607508A4600345A30E450FF76005F
:1058D0001E683AA4E8042A83C40A8E46602680BC67
:0F58E10001A57505BA63A4EB03BA66A48CD85071
:1058F0008E466052260FB684FF015068A5001E68D0
:105900006CA4E8D62983C40CE913FBBB93A48D4691
:10591000828CD98CD2E8DFEB85C00F8485018D5E47
:10592000EAA1A2898CD18CD28946028D46828B361F
:10593000A089E84DEB85C075071EBA9CA4E92CFB35
:10594000BA8100B8F10131DBE87AECBAEF00B8F7C0
:105950000131DBE86FEC31DBEB074381FB30757322
:105960000EB8F70131D2E830EC89C2A88075EB524D
:105970001E68B3A4E864298B46ECC1E80883C4061A
:10598000250F000CE031DB89C2B8F601E836ECBA2D
:105990000100B8F20131DBE82BEC8B56EAB8F301D9
:1059A00031DB30F6E81EEC8B46EA8B7EECB9080062
:1059B000D1EFD1D8E2FA30E431DB89C2B8F401E8A2
:1059C00003EC8B56ECB8F50131DB30F6E8F6EBBAB8
:1059D0002000B8F70131DBE8EBEB31DBEB0743816B
:1059E000FB30757317B8F70131D2E8ACEB89C2A868
:1059F00001750930E424883D080075E2521E68D420
:105A0000A431FFE8D5288B460283C40689F3898632
:105A1000A000EB20BA0100B8F001E87CEB8E86A074
:0F5A200000268807C1E808434347268847FF81CF
:105A30000001730EB8F70131D2E85DEB89C1A80807
:105A400075D251571E68E8A4E890288E460283C498
:105A500008260FB6440350260FB6440250260FB650
:105A6000440150260FB604501E6814A5E86C288E19
:105A7000460283C40C260FB684FF0150260FB6845D
:105A8000FE0150260FB684FD0150260FB684FC019E
:105A9000501E6839A5E8432883C40C31C0E8C5CE40
:105AA000E97BF9BB5EA58D46828CD98CD2E847EAAA
:105AB00085C00F849E028D9E76FFA1A2898CD18C19
:105AC000D28946168D46828B36A089E8B4E985C016
:0F5AD00075071EBA65A5E993F98E461626C6849A
:105AE0000144260FB684FF0126C684FE01335026EA
:105AF0000FB684FE0126C684FD012250260FB6840F
:105B0000FD0126C684FC011150260FB684FC01500D
:105B10001EB87AA550E8C32783C40C31C0E845CE2F
:105B20008B8678FFC1E80831DB250F000CE089C2C5
:105B3000B8F601E88FEABA0100B8F20131DBE88477
:105B4000EA8B9676FFB8F30131DB30F6E876EA8B24
:105B50008676FF8BBE78FFB90800D1EFD1D8E2FA84
:0F5B600030E431DB89C2B8F401E859EA8B86786A
:105B700030E431DB89C2B8F501E849EABA2000B85F
:105B8000F70131DB31FFE83CEAEB074781FF307575
:105B90007317B8F70131D2E8FFE989C2A801750986
:105BA00030E424883D080075E2521E68D4A4E82A37
:105BB0002783C40631DBEB12BFFF018E461601F7C7
:105BC0004326880581FB58027320B8F70131D2E8DB
:105BD000C7E989C1A8087412B8F00131D2E8B9E95F
:105BE00081FB000273D289DFEBD151531E68C1A53E
:105BF000E8E8268E461683C408260FB684FF0150B7
:105C0000260FB684FE0150260FB684FD0150260FE4
:105C1000B684FC01501E6839A5E8BF26B8F7018399
:105C2000C40C31D2E872E95031D2B8F001E869E928
:105C3000501E68EDA5E8A326B8F10183C40831D24F
:105C4000E856E95031D2B8F901E84DE95031D2B8FF
:105C5000F801E844E9501E6828A6E87E268B86787D
:0F5C6100C1E80883C40A250F000CE031DB89C2BB
:105C7000B8F601E84FE9BA0100B8F20131DBE844B7
:105C8000E98B9676FFB8F30131DB30F6E836E98B25
:105C90008676FF8BBE78FFB90800D1EFD1D8E2FA43
:0F5CA00030E431DB89C2B8F401E819E98B96785A
:105CB000B8F50131DB30F6E80BE9BA2000B8F7019E
:105CC00031DBE800E931DBEB074381FB307573150D
:105CD000B8F70131D2E8C1E8A801750930E4248899
:105CE0003D080075E48B7E1689F331C9B8F00131A7
:105CF000D2E8A5E88EC7412688074381F9000272E1
:105D0000EB8E4616260FB6440350260FB6440250BB
:105D1000260FB6440150260FB604501E6858A6E858
:105D2000B925B8F70183C40C31D2E86CE88E461669
:105D300050260FB684FF0150260FB684FE01502670
:105D40000FB684FD0150260FB684FC01501E6887F3
:105D5000A6E9AAF3BBCDA68D46828CD98CD2E89653
:105D6000E785C00F841E016A04168D5692526A00A0
:105D7000680401E8CEA683C40A0FB64692500FB657
:105D80004693500FB646948B1E7D89500FB64695AC
:105D90008E067F8950260FB687E50050260FB6473E
:105DA00075501EBAD5A652E8312583C41006B4003A
:105DB000B280CD139C5B89860600899E0800078B04
:105DC0004608A8017405BA0FA7EB03BAA19F8CD8A7
:105DD00050528B4606501E6815A7E8FE2483C40A5D
:105DE00006B80102B90100B600B28033DB8EC3BB36
:105DF000007CCD139C5B89860A00899E0C00078B72
:105E0000460CA8017405BA0FA7EB03BAA19F8CD862
:105E100050528B460A501E682FA7E8BE2483C40A3E
:105E200006B401B280CD1388A6DE0007C41E7D89AA
:105E3000260FB64774500FB686DE00501E6849A77D
:105E4000E8982483C4086A02168D5692526A006844
:105E5000007CE8EFA583C40A6A02168D5694526A44
:105E60000068FE7DE8DDA583C40A0FB64695500F95
:105E7000B64694500FB64693500FB64692501E68E1
:105E800074A7E97DFABBA1A78D46828CD98CD2E894
:105E900065E685C074101EBAA6A752E83D2483C4E7
:105EA00004CD19E978F5BBD8A78D46828CD98CD260
:105EB000E844E685C074251EBADFA752E81C24BB5F
:105EC00002008D869AFE83C4048CD2E8FECD89C37D
:105ED0008CD28D869AFEE8EECEE942F5BB00A88D05
:105EE00046828CD98CD2E80EE685C074348D5EAEC5
:105EF0008D46828CD18CD2E888E531F685C0741944
:105F00008B46B085C07708750D837EAE0176071E7F
:105F1000BA06A8E956F58B76AE89F0E873EDE9FD8F
:105F2000F4BB34A88D46828CD98CD2E8C9E585C0F3
:105F300074618D5EB28D46828CD18CD2E843E5319E
:105F4000F685C075071E6838A8E921F58B46B43D73
:0F5F51000F76071E686DA8E912F58D5EB68D46B6
:105F6000828CD18CD2E81AE585C074198B46B8852D
:105F7000C07708750D837EB60176071E6897A8E97D
:105F8000EBF48B76B68B46B28B56B489F3E8BFEE52
:105F9000E98BF4BBADA88D46828CD98CD2E857E54D
:105FA00085C07405BE0100EB15BBB2A88D46828C7E
:105FB000D98CD2E841E585C00F84710031F68D5E41
:105FC000C28D46828CD18CD2E8B7E485C074078B31
:105FD00046C485C076071E68B6A8E990F48B46C211
:105FE0008D5EC28CD18CD28946108D4682BF010055
:105FF000E88FE485C07429837EC4007506837EC261
:106000000074108B46C485C077097511817EC2006B
:1060100001760A6800011E6807A9E969F58B7EC24E
:106020008B461089F389FAE8C0E5E9F1F3BB1CA9B6
:106030008D46828CD98CD2E8BDE485C07405BE0142
:1060400000EB15BB21A98D46828CD98CD2E8A7E440
:1060500085C00F848F0031F68D5ECA8D46828CD14B
:106060008CD2E81DE485C074078B46CC85C07607CA
:106070001E6825A9E9F6F38D5ECA8D46828CD18C07
:10608000D28B7ECAE8FBE385C075071E6874A9E958
:10609000DBF385F67405BAFFFFEB03BAFF0031C0EE
:1060A0003B46CC7207751C3B56CA731785F67405C0
:1060B000BA8EA9EB03BA99A98CD850521E68A0A930
:1060C000E9D4F18B4ECA89F389F889CAE8F6E485E8
:1060D000F6740951571E68B2A9E9BBF151571E6801
:1060E000C0A9E9B2F1BBCEA98D46828CD98CD2E889
:1060F00005E485C00F8410018D56328D5E128D46E9
:1061000082168CD1528CD2E8C9E285C07D071EBAB6
:10611000D1A9E957F375071EBA16AAE94EF38CD830
:106120008986140031C08986ECFE8986EAFE89865C
:10613000E8FE8986E6FE8986F0FE8986EEFE8B46BD
:10614000148D9EE6FE8986F4FE8986F2FE8CD18C43
:10615000D28D4682C786F6FE0000E877E38D9EE882
:10616000FE8D46828CD18CD2E869E38D9EEAFE8D4D
:1061700046828CD18CD2E85BE38D9EECFE8D46820C
:106180008CD18CD2E84DE3FFB6F2FE66FFB6EAFE94
:1061900066FFB6E6FEFF7632FF76121EBA92AA526C
:0F61A000E8382183C412168D96E6FE52FF763240
:1061B0007612E86B1E83C40866FFB6EEFE66FFB675
:1061C000EAFE66FFB6E6FE1EBACBAA52E80C2183B1
:1061D000C410F686F6FE407405BA01ABEB03BA04B0
:1061E000AB8CD85052F686F6FE017405BA07ABEBBD
:1061F00003BA0AAB8CD8505266FFB6F4FEFFB6F273
:10620000FE1E680DABE9ADEFBB32AB8D46828CD97B
:106210008CD2E8E2E285C00F849D048D5E188D4625
:10622000828CD18CD2E8ACE285C075071EBA38AB3F
:10623000E939F28CD88986500031C08986DAFE8926
:1062400086D8FE8986D6FE8986D4FE8986DEFE89BA
:1062500086DCFE8B46508986E2FE8986E0FE8B4610
:1062600018C786E4FE00003D870072150F866601A0
:106270003DC0000F847C033D88000F842603E93075
:10628000043D86000F852904C746DAA0868D5EDAB4
:106290008D46828CD18CD2C746DC0100E8E3E183D5
:1062A0007EDC00750D837EDA0075071EBA98ABE9B7
:1062B000BAF18B46DC3D04007305BAB7ABEB03BA09
:1062C000D7AB8CD850521E68F2ABBE0100E80B2051
:1062D0008B46DC83C4083D0F0072097519817EDA94
:1062E00040427312B84042BA0F008B5EDA8B4EDC2C
:1062F000E83C2389C64681FEE8037603BEE803C472
:106300001E7D89268B476C31FF89462039F77D2A0F
:10631000C786D4FE00868B46DC8D96D4FE16898611
:10632000D8FE8B46DA528986DAFEE8751D83C404EE
:10633000F686E4FE01750347EBD2C41E7D89268BE9
:10634000476C894622F686E4FE017408571E6800F1
:10635000ACE932F28B46DA8B56DC89F331C9E86D51
:1063600022BB8DD689461A89D78B462231C92B4646
:106370002031D289465AE8552257FF761A66FF76B1
:10638000DA561E89461C6825AC89561EE84C1F83C8
:10639000C40E66FF761CFF765A1E684AACE83B1FA7
:1063A00083C40A85FF7506837E1A00741C8B461A07
:1063B000BB640089FA31C9E8752289C389D18B464B
:1063C0001C8B561EE86822EB0431C031D252501E9D
:1063D0006882ACE9C1EEC746E200018D5EDE8D4603
:1063E000828CD18CD2C746E40000E895E085C07469
:1063F000118D5EC68D46828CD18CD2E884E085C03A
:1064000075071E68B2ACE964F08D5EE28D46828C41
:10641000D18CD2E86CE0837EE4007506837EE200D6
:1064200074108B46E485C07709750E817EE200808A
:1064300076071E681AADE934F031F646C68241FE91
:106440000083FE3072F5B0FF8B7EE0888652FE88B6
:106450008653FE8A46DEC68657FE93888654FE8B98
:1064600046DEC6865FFE93B90800D1EFD1D8E2FAC6
:106470008D9E42FE888655FE8B46E053888656FEEA
:10648000C1E80816888659FEB0FFFF76C888865A8C
:10649000FE88865BFE8A46C68B7EC888865CFE8B3D
:1064A00046C6FF76C6B90800D1EFD1D8E2FAFF762A
:1064B000E088865DFE8B46C8FF76DE88865EFEC17C
:1064C000E808FF76E4888661FE8B46E2C786D4FE44
:1064D0000087508C96E2FE1E899EDCFE6847AD89DF
:1064E00086D8FEE8F51D83C414168D96D4FE52E8B6
:1064F000B01B83C404F686E4FE017405BA79ADEBE3
:1065000003BA0AAB8CD8508B86D4FE52C1E808502F
:106510001E6886ADE8C41D83C40AF686E4FE010F3A
:1065200085FBEE6A10168D962CFF5266FF76DEE82C
:10653000129F83C40A66FF76DE1E6898AD31F6E8C6
:10654000991D83C4080FB6822CFF501E682B9846F5
:10655000E8881D83C40683FE1072EA1E683198E83D
:10656000791D83C4046A10168D962CFF5266FF763F
:10657000C6E8D09E83C40A66FF76C61E68A9AD3100
:10658000F6E8571D83C4080FB6822CFF501E682BF7
:106590009846E8461D83C40683FE1072EA1E68BA58
:1065A000ADE9C9EE168D96D4FE52C786D4FE00889A
:1065B000E8EF1A83C404F686E4FE017405B8DAAD88
:1065C000EB03B80AAB8CDA8B1E7D89528E067F896D
:1065D000508B86D4FE26FFB7DB00C1E80A50FFB619
:1065E000D4FEFFB6D4FE1E68E8ADE8EE1C83C410EE
:1065F000E92BEE168D96D4FE52C786D4FE00C0E875
:10660000A01A83C404F686E4FE0174071EBA26AEFF
:10661000E959EE8B86D6FE8946E68B86E2FE8B76BE
:10662000E68EC026FF34FFB6D6FE50BA40AE1E89B5
:1066300046E85289C7E8A31C8EC783C40A260FB652
:10664000440450260FB6440350260FB64402501E91
:10665000BA6AAE52E8841C8EC783C40A26F6440583
:10666000207405BA99AEEB03BA9DAE8CD8508EC794
:106670005226F64405407405BAA4AEEB03BAACAE9C
:106680008CD8508EC752260FB6440950260FB644F8
:106690000850260FB6440750260FB6440650260F62
:1066A000B64405501E68B7AEE8301C83C416E96DC9
:1066B000ED1E68E9AEE9B5EDBB08AF8D46828CD919
:1066C0008CD2E832DE85C00F841801B8CAF431D20A
:1066D000E8C6DE89C331D2B800F8E8BCDEBA0100F2
:1066E000894624B8C0F4C746260000E8ABDEBA01EC
:1066F0000089C7B8C2F431F6E89EDE094626BA0121
:1067000000B8C4F4E892DEBA0100898266FFB8C618
:10671000F44646E883DE89826CFF83FE0875DFF667
:10672000C3027405BA0CAFEB03BA0FAF8CD850524A
:10673000531E6813AFE8A31B83C40AF646240474EF
:1067400005B83AAFEB03B80FAF8CDA5250F64624D7
:0F675000087405BA3AAFEB03BA3DAF8CD850527C
:1067600076241E6841AFE8721B83C40E57FF76265D
:0F6771007626571E686FAFE8601B83C40C1E6846
:10678000B1AF31F6E8541B83C404FFB26EFFFFB211
:1067900066FF1E68BDAF4646E8401B83C40883FE03
:1067A0000875E71E683198E8311BC41E7D8931D217
:1067B000268B87DD00BBE803F7F383C40489C68515
:1067C000C074198B462689FA89F331C9E8601E52D4
:1067D00050561E68C7AFE8021B83C40A1E6805B086
:1067E000E98AECBB52B08D46828CD98CD2E807DDA9
:1067F00085C00F8492008D9E7EFF8D46828CD18C49
:10680000D2E87EDC85C075071EBA59B0E95DECBBE5
:1068100001008B5680B8C0F4E8AADDBB01008B965E
:106820007EFFB8C2F4E89DDDBB0100BA9999B8C8F3
:10683000F4E891DDBB0100BA6666B8C8F4E885DD0E
:10684000BA0100B8C0F4E850DDBA010089C6B8C288
:0F685000F431FFE843DD09C75789F050FFB67EEA
:106860008B4680501EBAD9B052E86F1A83C40C3BD5
:10687000768075063BBE7EFF74071EBA06B1E9EB53
:10688000EB1EBA85B1E9E4EBBB4EB28D46828CD9E2
:106890008CD2E862DC85C00F84D6008D5E288D46E0
:1068A000828CD18CD2E82CDC85C075071EBA55B21B
:1068B000E9B9EB8D5E2A8D46828CD18CD2C7462AEF
:1068C0004000E80FDC837E2A007505C7462A400099
:0F68D1007628FF762A1E68E2B2E8FE1983C40813
:1068E000E865DC89C2E860DC39D074F9E859DC8BF2
:1068F0001E7D8989C18E067F8931F6268B7F6C3B90
:10690000762A730B8B462831D2E88DDC46EBF0C437
:106910001E7D89268B5F6CE82EDC053C0031D22978
:10692000C8B93C00F7F129FB89D685D2740889D80B
:1069300031D2F7F6EB0231C05053561E6817B3E858
:10694000991983C40A85F67421BB4042B90F0089A6
:10695000F031D2E8781C8B5E2A31C9E8D11C525044
:106960001E684CB3E8741983C4081E6888B3E9FC38
:10697000EABB93B48D46828CD98CD2E879DB85C092
:106980000F84A5008D5E2E8D46828CD18CD2E8437B
:10699000DB85C075071EBA9BB4E9D0EA8D5E308DE9
:1069A00046828CD18CD2C746300100E826DB837E3C
:1069B00030007505C746300100BA4B00B834F831D5
:1069C000DBE801DCFF762EFF76301E6867B531F616
:1069D000E8081983C408EB2BE89DDBC41E7D8926DB
:1069E0008B576C89CB29FA29C35289D831D2F776D3
:1069F0003050531E68A6B546E8E01883C40A83FEEB
:106A000004731FC41E7D89268B7F6CE86ADB89C1F5
:106A100031DB3B5E3073C18B462E31D2E87ADB43EB
:106A2000EBF01E68DBB5E944EABB08B78D46828C03
:106A3000D98CD2E8C1DA85C00F84CC008D5E348D4C
:106A400046828CD18CD2E88BDA85C075071EBA0FCE
:106A5000B7E918EA8D5E368D46828CD18CD2C74656
:106A6000360800E86EDA837E36007505C7463608BC
:106A700000FF7634FF76361E68A8B731F6E85B185B
:106A8000C41E7D8983C408268B7F6C3B7636730BCE
:106A90008B463431D2E801DB46EBF0C41E7D8926FB
:106AA0008B776C29FE7523B88DD68B5E3631D2314B
:106AB000C9E87B1B5250FF76361E68CDB7E81B181D
:106AC00083C40A1E680EB8E9A3E9BB8DD689F031EC
:106AD000D231C9E8F81A8B5E3631C9E8511B5250E1
:0F6AE1007636561E8946386848B889D7E8EB17CD
:106AF00083C40C57FF76381E687FB8E8DD1783C45F
:106B0000081E68BAB8E965E9BB7AB98D46828CD9A6
:106B10008CD2E8E2D985C00F8491028D5ED2A1A00B
:106B2000898CD189464EA1A2898CD28986C0008DDC
:106B30004682C7463E0000E848D985C0741C8B4693
:106B4000D485C07708750D837ED20176071E6880D4
:106B5000B9E919E98B46D289463E8B463E85C07419
:106B600003B81000C746F400108886E20031C0C7A1
:106B7000464C00108946F289464A8CD889864000E6
:106B80008B463E8B763EE8DCBDC7860AFF000831A7
:106B9000C081CE800089860EFF89860CFF89B610E1
:0F6BA100898614FF898612FF168B4640C7861A15
:0E6BB10000008D960AFF898618FF528986160D
:106BC000E84E1583C404F6861AFF0174108B860AFA
:0F6BD100C1E80850561E68AEB9E9BAE68B960EB9
:0F6BE1008B860EFF30F6C1E80880E2C030E4C1B9
:106BF000E20209C28B8610FFC1E80830E4894642F0
:106C00008B8610FF8BBE0EFF30E483E73F508B4630
:106C10004257405089D04050561E68D8B9E8BB163C
:106C200083C40E85FF75071E6820BAE93FE8C74692
:106C3000440100837E42027205B80200EB0231C0BB
:106C400089464683FF037205BE0300EB03BE0100C5
:106C50008B5E428B464431D231C943E8701931DB37
:106C600003464611DA89FB31C989B6BE00E85E19D0
:106C70008D5CFF31C901D811CA52505666FF764467
:106C80001E89463C685CBA8996BA00E84D168B4668
:106C90004430E489C28B4644C1E80230E4C1E208D2
:0F6CA00024C083E63F09D009F08B564689860E43
:106CB0008B463EC1E2080C80C7860AFF010209C26A
:106CC0008B46F283C40E89860CFF8B46F48996109E
:0F6CD100898618FF168B46408D960AFF89861616
:0E6CE10031C052898614FF898612FF89861AF7
:106CF000E81E1483C404F6861AFF01740F8B860AFB
:0F6D0100C1E808501E688ABAE97AE86A010FB63D
:106D100086E200FFB6BA008B5E4EFF763C8B8EC0DB
:106D200000E8BC9985C0740F50FFB6BA00FF763CEE
:106D30001E68A9BAE9E1E68B764E8B96C0008B7E81
:106D40004A89969C008B564C31DB89969E00EB0855
:106D50004640473D000273268E869E00268A158E89
:106D6000869C00263A1474E8260FB6148E869E0080
:106D700052260FB61552501E68E0BAE99AE685DB36
:106D80000F859AE6FFB6BA00FF763CFFB6BE0066F6
:0F6D91007644837E3E007405BA5D9BEB03BA63C4
:106DA0009B8CD850521E6818BBE909E4BB5ABB8DB6
:106DB00046828CD98CD2E83ED785C00F8405021E4E
:106DC000C746580000685EBB31F6E80E1589765458
:106DD00089765289F783C404EB0A4747FF465283FA
:0F6DE10008742E8B85CACD31D289465CE8A9D7BC
:106DF00050FF765C1E687BBB89465AE8DD1483C46D
:106E000008817E5AFF0074D2C7465401008B765C1D
:106E1000EBC81E683198E8C214B8380483C4043142
:106E2000D2E875D7501E6887BBE8AF1483C40683C9
:106E30007E540075071E68C2BBE931E689F031D285
:106E4000E856D789C385C07505BA19BCEB0D3D80DE
:106E5000007505BA45BCEB03BA4CBC8CD8505256F1
:106E6000531E6861BCE87314B8380483C40C31DB6A
:106E700031D2E850D731DB89F031D243E81AD781DB
:106E8000FBC80072F2BA8000B8380431DBE835D7AD
:106E900031DBEB074381FBD007730E89F031D2E879
:106EA000F7D689C73D800075EBF7C710007405BAA7
:106EB000A5BCEB03BAABBC8CD85052F7C72000740A
:106EC00005BAB1BCEB03BAB7BC8CD85052F7C74077
:106ED000007405BAB8BCEB03BAC0BC8CD85052F7EA
:106EE000C780007405B8C9BCEB03B8CEBC8CDA52BD
:106EF00050571E68D8BC81E7C000E8DE1383C41673
:106F000081FF800074071E68F2BCE960E5BA0800E2
:106F10008D7C0131DB89F8E8ABD631DBEB074381AF
:106F2000FBD007731289F031D2E86DD689C230E404
:106F300024C03DC00075E789D030F424C03DC000B6
:106F40007408521E6831BDE93CE689F831D2E84840
:106F5000D631DB894656EB1189F831D2E83AD6436F
:106F600089465881FBD007731089F031D2E829D6C1
:106F700030E424C03DC00074DFFF76561E6863BD58
:106F8000E858138B465630E424C083C4063DC00045
:106F90007509FF76581E688BBDEB1A817E568000FE
:106FA000750C1E68BABDE8321383C404EB0DFF767E
:106FB000581E68E6BDE8231383C40657561E68F2C0
:106FC000BDE9D3E2BB2DBE8D46828CD98CD2E8269A
:106FD000D585C00F84AF02BE36048D5EEE8D46822D
:106FE0008CD18CD2C746628200E896D431FF85C02E
:106FF00074068B46EE8946628D5EEE8D46828CD19C
:107000008CD2E87DD485C074068B7EEE83E703576F
:0F70110076621E6832BEE8C1128B5662B8380430
:1070200083C40830F631DB80E27FE898D531DB8914
:10703000F031D243E862D581FBC80072F28B566210
:10704000B8380431DBE87DD5C41E7D89268B576CAA
:10705000C41E7D89268B476C29D03D0A0072F589B4
:10706000F031D2E833D53D80007413501E6852BE13
:10707000E86812BA8000B8380483C406EB73C78688
:10708000C2000000EB218D9E3CFF8CD189F0E84FBF
:10709000D68D9E3EFF8CD189F0FF86C200E840D697
:1070A00083BEC20004730CBA080089F0E80CD685D0
:1070B000C074D3FFB63CFF1E689ABEE81D12BA0327
:1070C0000083C40689F0E8F2D5BADF0089C389F0ED
:1070D000E8E8D5BA030009C389F0E8DED509C3742E
:1070E000181E68C9BEE8F311BA8000B8380483C41A
:1070F0000431DBE8CFD4E925E3BA070089F0E8BA28
:10710000D589C389FA89F0E8B1D509D874061E6813
:10711000E9BEEBD1C7863CFF8000C41E7D8989860D
:107120003EFF268B476C8986C400BA080089F0E8C8
:1071300089D585C075358D9E3CFF8CD189F0E89F3F
:10714000D585C0752681BE3CFF8000740D8D9E3EA6
:0F7151008CD189F0E888D5EB11C41E7D89268B7F
:10716000476C2B86C4003D240072BF89F031D2E801
:1071700027D489C381BE3CFF80007505BA0DBFEBE3
:107180002A8A863CFFA8C07509A8207405BA22BFC8
:10719000EB198A863CFFA8107405BA46BFEB0CA811
:1071A000087405BA8ABFEB03BAB7BC8CD8505266D4
:0F71B100B63CFF531E6899BFE81F11BA4A00830E
:1071C000C40E89F0E8F4D489FA89C330F689F080D6
:0F71D000E203E8E6D409D874071E68D2BFE905C8
:1071E0008D963CFF8986C6008C969A0031FFEB088D
:1071F00047424283FF0773118B8E9A0089D389F02F
:10720000E8DDD485C07509EBE783BEC600007407CE
:107210001E68F2BFE9CEFE66FFB646FF66FFB642C5
:0F72210066FFB63EFFFFB63CFF1E6831C0E8AA0D
:107230001083C412F6863CFFC075178B8E48FFB8CA
:10724000800080E107D3E050FFB648FF1E6872C09F
:10725000EB1CF6863EFF01740C1E68A8C0E87B108C
:1072600083C404EB0F66FFB63EFF1E6838C1E86AB0
:107270001083C408BA8000B8380431DBE846D31E56
:107280006867C1E9E7E1BB78C18D46828CD98CD2B1
:10729000E864D285C00F843A04BE3604C7466482CF
:1072A000008D5EF68CD131C08CD289466A89466CDD
:1072B0008946668D4682C7466E0100E8C4D185C006
:1072C00074068B46F68946648D5EF68D46828CD1B7
:1072D0008CD2E8ADD185C074068B46F689466A8D9E
:1072E0005EF68D46828CD18CD2E896D185C0740A28
:1072F0008B46F630E4240189466C8D5EF68D46821D
:107300008CD18CD2E87BD185C074068B46F6894639
:0F7310006E837E6E0075071E687FC1E94FE166D0
:10732000766CFF766AFF76641EC74670001068E9C7
:10733000C131FFE8A50F8B5664B8380483C40C3004
:10734000F631DB80E27F897E68E879D289F031D23C
:0F7351004668E843D2817E68C80072EF8B5664AD
:10736000B8380431DBE85DD2C41E7D89268B576CAA
:10737000C41E7D89268B476C29D03D0A0072F58991
:10738000F031D2E813D23D800074071E680AC2E9CA
:1073900053FDC786CC000000EB218D9E58FF8CD199
:1073A00089F0E83BD38D9E5AFF8CD189F0FF86CCC3
:1073B00000E82CD383BECC0004730CBA080089F01B
:1073C000E8F8D285C074D3BA030089F0E8ECD2BAE9
:1073D000DF0089F0E8E4D2BA030089F0E8DCD2BA31
:1073E000070089F0E8D4D28B566689F0E8CCD2C485
:1073F0001E7D89C78658FF8000268B476C8986D002
:1074000000BA080089F0E8B2D285C075358D9E5863
:0E7411008CD189F0E8C8D285C0752681BE589E
:107420008000740D8D9E5AFF8CD189F0E8B1D2EBAB
:1074300011C41E7D89268B476C2B86D0003D24000D
:1074400072BF837E6A000F848000BA0F0089F0E863
:1074500069D28B566CC1E20289F00B5666E85BD2AA
:0F7460008B566A89F0E853D2C41E7D89C78658BF
:107470008000268B476C8986CE00BA080089F0E828
:1074800039D285C075358D9E58FF8CD189F0E84F73
:10749000D285C0752681BE58FF8000740D8D9E5A1E
:0F74A1008CD189F0E838D2EB11C41E7D89268B7F
:0F74B000476C2B86CE003D240072BF66FFB65896
:1074C0001E682FC2E8140E83C408BA460089F0E88B
:1074D000E9D18B566C89C3C1E20289F00B5666E88C
:1074E000D9D18B566A09C389F0E8CFD18B566C0984
:1074F000C389F0E8C5D18B566E09C389F0E8BBD1CA
:10750000BA020009C389F0E8B1D18B566E09C3896C
:0F751000F0E8A7D1BA1B0009C389F0E89DD1BAF2
:107520000009C389F0E893D109C374071E6853C2E8
:10753000E9B2FB680002FF76705756E8C2C18B566D
:107540006483C4088986D20031DBB8380480CA015C
:10755000C786CA000000E86CD08B5664B838043186
:10756000DB8C969600E85DD08D9658FFEB0DFF867C
:10757000CA00424283BECA0007731D8B8E960089E3
:10758000D389F0E85AD185C074E4FFB6CA001E68FA
:1075900076C2E8460D83C40689F031D2E8FACF31CD
:1075A000DBBA800089C1B83804E819D05166FFB64B
:1075B00062FF66FFB65EFF66FFB65AFF8B86D2009B
:0F75C100B658FF85C07505BAA3C2EB0D3D01009A
:1075D0007505BAACC2EB03BAB6C28CD850521E685D
:1075E000C0C2E8F60C83C418F68658FFC07453F680
:1075F000865AFF017405BA0FC3EB03BAB7BC8CD827
:107600005052F6865AFF047405BA25C3EB03BAB785
:10761000BC8CD85052F6865AFF207405B849C3EB8B
:1076200003B8B7BC8CDA5250F6865AFF107405BA0C
:1076300066C3EB03BAB7BC8CD850521E6887C3E947
:107640000BDB1EC786C800000068A2C389FEE88A5B
:107650000C8B467083C404898698008E8698002619
:107660000FB604501EFF86C80068D0C346E86B0CF6
:1076700083C40683BEC8001072E11E683198E85AC0
:107680000C83C404837E6A000F8592DD837E6C00C8
:107690000F858ADD837E6E010F8582DD8E46702622
:1076A00080BDFE0155750D2680BDFF01AA7505BA86
:1076B000D6C3EB03BAE7C38CD8508E467052260F60
:1076C000B685FF0150260FB685FE01501E68FCC32B
:1076D000E92FE2BB27C48D46828CD98CD2E817CE25
:1076E00085C00F841D05BE36048D9E7AFF8CD13176
:1076F000C08CD289467289467A89467889467689CD
:10770000467E8D468231FFE878CD85C074098BBEF8
:107710007AFFC7467E01008D9E7AFF8D46828CD10E
:107720008CD2E85DCD85C0740A8B867AFFFF467ED9
:107730008946768D9E7AFF8D46828CD18CD2E84127
:10774000CD85C0740E8B867AFF30E42401FF467E1F
:107750008946788D9E7AFF8D46828CD18CD2E82125
:10776000CD85C0740A8B867AFFFF467E89467A8370
:107770007E7E04750A85FF7406837E7A0075071E77
:10778000682FC4E9E7DC66FF7678FF7676571E68D7
:10779000DFC4E8460B8A4676B407F6E488C68A4614
:1077A00078B40DF6E488C28A467AB41DF6E4C7863A
:1077B000DC000000C7467C0010C746740000B9001A
:0F77C0001083C40C02467431DB00D08EC100F080
:1077D000467426880743FEC0817E74000272F089D9
:1077E000FAB8380430F631DB80E27FC74674000017
:1077F000E8D2CD89F031D2FF4674E89CCD817E7409
:10780000C80072EFB8380489FA31DBE8B7CDC41E7E
:107810007D89268B576CC41E7D89268B476C29D0A9
:107820003D0A0072F589F031D2E86DCD3D800074DB
:10783000071E6810C5E9ADF8C746740000EB1F8D40
:107840009E4AFF8CD189F0E896CE8D9E4CFF8CD15C
:1078500089F0FF4674E888CE837E7404730CBA08FE
:107860000089F0E855CE85C074D5BA030089F0E8E8
:1078700049CEBADF0089F0E841CEBA030089F0E8CA
:1078800039CEBA070089F0E831CE8B567289F0E81C
:1078900029CEC41E7D89C7864AFF8000268B476C8F
:1078A0008986D600BA080089F0E80FCE85C0753504
:1078B0008D9E4AFF8CD189F0E825CE85C075268142
:1078C000BE4AFF8000740D8D9E4CFF8CD189F0E87C
:1078D0000ECEEB11C41E7D89268B476C2B86D600FD
:1078E0003D240072BF837E76007471BA0F0089F068
:1078F000E8C8CD8B5678C1E20289F00B5672E8BA1F
:10790000CD8B567689F0E8B2CDC41E7D89C7864AF4
:0F7911008000268B476C8986D400BA080089F065
:10792000E898CD85C075358D9E4AFF8CD189F0E8E9
:10793000AECD85C0752681BE4AFF8000740D8D9E38
:107940004CFF8CD189F0E897CDEB11C41E7D8926C0
:107950008B476C2B86D4003D240072BFBA4500894A
:10796000F0E857CD8B567889C3C1E20289F00B56F7
:1079700072E847CD8B567609C389F0E83DCD8B562A
:107980007809C389F0E833CD8B567A09C389F0E8CA
:1079900029CDBA020009C389F0E81FCD8B567A09B8
:1079A000C389F0E815CDBA1B0009C389F0E80BCDF7
:1079B000BAFF0009C389F0E801CD09C374071E6846
:1079C00036C5E920F7680002FF767CFFB6DC00567A
:1079D000E8ACBD83C4088986DA0089FA31DBB8389F
:1079E0000480CA01C746740000E8D9CBB8380489BE
:1079F000FA31DB8C969400E8CBCB8D964AFFEB0BEB
:0F7A010046744242837E7407730F8B8E94008904
:107A1000D389F0E8CACC85C074E666FFB64CFF8B0C
:107A200086DA00FFB64AFF85C07505BAA3C2EB0D22
:107A30003D01007505BAACC2EB03BAB6C28CD85092
:107A4000521E685AC5E8930883C40EF6864AFFC0E2
:107A5000744CF6864CFF017405BA0FC3EB03BAB73A
:107A6000BC8CD85052F6864CFF107405B88AC5EB12
:107A700003B8B7BC8CDA5250F6864CFF027405BAD4
:107A8000BDC5EB03BAB7BC8CD850521E68CEC5E852
:107A90004908BA8000B8380483C410E953F6C746D1
:107AA0007400008B9EDC008E467CFF467426C60761
:107AB0000043817E74000272F1BA460089F0E8FA50
:107AC000CB8B5678C1E20289F00B5672E8ECCB8B77
:107AD000567689F0E8E4CB8B567889F0E8DCCB8BDE
:107AE000567A89F0E8D4CBBA020089F0E8CCCB8B87
:107AF000567A89F0E8C4CBBA1B0089F0E8BCCBBA4F
:0F7B01000089F0E8B4CB680002FF767CFFB6DCA9
:107B10000056E8EBBB83C4088986D80089FA31DBBC
:107B2000B8380480CA01E89CCAB8380489FA31DB45
:107B3000C746740000E88DCA8D964AFF8CD7EB0BC0
:0F7B410046744242837E7407730D89D389F98994
:107B5000F0E88CCB85C074E8BA8000B8380431DB1B
:107B6000E862CAF6864AFFC075088B86D80085C0D1
:107B7000740C66FFB64AFF1E68E8C5E919D7894646
:107B8000748A4676B407F6E488C58A4678B40DF65A
:107B9000E488C18A467AB41DF6E4BAFFFF0246744F
:107BA0008B9EDC0000C88E467C00E8EB0DFF46741F
:107BB00043FEC0817E7400027308263A0774EE8B80
:107BC000567485D27D071E681AC6E9A0D88A467603
:107BD000B407F6E488D300C38A4678B40DF6E4000F
:107BE000C38A467AB41DF6E48E467C00D88B9EDCB0
:107BF0000030E401D350260FB60750521E684BC622
:107C0000E915D8BB81C68D46828CD98CD2E8E7C8ED
:107C100085C00F84CC01C786840012008D5E9E8CC7
:107C2000D131C08CD289868200898680008D4682BF
:107C300031F6E84DC885C0740A8B469EBE010089A6
:107C40008680008D5E9E8D46828CD18CD2E832C8B3
:107C500085C0740C8B469E30E424014689868200E0
:107C60008D5E9E8D46828CD18CD2E815C885C074FD
:107C700013837EA0007506837E9E0074078B469E4C
:107C80008986840083FE02750E8B8684003D010088
:107C900072053D240076071E6887C6E9CFD7C74620
:107CA000A80010BA001031C031DB8946A68986B61B
:107CB000008EC28B86B6003B86840073278A86803E
:107CC0000026C64703022688078A86820026884740
:107CD000018A86B60083C304FEC0FF86B6002688EC
:107CE00047FEEBCF8CD8898686008B86840030E4F3
:107CF00080CC058986C2FE8B86800030E489C28BE9
:107D0000868000C1E80230E4C1E20824C009C28BC9
:107D1000868200C1E0088986C8FE8996C6FEFFB645
:107D2000C8FE8B46A6528986C4FEFFB6C2FE8B46AD
:107D3000A8FFB684008986D0FEFFB682008B8686B7
:107D400000FFB680008986CEFE1E31C0681AC78942
:107D500086CCFE8986CAFE8986D2FEE87D0583C46C
:107D600010168D96C2FE52E8A70383C404F686D28D
:107D7000FE017405BA79ADEB03BA0AAB8CD8508B0F
:107D800086C2FE52C1E808501E6856C7E84C0583FB
:107D9000C40A1E6872C7C786B6000000E83C0583A7
:107DA000C404C41E7D89039EB600260FB647425008
:107DB0001E68D0C3FF86B600E8200583C40683BED4
:107DC000B6000772DDC41E7D89260FB6473F5026D8
:107DD0000FB6473E50260FB64741501E6884C7E98C
:107DE00036D6BBB9C78D46828CD98CD2E808C785F8
:107DF000C00F84F601C786900001008D5EBE8CD155
:107E000031C08CD289868E0089868C0089868A0052
:107E1000898688008D468231F6E866C685C0740A78
:107E20008B46BEBE0100898688008D5EBE8D46826F
:107E30008CD18CD2E84BC685C074088B46BE46896F
:107E4000868A008D5EBE8D46828CD18CD2E832C689
:107E500085C0740C8B46BE30E424014689868C00B4
:107E60008D5EBE8D46828CD18CD2E815C685C074DD
:107E7000088B46BE4689868E008D5EBE8D46828CFE
:107E8000D18CD2E8FCC583FE047513837EC00075D7
:107E900006837EBE0074078B46BE8986900083FEF3
:107EA00004750783BE8E000075071E68BEC7E9BC57
:107EB000D58CD8898692008B8688008B969000C1DD
:107EC000E00830F609D08986F8FE8B868A0030E417
:107ED00089C28B868A00C1E80230E4C1E20824C06E
:107EE00009D08B968E0083E23F09D08986FCFE8BF9
:107EF000868C00C1E008C786FAFE00008986FEFE77
:107F0000C78606FF0010FFB6FEFE8B869200FFB606
:107F1000FCFE898604FFFFB6900031C0FFB68800E2
:0F7F2000898602FF1E898600FF685BC889860874
:107F3000E8A80383C40C168D96F8FE52E8D201839C
:107F4000C404F68608FF017405B879ADEB03B80ADE
:107F5000AB8CDA52508B86F8FE30E4508B86F8FEFC
:107F6000C1E808501E6882C8E8700383C40C1E680C
:107F700072C731F6E8640383C404C41E7D8901F32B
:107F8000260FB64742501E68D0C346E84D0383C44F
:107F90000683FE0772E4C4367D89260FB644485036
:107FA000260FB6444750260FB6444650260FB64417
:107FB0004550260FB6444450260FB6444350260F72
:107FC000B64442501E68A6C8E81003C41E7D8983CB
:107FD000C412260FB6473F50260FB6473E50260F15
:107FE000B64741501E68DBC8E92DD4BB0FC98D468A
:107FF000828CD98CD2E8FFC485C075071E6822C95F
:10800000E96AD41E6814C9E8D10283C4048DA6E4C9
:10801000005DE95DC50000000000000000000000F8
:108020005589E5061E57565251535083EC048B4632
:10803000068946EC8B46048946EEC47E0826FF7509
:108040000E26FF750C268B05268B5D02268B4D04B4
:10805000268B5506268B7508268B7D0A1F07FF5E2B
:10806000EC9C5053515256571E0689E583C526C4D1
:108070007E08268F450E268F450C268F450A268FB3
:108080004508268F4506268F4504268F4502268FF4
:1080900005268F451083C404585B595A5E5F1F073D
:1080A0005DC35589E5061E575652515350C47E0490
:1080B00026FF750E26FF750C268B05268B5D022686
:1080C0008B4D04268B5506268B7508268B7D0A1F43
:1080D00007CD159C5053515256571E0689E583C54E
:1080E00022C47E04268F450E268F450C268F450A16
:1080F000268F4508268F4506268F4504268F450284
:10810000268F05268F4510585B595A5E5F1F075D05
:10811000C35589E5061E575652515350C47E042656
:0F812100750E26FF750C268B05268B5D02268BAF
:108130004D04268B5506268B7508268B7D0A1F0756
:10814000CD139C5053515256571E0689E583C522C4
:10815000C47E04268F450E268F450C268F450A26A1
:108160008F4508268F4506268F4504268F45022613
:108170008F05268F4510585B595A5E5F1F075DC3F8
:108180003C3072073C3977032C30C33C4172073CCA
:108190004677032C37C33C6172073C6677032C5744
:1081A000C3B011C35657C80800005052535130C0D5
:1081B0008956F88846FE30E431F68946FAE8708739
:1081C00089C78EC28B5EF62689358E46F8268A07C9
:1081D0003C2074083C0974043C3A750343EBEE8D73
:1081E000470126803F2D7506C646FEFFEB0A268016
:1081F0003F2B7506C646FE0189C38E46F8260FB68C
:1082000007E87CFF3C1175178B46F48946F8E81F98
:108210008789C78EC28B5EF626C7050100EB718E7B
:1082200046F8260FB607E857FF8846FC3C11743421
:1082300081FEFF0F760EE8F78689C78EC226C70536
:108240000100EB1D8B46FA89F2B90400D1E0D1D2CE
:10825000E2FA89D60FB656FC31FF01D08946FA11F1
:10826000FE43EBBBE8C98689C78EC226833D0074F6
:1082700009C746FA000031F6EB16807EFE007D103D
:108280008B46FAF7D0F7D60501008946FA83D60067
:10829000837EF0007506837EF20074128E46F08BAA
:1082A0007EF226891D89FB8B46F8268947028B467C
:1082B000FA89F2C95F5EC33C0A73030430C3043712
:1082C000C3201D1B170C0B09001583F1830885F5CE
:1082D000840584F98366840084F1835657C81800A6
:1082E00000C646FC078D5E0C8C56F631F6895EF4AE
:1082F000C45E08FF4608260FB61F85DB0F842B02DD
:108300004683FB25741B83FB0A750A0FB656FCB81F
:108310000D00E82BA50FB656FC0FB6C3E821A5EB60
:10832000CF8B5E08268A078846FE31C0BA010089D5
:1083300046FA8946F8807EFE2D75030156088E4662
:108340000A8B5E08FF4608260FB61F83FB307C149D
:1083500083FB397F0F6B46FA0A83EB308946FA01BB
:0F8360005EFAEBDD83FB2E75268E460A8B5E08D8
:108370004608260FB61F83FB307C1483FB397F0F22
:108380006B46F80A83EB308946F8015EF8EBDD8A2C
:1083900046FE3C2D7505F75EFAEB083C307404C6CA
:1083A00046FE2085DB0F8482018B7E084783FB68B5
:1083B000750AC45E08897E0831D2EB0E83FB6C75AA
:1083C0000DC45E08897E08BA0200260FB61F8D47CD
:1083D000A83D20000F873DFFB90900BFC1820E07ED
:0F83E000F2AED1E189CF89D02E8B8DC9820C04EA
:1083F000E1BF100080CA04EB0FBF080089C2EB0880
:10840000BF0A00EBF7BFF6FF8B5EF48B4EF64343DB
:1084100083FA02730C8EC1268B47FE895EF499EBBA
:108420003389D02D04003D0200730D895EF48EC1A6
:1084300031D2268B47FEEB1C83FA0773138346F475
:10844000048EC18B5EF4268B47FC268B57FEEB0413
:1084500031C031D2168D4EE851525089F8E8D10022
:1084600089C789D1EB128346F404C47EF48B5EF491
:10847000268B7DFC268B4FFE89F889CA4EE8E802E0
:1084800089C3837EF80075038946F88B46FA85C058
:108490007E21295EFA837EFA007E110FB656FC0F0C
:1084A000B646FEFF4EFAE897A346EBE9C746FA0048
:1084B00000EB097D07F7D829D88946FA8EC12680B6
:1084C0003D0074198B46F8FF4EF885C07E0F0FB63D
:1084D00056FC260FB605E867A34647EBDF837EFA16
:1084E000000F8E0BFE0FB656FCB82000FF4EFAE8C8
:1084F0004EA346EBE88346F402C45EF40FB656FC86
:10850000260FB647FEE914FE8B46FA85C07507C6EE
:1085100046FC07E9DAFD3D0F007E07C646FC0FE981
:10852000CEFD8A46FA8846FCE9C5FD89F0C95F5E42
:10853000C35657C80A00008B5E088B760A8946FE30
:10854000C746FA000085C07D13F75EFE85F67D0CF8
:10855000C746FA0100F7DEF7DB83DE008E460E89A0
:108560005EFC8B5E0CBF0A0026C6470B008B46FEE6
:10857000998946F68956F88B46FC8B5EF68B4EF849
:1085800089F2E8AA000FB6C3E82CFD8E460E89FBDF
:108590008B4EF8035E0C89F22688078B46FC8B5EB7
:1085A000F64FE88A008946FC89D609D075BF837EDC
:1085B000FA00740A89FB035E0C4F26C6072D8D4511
:1085C000018B560E03460CC95F5EC2080000935033
:1085D000920BC07402F7E2910BC07404F7E303C876
:1085E00058F7E303D1C30BD278160BC97941F7D9F9
:1085F000F7DB83D900E83700F7DAF7D883DA00C36E
:10860000F7DAF7D883DA000BC97912F7D9F7DB83E9
:10861000D900E81A00F7D9F7DB83D900C3E80F00C7
:10862000F7D9F7DB83D900F7DAF7D883DA00C30B81
:10863000C9751A4B7416433BDA77098BC88BC22B6A
:10864000D2F7F391F7F38BDA8BD12BC9C33BCA7204
:108650001A75103BD8770C2BC38BD82BC92BD2B8EB
:108660000100C32BC92BDB9387CAC355562BF68B4E
:10867000EE03DB13C97211453BCA72F577043BD890
:1086800076EFF813F64D7820D1D9D1DB2BC319CA78
:10869000F572F003F64D780CD1E9D1DB03C313D1A9
:1086A00073F1EBDF03C313D18BD88BCA8BC633D2E4
:1086B0005E5DC35389C388D089DAEE5BC35289C239
:1086C000EC2AE45AC3000000000000000000000093
:1086D000575652515389C24231C0EE88D54242B0FA
:1086E00080EE88D188EAB05A88C7EE4AF6D0EE42CA
:1086F000EC38F8740E08C075664AEC4208C0755F25
:1087000080CC4088CA30C0EE88EAEC38F87450FE5D
:10871000C483C20688F8EEEC38F87543FEC486D1EF
:10872000B0BFEE86D1EC38F8753288CAB080EE4A18
:10873000B0E7EEEC88C74230C0EEF6C7407420FECA
:10874000C4F6C7807419F6C720750FFEC442B02066
:10875000EEECA8207409FEC4EB05B40380C40488C1
:10876000E0985B595A5E5FC35389C38EC231C026FD
:10877000803F0074044043EBF65BC3000000000040
:1087800020282028202820282028202820282028A9
:1087900094112128212821288D35212821282128BC
:1087A000903240094A096009B00D000F0F3670324F
:1087B000F830003010112828202828286A3F28285F
:1087C0002828282828282828282828282828282829
:1087D0002828282828282828282828282828282819
:1087E0002828282828282828282828282828282809
:1087F00028282828282828282828282828282828F9
:10880000C63F2F282F282F282F2820282F28202820
:10881000202820282F282028202820282028202809
:108820002028202820282028202820282028202808
:1088300020282028202820282028202820282028F8
:1088400020282028202820282028202820282828E0
:1088500020282028202820282028202820282028D8
:108860003028302830283028302830283028302848
:1088700020282028202820282028202820282028B8
:1088800004F830003AF40F0038F405013EF400001B
:108890003CF401FC22F40A0020F4008126F400FCE0
:1088A00024F4007C02F4100000F4070006F403FC3A
:1088B00004F401FC0AF4070008F407C00EF400FCFD
:1088C0000CF4013C1AF40B0018F405011EF400002E
:1088D0001CF401FC12F4000010F4020316F4FF0370
:1088E00014F401FCA0F40800A6F40100A2F4FAFCC0
:1088F000A4F40080CAF40200FFFF92000262F86351
:1089000064F80120F80200F80C6AF8FF6CF8A02265
:10891000F8FF72F8FF74F8FF24F8BC26F84034F82A
:108920004143F03040F00040F0B443F07041F000BB
:1089300041F00043F0B042F00042F00036F884FB12
:108940000380F8030CF90300FB0307F90300FC03A1
:108950000332F85E20F01121F00821F00421F0012B
:1089600021F0FF20F04BA0F011A1F070A1F002A1C6
:10897000F001A1F0FFA0F04BF8032AFFFF00004038
:1089800000E7000000000000000000000000000000
:1089900000000000000000000000000000000000D7
:1089A000008000A0000000000000000000000000A7
:1089B00000000000000000006F00B0890F00000000
:1089C0000000000000000000FFFF00000093CF0047
:0E89D20000000093CF00FFFF00000093CF00D5
:0E89E2000000009BCF00FFFF00000F9B000075
:0F89F10002000400930000FFFF00000093CF007E
:0E8A020000000093CF00FFFF00000093000073
:0E8A120000000F9B0000FFFF00000F9BC10043
:108A20008DD68DD6BA001800BA001800706F727417
:108A3000207374617475732030782530327820206B
:108A4000206D6F64656D2073746174757320307868
:108A5000253032780A00226264612E682220697310
:108A6000207468652077726F6E672073697A653A43
:108A70002025640A0048697420616E79206B65794D
:108A800020647572696E67207465787420646973F8
:108A9000706C61792F7363726F6C6C20746F2065DA
:108AA0006E7465722053455455500A004350555F0B
:108AB000636C6B2025642E253032756D687A20201A
:108AC0004571756970466C6167202530347868207F
:108AD00020436F6E764D656D2025644B62202045E6
:108AE00078744D656D2025754D6220205352414D9F
:108AF0002025754B620A004550524F4D2C20382DD1
:108B00006269742061742035207761697420737400
:108B100061746573004452414D2C2031362D6269D9
:108B200074206174203220776169742073746174D9
:108B300065732028736861646F7765642900424912
:108B40004F532072756E6E696E672066726F6D206E
:108B500025730A00736B6970706564202D2D207772
:108B600061726D2073746172742C20666C61672071
:108B700031323334682077617320736574206174F7
:108B80002034303A37320072616E202D2D20636F11
:108B90006C64207374617274004D656D6F7279201E
:108BA0006D617263682025730A000A0057502062C5
:108BB0006974203D2025303278680A0054686520A9
:108BC0004E5652414D20636865636B73756D206925
:108BD00073206E6F742076616C69642E0A0054688D
:108BE0006520636C6F636B2069732073746F7070A2
:108BF00065642E0A00445331333032205254432FDF
:108C00004E5652414D206261636B757020626174F3
:108C100074657279206368617267696E6720697331
:108C2000200064697300656E0061626C65642E0AE1
:108C300000676F742061206368617261637465729C
:108C40000A000A494E5420313968207265747572E1
:108C50006E6564202D2D206E6F7468696E672074B8
:108C60006F20626F6F742E0A000052656C6561732D
:108C7000653A20257320202020202020202020431A
:108C80006F6D70696C65643A2020536570203230D6
:108C9000203230323620206174202031393A343687
:108CA0003A31320A0A0020202020202020202020D3
:108CB0002020426F6F7420617420253032783A256D
:108CC0003032783A253032780020206F6E2020250F
:108CD0003032782F253032782F253034780A0A0048
:108CE000082008004E6F6E2D7265636861726765BB
:108CF00061626C650053757065722D43617020343C
:108D00002E3376004E694361642F4E694D482033FF
:108D10002E3676004669786564204469736B73006B
:108D2000466C6F707079204469736B730052532DD9
:108D30003233322053657269616C00446174652F6F
:108D400054696D652F4261747465727900426F6F6A
:108D500074204F72646572004465627567204D6FC0
:108D60006E69746F720053656C662074657374006D
:108D70004E6F6E65006D6963726F205344206361AE
:108D80007264006475616C20534420736C6F7420AE
:108D900030006475616C20534420736C6F74203113
:108DA000006C6F63616C20494445206D617374658C
:108DB00072006C6F63616C2049444520736C61766E
:108DC00065003336304B62202020352E3235206945
:108DD0006E63682C20343020747261636B00312E16
:108DE000324D62202020352E323520696E63682C8A
:108DF00020383020747261636B003732304B622050
:108E00002020332E3520696E63682C2020383020D6
:108E1000747261636B00312E34344D622020332E26
:108E20003520696E63682C202038302074726163AD
:108E30006B00466C6F7070792C207468656E2066CC
:108E400069786564206469736B004669786564209D
:108E50006469736B2C207468656E20666C6F70702B
:108E60007900466C6F707079206F6E6C790046697E
:108E7000786564206469736B206F6E6C790053654C
:108E8000742044617465005365742054696D6500F5
:108E9000536574204261747465727920436861720D
:108EA0006765720053756E004D6F6E0054756500F6
:108EB0005765640054687500467269005361740018
:108EC0003131300031353000333030003630300051
:108ED0003132303000323430300034383030003904
:108EE00036303000313932303000333834303000F1
:108EF00035363030302F353736303000313135327D
:108F000030300032333034303000343630383030A6
:108F10000031206269740032206269747300382065
:108F2000626974732C206E6F2070617269747900AD
:108F30003720626974732C206576656E20706172CB
:108F4000697479003720626974732C206F6464201F
:108F5000706172697479004C696E65205370656543
:108F6000640053746F702042697473002342697403
:108F7000732F506172697479000A25733A0A0025CB
:108F800035642E2025730A0043686F6963653A20B3
:108F9000000A000A43757272656E746C793A20207B
:108FA000003C756E6B6E6F776E3E0044533133300C
:108FB000322062617474657279206261636B7570CE
:108FC000005342432D333836455820737973746506
:108FD0006D207365747570000A53657474696E67EB
:108FE000732073746F7265642E20205265626F6FF8
:108FF00074696E67202E2E2E0A002573205B25646F
:109000005D3A20000A4669786564206469736B20C4
:1090100067656F6D657472790A000A5468657365D7
:10902000206D757374206D617463682074686520A9
:109030006D616368696E6520746861742070617227
:10904000746974696F6E6564207468652063617209
:10905000642C0A006E6F74206E65636573736172B1
:10906000696C792077686174207468652063617227
:1090700064207265706F7274732E20205A65726F4F
:10908000203D20757365207468650A006361726411
:109090002773206F776E2067656F6D657472792E08
:1090A0002020456D707479206C696E65206C656157
:1090B00076657320612076616C756520616C6F6EDA
:1090C000652E0A00536C617665004D61737465729C
:1090D000000A25730A00202068656164732020005F
:1090E0002020736563746F7273000A53746F726526
:1090F000642E2020546865206E65772067656F6D4B
:10910000657472792074616B65732065666665634A
:109110007420617420746865206E65787420626FB5
:109120006F742E0A000A426F6F74206F726465724A
:109130000A000A43757272656E746C792025730A91
:10914000000A4E6F74653A205345545550207361A0
:109150007973207468657265206973206E6F20646E
:109160007269766520412C20736F207468652066D3
:109170006C6F70707920697320736B6970706564AF
:109180000A2020202020207768617465766572208F
:1091900069732063686F73656E20686572652E0A57
:1091A00000426F6F74206F72646572000A53746FAF
:1091B0007265642E2020546865206E657720736583
:1091C0007474696E672074616B657320656666658B
:1091D000637420617420746865206E657874206201
:1091E0006F6F742E0A000A466C6F7070792064727B
:1091F000697665730A000A54686520696E74657241
:10920000666163652063616E6E6F742062652061C4
:10921000736B65642077686174206973206174746E
:1092200061636865642C20736F20776861740A003D
:10923000697320736574206865726520697320778F
:10924000686174207468652042494F532077696CC7
:109250006C2062656C696576652E0A0044726976D9
:109260006520420044726976652041000A2573201A
:1092700069732025730A000A53746F7265642E2087
:1092800020546865206E65772073657474696E6715
:10929000732074616B652065666665637420617414
:1092A00020746865206E65787420626F6F742E0A72
:1092B000000A43757272656E746C793A20202573CA
:1092C0000020253032782F253032782F2530327823
:1092D0002530327820444F573D25642020636C6B45
:1092E000444F573D25640A00557064617465205BE6
:1092F0006D6D2F64642F797979795D3A200020258E
:109300003032782F253032782F25303278253032A0
:10931000780A000A43757272656E742074696D650F
:109320003A202025783A253032783A253032782094
:1093300020202054686520636C6F636B2069732064
:109340000073746F707065640A0072756E6E696E7A
:10935000670A00557064617465205B68683A6D6DDA
:109360005B3A73735D5D3A20000A43757272656EF5
:109370007420737065656420256C752062707300BD
:1093800053657269616C204C696E65206269747303
:109390002F7365636F6E6400536574207370656529
:1093A0006420256C75206270730A000A437572721E
:1093B000656E742073746F702062697473203D2031
:1093C0002564004E756D626572206F662053746F60
:1093D000702042697473006E6F006F64640065767C
:1093E000656E000A43757272656E746C793A202559
:1093F0007520626974732C20257320706172697402
:109400007900436861726163746572204D616B65B8
:1094100075700053657269616C20536574757000D6
:109420000A53494F30206973207365743A20202015
:109430002564256325642061742073706565645F0D
:10944000696E646578203D20256420285365747515
:10945000702025642E290A000A506F7274207374DC
:1094600061747573203078253032782020204D6F5C
:1094700064656D20737461747573203078253032A3
:10948000780A000A436F6E76656E74696F6E616C60
:10949000204D656D6F727920617661696C61626CD7
:1094A00065203D2025644B2062797465730A004E67
:1094B0006F200025642000666C6F707079206472E4
:1094C0006976652873292061747461636865640A2C
:1094D000004D61746820636F2D70726F63657373E4
:1094E0006F7220696E7374616C6C65640A00256428
:1094F0002073657269616C2052532D3233322070B3
:109500006F72742873290A00345541525420626FD7
:1095100061726420666F756E6420617420307834E7
:10952000253032780A005647413320666F756E64E5
:109530002061742030783445380A00564741332082
:10954000666F756E642061742030783445300A008F
:109550005647413320666F756E6420617420307801
:109560003444380A005647413320666F756E6420D4
:1095700061742030783446300A002000206E6F7409
:10958000200056474133206469726563742061632B
:109590006365737320746F20766964656F206D65F1
:1095A0006D6F727925736F70657261626C652E0ADA
:1095B000004356445520666F756E642061742030F8
:1095C000783445380A004356445520666F756E64FA
:1095D0002061742030783444380A004356445520C2
:1095E000666F756E642061742030783445300A00EF
:1095F0004356445520666F756E6420617420307840
:109600003446300A000000000000000000000000A6
:109610004944453A206E6F20726573706F6E7365B2
:1096200020746F20736F66742072657365740A000E
:10963000736C61766520006D6173746572004944D6
:10964000452025733A20415441504920646576698C
:1096500063652C206E6F74206120666978656420D4
:109660006469736B0A004944452025733A20776981
:109670006C6C206E6F742061636365707420382D8C
:109680006269742050494F206D6F64650A00494437
:10969000452025733A204944454E54494659206691
:1096A00061696C65640A004944453A206E6F206424
:1096B000726976657320666F756E640A0049444569
:1096C00020257320204C424120256C75203D20250B
:1096D0006C75204D622020666C61677320253032E6
:1096E000580A00202020286E6F20757361626C6517
:1096F0002067656F6D6574727929002020202874B9
:1097000072616E736C6174656429000020202020F2
:109710002020202020202020647269766520257575
:109720002F25752F2575202020494E542031336870
:109730002025752F25752F257525730A0049444569
:109740003A20626F746820756E6974732072657058
:109750006F7274206964656E746963616C206765FB
:109760006F6D65747279202D2D20636865636B20A1
:1097700074686520736C617665206A756D706572BA
:109780002F73747261700A004944453A2070617207
:10979000616D65746572207461626C657320646FBD
:1097A000206E6F742066697420746865207265731A
:1097B00065727665642042444120617265610A00E9
:1097C0004944453A202564206472697665287329E6
:1097D00020726567697374657265642C20494E5404
:1097E00020343168202D3E20253034583A2530343D
:1097F000580A000000000000000000000000000007
:109800006E6F6E6500755344200053443020005342
:10981000443120004944456D0049444573002530DA
:10982000345820200025303458200025303258206C
:10983000000A002530386C5820200020202000200D
:1098400000207C002563007C0A005E4320202D2D33
:109850002064756D702073746F70706564202D2D99
:109860000A0042494F53204461746120417265618E
:1098700020617420253034583A303030300A0A00E4
:10988000796573006E6F2000457175697020202026
:109890002025303458202046505520257320207331
:1098A000657269616C20706F727473202575202059
:1098B0006D666720253032582025303258202530FB
:1098C00032580A004D656D6F7279202020636F6EEB
:1098D000762025754B6220206578742025754B62B3
:1098E00020205352414D2025754B62202043505576
:1098F0002025752E253032756D687A0A004D697302
:109900006320202020204542444120253034582027
:10991000206572726E6F20253034582020415473B8
:10992000746174202530325820207265736574206C
:10993000253034582020524F4D696E6974202530EF
:10994000386C580A000A53657269616C20202064E3
:109950006576202530345820253034582025303481
:10996000582025303458202020666C6167732025EC
:1099700030325820253032582025303258202530BA
:1099800032580A0020202020202020202074696DD9
:10999000656F7574202530325820253032582025C7
:1099A00030325820253032580A00506172616C6C98
:1099B000656C206465762025303458202530345875
:1099C0002025303458202530345820202074696DEB
:1099D000656F757420253032582025303258202587
:1099E00030325820253032580A000A54696D6572A9
:1099F000202020202530386C5820206F7665726634
:109A00006C6F7720253032582020696E74666C6147
:109A100067202530325820205254437761697420E2
:109A2000253032580A004B65796264202020206678
:109A30006C6167202530325820253032582025307F
:109A40003258202530325820206865616420253046
:109A50003458207461696C20253034582020627598
:109A60006620253034582E2E25303458202062723E
:109A70006B20253032580A000A466C6F70707920CE
:109A800020207365656B2025303258206D6F746F10
:109A900072202530325820636F756E742025303265
:109AA00058207374617475732025303258202072E9
:109AB0006174652025303258202074616220253081
:109AC000325820253032580A00466978656444735C
:109AD0006B206E20257520207374617475732025AA
:109AE00030325820206374726C2025303258202088
:109AF000706F727420253032582020747261636B4D
:109B0000202530345820207374732F6572722025FD
:109B10003032582F253032580A004469736B746113
:109B20006220002025753A2573002025753A3F25CF
:109B3000303258000A4E5652414D20202020736981
:109B40006F3020253032582025303258202063686D
:109B500065636B73756D20253034580A00736C6132
:109B60007665006D61737465720049444520257304
:109B70003A2077696C6C206E6F7420616363657046
:109B80007420382D6269742050494F206D6F6465D0
:109B90000A004944452025733A204944454E54491A
:109BA0004659206661696C65640A00494445202570
:109BB00073204944454E544946592020202872615B
:109BC000772064617461206174202530386C5829D5
:109BD0000A0020204D6F64656C2020202020222563
:109BE00073220A00202053657269616C20202020B6
:109BF000222573220A0020204669726D7761726502
:109C00002020222573220A002020436F6E66696798
:109C100020202020253034582020206361707320BC
:109C200025303458202020444D4120257320202009
:109C30004C42412025732020204346412D38626943
:109C4000742025730A00202047656F6D6574727952
:109C5000202025752063796C20202575206865619A
:109C60006420202575207365632F74726B2020207B
:109C70006D756C7469706C652025750A0020204C28
:109C8000424132382020202020256C7520736563E6
:109C9000746F727320203D20256C75204D620A0080
:109CA0004944452025733A2072656164206F66201F
:109CB0004C424120256C75206661696C65640A0020
:109CC00049444520257320204C424120256C7520B5
:109CD000282530386C58290A004D4F4E3E00445517
:109CE0004D500075736167653A2044554D50203CD6
:109CF000616464723E205B3C656E643E5D0A2020B8
:109D00002020202020616464722069732046303056
:109D1000303A46464630206F72206120666C61748E
:109D200020334630303030300A0049525146494ED7
:109D3000440073616D706C696E67207468652049BA
:109D4000435520776974682053494F30207265630A
:109D500065697665204F4646202E2E2E0A006261E8
:109D600073656C696E65206D617374657220253052
:109D7000325820736C61766520253032580A004EC7
:109D80004F572054595045204F4E45204B455920A0
:109D90002D2D2069742077696C6C206E6F742062A1
:109DA0006520726561642C20736F207468650A7287
:109DB0006571756573742073746179732061737351
:109DC00065727465642E202046697665207365632C
:109DD0006F6E6473202E2E2E0A00776974682052ED
:109DE00058206F6E2020206D6173746572202530BD
:109DF000325820736C61766520253032582020203F
:109E00004C535220253032580A006E657720626923
:109E1000747320202020206D6173746572202530BA
:109E2000325820736C61766520253032580020202E
:109E3000203C2D2D20746861742069732053494F94
:109E4000300A0047454F0075736167653A20474502
:109E50004F203C68656164733E203C736563746F9A
:109E600072733E0A0063757272656E742025752FD9
:109E700025752F257520204C424120256C750A0040
:109E800047454F3A20256C752F256C752F256C752D
:109E9000206E6565647320256C752063796C696E2E
:109EA000646572732C206F75747369646520312E3C
:109EB0002E313032340A00494E5420313368206745
:109EC000656F6D65747279206E6F772025752F250B
:109ED000752F2575202028636F7665727320256C99
:109EE00075206F6620256C7520736563746F7273BF
:109EF000290A00424441004D4B424F4F54007573B4
:109F00006167653A204D4B424F4F54203C6C626173
:109F10003E2020202A2A2A204F5645525752495483
:109F20004553207468617420736563746F72202ACE
:109F30002A2A0A2020202020202077726974652098
:109F4000697420746F203020746F206D616B652000
:109F500069742074686520626F6F74207365637420
:109F60006F720A007772697465206F66204C4241F7
:109F700020256C75206661696C65640A00726561F4
:109F800064206261636B206F66204C424120256C27
:109F900075206661696C65640A004641494C454418
:109FA000006F6B007465737420626F6F742073654B
:109FB00063746F72202D3E204C424120256C752C1D
:109FC000202575206279746573206F6620636F6445
:109FD000652C207665726966792025730A006669AA
:109FE000727374206279746573202530325820258D
:109FF00030325820253032582020207369676E6136
:10A0000074757265202530325820253032580A0088
:10A01000534543434D500075736167653A2053457E
:10A0200043434D50203C6C62613E205B3C73656352
:10A03000746F72733E5D205B3C64726976653E5D51
:10A040000A202020202020207265616473204E2089
:10A05000696E206F6E6520636F6D6D616E642C207C
:10A060007468656E204E2073696E676C792C206170
:10A070006E6420636F6D70617265730A202020200A
:10A0800020202064726976652030203D206D617348
:10A09000746572202864656661756C74292C2031A2
:10A0A000203D20736C6176650A202020202020202E
:10A0B000657665727920617267756D656E74206969
:10A0C00073204845582C206C696B65206576657255
:10A0D00079776865726520656C736520686572655F
:10A0E0000A00534543434D503A203220746F2032CA
:10A0F0003020736563746F72732C20616E642074FA
:10A1000068617420697320686578202D2D203120C6
:10A11000776F756C64206E6F742074657374206142
:10A120006E797468696E670A00534543434D503A2F
:10A130002064726976652030203D206D61737465FE
:10A14000722C2031203D20736C6176650A005345E6
:10A1500043434D503A2025732C20256C75207365A0
:10A1600063746F72732066726F6D204C42412025BC
:10A170006C750A00534543434D503A20746865207E
:10A18000256C752D736563746F7220726561642030
:10A190006661696C65642C20737461747573202525
:10A1A0003032580A00534543434D503A2073696E8C
:10A1B000676C652072656164206F66204C424120A7
:10A1C000256C75206661696C65642C2073746174FC
:10A1D000757320253032580A00534543434D503A99
:10A1E00020736563746F7220257520284C424120CE
:10A1F000256C752920646966666572732061742018
:10A20000627974652025753A206D756C7469202516
:10A210003032582C2073696E676C652025303258B7
:10A220000A00534543434D503A202573202D2D20DD
:10A230006F6E6520636F6D6D616E6420616E64206A
:10A24000256C752073696E676C6573206167726534
:10A2500065206279746520666F7220627974650A80
:10A2600000534543434D503A207A65726F2D636F1A
:10A27000756E74206775617264202E2E2E20007218
:10A28000657475726E6564202530325820287761B8
:10A290006E74203030290A005345433200757361D3
:10A2A00067653A2053454332203C6C62613E0A00A8
:10A2B000626C6F636B2025753A206E6F204452519B
:10A2C0002C2073746174757320253032580A006233
:10A2D0006C6F636B2025753A202575206279746553
:10A2E000732C2073746174757320253032582C20C0
:10A2F0006C61737420343A20253032582025303276
:10A3000058202530325820253032580A0053454312
:10A31000544553540075736167653A20534543545F
:10A32000455354203C6C62613E2020202A2A2A207A
:10A330004F56455257524954455320746861742012
:10A34000736563746F72202A2A2A0A007072652D61
:10A3500072656164206F66204C424120256C752037
:10A360006661696C65640A007072652D726561646E
:10A370002020302E2E333A202530325820253032FE
:10A3800058202530325820253032582020203530B2
:10A39000382E2E3531313A202530325820253032B2
:10A3A00058202530325820253032580A0073656312
:10A3B0006F6E64207072652D7265616420666169DC
:10A3C0006C65640A004449534147524545202D2D90
:10A3D0002072656164207061746820697320756EF5
:10A3E00072656C6961626C650061677265650074B5
:10A3F000776F207265616473206F662074686520D2
:10A4000073616D6520736563746F722025730A0034
:10A410004C424120256C7520726F756E64207472F9
:10A4200069703A202575206F662025752062797441
:10A4300065732077726F6E670A00666972737420A5
:10A440006261642061742025753A206578706563C7
:10A45000746564202530325820676F7420253032AF
:10A46000580A004F4B0057524F4E470062797465AF
:10A47000203531313A206578706563746564202534
:10A4800030325820676F7420253032582020202524
:10A49000730A005345435241573136007573616763
:10A4A000653A205345435241573136203C6C626136
:10A4B0003E0A0053455420464541545552455320C9
:10A4C000383168202D3E20737461747573202530F7
:10A4D00032580A0073746174757320617420445299
:10A4E0005120253032580A006472697665207375F0
:10A4F00070706C69656420257520776F7264732CA9
:10A500002066696E616C20737461747573202530E8
:10A5100032580A00627974657320302E2E333A2047
:10A520002020202025303258202530325820253058
:10A53000325820253032580A00627974657320350C
:10A5400030382E2E3531313A202530325820253002
:10A550003258202530325820253032580A005345D1
:10A56000435241570075736167653A205345435222
:10A570004157203C6C62613E0A00627566666572F6
:10A580002077726974656261636B203530382E2ED6
:10A590003531313A202530325820253032582025A7
:10A5A00030325820253032582020202865787065B8
:10A5B0006374203131203232203333203434290A7D
:10A5C00000647269766520737570706C69656420CB
:10A5D00025752062797465732C2066696E616C2024
:10A5E00073746174757320253032580A006F6E657C
:10A5F000206D6F726520726561642061667465729A
:10A60000204452512064726F707065643A20253086
:10A61000325820202028737461747573206E6F7710
:10A620002025303258290A006475702064617461F5
:10A63000203146383A202530325820202031463902
:10A640003A20253032582020206572722031463160
:10A650003A20253032580A00756E676174656420AF
:10A66000666972737420627974657320302E2E339C
:10A670003A202530325820253032582025303258A3
:10A6800020253032580A00756E6761746564203584
:10A6900031322072656164732C203530382E2E35AE
:10A6A00031313A202530325820253032582025309B
:10A6B0003258202530325820202028737461747558
:10A6C00073206E6F772025303258290A00424F4F91
:10A6D0005443484B0068645F6E756D6265723D253A
:10A6E0007520206469736B5F7461625B305D3D252A
:10A6F0003032582020494E543431683D253032588C
:10A70000253032583A25303258253032580A004325
:10A71000415252590041483D303020726573657492
:10A72000202041583D25303458202025730A00410F
:10A73000483D3032207265616420202041583D251B
:10A74000303458202025730A0041483D30312073B1
:10A7500074617475732041483D25303258202020A3
:10A760006264612E68645F7374617475733D253033
:10A7700032580A00303030303A37433030203D20F4
:10A78000253032582025303258202E2E2E202037CA
:10A79000444645203D202530325820253032580A85
:10A7A00000424F4F5400494E5420313968202D2D1E
:10A7B00020746865206D6F6E69746F7220646F65B8
:10A7C00073206E6F742067657420636F6E74726F90
:10A7D0006C206261636B0A004844494E4954007220
:10A7E0006573657474696E672074686520494445B3
:10A7F00020696E74657266616365202E2E2E0A00D4
:10A800004944454E540075736167653A2049444593
:10A810004E54205B64726976655D20202030203DB7
:10A82000206D61737465722C2031203D20736C6142
:10A8300076650A004C42410075736167653A204CA9
:10A840004241203C736563746F723E205B647269A1
:10A8500076655D20202030203D206D617374657227
:10A860002C2031203D20736C6176650A004C4241FA
:10A870003A2032382D6269742061646472657373A2
:10A88000696E67206F6E6C792C206D61782046466A
:10A8900046464646460A004C42413A206472697672
:10A8A000652069732030206F7220310A00494F52B1
:10A8B0005700494F520075736167653A20494F52FE
:10A8C000203C706F72743E205B636F756E745D2008
:10A8D0002020206279746520706F7274730A2020C2
:10A8E0002020202020494F5257203C706F72743E28
:10A8F000205B636F756E745D202020776F7264201B
:10A90000706F7274730A00494F523A20636F756E0C
:10A910007420697320312E2E25580A00494F57574D
:10A9200000494F570075736167653A20494F5720BA
:10A930003C706F72743E203C627974653E2020202A
:10A94000206279746520706F7274730A2020202051
:10A95000202020494F5757203C706F72743E203C96
:10A96000776F72643E202020776F726420706F7260
:10A9700074730A00494F573A20612076616C7565FF
:10A980002069732072657175697265640A003030E0
:10A9900030302E2E464646460030302E2E4646009B
:10A9A000494F573A2076616C75652069732025738D
:10A9B0000A0025303458203C2D20253034580A0018
:10A9C00025303458203C2D20253032580A00474F7E
:10A9D00000474F3A205265616C204D6F64652063DB
:10A9E000616E6E6F742072656163682061626F765C
:10A9F0006520314D62202D2D2067697665207468B1
:10AA00006520616464726573732061732073656788
:10AA10003A6F66660A0075736167653A20474F2092
:10AA20003C616464723E205B4158205B4258205B6D
:10AA30004358205B44585D5D5D5D0A202020202046
:10AA400020206164647220697320463030303A45BA
:10AA5000303030206F72206120666C617420464572
:10AA60003030300A20202020202020746865207497
:10AA70006172676574206D75737420726574757288
:10AA80006E20776974682061206661722052455497
:10AA90000A0063616C6C20253034583A25303458F4
:10AAA000202041583D253034582042583D2530342F
:10AAB000582043583D253034582044583D253034E3
:10AAC000582044533D253034580A006261636B209E
:10AAD00041583D253034582042583D2530345820C7
:10AAE00043583D253034582044583D2530345820B3
:10AAF00053493D253034582044493D253034580AC7
:10AB0000005A52004E5A004359004E430020202064
:10AB1000202044533D253034582045533D253034C2
:10AB20005820464C3D25303458202025732025736D
:10AB30000A00494E5431350075736167653A204902
:10AB40004E543135203836205B3C757365633E5D6D
:10AB50000A20202020202020494E5431352038372B
:10AB6000203C7372633E203C6473743E205B3C77F0
:10AB70006F7264733E5D0A20202020202020494E01
:10AB80005431352038380A20202020202020494EFA
:10AB90005431352043300A003836683A20676976E8
:10ABA000652061206D6963726F7365636F6E6420E9
:10ABB000636F756E740A00316D687A20636F756E0D
:10ABC000746572202874686520506861736520344C
:10ABD00020776F726B290031382E32687A207469C1
:10ABE000636B2028746865206F6C642070617468E2
:10ABF00029003836683A20257320706174680A008D
:10AC00003836683A204359202D2D207265667573B9
:10AC100065642061667465722025642063616C6CD4
:10AC20002873290A003836683A20257520782025AF
:10AC30006C752075736563203D20256C75207573D8
:10AC400065632061736B65640A0020202020202545
:10AC500075207469636B73203D20256C75207573B6
:10AC60006563206D656173757265642C202B2F2DD3
:10AC70003534393235206F6E207468652072756EF8
:10AC80000A002020202020256C752525206F6620B5
:10AC900077686174207761732061736B6564202D20
:10ACA0002D2077616E742061626F757420313030B1
:10ACB0000A0075736167653A20494E543135203872
:10ACC00037203C737263206C696E6561723E203C74
:10ACD000647374206C696E6561723E205B3C776FB3
:10ACE0007264733E5D0A202020202020206C696E53
:10ACF000656172206164647265737365732C20737F
:10AD00006F20313030303030206973207468652016
:10AD1000314D62206D61726B0A003837683A20311C
:10AD200020746F203830303020776F7264732C209D
:10AD3000616E64207468617420636F756E7420693D
:10AD400073206865780A003837683A20256C7520CA
:10AD5000776F7264732C202530386C58202D3E207C
:10AD60002530386C582C20474454206174202530FD
:10AD700034583A253034580A004359202D2D206686
:10AD800061696C6564003837683A2041483D253078
:10AD90003258202025730A0020202020207372635F
:10ADA000202530386C583A20002020202020647361
:10ADB00074202530386C583A20000A2020202020AA
:10ADC0007468652074776F206C696E6573206D758B
:10ADD00073742061677265650A004359202D2D2028
:10ADE00072656675736564003838683A2041583D6D
:10ADF00025303458203D202575204B622061626F3C
:10AE0000766520314D6220282575204D62293B2032
:10AE10002042444120686F6C6473202575204B628A
:10AE2000202025730A004330683A204359202D2DF5
:10AE3000206E6F7420737570706F727465640A0091
:10AE40004330683A207461626C652061742025305B
:10AE500034583A253034582C202575206279746591
:10AE60007320666F6C6C6F770A0020202020206DA5
:10AE70006F64656C202530325820207375626D6FC9
:10AE800064656C2025303258202042494F5320728F
:10AE9000657620253032580A00525443006E6F20E8
:10AEA00052544300326E6420494355006E6F203285
:10AEB0006E6420494355002020202020666561747F
:10AEC0007572657320253032582025303258202580
:10AED00030325820253032582025303258202D2D40
:10AEE0002025732C2025730A00494E5431353A2011
:10AEF00038362C2038372C20383820616E642043B7
:10AF000030206F6E6C790A00574454004F4E006F2A
:10AF10006666005744543A2057445453544154559C
:10AF2000532025303258202D2D20627573206D6FEF
:10AF30006E69746F722025730A006F6E004F46466B
:10AF4000002020202020505752434F4E2020202008
:10AF500025303258202D2D20574454524459202555
:10AF6000732C20485352454144592025730A002030
:10AF70002020202072656C6F6164202530345825B4
:10AF8000303458203D20256C7520636F756E7473C6
:10AF9000202020286E65766572207772697474654A
:10AFA0006E20627920746869732042494F53290AE0
:10AFB000002020202020636F756E74200020253033
:10AFC000345825303458002020202020617420255A
:10AFD00075206D687A2074686174206973206162DD
:10AFE0006F757420256C75207573656320626566C6
:10AFF0006F726520524541445920697320666F7213
:10B000006365640A002020202020636F6D706172E8
:10B010006520616761696E73742074686520736C64
:10B020006F77657374207265616C2061636365730B
:10B03000733A2043533020616E64204353312072B1
:10B04000756E20372077616974207374617465733D
:10B050000A005744545345540075736167653A209C
:10B06000574454534554203C72656C6F61643E0AEA
:10B07000202020202020206865782C2033322D626B
:10B0800069742E202054686520706F7765722D6F6B
:10B090006E2064656661756C742069732033464662
:10B0A0004646462E0A202020202020204D65617330
:10B0B000757265207769746820494F54494D452061
:10B0C0003634203130206265666F726520616E64AF
:10B0D0002061667465722E0A005744545345543AF1
:10B0E0002077726F74652025303458253034582C01
:10B0F000207265616473206261636B20253034586F
:10B10000253034580A002020202020202020497497
:10B1100020646964206E6F742074616B652E20203A
:10B120005468652072656C6F61642072656769732D
:10B1300074657273206D61792077616E7420610A85
:10B140002020202020202020574454434C5220739C
:10B15000657175656E6365206669727374202D2D47
:10B160002061206461746173686565742071756520
:10B170007374696F6E2C206E6F7420612067756523
:10B1800073732E0A00202020202020202052656C7E
:10B190006F61642073657175656E63652073656E9C
:10B1A000742E202052756E20494F54494D4520364B
:10B1B0003420313020616761696E2E0A2020202002
:10B1C000202020205472792061204C4F4E47455258
:10B1D0002072656C6F616420746F6F20285744542F
:10B1E00053455420374646464646293A206966204C
:10B1F0006E6569746865720A202020202020202056
:10B20000646972656374696F6E206D6F7665732013
:10B21000746865206669677572652C20746865209E
:10B220007761746368646F67206973206E6F742040
:10B23000776861740A2020202020202020656E6419
:10B240007320746865206379636C652E0A00494F2A
:10B2500057414C4C0075736167653A20494F57411F
:10B260004C4C203C706F72743E205B3C7265616494
:10B27000733E5D0A202020202020206865782E2043
:10B280002054696D65732072656164732061676124
:10B29000696E737420746865204453313330322CE6
:10B2A0002064656661756C74203430682E0A202035
:10B2B00020202020204769766520697420656E6F04
:10B2C00075676820726561647320746F20737061A4
:10B2D0006E206120666577207365636F6E64732EE0
:10B2E0000A00494F57414C4C3A2025752072656140
:10B2F0006473206F6620706F727420253034582C70
:10B300002074696D656420627920746865205254E8
:10B3100043202E2E2E0A00202020202020202077BF
:10B32000616C6C202575207365632C202074696323
:10B330006B206D6F7665642025752020282575208B
:10B340007469636B732F736563290A0020202020C2
:10B3500020202020736F206561636820726561641E
:10B3600020636F73742061626F757420256C752083
:10B3700075736563206279207468652077616C6CF1
:10B3800020636C6F636B0A00202020202020202087
:10B3900041206865616C746879207469636B206909
:10B3A000732031382061207365636F6E642E202016
:10B3B0004661722062656C6F772074686174206DDD
:10B3C00065616E73207468650A202020202020208B
:10B3D000207374616C6C7320617265206C6F73698B
:10B3E0006E672049525130732C20736F2074696D41
:10B3F0006572203020756E646572636F756E74734C
:10B4000020616E64207468650A202020202020209E
:10B4100020626F617264206C6F7365732074696D54
:10B4200065207768696C652069742070726F626549
:10B43000732E0A20202020202020205468697320A9
:10B4400069732074686520636C6F636B20746F2070
:10B4500074727573743A20746865204453313330C4
:10B460003220736861726573206E6F7468696E67ED
:10B470000A20202020202020207769746820656918
:10B48000746865722050495420636F756E746572DC
:10B490002E0A00494F54494D453100757361676567
:10B4A0003A20494F54494D4531203C706F72743EEB
:10B4B000205B3C62757273743E5D0A202020202060
:10B4C00020206865782E202054696D6573206120E6
:10B4D0006275727374206F66206261636B2D746F86
:10B4E0002D6261636B2072656164732061676169BD
:10B4F0006E73740A20202020202020636F756E74E4
:10B50000657220312E202044656661756C7420625E
:10B510007572737420312E20204B6565702069741C
:10B5200020756E646572203420666F7220616E0A29
:10B5300020202020202020756E6465636F64656480
:10B5400020706F72743A20636F756E74657220316B
:10B550002077726170732061742036353533362060
:10B56000757365632E0A00494F54494D45313A20A1
:10B57000627572737473206F662025752072656121
:10B5800064287329206F6620706F72742025303410
:10B59000582C20636F756E746572203120617420A1
:10B5A000316D687A0A0020202020202020202025CC
:10B5B0003575207573656320746F74616C2C202061
:10B5C00025357520656163682C2020207469636BC4
:10B5D000206D6F7665642025750A002020202020CC
:10B5E00020202020436F756E7465722031207772A1
:10B5F0006170732065766572792036353533362073
:10B60000757365632E2020506173742074686174B3
:10B61000207468657365206172650A2020202020EF
:10B620002020202052455349445545532C206E6F0D
:10B6300074206475726174696F6E732C20616E641E
:10B640002061207265736964756520726561647339
:10B65000206C696B65206120666173740A2020206C
:10B660002020202020206163636573732E202041F9
:10B670006E20756E6465636F6465642072656164D5
:10B680002069732032303937313520757365632076
:10B69000616E642073686F777320686572650A2035
:10B6A00020202020202020206173203133313037AA
:10B6B0002E2020436F6E6669726D20616E7974680A
:10B6C000696E672061626F7665206120666577200C
:10B6D00068756E6472656420757365630A20202046
:10B6E0002020202020207769746820494F57414C42
:10B6F0004C206265666F72652062656C696576696B
:10B700006E672069742E0A00494F54494D450075F3
:10B71000736167653A20494F54494D45203C706F2D
:10B7200072743E205B3C72656164733E5D0A20204A
:10B7300020202020206865782C20617320657665A4
:10B740007279776865726520686572653B2064650B
:10B750006661756C7420382072656164730A2020FC
:10B7600020202020207472792061206465636F643A
:10B77000656420706F727420283146372C2046385B
:10B7800033342920616761696E737420616E20759E
:10B790006E6465636F646564206F6E65202836345F
:10B7A0002C20333030290A00494F54494D453A2066
:10B7B00025752072656164287329206F6620706F7B
:10B7C00072742025303458202E2E2E0A00494F54F2
:10B7D000494D453A20756E646572206F6E65207420
:10B7E00069636B20666F7220616C6C202575202D5B
:10B7F0002D20666173746572207468616E20256CFB
:10B8000075207573656320656163682E0A002020CA
:10B810002020202020205468617420706F727420D2
:10B82000616E73776572732E20546865207761743A
:10B830006368646F67206973206E6F7420696E7629
:10B840006F6C7665642E0A00494F54494D453A2085
:10B850002575207469636B28732920666F72202513
:10B8600075207265616473203D2061626F7574207C
:10B87000256C75207573656320656163680A002017
:10B8800020202020202020256C75207573656320E2
:10B890006120726561642042592054484520544912
:10B8A000434B202D2D20776869636820756E646591
:10B8B00072636F756E74732E0A0020202020202082
:10B8C000202041207374616C6C206C6F6E67206562
:10B8D0006E6F75676820746F206D65617375726532
:10B8E000206973206C6F6E6720656E6F75676820C6
:10B8F000746F206C6F73650A202020202020202088
:10B9000049525130733A20746865203832353920F5
:10B910006C617463686573206F6E6520616E64206E
:10B9200064726F70732074686520726573742C2064
:10B93000736F20746869730A202020202020202043
:10B94000636F756E74732072656164732C206E6F03
:10B95000742074696D652E202055736520494F57FA
:10B96000414C4C20666F7220746865207265616C72
:10B97000206669677572652E0A00494E543133009E
:10B9800075736167653A20494E543133205B6472A8
:10B990006976655D20202030203D206D61737465DF
:10B9A000722C2031203D20736C6176650A00494E6F
:10B9B0005431333A2064726976652025303258203C
:10B9C00041483D303868206661696C65642C2041CF
:10B9D000483D253032580A00494E5431333A2064EC
:10B9E000726976652025303258202D2D202575204E
:10B9F00063796C2C20257520686561642C20257581
:10BA0000207365632F74726B3B2020257520647250
:10BA10006976652873292070726573656E740A00F3
:10BA2000494E5431333A207A65726F2073656374DE
:10BA30006F72732070657220747261636B202D2D9C
:10BA400020746861742067656F6D65747279206910
:10BA50007320756E757361626C650A00202020206A
:10BA600020202072656164696E6720432575204837
:10BA70002575205325752C207768696368206973C4
:10BA8000204C424120256C750A00494E5431333A0E
:10BA90002041483D303268206661696C65642C2025
:10BAA00041483D253032580A00494E5431333A203E
:10BAB0007468652064726976657220636F756C6462
:10BAC000206E6F742072656164204C424120256CA9
:10BAD000752C2073746174757320253032580A00F8
:10BAE000494E5431333A2064696666657273206149
:10BAF000742062797465202575202D2D20494E54BF
:10BB00002031336820253032582C206472697665E4
:10BB10007220253032580A00494E5431333A2025DC
:10BB200073202D2D20494E54203133682043257534
:10BB3000204825752053257520616E642074686542
:10BB400020647269766572206174204C4241202520
:10BB50006C752061677265650A004644430046447F
:10BB6000433A206D61696E2073746174757320723D
:10BB700065676973746572202D2D00202025303390
:10BB8000583D253032580020202020206469676904
:10BB900074616C20696E707574203433383D2530C3
:10BBA0003258202020286269742030206973207E5A
:10BBB00044432C206469736B206368616E67652958
:10BBC0000A004644433A206E6F7468696E672061CC
:10BBD0006E73776572696E672E2020464620697302
:10BBE000206120666C6F6174696E672062757320D6
:10BBF0002D2D206E6F20636172642C206F72206E79
:10BC00006F74206A756D706572656420746F20337F
:10BC100030682D3346682E0A002068656C64206900
:10BC20006E2072657365742C206173206578706571
:10BC30006374656420616674657220706F776572E5
:10BC40002D6F6E3B002069646C653B002077656456
:10BC5000676564206D69642D636F6D6D616E643B13
:10BC6000004644433A204D5352202530325820613B
:10BC7000742025303358202D2D25732070756C735A
:10BC8000696E6720726573657420286C61746368DF
:10BC900020343338203C2D203030207468656E20ED
:10BCA0003830290A002042555359002069646C65D8
:10BCB00000204558454300002044494F3D696E002F
:10BCC0002044494F3D6F7574002052514D0020288B
:10BCD0006E6F2052514D29004644433A204D535235
:10BCE0002025303258202D2D25732573257325737B
:10BCF0000A0020202020207374696C6C206E6F7401
:10BD000020726561647920666F72206120636F6DB7
:10BD10006D616E64202877616E742052514D2073DE
:10BD200065742C2044494F20636C656172292E0A8A
:10BD3000002020202020636F6D6D616E642074618F
:10BD40006B656E20627574206E6F20726573756C02
:10BD5000742070686173652C204D53522025303259
:10BD6000580A00202020202053454E534520494E9C
:10BD70005445525255505420535441545553202D3C
:10BD80003E205354302025303258002C2050434E52
:10BD90002025303258202028726573657420736521
:10BDA000656E202D2D207468652070617274206985
:10BDB0007320616C697665290A00202028696E76F7
:10BDC000616C696420636F6D6D616E64202D2D2040
:10BDD0006E6F7468696E67207761732070656E643A
:10BDE000696E67290A002C2050434E2025303258B6
:10BDF0000A004644433A20636F6E74726F6C6C6540
:10BE00007220616E73776572696E67206174202598
:10BE10003033582C206461746120726567697374D3
:10BE2000657220617420253033582E0A004644493B
:10BE30004400464449443A206C61746368202530CC
:10BE400032582C204644432064726976652025755B
:10BE50000A00464449443A204D5352202530325876
:10BE6000206166746572206120726573657420704C
:10BE7000756C7365202D2D2074686520636F6E745A
:10BE8000726F6C6C65722077696C6C206E6F7420B9
:10BE9000676F2069646C652E0A0020202020202016
:10BEA000726573657420696E7465727275707473EF
:10BEB00020636C65617265642C206C61737420531F
:10BEC000543020253032580A00464449443A205321
:10BED00050454349465920776173206E6F74206145
:10BEE000636365707465640A00464449443A2052AD
:10BEF0004543414C49425241544520776173206E7D
:10BF00006F742061636365707465640A002020208B
:10BF1000286E6576657220636F6D706C65746564FC
:10BF20002900202020287365656B20656E64202D14
:10BF30002D206865616420697320617420747261CA
:10BF4000636B203029002020202865717569706D91
:10BF5000656E7420636865636B202D2D206E6F20E5
:10BF6000747261636B2030207369676E616C2C2082
:10BF7000736F206E6F20647269766520697320612B
:10BF80006E73776572696E672900202020286E6FB6
:10BF900074207265616479290020202020202061AE
:10BFA0006674657220524543414C494252415445A2
:10BFB0002C204D535220253032582C205354302001
:10BFC00025303258202050434E20253032582573DA
:10BFD0000A00464449443A205245414420494420FD
:10BFE000776173206E6F742061636365707465643C
:10BFF0000A00464449443A205245414420494420DD
:10C0000067617665206E6F20726573756C74207041
:10C0100068617365202D2D2074686520636F6E74D0
:10C02000726F6C6C657220697320737475636B0A30
:10C030000020202020202052454144204944202D2A
:10C040003E20535430202530325820205354312084
:10C0500025303258202053543220253032582020A9
:10C06000204325752048257520522575204E2575BD
:10C070000A00464449443A20736563746F7220494C
:10C080004420666F756E642E20204E2575206D65E8
:10C09000616E732025752062797465732061207349
:10C0A0006563746F722E0A00464449443A206D69F4
:10C0B0007373696E672061646472657373206D6168
:10C0C000726B202D2D20746865206865616420697D
:10C0D000732072656164696E67206E6F7468696E43
:10C0E00067206974207265636F676E697365732E6C
:10C0F0000A20202020202057726F6E672064617410
:10C100006120726174652C2077726F6E6720647293
:10C110006976652C206E6F206469736B2C206F72BA
:10C1200020746865206D6F746F72206E657665721D
:10C13000207370616E2E0A00464449443A206162C1
:10C140006E6F726D616C207465726D696E61746979
:10C150006F6E2C20535431202530325820535432E6
:10C1600020253032580A002020202020206D6F74B6
:10C170006F72206F66660A0046445245414400755E
:10C18000736167653A20464452454144205B3C6CEC
:10C19000617463683E5D205B3C63796C3E5D205B4F
:10C1A0003C686561643E5D205B3C736563746F72DF
:10C1B0003E5D0A202020202020206865783B2073E7
:10C1C0006563746F727320636F756E742066726F2F
:10C1D0006D20312E202044656661756C74203832E4
:10C1E0002030203020312E0A004644524541443A46
:10C1F000206C6174636820253032582C20432575EB
:10C2000020482575205325750A004644524541446F
:10C210003A20636F6E74726F6C6C65722077696C14
:10C220006C206E6F7420676F2069646C650A002053
:10C23000202020202020205345454B202D3E2053F8
:10C2400054302025303258202050434E20253032A3
:10C25000580A004644524541443A207468652063B8
:10C260006F6D6D616E6420776173206E6F742074E2
:10C27000616B656E0A004644524541443A2072653E
:10C2800073756C742070686173652073746F70705F
:10C290006564206166746572202575206279746515
:10C2A000730A00636F6D706C65746500637574204C
:10C2B00073686F72740074696D6564206F757400C3
:10C2C00020202020202020207472616E7366657209
:10C2D0002025733B202053543020253032582053E2
:10C2E00054312025303258205354322025303258D2
:10C2F0002020204325752048257520522575204E85
:10C3000025752020204D535220253032580A002018
:10C310006D697373696E67206164647265737320FD
:10C320006D61726B00206E6F2064617461202873F0
:10C330006563746F72206E6F74206F6E207468690D
:10C340007320747261636B2900204352432065722D
:10C35000726F7220696E2074686520646174612058
:10C360006669656C6400206F76657272756E202850
:10C37000746865206C6F6F702077617320746F6FC5
:10C3800020736C6F7729004644524541443A206639
:10C3900061696C6564202D2D2573257325732573C4
:10C3A0000A004644524541443A20736563746F72F3
:10C3B00020726561642E20204669727374203136C4
:10C3C0002062797465733A0A202020202020200002
:10C3D0002025303258006120626F6F7420736967C6
:10C3E0006E6174757265006E6F74206120626F6F8C
:10C3F00074207369676E6174757265002020202057
:10C40000202020206279746573203146452D314605
:10C410004620617265202530325820253032582060
:10C420002D2D2025730A0046445752495445007566
:10C43000736167653A2046445752495445203C6C25
:10C44000617463683E203C63796C3E203C686561A2
:10C45000643E203C736563746F723E0A2020202086
:10C46000202020657665727920617267756D656E32
:10C47000742072657175697265642C206865782E08
:10C4800020203832203D203530306B6270732C20F4
:10C490003836203D203235306B6270732E0A2020F2
:10C4A000202020202054484953204F5645525752AF
:10C4B000495445532054484520534543544F522E28
:10C4C00020205573652061206469736B20796F7536
:10C4D00020646F206E6F742077616E742E0A0046A0
:10C4E0004457524954453A206C61746368202530A2
:10C4F00032582C204325752048257520532575205A
:10C500002D2D206F76657277726974696E670A00E7
:10C51000464457524954453A20636F6E74726F6CAB
:10C520006C65722077696C6C206E6F7420676F2069
:10C5300069646C650A00464457524954453A207470
:10C54000686520636F6D6D616E6420776173206E26
:10C550006F742074616B656E0A00202020202020FB
:10C5600020202077726974652025733B2020535466
:10C570003020253032582053543120253032582075
:10C5800053543220253032580A0020756E6465728B
:10C5900072756E202874686520736563746F7220ED
:10C5A0006F6E20746865206D656469612069732011
:10C5B0006E6F772064616D61676564290020575252
:10C5C0004954452050524F54454354454400464435
:10C5D00057524954453A206661696C6564202D2D97
:10C5E0002573257325730A00464457524954453A2A
:10C5F000207468652072656164206261636B2066E7
:10C6000061696C65642C20535430202530325820E9
:10C6100053543120253032580A0046445752495469
:10C62000453A207772697474656E20616E64207279
:10C63000656164206261636B2C2035313220627940
:10C640007465732061677265650A004644575249F4
:10C6500054453A206469666665727320617420628D
:10C66000797465202575202D2D20676F7420253065
:10C6700032582C2077616E74656420253032580A58
:10C68000004644464D540075736167653A20464440
:10C69000464D54203C63796C3E203C686561643EA5
:10C6A000205B3C736563746F72733E5D0A202020CB
:10C6B000202020206865782E20206472697665200D
:10C6C00041206F6E6C792C20616E64206974204566
:10C6D0005241534553207468617420747261636BD6
:10C6E0002E0A20202020202020736563746F72732F
:10C6F0002064656661756C747320746F20313268D4
:10C7000020283138292C2075736520303920666F38
:10C7100072203732304B622E0A004644464D543A5E
:10C720002063796C20257520686561642025752C4F
:10C7300020257520736563746F7273202041583D06
:10C74000253034582043583D253034582044583D36
:10C75000253034580A00202020202020726574756E
:10C76000726E65642041483D253032582020257383
:10C770000A0020202020202037363520726573756E
:10C780006C743A000A20202020202066645F7374B5
:10C7900061747573202530325820207365656B5F96
:10C7A000737461747573202530325820206C617465
:10C7B000636820253032580A0046443133007573CF
:10C7C0006167653A2046443133203C666E3E203C2A
:10C7D00063796C3E203C686561643E203C73656310
:10C7E0003E205B3C636F756E743E5D0A2020202006
:10C7F0002020206865782E20203032207265616408
:10C80000732C203033205752495445532C20303458
:10C810002076657269666965732C203038207061F6
:10C8200072616D65746572732E0A202020202020AD
:10C830002064726976652041206F6E6C792E20200D
:10C840003033206F7665727772697465732074680F
:10C850006520736563746F722E0A00464431333A63
:10C860002041483D2530325820414C3D253032583A
:10C870002043583D253034582044583D2530345805
:10C880000A0020202020202072657475726E656475
:10C890002041483D2530325820414C3D253032580A
:10C8A000202025730A000A20202020202053543005
:10C8B000202530325820535431202530325820530F
:10C8C0005432202530325820202043257520482519
:10C8D0007520522575204E25750A00202020202025
:10C8E0002066645F7374617475732025303258203C
:10C8F000207365656B5F73746174757320253032C6
:10C900005820206C6174636820253032580A004535
:10C910005849540051756974204D6F6E69746F7277
:10C920000A002A2A4552520A0000000000000000B6
:10C930000A436F707972696768742028432920322E
:10C94000303138204A6F686E20522E20436F666661
:10C950006D616E2E2020416C6C2072696768747363
:10C960002072657365727665642E0A50726F7669FF
:10C9700064656420666F7220686F6262796973749F
:10C9800020757365206F6E2074686520526574721F
:10C990006F42726577205342432D33383645582015
:10C9A000626F6172642E0A0A546869732070726F34
:10C9B0006772616D206973206672656520736F66AA
:10C9C00074776172653A20796F752063616E2072A9
:10C9D0006564697374726962757465206974206135
:10C9E0006E642F6F72206D6F646966790A697420B6
:10C9F000756E64657220746865207465726D73204D
:10CA00006F662074686520474E552047656E6572D5
:10CA1000616C205075626C6963204C6963656E734C
:10CA200065206173207075626C697368656420624B
:10CA3000790A746865204672656520536F6674775D
:10CA400061726520466F756E646174696F6E2C202B
:10CA50006569746865722076657273696F6E2033DC
:10CA6000206F6620746865204C6963656E73652C61
:10CA7000206F720A28617420796F7572206F70744C
:10CA8000696F6E2920616E79206C61746572207601
:10CA9000657273696F6E2E0A0A546869732070722A
:10CAA0006F6772616D206973206469737472696263
:10CAB0007574656420696E2074686520686F7065A0
:10CAC00020746861742069742077696C6C206265D9
:10CAD0002075736566756C2C0A627574205749540D
:10CAE000484F555420414E592057415252414E54BF
:10CAF000593B20776974686F7574206576656E2080
:10CB000074686520696D706C696564207761727204
:10CB1000616E7479206F660A4D45524348414E5408
:10CB20004142494C495459206F72204649544E4560
:10CB3000535320464F5220412050415254494355AF
:10CB40004C415220505552504F53452E2020536592
:10CB500065207468650A474E552047656E657261A9
:10CB60006C205075626C6963204C6963656E7365F7
:10CB700020666F72206D6F72652064657461696CE8
:10CB8000732E0A0A596F752073686F756C6420687C
:10CB900061766520726563656976656420612063EE
:10CBA0006F7079206F662074686520474E55204766
:10CBB000656E6572616C205075626C6963204C69AA
:10CBC00063656E73650A616C6F6E67207769746860
:10CBD00020746869732070726F6772616D20696E6E
:10CBE000207468652066696C6520434F5059494E32
:10CBF0004720696E2074686520746F706D6F737460
:10CC000020736F757263650A6469726563746F720D
:10CC1000792E20204966206E6F742C207365652064
:10CC20003C687474703A2F2F7777772E676E752E65
:10CC30006F72672F6C6963656E7365732F3E2E0A82
:10CC40000A00E48C00F0F58C00F0048D00F000A5E3
:10CC5000AA148D00F0208D00F02D8D00F03B8D008A
:10CC6000F04D8D00F0588D00F0668D00F0708D0055
:10CC7000F0758D00F0838D00F0928D00F0A18D0095
:10CC8000F0B28D00F0708D00F0C28D00F0DE8D00EE
:10CC9000F0FA8D00F0168E00F0328E00F04A8E0011
:10CCA000F0628E00F06E8E00F07E8E00F0878E00B7
:10CCB000F0908E00F0A48E00F0A88E00F0AC8E00F4
:10CCC000F0B08E00F0B48E00F0B88E00F0BC8E0094
:10CCD000F0C08E00F0C48E00F0C88E00F0CC8E0044
:10CCE000F0D08E00F0D58E00F0DA8E00F0DF8E00EE
:10CCF000F0E48E00F0EA8E00F0F08E00F0FC8E0082
:10CD0000F0038F00F00A8F00F0118F00F0178F00F2
:10CD1000F01E8F00F0308F00F0448F00F0578F002E
:10CD2000F0628F00F06C8F00F0000008040C020A23
:10CD3000060E0109050D030B070F0500060007008D
:10CD400008006E6F3F653F6D3F730000009800F074
:10CD5000059800F00A9800F00F9800F0149800F081
:10CD6000199800F0FA31C08ED0BC007C8ED88EC0ED
:10CD7000FBFCBE217CAC08C07408B40131D2CD14D8
:10CD8000EBF3F4EBFD0D0A2A2A2A205445535420D4
:10CD9000424F4F5420534543544F522052554E4E0C
:10CDA000494E47202A2A2A0D0A494E542031396813
:10CDB0002068616E646564206F76657220636F72AF
:10CDC000726563746C792E0D0A00300432043404E9
:10CDD0003604000000000000000000000000000019
:10CDE00034F8419090909090909090909090909086
:10CDF000EA000000F030392F32302F3236FFFC00CD
:10CE000034F84100000000000000000000000000B5
:02FFEE00512799
:10FFF000EA000000F030392F32302F3236FFFC009B
:00000001FF
