:020000040007F3
:10000000FAEB57436F707972696768742028432947
:10001000203230313820204A6F686E205220436FE2
:1000200066666D616E2E2020416C6C207269676877
:1000300074732072657365727665642E000000002B
:1000400059AD89C2407404ACEEEBF6FFE159AD89BD
:10005000C2407404ADEFEBF6FFE1FA81FA092374B4
:1000600004FAF4EBFDB4D59E909073F575F379F135
:100070007BEFF872EC30E472E875E69E7AE378E1A3
:1000800074DF72DDE423B80080E62386E0E622E731
:1000900022FCB800F08ED88EC0BEA0ACB9A100EB97
:1000A000ADBE1AADB9A900EB98BAFF0488D0EEB086
:1000B00003E86602BF00A88ED78EC7BA002089D792
:1000C000C1E70A368815FEC238F272F2362A1600E7
:1000D00000C1E20A89D4C1EA0231F6BBE100E90EAF
:1000E0000289D56A400726A1720036A30400B00138
:1000F000E8270231F68EC6BA0040E8F101BA34F8BA
:10010000B04BEEBA20F0B04AEEEB00EB00EB00ECA7
:10011000A80174F5BA34F8B041EEBA41F0EC88C3E6
:10012000EC88C7F7D389D883C005C1E806BAA2F422
:10013000EF8D87F401B9E80331D2F7F1BAFF04EE8D
:100140004848BA04F8EF6A400726891EDD0089EBAB
:1001500026883E0101B002E8C00136A104003D340A
:1001600012750E6A400726800E120001B800A0EB3F
:100170001731F6BA0040B800108EC0E870018CC08C
:1001800080C41080FCA072F1C1E80689C3061E5726
:100190005652515350FAFC8CC88ED8B800208EC0ED
:1001A00031F631FFB90080F3A531F631FFB9008097
:1001B000F3A77536EAB9010020BA3CF4ED24FEEF4E
:1001C000B800208ED8B800F08EC031F631FFB900EB
:1001D00080F3A531F631FFB90080F3A77407BA3C6C
:1001E000F4ED0C01EFEAEA0100F0585B595A5E5F4A
:1001F0001F076A000731FFBEA0ABB980008CC8A5FD
:10020000ABE2FC6A400726891E1300B007E80A012A
:100210000F20C083E0F90F22C0DBE3B009E8FA0049
:1002200055B85A5A5089E5DD7E00807E0000751E63
:10023000B00AE8E500D97E008B4600253F1083F820
:100240003F750BB00BE8D20026830E1000025D5DF7
:10025000B004E8C500E888016A400748BAFF04EE28
:10026000C1E00A26A3DB00E85A116A4007BBE1009F
:10027000B81F20CD1A7306B00FE89E00F46A0089FB
:10028000E5B81F00E8010109C07416BE00F08EDE5B
:10029000BEA1AD6A4007BFE100B91F00F3A4FE464E
:1002A00000E86C0F7304804E0002E8FE1034A0A832
:1002B000F0750CA8037408240C7404340C750480C5
:1002C0004E0004E8270FB005E84F00B800F08ED8C4
:1002D0008EC08B4600FBE84012BAFF04EEE83A00FD
:1002E000FABA00F8EC24FC0C01EE90F4EBFD5B662E
:0F02F000B80100000031FF89D1F366AB89D1312D
:10030000F366AF7407BAFF04B0F5EEF466D1E0739C
:10031000E431FF89D1F366ABFFE352509CBA62F837
:10032000F6D0C0E00488C4FAEC240F08E0EE9D5833
:100330005AC352BAFF04EE5AC352BAFF04EE5AFA35
:10034000F4C366C1C810E80C0066C1E810EB069261
:10035000E8020089D086E0E8020088E050C0E804A6
:10036000E8010058240F2704F01440EB0FB020EBF5
:100370000B3C0A7507B00DE80200B00A5052B401F8
:10038000BA0000CD145A58C306515350B009E88939
:0F03910029C0BB00F08EC3BBF0FFB91000E81FFE
:1003A000016A4007BBE10059E8150186E05B590787
:1003B000C3065350B80022CD1ABBE1006A4007B80B
:1003C0001F21CD1AB88022CD1A585B07C390909098
:1003D000EA000000F0FFFFFFFFFFFFFFFFFFFC0050
:1003E0000F0116D8AD0F20C380CB0166F7E00F22B6
:1003F000C3EAF603680066BAFF04B0F0EE66B81808
:10040000008ED831C08B1089C7C1E7148907FEC0A0
:100410003C4072F32B05000000008915000000002D
:1004200089C266B858008ED8EA2F04000060000F19
:1004300020C024FE0F22C0EA3C0400F0B800F08E79
:10044000D889D0C35589E5061E5756525153509C42
:10045000FA8B4E0C09C9745D660FB7460A66C1E097
:1004600004660FB75E086601D86689C7668B760496
:10047000660FB7C90F0116D8AD0F20C380CB016638
:10048000F7E00F22C3EA8A04680066B818008ED825
:1004900066B820008EC0FCF3A466B858008ED88ED3
:1004A000C0EAA804000060000F20C024FE0F22C094
:1004B000EAB50400F09D585B595A5E5F1F075DC3A3
:1004C0005689DE88E330FF26321C4688C430C0D10E
:1004D000E32E3387DC04E2EB89F35EC300002110D6
:1004E000422063308440A550C660E770088129919E
:1004F0004AA16BB18CC1ADD1CEE1EFF13112100246
:1005000073325222B5529442F772D66239931883ED
:100510007BB35AA3BDD39CC3FFF3DEE36224433411
:1005200020040114E664C774A44485546AA54BB53D
:1005300028850995EEE5CFF5ACC58DD553367226E5
:1005400011163006D776F6669556B4465BB77AA78D
:1005500019973887DFF7FEE79DD7BCC7C448E55831
:100560008668A7784008611802282338CCC9EDD9DD
:100570008EE9AFF9488969990AA92BB9F55AD44A85
:10058000B77A966A711A500A333A122AFDDBDCCB2D
:10059000BFFB9EEB799B588B3BBB1AABA66C877C51
:1005A000E44CC55C222C033C600C411CAEED8FFD7D
:1005B000ECCDCDDD2AAD0BBD688D499D977EB66E25
:1005C000D55EF44E133E322E511E700E9FFFBEEFCD
:1005D000DDDFFCCF1BBF3AAF599F788F8891A9818F
:1005E000CAB1EBA10CD12DC14EF16FE18010A10079
:1005F000C230E3200450254046706760B983989369
:10060000FBA3DAB33DC31CD37FE35EF3B1029012C8
:10061000F322D2323542145277625672EAB5CBA534
:10062000A89589856EF54FE52CD50DC5E234C32418
:10063000A01481046674476424540544DBA7FAB708
:100640009987B8975FE77EF71DC73CD7D326F23668
:100650009106B01657667676154634564CD96DC954
:100660000EF92FE9C899E9898AB9ABA944586548B8
:1006700006782768C018E1088238A3287DCB5CDBA8
:100680003FEB1EFBF98BD89BBBAB9ABB754A545A08
:10069000376A167AF10AD01AB32A923A2EFD0FED74
:1006A0006CDD4DCDAABD8BADE89DC98D267C076C58
:0F06B000645C454CA23C832CE01CC10C1FEF3E48
:1006C0005DCF7CDF9BAFBABFD98FF89F176E367EA8
:1006D000554E745E932EB23ED10EF01E0000000007
:1006E0005253515589E50657807E0E00750431C07E
:1006F000EB3488C7E80D01752A8A5E0E8B560C8B89
:10070000460AE8F701B020BAF701EE0FB64E0E8E9A
:1007100046028B5E04E81A017509E8BD01E2F63174
:10072000C0EB03E844015F07C9595B5AC206005297
:1007300053515589E51E56807E0E00750431C0EB7D
:100740003988C7E8BE00752F8A5E0E8B560C8B4623
:100750000AE8A801B030BAF701EE0FB64E0E8E5E71
:10076000028B5E04E8CB00750EE87F01E2F6E893A9
:1007700000750431C0EB03E8F0005E1FC9595B5AF5
:10078000C206005253515589E5065788C7E87400E0
:100790007516B300B80000BA0000E85F01B0ECBA0B
:1007A000F701EEE88C007405E8BF00EB0B8E460203
:1007B0008B5E04E80D0131C05F07C9595B5AC35114
:1007C000525006535589E5575306E837007524B350
:1007D000008A7E02B80000BA0000E81F01E8240089
:1007E0007511B001BAF101EEB0EFBAF701EEE813FE
:1007F000007405E87400EB0231C0075B5FC95B075A
:10080000585A59C3065251536A4007268B1E6C0032
:10081000BAF701ECA8807413268B0E6C0029D983DB
:10082000F95A72ECB9010009C9EB0231C95B595A96
:1008300007C3065251536A4007268B1E6C00BAF755
:1008400001ECA801751688C180E18880F90874134D
:10085000268B0E6C0029D983F95A72E2B90100097E
:10086000C9EB0231C95B595A07C306525153BAF753
:1008700001EC88C4A8807539A8017435F6C42074C9
:1008800004B3CCEB2EBAF101ECB30AA8807524B303
:1008900010A840751EB304A8107518B301A80475FC
:1008A00012B340A802750CB302A8017506B3BBEBE6
:1008B00002B3806A400726881E74000FB6C35B59D6
:1008C0005A07C35153BAF00187FBB90001EC88C441
:1008D000ECAA88E0AAE2F65B59C351BAF00187FBA3
:1008E000B90002ECAAE2FC87FB59C351BAF00187B8
:1008F000F3B90002ACEEE2FC87F359C351505289C0
:10090000D9B01020E888F380E30F80CBE008D8BA94
:10091000F601EE5B88D84AEE5B88F84AEE88D84A42
:10092000EE88C84AEE59C300000000000000000035
:100930006A405AB8AC00C30000000000000000008C
:10094000FB1E6A401FA110001FCFFB1E6A401FA1A3
:1009500013001FCF00000000000000000000000096
:10096000FBF6C2807422061E6089E5FCBF900980F8
:10097000FC16720B80EC41BFBC0980FC0E735988D9
:10098000E330FF01DB2EFF21CD40CA0200EB49908E
:10099000540BF909840B890B8E0BD809D809D80997
:1009A000360CD809D809D809D809D809D809D809DE
:1009B000D809D809D809D809D809690C9C0AC00AED
:1009C000800CBF0CD809D8093D0D530DD809D809A2
:1009D000D809D809D8098D09B401804E1801EB0651
:1009E00030E4806618FE066A4007268826740007F1
:1009F00088660F89EC611F07CF6A4007268A267434
:100A00000008E47506806618FEEBE5804E1801EBE1
:100A1000DFCF414668696A6B6C6D00000000E0063C
:100A2000000000002F075088D0247F6A4007263A34
:100A300006750073300FB6F8268A85E50008C07485
:0F0A4000243C0673200FB6D82E8A9F6A0A80FBCB
:100A5000741330FF2E0FB6BD120AC1E7026A0007F9
:100A600026C43D58C358E96FFF90FF000101020200
:100A7000803C100F8561FF807C02800F8359FF66E8
:100A8000837C0C000F8550FF66817C08FFFFFF0F01
:100A90000F8744FF83FB030F833DFFC3E887FF817C
:100AA0007E08AA550F8530FF26F6450F020F8427D2
:0E0AB100C7460855AAC7460C0500B421E92225
:100AC000E863FF260FB64507C1E004E8A2FF01DB9B
:100AD0002E8BBF1A0A09FF0F84FDFE8B4C0283E1A7
:100AE0007F5166FF7408C45C048CC1FFD73C000FC3
:100AF00084EDFEC1E00888440288460EE9DBFEB4BE
:100B000004E9D6FE88CB80E33F88F788C825C0007B
:100B1000C1E00288E808DB7439263A5D0E77332697
:100B20003A7D02732D263B057328660FB7C02666F3
:100B30000FB64D0266F7E1660FB6CF6601C82666AE
:100B40000FB64D0E66F7E1660FB6CB66496601C873
:100B5000F8C3F9C3E8CFFE1EB800F08ED8E8C21D76
:100B600009C0751A31C0E8FC1D6A400726803E7531
:100B700000017606B80100E8EB1D1FE962FE1FB414
:100B800005E956FEBE1A0AEB08BE200AEB03BE1AA0
:100B90000AE892FE01DB2E8B3009F60F8439FEE85D
:100BA00062FF0F8259FF83EC108976F8668946FC54
:100BB000260FB64507C1E0048946F68A460E30E4A2
:100BC0008946FA8946F08B46088946F48B46128995
:100BD00046F2807E0F04750E2EA1C0AD8946F42E1C
:0F0BE000A1C2AD8946F2837EFA0074316A0166C4
:100BF00076FC8B5EF48B4EF28B46F6FF56F809C0FE
:100C0000752466FF46FCFF4EFA807E0F0474D78180
:100C100046F4000273D08146F20010EBC98B46F017
:100C200088460EE9BAFD89C38B46F02B46FA884602
:100C30000E88DCE9A4FDC6460A00E8E9FD268B051E
:100C400009C00F8492FD4888C588E1C0E106260AE4
:100C50004D0E894E0C268A7502FECE6A4007268A02
:100C600016750089560AE977FDE8BAFD26668B45B8
:100C70000A89460A66C1E81089460CB403E962FD98
:100C8000E8A3FD260FB64507C1E004E8E2FD01DB5D
:100C90002E8BBF200A09FF0F843DFD8B4C0283E1A0
:100CA0007F5166FF7408C45C048CC1FFD73C000F01
:100CB000842DFDC1E00888440288460EE91BFDE84A
:100CC00064FD260FB64507C1E004E8A3FD01DB2E55
:100CD0008BBF1A0A09FF0F84FEFC83EC10897EF893
:100CE0008946F68B440283E07F8946FA8946F0669E
:100CF0008B4408668946FC2EA1C0AD8946F42EA11E
:100D0000C2AD8946F2837EFA00741F6A0166FF76DF
:100D1000FC8B5EF48B4EF28B46F6FF56F809C075DD
:100D20000C66FF46FCFF4EFAEBDBE9B3FC89C38B94
:100D300046F02B46FA89440288DCE99DFCE8E6FC93
:100D4000E82DFD668B440826663B450A0F83AFFD00
:100D5000E98DFCE8D0FC833C1A0F827BFC26660FF1
:100D6000B7056689440426660FB6450266894408BD
:100D700026660FB6450E6689440C26668B450A66C4
:100D800089441066C7441400000000C744180002DC
:0E0D9000C744020200833C1E720F66C7441A5D
:0E0DA200C7041E00E937FCC7041A00E930FC44
:100DB000FB1E6089E56A401F83FA04732589D3010D
:100DC000DB8B1F09DB741B8D570508E47478FECCA0
:100DD000745CFECC743AFECC0F84A100FECC0F8470
:100DE000A100B80F8E89460E611FCF5D10000C0068
:100DF0000600038001C0006000300018000C0008ED
:100E000000040002000100EC247F88C442EC4AC3C5
:100E1000E8F4FFF6C40174F887DAEC87DA88C1E8F1
:100E2000E5FF80E41E740380CC8088C8EBB788C1DE
:100E3000E8D4FFF6C42074F887DA88C8EE87DAE8C9
:100E4000C5FF88C8EB9F3B1E0000743189C681E650
:100E5000E000C1EE0483E01FB10288C44A0C804A5E
:100E6000EE5289DA2E8BBCEB0DD3EF89F988C8EEF0
:0F0E70004288E8EE5A88E0EE42B003EE42E8878F
:100E8000E962FF8B4E0C89CE83E60F01F688C424FD
:100E900001C0E00680E50308E88B4E0880E101C050
:100EA000E10208C888E983E10789CF2E0A85BB0ED5
:100EB000B102F6C42074A330C9EB9F00081828388B
:100EC0000000001E56515289C26A401F8D36000034
:100ED000B90400AD39D0741209C07404E2F5EB0A0C
:100EE0008954FE8006110002EB03B88E005A595E49
:100EF0001FC3000000000000000000000000000010
:100F000080FC4F7501CFFB80FC047306B486F9CAE0
:100F1000020080EC80744F80FC0A7326FECC74467D
:100F2000FECC7442FECC743EFECC74E0FECC74DC8D
:100F3000FECC7434FECC0F84E600FECC0F84AC01F2
:100F4000EB2480FC10741F80FC11741A80EC400F9D
:100F500084AF0180FC0573B4FECC740AFECC74AC83
:100F6000FECC74A8EBA6EBA483F904725A1E52516E
:100F7000535089C889D331D2B90600D1E3D1D0D139
:100F8000D2E2F8B95307F7F193F7F131D293F7F1C1
:100F900093F7F16A401F08DF08E77402B0FFA27BF5
:100FA00000F4803E7B000075F8585B595A1FF8CA60
:100FB0000200529CFAB040BA43F0EEBA41F0EC881D
:100FC000C4EC86C49D5AC366506653665166526629
:100FD00056665706660FB7F166C1E61089D6B04B64
:100FE000BA34F8EE6A4007268B0E6C00E8C3FF891E
:100FF000C7E8BEFF89FB29C389C7660FB7DB66292F
:10100000DE760C268B166C0029CA83FA0872E2077A
:10101000665F665E665A6659665B6658F8CA020085
:1010200081F900800F87BE0009C90F84B2006650A5
:10103000665366516652665666571E069CFA8CC009
:10104000660FB7C066C1E004660FB7DE6601D8263A
:0E105000C744082F00266689440A26C744209C
:1010600026C74422000026C644240F26C644259BDA
:1010700026C7442600008CD0660FB7C066C1E004C6
:1010800026C74428FFFF266689442A26C6442D9396
:1010900026C7442E0000260F0154080F20C380CB22
:1010A0000166F7E00F22C3EAAC102000B810008EF2
:1010B000D8B818008EC031F631FFFCF3A5B828006F
:1010C0008ED88EC00F20C024FE0F22C0EAD110009F
:1010D000F09D071F665F665E665A6659665B6658D6
:1010E00030E4F8CA0200B402F9CA02001E6A401FC6
:1010F000A1DB001FF8CA02000800FC01006000002C
:1011000000000E07BBF81030E4F8CA02000000002F
:10111000FB061E5557565389C6C1EE0801F683FEDD
:1011200010721483EE4083FE0A7213B486F95B5E7C
:0F1130005F5D1F07CA02002EFF944611EBF02EE1
:10114000945611EBE9907C11FA11101242127312AD
:10115000A91260116011EC12561386139B13AB1386
:10116000EBC95288C480CC81E85902E86702E87173
:1011700002E88402E84D02C1E8085AC31E6A401F13
:10118000FA8B166C008B0E6E0030C086067000FB6A
:10119000F81FC390FCCD1C1E51536A401FB90800B4
:1011A00066FF066C0066813E6C00BA001800720E85
:1011B000C60670000166C7066C0000000000382EED
:1011C00040007409FE0E40007503E8712ABB7800E8
:1011D000382F7402FE0F43E2F75B591FE9421643B2
:1011E000F03440F0BB40F0C534F843FFFF561E0E0C
:1011F0001FBEDF11E849EE1F5EC31E6A401FFA8959
:10120000166C00890E6E00C606700000FBF81FC346
:101210005031DBB8008188C2E80D0188E652B80180
:1012200081E8040188E1B80281E8FC0088E5B800A3
:1012300081E8F4005A86F438F475E280E67F00E431
:1012400058C352505251B000E83B015BB80280884D
:10125000F980E17FE8E700B8018088D9E8DF005B2A
:10126000B8008088F980E17FE8D300B080E81601FB
:10127000E98B00B80681E8AF0088E1B80481E8A7EF
:101280000088E7B80381E89F0088E3B80581E89704
:101290000088E5B80081E88F0089DA88E8B5198010
:1012A000F9707302B520D0E4C3525080FD2074055C
:1012B00080FD19754D5152E864015B595188C5B0E4
:1012C00000E8C200B80680E87400B8048088F9E835
:1012D0006C00B8038088D9E86400B8058088E9FE0E
:1012E000C1E85A00B080E89D0059EB1252503C1FF3
:1012F0007314B4C1E8310088E05A88F4EB0158F85F
:101300005AC3585AF9C375FA5153E8B700E8C500F3
:10131000B4FFE8CD00B91F00E8DD0026882743E2CE
:10132000F7E8A0005B59EBCFD0E008E088C4E89371
:1013300000E8A100E8AB00E8BE00E88700C3D0E009
:1013400008E088C4E87D00E88B00E8950088CCE8D8
:101350009000E86F00C352503C1F7307B4C0E8DD33
:0F136100EB9B759D5153E85A00E86800B4FEE815
:101370007000B91F00268A27E8670043E2F7E843B8
:10138000005B59E978FF5250A87F0F8574FF5188A0
:10139000C1B80780E8A7FF59E963FF525051B480F4
:1013A00088C1B008E897FF59E953FF5250B8088147
:1013B000E875FF88E25888D0E944FF90EEEB00EB37
:1013C00000EB00C3BA62F8EC24FBE8EFFF0C012449
:1013D000F7E8E8FFC324FB0C01E8E0FF0C08E8DBBA
:0F13E100C351B9080024FBD1E8D0C0E8CDFF0C00
:1013F00004E8C8FFE2F059C351B908000C05E8BB86
:0F14010024FBE8B6FF52BA60F8EC5AD1C8D0E02D
:10141000E2EA59C388C4C0EC04240FD50AC388E8A3
:10142000E8F1FF89C388C8E8EAFF89C188F0E8E3EA
:0F14310092E8DFFF9283E803790A83C00C4979C0
:101440000483C1644B01CAC1E90201CA01DAC1E3E4
:101450000201DAC1EB0401DAB90500F6F188E32EE6
:101460008A9F751401DA41F6E101D031D241404042
:10147000F7F189D0C3001F3D5C7A5351525657C8CB
:10148000060000C41E9DAD81C3E100268B07C1E8A4
:10149000022501008946FC268B07C1E80530E424BB
:1014A0001F80CC038946FEB800048B9EFCFF8B8E08
:1014B000FEFF33D2CD148986FAFF8B46FA30E45012
:1014C0008B46FAC1E808501E684CAEE82D9283C4E2
:1014D00008C95F5E5A595BC35657C80200008B9615
:1014E0000800B403CD148986FEFF8B46FEC95F5EFB
:1014F000C35351525657C8040000BBA086B901001F
:1015000031D2E8E9948946FC8956FEB4868B96FC74
:0F1511008B8EFEFFCD15EBB85351525657C804C1
:10152000000050C41E9DAD26C687890001E802EE6A
:10153000B8F803E88DF985C07597E83DFFE8BA343F
:10154000B88300CD10C41E9DAD268B471024CF0C50
:101550002026894710C41E9DAD31C02680BFE30000
:10156000007403B80100C41E9DAD2680BFE40000D6
:10157000740140C41E9DAD268067103E85C074175F
:1015800089C2C1E2068B1E9DAD83EA408E069FADE7
:1015900080CA012609571085C07406E8EB27E89138
:1015A00031E88C2031C0E8050DE89B01837EFA000C
:1015B000750A1E6895AEE8429183C404B81700E826
:1015C0002FFF31C0E853EDC41E9DAD260FB6870135
:1015D0000150268B87DB0031D2C1E80A268B8FDDD4
:1015E000005083C10526FF771389C826FF7710BBFB
:1015F0000A00F7F3BB640031D2F7F3BBE80352896A
:10160000C831D2F7F3501E68CCAEE8EE9083C41018
:10161000BA3CF4ED8986FCFF8B46FCA8017405BB3F
:1016200017AFEB03BB35AF8CD850531E685EAFE8E5
:10163000C990C41E9DAD83C40826F64712017405E7
:10164000BB74AFEB03BBA7AF8CD850531E68B9AFC8
:10165000E8A89083C4081E68CAAFE89E9083C404BB
:10166000B88F00E8FCFA501E68CCAFE88D9083C4B8
:1016700006F646FA01740A1E68DCAFE87D9083C462
:1016800004F646FA02740A1E68FEAFE86D9083C441
:10169000041E6815B0E8639083C404F646FA047427
:1016A000061E6842B0EB041E6846B0E84D9083C445
:1016B000041E6849B0E8439083C404E87318C74621
:1016C000FE0000B401CD160F840600C786FEFF01A0
:1016D00000837EFE007411E86F111E6851B0804EC9
:1016E000FA10E8169083C4048B46FA85C074082467
:1016F000EF50E86F03EB06B81400E8F4FDCD191EB7
:101700006862B0E8F58FB8080083C404E9C2FD53ED
:10171000515657C8040000B402CD1A8AE6898EFEDD
:0F1721008986FCFF8B46FC8B56FEC95F5E595BC9
:10173000C353515657C8040000B404CD1A898EFE15
:0F1741008996FCFFEBDE53515256C80C0000BBDB
:10175000F5FFB800F031F68EC046268A074388426E
:10176000F383FE087CF31E6830F5C646FC00E88A69
:101770008F83C404168D56F4521E688AB0E87B8F9E
:1017800083C408E889FF89D38946FEB90800D1EAF5
:10179000D1D8E2FA30E45089D830E4C1EB08500FD8
:0F17A000B6C3501E68C6B0E8518F83C40AE881F3
:1017B0008946FE520FB65EFEB90800D1EAD1D8E2E2
:1017C000FA5330E4501E68E9B0E82F8F83C40AC989
:1017D0005E5A595BC33D20007C053D7F007C033190
:1017E000C0C3B80100C3535189C389D18EC12680BB
:1017F0003F00740DBA0700260FB607E8421043EB0E
:10180000EB595BC37713100D05020100D7189F1821
:10181000AE187D187D18C818C8187B189F18515627
:1018200057C8020000505289DE4E31DB39F30F8D6C
:10183000CA00E8141089C189C28D7F01E896FF892A
:101840007EFE85C074168E46FABA070089DF89C805
:10185000037EFC8B5EFE26880DE9800083E9088309
:10186000F9777773BF041888C80E07B90900F2AE7C
:10187000D1E189CF2E8B850C18FFE031DBBA070050
:10188000B80D00E8BA0FBA0700B80A008B76FCE87A
:10189000AE0F01DE8E46FA89D826C60400EB5F85BE
:1018A000DB7E3CB800B18CDAE83BFF4BEB31BA078A
:1018B00000B82000E8890F89DF8E46FA037EFC8B92
:1018C0005EFE26C60520EB1785DB7413B800B18CCD
:1018D000DAE812FF4BEBF1BA070089D0E8610F3963
:1018E000F30F8547FFBA070089D0E8530FBA070006
:1018F000B808008D5CFFE8470FE930FF89D8C95F61
:0F1900005E59C35657C80400005052535131F678
:1019100076F8FF76FA1E6899B38B7EF6E8DC8D8B3D
:101920005EF483C40831C0895EFE3B460873268E90
:1019300046FE6626FF3540501E8946FC689FB383ED
:10194000C704E8B68D8B46FC83C40AEBDD85F60F31
:10195000857100EBBA1E68A8B3E89F8D83C404E8C4
:10196000E70E89C7E86EFE85C074348D75D0BA075E
:101970000089F8E8CA0E837E0809762F83FE017578
:101980002AE8C50E89C7E84CFE85C0741E6BF60AAE
:101990008D5DD0BA070089F8E8A50E01DEEB0C1EBC
:1019A00068B1B3E8558D83C404EB191E68B1B3E880
:1019B000498D83C40483FE010F8C51FF3B7608766A
:1019C0008CE949FF89F0C95F5EC202005657C8041E
:1019D0000000B424CD1A8886FEFFC746FC000083B1
:1019E0007EFC0373118B5EFC8A874EF83A46FE74C8
:1019F00005FF46FCEBE91E68B3B3E8FE8C83C40424
:101A0000837EFC0372061E68C1B3EB0B8B5EFCC1C8
:101A1000E30266FFB742F8E8E18C83C4046A03BBC3
:101A200042F8B8CBB38CD98CDAE8D7FE8946FC8370
:101A30007EFC00741D8B5EFC0FB69F4DF8895EFC2A
:101A4000B80022CD1A8B86FCFFB423CD1AB88022B1
:101A5000CD1AC95F5EC3921A991A9E1AA31AA81AC0
:101A6000AD1AB21A56575589E58B7608B81D00E8AD
:101A700016E96A07BB51F8B8E1B38CD98CDAE88271
:101A8000FE89C7483D0600772C89C301C32EFFA7F6
:101A9000561AE8AC0009C6EB1CE81402EBF7E88E16
:101AA00007EBF2E8BA02EB0DE87501EBE8E8374D19
:101AB000EB03E85C0B85FF75B985F67425B81D004E
:101AC000E8C5E8C4369DAD268984FE00E8E2E8B8A2
:101AD0001F00E8B3E81E68F8B3E81F8C83C404E86D
:101AE00060175DE9E1FE5657C810000089CF5352D8
:101AF000501E681AB4E8038CBB10008D46F083C4F6
:101B00000A8CD2E818FD85C0743131C031F6807A74
:101B1000F0007421807AF0307221807AF039771BDE
:101B20006BD80A0FB652F089D02D300001D839F8A1
:101B30007F0946EBD985F60F8517FFB8FFFFE9113E
:0F1B41005351525657C80800001E6824B4E8AA32
:101B50008B83C4041E683AB4E8A08B83C4041E6857
:101B600074B4E8968B83C40431FF1E31F668ACB4BC
:101B7000897EFEE8858B83C404EB68B8EAB48CDB0D
:101B800053501E68F1B4E8728BB9FF008B5EF8B851
:101B9000F6B483C4088CDAE84CFF8946FC85C07C27
:101BA000118A46FCC41E9DAD01F3BF010026888743
:0F1BB000EE00B93F008B5EFAB800B58CDAE8267C
:101BC0008946FC85C07C118A46FCC41E9DAD01F38C
:101BD000BF0100268887EF00FF46FE4646837EFE53
:101BE000027D26C41E9DAD01F3260FB687EE008947
:101BF00046F8260FB687EF008946FA837EFE000F6F
:101C00008478FFB8E4B4E975FF85FF740A1E680A9A
:101C1000B5E8E78A83C40489F8C95F5E5A595BC393
:101C2000535152C8020000C41E9DAD268A87ED00A4
:101C30008846FE3C047204C646FE001E6845B5E8B0
:101C4000B98A0FB65EFE83C404C1E30266FFB7998A
:101C5000F81E6852B5E8A38AC41E9DAD83C4082649
:101C600080BFE30000750A1E6861B5E88D8A83C4F1
:101C7000046A04BB99F8B8C1B58CD98CDAE883FC46
:101C800089C33D01007C233D0400771E8B1E9DAD62
:101C9000FEC81E8E069FAD68CCB5268887ED00E88D
:0F1CA000598AB8010083C404EB0231C0C9E96C52
:101CB00053515256571E6806B6E83F8A83C4041E25
:101CC0006816B6E8358A83C4041E31FF6850B63101
:101CD000F6E8278A83C404EB4FB884B68CDA5250F6
:101CE0001E688CB6E8148ABB85F883C40C8CD96A4C
:101CF0000585F67405B87CB6EB03B884B68CDAE8D3
:101D000001FC89C23D01007C193D050077148B1E42
:101D10009DADFEC88E069FAD01F3BF0100268887EA
:101D2000E3004683FE027325C41E9DAD01F3268A9F
:101D300087E3003C05720230C00FB6D8C1E30266EB
:0F1D4100B785F885F67491B87CB6EB8F85FF7483
:101D50000A1E6897B6E8A38983C40489F8E9BAFE25
:101D6000566A03BBA9F8B85BB18CD98CDAE893FB4F
:101D700089C63D030074143D0200740A3D010075DC
:101D80000DE81000EB08E8C201EB03E83EFC85F625
:101D900075CF5EC35657C83A0000B404CD1A88AE5A
:101DA000F4FF888EFAFF88B6F6FF8896F8FFFEC823
:101DB0008886FCFFE867F68886FEFF0FB65EFEC1E8
:101DC000E30266FFB7B5F81E68D1B6E82D8983C473
:101DD000080FB646FC500FB646FE500FB646FA50F6
:101DE0000FB646F4500FB646F8500FB646F6501EE2
:101DF00068E1B6E8058983C4101E6808B7C646FEC8
:101E000063E8F788BB28008D46C683C4048CD2E8FB
:101E10000CFA85C00F843AFC8D56C68D5EEE8D4659
:101E2000C68CD18956EE8CD28C56F0E8AE04894629
:101E3000F285C00F8409013D13000F8D02018A460F
:101E4000F28846F6FF46EE8D5EEE8B56F08CD18B17
:101E500046EEE887048946F285C00F84E2003D32F1
:101E6000000F8DDB008A46F28846F8FF46EE8D5E55
:101E7000EE8B56F08CD18B46EEE860048946F285F5
:101E8000C00F84BB003D70190F8CB4003D70200F53
:101E90008DAD008A56F28856FAC1F8088846F40FCC
:101EA000B646FAE86EF589C30FB646F6E865F589D9
:101EB000C20FB646F8E85CF589D8C1F80F31C329DE
:101EC000C383E30331C3C746F2280029C37505C79E
:101ED00046F2290083FA0275090FB646F83B46F22E
:101EE0007F5E83EA03C746F2310085D27D0383C259
:101EF0000C89D0BB050099F7FBF6C2017403FF4EB5
:101F0000F20FB646F83B46F27F36C646FE010FB6E4
:101F100046FA500FB646F4500FB646F8500FB64684
:101F2000F6501E681EB7E8D28783C40CB4058AAE8B
:101F3000F4FF8A8EFAFF8AB6F6FF8A96F8FFCD1A6A
:101F4000807EFE070F83B1FEE907FB5657C83600B7
:101F500000B402CD1A88AEFAFF888EFCFF88B6FE68
:0F1F61009F80E40188A6F8FF0FB646FE500FB62A
:101F700046FC500FB646FA501E6833B7E87C87839C
:101F8000C40A807EF80074061E6861B7EB041E6800
:101F90006AB7E8668783C4041E6873B7E85C87BBCA
:101FA00028008D46CA83C4048CD2E871F885C00F1E
:101FB000849FFA8D5ECA8D46CA8CD18CD2895EF21E
:101FC0008D5EF28C56F4E813038946F63D24007DBD
:101FD000718A46F68846FAC45EF226803F3A7562F8
:0F1FE10046F28D5EF28CD18CC28B46F2E8EC0298
:101FF0008946F63D60007D4A8A46F68846FCC45E06
:10200000F226803F3A7407C746F60000EB18FF46F9
:10201000F28D5EF28CD18CC28B46F2E8BE0289460C
:10202000F63D60007D1C8A46F68846FEB4038AAE03
:10203000FAFF8A8EFCFF8AB6FEFFB200CD1AC646B2
:10204000F802807EF8020F824EFFE905FA535156DE
:1020500057C804000089C68956FEC746FC0E008E8C
:10206000C231FF26F64401207505C746FC0C008EE0
:0F20700046FE268B1CB800F0C1EB05BA07003006
:1020800031C980E31F8EC001DBB80008268B9FEBAF
:102090000DE8BB8952501E6889B7E85E86BBD1F84F
:1020A000B8A0B783C4088CD9FF76FC8CDAE853F863
:1020B00089C23D01007C433B46FC7F3E8E46FE4A82
:1020C00089C331C930F601C380E21F2681241FFC79
:1020D000C1E205B800F0260914BA07008EC0B800A6
:1020E00008268B9FE90DE8668952501E68B8B7BF75
:0F20F0000100E8068683C408EB5E85D20F856F7A
:10210000EB5653515657C802000089C68956FE3116
:0F2111008E46FE268B04C1E80225010040501EB9
:1021200068CBB7E8D585BB09F9B8E3B783C4068C9B
:10213000D96A028CDAE8CBF789C285C07E223D02DB
:10214000007F1D4830E48E46FE2401268024FBC11A
:10215000E002BF010026090489F8C95F5E595BC32C
:1021600085D275ADEBF253515657C806000089C6AB
:102170008956FC8EC2268B0489C231FF30E6C1E845
:102180000380E20330E483C20524038956FA8946BA
:10219000FE8B46FE85C07505BAF7B7EB0D3D010015
:1021A0007505BAFAB7EB03BAFEB78CD85052FF7672
:1021B000FA1E6803B8E84385BB11F9B822B883C496
:1021C0000A8CD96A038CDAE839F789C23D030074B6
:1021D000253D020074133D01007528C746FE00002E
:1021E000C746FA030089C7EB1AC746FE0300BF01C2
:1021F000008946FAEB0DC746FE0100C746FA020009
:10220000BF010085D2740485FF748685FF0F844763
:0F221100C446FA30E4268024FC24032609048BFB
:1022200046FE250300268024E7C1E003E926FF538C
:1022300051525657C80200008B3E9DADA19FAD3153
:10224000F68946FE81C7E1006A03BB1DF9B833B8C1
:102250008CD98CDAE8ACF689C33D0300741E3D02CC
:1022600000740F3D0100751E8B56FE89F8E8DDFDF8
:10227000EB128B56FE89F8E888FEEB088B56FE8938
:10228000F8E8E2FE09C685DB75BE89F0E98AF90047
:10229000525191B8010083E10FD3E0BAA10008C008
:1022A0007405BA210088C4EC08E0EE595AC35251B3
:1022B00091B8010083E10FD3E0BAA10008C0740512
:1022C000BA210088C4F6D4EC20E0EE595AC33C3061
:1022D00072073C3977032C30C3B0FFC35657C80888
:1022E000000050525351C646FE00C746F80A008906
:0F22F00046FA8956FCE838E631DB89C68EC231E2
:1023000026891C8E46FC8B76FA268A043C207404AF
:102310003C097505FF46FAEBED8D440126803C2D06
:102320007506C646FEFFEB0A26803C2B7507C6469F
:10233000FE018946FAC476FA260FB604E88FFF0F2D
:10234000B6F03B76F87C1A8B76F68B46F48976FAF3
:102350008946FCE8DAE589C68EC226C7040100EB8F
:102360006C0FB6D831FFFF46FAC476FA260FB604D2
:10237000E85BFF3CFF743F0FB6F03B76F87D2281AF
:0F23810099097208751A81FB99997314B90400B0
:10239000D1E3D1D7E2FA0FB6F031C001F311C7EBA8
:1023A000C5E88CE5FF46FA89C38EC231FF26C70710
:1023B000010031C3EBB0FF4EFA807EFE007D0EB807
:1023C000999929D889C3B8999919F889C7837EF052
:1023D000007506837EF2007416FF46FA8E46F08B77
:1023E00076F28B46FA2689048B46FC2689440289BC
:1023F000D889FAC95F5EC353528B1E9DAD0FB6D00C
:102400008E069FAD0FB6062CF9268B5F6301D8E8C8
:10241000C1860FB6062DF901D8E8C1865A5BC353B1
:102420005188D18B1E9DAD0FB6D08E069FAD0FB6D5
:10243000062CF9268B5F6301D8E897860FB6062D28
:10244000F90FB6D101D8E88A86595BC353528B1E67
:102450009DAD30E48E069FAD80C404BA5A00268933
:0F246000476331C0E8B8FFBAC600B81500E8AF4F
:10247000BAAC00B80D00E8A6FF31C0E879FF3C5ABD
:10248000751AB81500E86FFF3CC67510B80D00E866
:1024900065FF3CAC7506B801005A5BC331C05A5B9E
:1024A000C353515289C1C41E9DAD89C2268B5F633F
:1024B000C1EA0883C30589D830F6E81686430FB60B
:1024C000D189D8E80D868D4701E81186E9C000530F
:1024D00051C802000089C18856FEC41E9DAD89C244
:1024E000268B5F63C1EA0883C30589D830F6E8E22A
:1024F00085430FB6D189D8E8D9850FB656FE8D47EA
:1025000001E8CF85C9595BC353528B1E9DAD30E4A2
:102510008E069FAD80C404BAA5002689476331C0EA
:10252000E8ACFFBAC600B80B00E8A3FFBA5C00B87D
:102530001700E89AFF31C0E867FF3CA5751AB80B91
:1025400000E85DFF3CC67510B81700E853FF3C5C1F
:102550007506B801005A5BC331C05A5BC353515270
:1025600056BE00B831C931DB30E4BA81000504043D
:10257000E860858EC626803FA5751126807F0BC634
:10258000750A26807F175C7503B9010089C85E5AF9
:10259000595BC35352A81F740531C05A5BC30FB6B1
:1025A000D031DB80C604EB094383C20883FB047D82
:1025B0000989D0E83A8585C075EE5A5BC35657C87D
:1025C000020000CD118986FEFF8B46FEC95F5EC307
:1025D0005657C8020000CD128986FEFFEBEB565716
:1025E0005589E58B9608008B8E0A00B401CD1A8BB5
:1025F00046088B560AEBD55657C8040000B402CDE6
:102600001A898EFEFF8996FCFF8B46FC8B56FEEBEB
:10261000BB5351525657C80A0000C41E9DAD268BAD
:1026200087E100C1E805251F0089C6465650268B64
:10263000B7E100268B87E100C1EE03C1E80283E623
:102640000330E4268B9FE100240130FF4080E30348
:10265000500FB68442F901DB50FFB73AF91E6840CB
:10266000B8E8978083C40EB40333D2CD148986F6BC
:0F2671008B46F630E4508B46F6C1E808501E68E1
:1026800078B8E8768083C408E832FF8946FA89463C
:10269000F8E83CFF501E68A3B8E85F8083C406F6E4
:1026A00046FA01750C1E68CFB8E84F8083C404EB6E
:1026B000168B46FAC1E80630E4240340501E68D366
:1026C000B8E8378083C4061E68D7B8E82D8083C475
:1026D00004F646F802750A1E68CFB8E81D8083C468
:1026E000041E68F1B8E813808B46F8C1E80930E4AD
:1026F00083C4042407501E680EB9C746FC0000E8D6
:10270000F97F83C406EB0B8346FC20817EFCF0003E
:10271000731A0FB646FCE87AFE85C074EAFF76FCB1
:102720001E6828B9E8D47F83C406EBDBB8E800C78D
:1027300046FE0000E8D1FD85C0740F1E6846B9C78B
:1027400046FEE800E8B47F83C404B8E000E8B8FDC2
:1027500085C0740F1E685BB9C746FEE000E89B7F2A
:1027600083C404B8D800E89FFD85C0740F1E68704C
:10277000B9C746FED800E8827F83C404B8F000E8F9
:1027800086FD85C074111E6885B9C746FEF000E855
:10279000697F83C404EB06837EFE0074210FB64676
:1027A000FEE8B9FD85C07405B89AB9EB03B89CB9C9
:1027B0008CDB53501E68A2B9E8407F83C408B8C0C0
:1027C00000E888FC85C0740A1E68D1B9E82C7F83B4
:1027D000C404B8D000E874FC85C0740A1E68E6B969
:1027E000E8187F83C404B8E000E860FC85C0740A80
:1027F0001E68FBB9E8047F83C404B8F000E84CFC11
:1028000085C0740A1E6810BAE8F07E83C404C95FEC
:10281000E97BFD0000000000000000000000000057
:10282000CF50B020E62058CFFBB401F9CA0200CF48
:1028300050B020E6A0EB0150B062E62058CF90C324
:1028400053B40E31DBCD105BC330E4CD16247F30A2
:0F285000E4C35351525657C8020000508B96FCF8
:10286000EC32E48986FEFF8A46FEC95F5E5A595BF8
:10287000C3535156575589E550528B96FEFF8B86B0
:10288000FCFFEEC95F5E595BC35289C289D04A859D
:10289000C07E08B8FE01E8B9FFEBF15AC3535152AC
:0F28A00089C2C41E9DAD268B4F6CB8FE01E8A205
:1028B000A880750431C0EBB5C41E9DAD268B476C56
:1028C00029C839D076E4B8FFFFEBA25285C0740561
:0F28D000BA1000EB0231D2B8F60180CAE0E891ED
:1028E000B80400E8A3FF5AC38EC201DB01C3260F60
:1028F000B607C1E008260FB65F0109D8C351565785
:10290000C802000089C189D689DF43E8DAFF894619
:10291000FE89FB89F289C8E8CEFF8B56FEC95F5E4F
:1029200059C352BA0600B8FE01E845FFB82800BAFC
:102930000200E854FFB8FE01E836FFB82800E84876
:0F29410031C0E885FFB86C00E851FF85C0741302
:10295000B80100E875FFB86C00E841FF85C074035A
:10296000B8FFFF5AC352E862FFB81200E82EFF8595
:10297000C07405B8FFFF5AC3BA0100B8F101E8F00E
:0F298000FEBAEF00B8F701E8E7FEB81200E80D65
:1029900085C075DFB8F701E8B8FEA8010F94C03014
:1029A000E4485AC352E823FFB81200E8EFFE85C09E
:1029B000754FBA5500B8F201E8B6FEBAAA00B8F3EE
:1029C00001E8ADFEBAAA00B8F201E8A4FEBA5500CB
:1029D000B8F301E89BFEBA5500B8F201E892FEBADE
:1029E000AA00B8F301E889FEB8F201E864FE3C559C
:1029F000750FB8F301E85AFE3CAA7505B801005AF4
:102A0000C331C05AC35352E8C1FEB81200E88DFE6C
:102A100085C0740531C05A5BC3B8FE01E833FE8837
:102A2000C2B8F401E82BFE88C688C3B8F501E821D6
:102A3000FE88C484D274DD80FAFF74D884F6750AE7
:102A400084C07506B801005A5BC380FB14750B8007
:102A5000FCEB7506B802005A5BC3B803005A5BC3AF
:102A600053515657C804000089C68956FE8EC226A7
:102A70008B440A8B1E9DAD8946FC260FB644072663
:102A80008B7C0C01C08E069FAD01C3260FB687EE6E
:102A900000260FB69FEF003D010072473DFF007713
:102AA0004283FB01723D83FB3F77388B4EFC09F973
:102AB00074318EC231C92688440231D226885C0E18
:102AC000E82B7F89C389D18B46FC89FAE8807F890E
:102AD00046FC85D275073D00040F86CB00B8000484
:102AE000E9C5008E46FE268B44103D010072323D42
:102AF0000004772D26807C12017226268A44133C1E
:102B000001721E3C3F771A268B4410268904268AC0
:102B1000441226884402268A44132688440EE96219
:102B2000FD8B46FC09F80F8459FD83FF0F72097570
:102B30000C817EFC00C07705B81000EB3A83FF1FC4
:102B40007209750C817EFC00807705B82000EB27A8
:102B500083FF3F7208750B837EFC007705B8400049
:102B6000EB1583FF7E7208750B837EFC007705B83A
:102B70008000EB03B8FF008E46FEBB3F0031D2263B
:102B8000C6440E3F31C926884402E8617E89C38964
:102B9000D18B46FC89FAE8B67E8946FC85D275055C
:102BA0003D00047603B800048E46FE268904E9D26F
:102BB000FC525657C80C00005089DE894EFEA1C059
:102BC000AD8B3EC2AD895EF889CA8946FC89C38B4C
:102BD00046F289F985C07403B8100030E4E8A3DB3D
:102BE00085C07406B8FFFFE9DD008B5EF88EC23148
:102BF000C94126C607004383F91472F5BB31008B27
:102C000046FC89FAE8E1FCBB01008946F689FA8BAB
:102C100046FCE8D3FCBB03008946F489FA8B46FCEA
:102C2000E8C5FCBB060089C18946FA89FA8B46FCD7
:102C3000E8B5FC8E46FE89C38B46F4268944108392
:102C4000F901720C81F9FF0077060FB646FAEB0224
:102C500031C08E46FE2688441283FB01720A83FB34
:102C60003F77050FB6C3EB0231C08E46FEBB3C007A
:102C700089FA268844138B46FCE881FC8E46FE26A2
:102C800089440A2689540C8A46F28CC22688440755
:102C900089F0E8CBFD8E46FE26807C02087605266C
:102CA000C64408088E46FE26C6440F09F646F702BB
:102CB000740526804C0F02F646F70174088E46FE16
:102CC00026804C0F0431C0C95F5E5AC3515657C8A5
:102CD0000C000089C1895EFAE847FCC746FE000087
:102CE00085C0740F1E6830BAE8107A83C40431C0FE
:102CF000E92AFC31FF31F689F8E809FD46464789A3
:102D000042F283FF027CF031FF31F6EB0847464682
:102D100083FF027D14837AF40175F289F8E884FC5C
:102D200085C075E98942F4EBE46B46FE148956F8D8
:102D300031F601C831FF8946FCEB1BB957BA8CD874
:102D400050511E685EBAE8B27983C408464747838B
:102D5000FE020F8D6B008B46FE3B46FA7D638B4374
:102D6000F43D0200750985F674D1B950BAEBCF3D38
:102D7000010075D889F0E8ECFB85C0741685F674FF
:102D800005B950BAEB03B957BA8CD850511E6886B2
:102D9000BAEBB38B5EFC8B4EF889F0E813FE85C06E
:102DA00075098346FC14FF46FEEBA185F67405B950
:102DB00050BAEB03B957BA8CD850511E68AEBAEB73
:102DC000858B46FEE956FB515657C8060000505207
:102DD0005385DB75071E68C7BAE90C01C746FA00C0
:102DE0000089C78956FC8B46FA3B46F40F8DC2001A
:102DF0008B46FC8EC08946FE260FB6450F268B55A6
:102E00000C50268B450AB90B00D1EAD1D8E2FA5210
:102E10005026FF750C89FE26FF750A26807D070067
:102E20007405BA50BAEB03BA57BA8CD850521E6820
:102E3000DDBAE8C6788E46FE83C41226833C007451
:102E40000E26807C0200740726807C0E007505BA71
:102E500003BBEB25268B04263B44107514268A44BD
:102E600002263A4412750A268A440E263A441374FE
:102E700005BA1BBBEB03BA2BBB8CD8508E46FE5257
:102E8000260FB6440E50260FB644025026FF3426B5
:102E90000FB6441350260FB644125026FF74101E6E
:0F2EA10046FA682CBB83C714E84F7883C414E942
:102EB00034FF837EF4020F8563FA8E46F68B76F834
:102EC000268B440C268B540A263B44200F854DFA52
:102ED000263B541E0F8545FA268B4410263B44247E
:102EE0000F8539FA1E685DBBE8107883C404E92CAD
:102EF000FA53C8040000C1E0028946FC31C08B5E71
:102F0000FC8EC08946FE268B07268B5702C95BC301
:102F100056C8040000C1E0028946FC31C08B76FC33
:102F20008EC026891C89F38946FE26894F02C95E18
:102F3000C35351525657C8040000BB02008B369D44
:102F4000AD8B0E9FAD81C6AE0089CA89F0E87CFDCD
:102F50008946FE89C389CA89F089CFE869FE8A4615
:102F6000FEC41E9DAD31C926884775C41E9DAD01A6
:102F7000CB4126C687E5000083F90872EE89F18906
:102F80007EFC31C03B46FE7D278E46FC89CB2680E9
:102F90007F07000F95C28B1E9DAD83C11430F68E46
:102FA000069FAD83C20401C340268897E500EBD499
:0F2FB000837EFE007E0AB8410089F389F9E8505C
:102FC000837EFE017E0BB846008D5C1489F9E83FD4
:0F2FD100837EFE000F8491F8B84100E812FF5094
:102FE00052FF76FE1E68E0BBE8107783C40AE979D9
:102FF000F8000000000000000000000000000000D9
:10300000FA31C08ED0BC007C8ED88EC0FBFC1E6A0C
:10301000401FA0ED001F3C0174143C02741C3C03D3
:10302000741FE83F00732AE856007325EB18E84F39
:1030300000731EE82E007319EB0CE827007312EBE7
:1030400005E83C00730BBE7331E89300CD18F4EB38
:10305000FD56BE4D31E887005A31C08ED88EC0EA89
:10306000007C00001E6A401FA0E3001F08C0740E11
:10307000BE1D31E86900BA0000B90200EB10F9C3C7
:10308000BE3531E85900BA8000B90400EB0006579C
:103090005251535089D631C08EC0BF007C51B90007
:1030A00001F3AB595189F2B400CD13721389F2B810
:1030B0000102B9010031DB8EC3BB007CCD13730666
:1030C00059E2E1F9EB125931C08EC026813EFE7DF6
:1030D00055AA7403F9EB01F8585B595A5F07C356B8
:1030E000525153502EAC08C07408B40131D2CD14E3
:1030F000EBF2585B595A5EC3FA31C08ED0BC007CEB
:10310000FBFCBECC31E8D7FFB800F08ED88EC0E80B
:10311000D536BE2832E8C7FFCD19F4EBFD0D0A54B1
:103120007279696E6720647269766520413A202E53
:103130002E2E0D0A000D0A547279696E6720647292
:1031400069766520433A202E2E2E0D0A00426F6FBD
:103150007420736563746F72206C6F616465642C96
:1031600020656E746572696E67206974202E2E2E3C
:103170000D0A000D0A494E54203139683A20636126
:103180006E6E6F7420726561642074686520626F72
:103190006F7420736563746F720D0A000D0A494ED7
:1031A00054203139683A206E6F204141353568200E
:1031B0007369676E6174757265202D2D206E6F7452
:1031C00020626F6F7461626C650D0A000D0A494ED2
:1031D00054203138683A206E6F20626F6F746162DC
:1031E0006C65206465766963652E0D0A44726F70A4
:1031F00070696E6720696E746F20746865206465FD
:10320000627567206D6F6E69746F72202D2D204579
:10321000584954207265747269657320746865201A
:10322000626F6F742E0D0A000D0A5265747279690F
:103230006E672074686520626F6F74202E2E2E0DCD
:103240000A00FA6A401FC706720034128B1600008B
:1032500009D2740D83C205B90000ECA8407502E2E2
:10326000F9BA0923EA0000FFFF0000000000000097
:10327000FB80FC027706B401F8CA0200B401F9CA67
:10328000020000000000000000000000000000003C
:10329000FB061E6089E5FC6A401F80FC1B730B88DF
:1032A000E330FF01DB2EFFA7AE32611F07CFE5330E
:1032B0005D3474349734AA32B0348E3592357B3510
:1032C0004C354C35AA32AA32AA320135BE34AA3264
:1032D000AA32D534AA32AA32AA32AA32AA32AA32E1
:1032E000AA32EC34F6068900017412575652515333
:1032F00050B40131D2CD14585B595A5E5FC353505C
:1033000030E4B30AF6F30430E8D9FF88E00430E88B
:0F331000D2FF585BC350B01BE8C9FFB05BE8C4E5
:1033200058C38A1E620080E30730FF01DB8B4750E1
:10333000C3538A1E620080E30730FF01DB894750D8
:10334000F6068900027403E86D155BC3515350E81B
:10335000D0FF89C1E8BEFF88E8FEC0E8A0FFB03B0F
:10336000E881FF88C8FEC0E894FFB048E875FF58C0
:103370005B59C3F60689000274145251535031C987
:10338000BA4F18B001B707E86615585B595AC351D0
:103390005350E88DFFFEC03C50720E30C0FEC4801A
:1033A000FC197205B418E8CAFFE885FF585B59C3D9
:1033B0005350E86DFF30C0E877FF585BC35350E8C7
:1033C00060FFFEC480FC197205B418E8A5FFE86030
:0F33D100585BC35350E849FF08C07402FEC8E8B8
:1033E0004FFF585BC38A460E88C4247FA24900C79A
:1033F000064A005000C606840018C7068500100063
:10340000C606870060C606880009C7064C00A00FE4
:10341000C7064E000000C606620000C7066300D45F
:1034200003C606660000515331DBB90800C7475098
:10343000000083C302E2F65B59F6C4800F856AFE82
:10344000E8D2FEB032E89CFEB04AE897FEF6068964
:1034500000027403E88915E8F2FEE94DFE8B460C84
:10346000A36000F6068900020F843EFE89C1E85E73
:1034700014E936FE8B5E0888F82407A262008B46AA
:103480000A80FC197202B4183C507202B04FE8A0D6
:10349000FEE8B8FEE913FE8B5E0888F82407A262F6
:1034A00000E87EFE89460AA1600089460CE9FAFD23
:1034B0008A460E2407A26200E891FEE9ECFDA049CD
:1034C000008A264A0089460E8B5E088A3E62008981
:1034D0005E08E9D5FD8B5E0880FB100F85CBFDC72C
:1034E00046080300C7460C0900E9BEFD8B460E08DE
:1034F000C00F85B5FDC6460E1AC746080800E9A9E3
:10350000FD8A460E3C0D74233C0A74283C08742D39
:103510003C0774323C20722EE8C9FDF60689000291
:103520007403E8EE12E867FEE97FFDE8B6FDE87F88
:10353000FEE976FDE8ADFDE883FEE96DFDE8A4FD5A
:10354000E891FEE964FDE89BFDE95EFD8B4E0C0908
:10355000C90F8455FD8B460EF606890002740F8A4A
:103560005E0830D280FC097502FEC2E8C61251E83E
:1035700072FD59E2F9E8D4FDE92FFDB82007F606FF
:103580008900027403E8141389460EE91CFDB35345
:10359000EB02B3548B4E0C8B560A8A460EF6068904
:1035A00000027412538A7E0980FB537505E84013AC
:1035B000EB03E840135B08C0744088F428ECFEC4B9
:1035C00038E0733650E84DFD88E8FEC0E82FFDB0C6
:1035D0003BE810FD88F0FEC0E823FDB072E804FD72
:1035E000E832FD58E817FD88D8E8F8FCE826FDB079
:1035F00072E8F0FCE855FDE9B0FC88E838F0772780
:1036000050E811FDFEC0E8F5FCB03BE8D6FC88C8E8
:10361000FEC0E8E9FCB048E8CAFCE8F8FCB04BE8BA
:10362000C2FC58FEC0EBD5E822FDE97DFC0000009D
:103630001E52506A401FC70680001E00C706820047
:103640003E00C7061A001E00C7061C001E00C60664
:10365000170000C606180000C606190000C6069727
:103660000000C606960000BAF903B001EE585A1FD2
:10367000B80400E838ECE87101C31E5756525153A4
:10368000506A401FFCBAFD03ECA8017424BAF80389
:10369000EC247F3C1E7407C606190000EB0EFE06E4
:1036A0001900803E19000372DCE996FBE80E00EB7E
:1036B000D4B020E620585B595A5E5F1FCF52515359
:1036C000503C7F7502B0080FB6D82E8AA76A37899A
:1036D000C18B1E1C0089D883C00283F83E7203B8D8
:1036E0001E003B061A007407890FA31C00EB08B0EC
:1036F00008B40131D2CD14585B595AC3FB061E6081
:1037000089E5FC6A401F88E0240F3C02771008C05E
:103710007415FEC87435A0170088460EEB05C74621
:103720000E0000611F07CFFB8B1E1A003B1E1C0002
:103730007503F4EBF38B0783C30283FB3E7203BB79
:103740001E00891E1A0089460EEBD88B1E1A003BFC
:103750001E1C00740D8B0789460E611F0709E4CA01
:103760000200611F0739E4CA0200031E302E201236
:1037700021220E0F2425261C31181910131F141690
:103780002F112D152C012B1B070C390228040506BF
:1037900008280A0B090D330C34350B020304050607
:1037A0000708090A2727330D3435031E302E20124F
:1037B000212223172425263231181910131F14161D
:1037C0002F112D152C1A2B1B070C291E302E201201
:1037D000212223172425263231181910131F1416FD
:1037E0002F112D152C1A2B1B2953525150BAE104BD
:1037F000EC3CFF7437B91000ECA8017409BAE0047E
:10380000ECBAE104E2F2B0AAE83C00E82200B060C1
:10381000E83400B041E83500B0AEE82A00B0FFE877
:103820002B0058595AB80100E883EAC358595AC3C3
:10383000525150BAE10431C9ECA801E1FB7404BA59
:10384000E004EC58595AC352BAE104EB0452BAE00E
:10385000045150B9000052BAE104EC5AA802E0F653
:103860005859EE5AC31E52515350BAE104ECA80104
:10387000740ABAE004EC6A401FE80A00B020E620AF
:10388000585B595A1FCF3CE074393CE1743BF60653
:10389000960001753A8A1E960080269600FDA88043
:1038A0007537E86400721B3C53750F8A2617008039
:1038B000E40C80FC0C7503E988F9E8AE007203E8BB
:1038C000AC01C3800E960002C3800E960001C33C7B
:1038D000C575EF80269600FCC3247F3C1D741E3CFA
:1038E000387420F6C30275DA3C2A74053C36740736
:1038F000C380261700FDC380261700FEC38026174D
:1039000000FBC380261700F7C33C2A741A3C3674A8
:10391000223C1D742C3C38742F3C3A74323C457464
:10392000353C46743DF8C3F6C3027513800E17008C
:1039300002F9C3F6C3027507800E170001F9C3F937
:10394000C3800E170004F9C3800E170008F9C38066
:1039500036170040F9C3F6C302750E8036170020F3
:10396000F9C38036170010F9C3F8C388C488DE8A0B
:103970000E17003C39761C3C3B72163C44765F3C8B
:1039800047720E3C530F8698003C5774513C587454
:103990004DF9C30FB6D84BF6C108753EF6C1047594
:1039A0002EF6C10375072E8A87783AEB052E8A8793
:1039B000B13AF6C14074163C6172083C7A770E2C1D
:1039C00020EB0A3C4172063C5A77020420F8C32ED1
:1039D0008A87EA3A3CFF74B9F8C330C0F8C33C5751
:1039E00072022C4D2C3BF6C1087528F6C1047519DE
:1039F000F6C103750A043B3C4572200440EB1C04ED
:103A0000543C5E72160429EB12045E3C68720C048E
:103A100021EB0804683C727202041988C430C0F8B3
:103A2000C30FB6D883EB47F6C10875AEF6C104756F
:103A30002CF6C1200F95C2F6C602740380F201F67F
:103A4000C103740380F2012E8A87233B3C2D740B43
:103A50003C2B7407F6C201750230C0F8C32E8A876A
:103A6000303B3CFF0F8429FF88C430C0F8C352515B
:103A7000535089C1E95AFC901B3132333435363703
:103A80003839302D3D080971776572747975696F21
:103A9000705B5D0D006173646667686A6B6C3B27E1
:103AA00060005C7A786376626E6D2C2E2F002A009F
:103AB000201B21402324255E262A28295F2B08006D
:103AC00051574552545955494F507B7D0D00415334
:103AD000444647484A4B4C3A227E007C5A5843564B
:0B3AE000424E4D3C3E3F002A00201BE0
:103AF0001EFFFFFFFF1FFF7FFF111705121419158F
:103B0000090F101B1D0AFF0113040607080A0B0CFE
:083B14001C1A180316020E0D25
:0E3B2200203738392D3435362B313233302EE2
:103B300077FF84FF73FF74FF75FF76FFFF000000BF
:103B40005589E583EC02061E5756525153C746FE6F
:103B500002008B5604C47E068B4E0AFCE34E66BB05
:103B600040420F00EC24E03CE0740A3CC07436662E
:103B70004B75F1EB3C9CFA42EC4AAA49741FBB001E
:103B800000EC24E03CE074EF3CC0740A4B75F2C7D3
:103B900046FE0200EB0CC746FE0100EB05C746FEE1
:103BA00000009DEB0CC746FE0100EB05C746FE007A
:103BB000005B595A5E5F1F078B46FE89EC5DC3555B
:103BC00089E583EC02061E5756525153C746FE0242
:103BD000008B5604C576068B4E0AFCE34E66BB404E
:103BE000420F00EC24E03CA0740A3CC07436664BE3
:103BF00075F1EB3C9CFAAC42EE4A49741FBB0000E5
:103C0000EC24E03CA074EF3CC0740A4B75F2C7464C
:103C1000FE0200EB0CC746FE0100EB05C746FE00A6
:103C2000009DEB0CC746FE0100EB05C746FE0000F9
:103C30005B595A5E5F1F078B46FE89EC5DC31E52BF
:103C4000509C6A401FA03F0024FDA23F00BA3804E8
:103C5000EE9D585A1FC353515288C2C41E9DAD26B3
:103C60008B4F6CB83604E8746E89C330E780E3E0AC
:103C70000FB6C239C3750431C0EB12C41E9DAD2608
:103C80008B476C29C83D240072D9B8FFFF5A595B95
:0F3C9000C35289C2B88000E8BCFF85C07405B874
:0F3CA1005AC3B8370430F6E8286E31C05AC353FF
:103CB00089C3B8C000E89EFF85C07405B8FFFF5BEC
:103CC000C3B83704E8166E8EC226880731C05BC3BE
:103CD000565789C689D78EC226C604808EC1B808B9
:103CE0000026C60700E8A9FF85C07406B8FFFF5F7D
:103CF0005EC389F0E8B8FF85C075F18EC726803CA9
:103D000080740B89D889CAE8A5FF85C075DE5F5E1F
:103D1000C3525657C80200005089DE894EFEC41EA9
:103D20009DAD268B7F6C8B5E0A8B4E0C8B56FE896D
:103D3000F0E89CFF85C075248E46FE268A043C80F0
:103D4000740B24033A46FC750431C0EB12C41E9D6B
:103D5000AD268B476C29F83D240072CAB8FFFFC915
:103D60005F5E5AC20400B80300E825FF85C07404F2
:103D7000B8FFFFC3B8DF00E817FF85C075F2B803CE
:103D800000E80DFF85C075E8C356C8040000C41ED6
:103D90009DAD268A473F247F0FB6D02688473FB87F
:103DA0003804E82E6D31D2B8360442E82F6D81FA1E
:103DB000C8007CF3C41E9DAD268A473F0C800FB619
:103DC000D02688473FB83804E8086DC41E9DAD264C
:103DD0008B776CB83604E8046D3D80007411C41E06
:103DE0009DAD268B476C29F03D240072E6EB1F3118
:103DF000F6EB064683FE047D208D5EFE8D46FC8C30
:103E0000D18CD2E8CAFE85C074E9C41E9DADB8202D
:103E10000026C6474120C95EC3E84AFF85C075EA4F
:103E2000C41E9DAD268A473E24300C0F2688473E8F
:103E3000C41E9DAD31C026C6474100C95EC3558929
:103E4000E58B46043D040074053D0200750430C056
:0F3E50005DC3B0045DC353515589E55052E8DEA0
:103E60008A4EFE88C28B1E9DADB6108E069FADD2C7
:103E7000E6260FB65F3E0FB6CE83C40285CB740331
:103E800080F2048B1E9DAD88D08E069FAD0C8226DD
:103E90008A673F80E48638C4742D0FB6D0268847E1
:103EA0003FB83804E82C6CC41E9DAD26C64740259B
:103EB000C41E9DAD268B476CC41E9DAD268B576CD2
:103EC00029C283FA0A72F5C41E9DAD26C647402555
:103ED000C9595BC35388C631C0C41E9DAD01C340E0
:103EE00026C64742003D07007CEFC41E9DAD2688D4
:103EF0007742C41E9DAD268857455BC3C8040000A9
:103F00008A4E04B80100C41E9DADD3E0260FB657FB
:103F10003E85C20F847B0031D2EB064283FA027DDC
:103F200040B80700E86AFD85C0750A8B4604E86062
:103F3000FD85C0740C31D231C0E898FFB88000C94B
:103F4000C38D5EFE8B4604168CD1538D5EFCE8C09B
:103F5000FD85C075E0F646FCC075C0807EFE00752C
:103F6000BAF646FCC07506807EFE0074100FB65689
:103F7000FE0FB646FCE85CFFB84000C9C38A4E0499
:103F8000B0018B1E9DADD2E08E069FADF6D02620EF
:103F9000473E8B460885C07469B80F00E8F2FC857F
:103FA000C075998B4606C1E0020B4604E8E2FC8529
:103FB000C075898B4608E8D8FC85C00F857DFF8DCC
:103FC00056FE8D5EFC168B4604528CD1E842FD8570
:103FD000C00F8560FFF646FCC075088A46FE3A466B
:103FE00008741D0FB656FE0FB646FC8A4E04E8E371
:0F3FF000FEB001C41E9DADD2E02608473EE97821
:1040000031C0C9C3535231DBEB064383FB077D2428
:10401000A19DAD0542008B169FAD01D8E890FC85AF
:10402000C074E7C4069DAD01C3B8800026C64742F0
:10403000005A5BC3C41E9DAD268A6742268A474349
:10404000F6C4C0750531C05A5BC33C807507268035
:104050007F440074F0A8027406B803005A5BC3A83A
:10406000107406B808005A5BC3A8207406B8100084
:104070005A5BC3A8047406B804005A5BC3A8017451
:1040800006B802005A5BC3F6C4087406B8AA005A00
:104090005BC3B840005A5BC3C80200008B4608856A
:1040A000C07510C41E9DAD26C6474180268A474173
:1040B000E9610189C28B4606E89BFDFF760AFF761F
:1040C0000CFF7606E835FE83C4068946FE85C0747B
:1040D0000EC41E9DAD8A46FE26884741E93501E89B
:1040E00084FC85C075BD837E04000F94C030E40558
:1040F0004500E89CFB85C075AA8B460CC1E0020B0D
:104100004606E88CFB85C0759A8B460AE882FB85DB
:10411000C075908B460CE878FB85C075868B460E83
:10412000E86EFB85C00F857AFFB80200E862FB8568
:10413000C00F856EFF8B460EE856FB85C00F85626B
:0F414100B81B00E84AFB85C00F8556FFB8FF008A
:10415000E83EFB85C00F854AFF837E0400740F682C
:10416000000266FF7610683604E853FAEB0D68002B
:104170000266FF7610683604E8C5F983C4088946EC
:10418000FEC41E9DAD268A473F0C010FB6D026887F
:10419000473FB83804E83B69C41E9DAD268A473FB7
:1041A00024FE0FB6D02688473FB83804E824698338
:1041B0007EFE0275158A4E06B001C41E9DADD2E08A
:1041C0002608473EE83DFEE9D9FEE837FE8946FE6F
:1041D0003D020074103D0400751AC41E9DAD26807A
:1041E0007F4400750F8A4E06B010C41E9DADD2E00C
:1041F0002630473E837EFE00740F8A4E06B001C40F
:104200001E9DADD2E02608473EC41E9DAD8A46FEE7
:104210002688474130E4C9C356C80200008B760E99
:10422000837E08007510C41E9DAD26C647418026BA
:104230008A4741E94C0183FE017C0583FE247E0B05
:10424000C41E9DAD26C6474101EBE483FE0F7C07EB
:10425000C746FE0000EB05C746FE0400FF7608E8EF
:10426000DCFB8A4E06B410D2E483C4023A46FE75E3
:10427000128B1E9DAD88E08E069FADF6D02620479E
:104280003EEB08C41E9DAD2608673E8B56088B4644
:1042900006E8C2FBFF760AFF760CFF7606E85CFCB8
:1042A00083C40689C285C0740BC41E9DAD26884791
:1042B00041E9CE00E8AFFA85C00F8569FFB84D002F
:1042C000E8CEF985C00F855DFF8B460CC1E0020B7F
:1042D0004606E8BCF985C00F854BFFB80200E8B080
:1042E000F985C00F853FFF89F0E8A5F985C00F85E6
:1042F00034FF8B4610E899F985C00F8528FF8B465F
:0F43000012E88DF985C00F851CFFC1E6025666D5
:104310007614683604E8A7F8C41E9DAD89C6268ABF
:10432000473F0C0183C4080FB6D02688473FB838F2
:1043300004E89F67C41E9DAD268A473F24FE0FB642
:10434000D02688473FB838048A4E06E88567B00112
:10435000D2E088C183FE02750EC41E9DAD260847BB
:104360003EE8A0FCE9BFFEE89AFC89C285C074085B
:10437000C41E9DAD26084F3EC41E9DAD88D0268824
:10438000574130E4C95EC300000000000000000097
:1043900000000028020950020F500209500212903A
:1043A000AA43CB43B543C043AA43DF022502121BF5
:0F43B1006CF60F08DF0225020F1BFF54F60F08F2
:1043C000DF022502092AFF50F60F08DF0225020945
:1043D0002AFF50F60F08531E6A401F0FB65E0A8070
:1043E000FB02731D8A87E3003C05731508C0741136
:1043F0000FB6F089F301F601DE81C69043F81F5B2A
:10440000C330C0F9EBF8FB061E6089E5FC80FC00B8
:10441000745C80FC01746B80FC020F84800080FC63
:1044200003747680FC04746D80FC050F849C01800D
:10443000FC080F84960280FC150F84E20280FC18B1
:104440000F841902B40188660F1E6A401F88264136
:10445000001F611F07F9CA0200C6460F001E6A400E
:104460001FC6064100001F611F07F8CA02001EB8E0
:1044700000F08ED8E812F91F08C07502EBDB88C483
:10448000EBC41E6A401F8A2641001F88660F611F09
:0F44900007F8CA020031FFEB07BF0100EB023152
:0F44A000E833FF0F82CF0088C7FF7612FF760840
:1044B000760CFF760A807E0F04750E2EA1C0AD89A2
:1044C00046082EA1C2AD89461231D20FB64E0EE378
:1044D0006B89CE535257561EFF7612FF76080FB6E1
:1044E000460C83E03F500FB6460B508A4E0C80E1DD
:1044F000C00FB6C9C1E1020FB6460D09C8500FB6CC
:10450000C7500FB6460A83E0015057B800F08ED866
:10451000E885FB83C4101F5E5F5A5B09C0752F429C
:104520004E7419E85900723A807E0F0474A58146D2
:10453000080002739E8146120010EB978F460A8F87
:10454000460C8F46088F461288560EE90BFF88C42A
:104550008F460A8F460C8F46088F461288560EE902
:10456000E4FE8F460A8F460C8F46088F4612885607
:104570000EB404E9D0FEC6460E00B480E9C7FE566C
:10458000515350E850FE72402E8A5C022E8A7C0104
:104590002E8A2C8A460C88C4243FFEC038D8761A4E
:1045A000B001FE460B8A4E0B38F9720EC6460B0060
:1045B000FE460D8A4E0D38E9730E80E4C008C488AB
:1045C000660CF8585B595EC3F9EBF8E808FE0F82F9
:1045D000860088C7FF7612FF7608FF760CFF760A02
:1045E0001EFF7612FF76081E31C08ED8C5367800C1
:1045F0008B7C071F89F8C1E8085089F830E4500F18
:10460000B6460E500FB6460B508A4E0C80E1C00FD6
:10461000B6C9C1E1020FB6460D09C8500FB6C75062
:104620000FB6460A83E00150B800F08ED8E8E8FBE8
:1046300083C4121F09C0750F8F460A8F460C8F4620
:10464000088F4612E912FE88C48F460A8F460C8FE7
:1046500046088F4612E9EEFDB480E9E9FDE876FDF3
:1046600072500FB6D801DB2E8BB7B7468A460C883E
:10467000C4243F80E4C00FB6CCC1E1020FB6560D92
:0F46800009CA422E0FB61C09DB74274689DF01D9
:1046900001DF2E3895904375EA2E3885924375E3F5
:1046A00001DB2E8BBFA043897E008CC8894612E9AE
:1046B000A7FDB40CE98FFDC146C246C446C746C932
:1046C000460001000201000300040300E807FD7238
:1046D000368846080FB6D82E8A24FECC88660D2E62
:1046E0008A440288460C2E8A4401FEC888460B0183
:1046F000DB2E8BBFA043897E008CC8894612E85B05
:104700000088460AE952FDC7460C0000C6460B0069
:10471000E8490088460AC6460800B480E927FDE853
:10472000B4FCB401730230E488660F611F07F8CA55
:104730000200061E53506A401F0FB61EE30083FBA3
:1047400005731401DB2E8B87A0436A000726A3782C
:10475000008CC826A37A00585B1F07C31E6A401F3F
:1047600030C0803EE300007402FEC0803EE40000E2
:104770007402FEC01FC30000000000000000000023
:10478000006301500252032C041B0501061907198E
:104790000800090F0A6D0B0E0C000D000E000F0033
:1047A0001E001F0020001B0C1E0852BAE204EE423D
:1047B00088E0EE5AC35250BAE50488F8EE4288D831
:1047C000EE585AC3E8EEFF52BAE704EC5AC3E8E4E5
:0F47D10052BAE704EE5AC3525088C288E0B4507F
:1047E000F6E430F601D001C089C3585AC3538A1E7B
:1047F000620080E30730FF01DB8B47505BC35251FF
:1048000050BAE204B01FEE4231C9ECA802E1FB58F5
:10481000595AC30652535088C2E8D1FF88E0E8DDF8
:0F482100E8C9FFE8B1FFB800B88EC02688175865
:104830005B5A07C30657565251535088DE88C3E867
:10484000ABFF89C6E891FF89DFB8A00F29F8D1E84E
:1048500039C1760289C1E33CB800B88EC089F088BE
:10486000C788E0E898FFB05028F830E439C87602ED
:1048700089C829C1915088D888F4F6C2017506AA62
:1048800047E2FCEB02F3AB59E30A89F0FEC430C007
:1048900089C6EBC9585B595A5E5F07C30653E84C9B
:0F48A10088E0E858FFE844FFE82CFFB800B88E25
:1048B000C0268B075B07C35350E81CFFD1EBB00E3B
:1048C00088FCE8E5FEB00F88DCE8DEFE585BC350EC
:1048D00088EC80E41F80CC40F6C5207402B420B080
:1048E0000AE8C6FE88CC80E41FB00BE8BCFE58C3C3
:1048F0005631F6EB0456BE0100065752515350FC98
:1049000080FE187602B61880FA4F7602B24F38F55C
:10491000776738D1776388F428ECFEC408C0740444
:1049200038E0720288E089C7B800B88EC030DB89F1
:10493000F828C438E3731F09F6750A89F888EC0073
:10494000DC00E0EB0A89F888F428DCF6D800E0E81F
:104950002F00FEC3EBD930DB89F838C3731B09F68F
:10496000750A88F428C4FEC400DCEB0488EC00DC83
:1049700088F8E84500FEC3EBDF585B595A5F075ED5
:10498000C31E57565251535089C338DF760286FBF7
:104990005089D8E868FE5888C688C8E83AFE89DF9A
:1049A00088F4E833FE89DE28CAFEC20FB6CA061FA5
:1049B000F3A5585B595A5E5F1FC357525153508835
:1049C000C688E0E838FE88C8E80DFE89DF28CAFE00
:1049D000C20FB6CA88F4B020F3AB585B595A5FC314
:0F49E0005251535031C9BA4F1830C0B707E800D1
:1049F00031C0E8C2FE585B595AC3061E5756525181
:104A000053FC6A401FBB0010B055E8C1FDE8B4FD7F
:104A10003C557561B0AAE8B5FDE8A8FD3CAA7555FE
:104A2000B9280031DB88D830E4E87EFDFEC3E2F52A
:104A3000BE8047B915002E8B04E86EFD83C602E2E6
:104A4000F5BAE404B0F0EEB800B88EC0BF0070BE96
:104A50007F4AB900101E0E1FF3A41F31FFB82007B4
:104A6000B9D007F3ABBAE404B0F4EE800E890002CB
:104A7000B80100EB0231C05B595A5E5F1F07C300EB
:104A80000000000000000000000000000000000026
:104A900000003C22555555221C000000000000007B
:104AA00000003E2A6B7F6B361C00000000000000F7
:104AB000000000143E7F3E3E1C0800000000000085
:104AC0000000000808183C7E1818080000000000CC
:104AD00000000000081C087E7F081800000000008D
:104AE000000000081C3C3E7F3E1C18000000000037
:0F4AF00000000000081C1C08000000000000006F
:0D4B0300E3C3C1E3E7FFFFFFFFFFFFFF007B
:0F4B100000001C2241414141211E000000000015
:0E4B2200E3C99DBD9DC9E3FFFFFFFFFFFF003C
:104B30000003010B14241408000000000000000012
:104B40000000000814241408081C080000000010CD
:104B5000080E090808080808083030000000001096
:104B6000080E090909090909093132060600000081
:104B700000084A2A14E5142A490800000000000031
:104B80000040303C3E3020000000000000000000EB
:104B90000001063E1E0601000000000000000000AB
:104BA0000008183C4A087E181808000000000000A1
:104BB0001414141414141414000014000000000041
:104BC00078444444784040444E444404000000008B
:104BD0001C20206050484422120A040438000000BF
:104BE00000000000007E7E7E7E00000000000000CD
:104BF0000008183C4A087E1818083E000000000013
:104C00000008183C4A0808080808000000000000D6
:104C10000008080808087E181808000000000000B6
:104C2000000000040406FF0404000000000000006F
:104C30000000001010307F10100000000000000085
:104C40000000004040404040407F00000000000065
:104C50000000001414367F1414000000000000004F
:104C60000008081C1C3E7F0000000000000000003F
:104C7000007F3E1C1C08080000000000000000002F
:104C80000000000000000000000000000000000024
:104C900008080808080808080000080000000000CC
:104CA0002424240000000000000000000000000098
:104CB00000247E2424247E24000000000000000044
:104CC00008083F48483C0B09097E0808000000001E
:104CD0002050710204040810204305030000000066
:104CE00000304848487050514A443A0100000000E2
:104CF000080808000000000000000000000000009C
:104D0000000408101010101010080400000000002B
:104D1000001008040404040404081000000000004B
:104D20000008492A142A4A4908000000000000002F
:104D300000000808087F08080800000000000000C4
:104D40000000000000000000080C0C1830100000EB
:104D500000000000003E0000000000000000000015
:104D60000000000000000000001818000000000013
:104D700000000102040408102040000000000000B0
:104D80001C2241414949494141221C0000000000C8
:104D9000081828280808080808080800000000006B
:104DA0001E2141010204040810207F0000000000C1
:104DB0003F0102040C04020101423C00000000001B
:104DC000060A122242427F02020202000000000094
:104DD0007F40407C0201010101027C0000000000D4
:104DE000102040404854624141221C000000000055
:104DF0007F010204081010101010100000000000C5
:104E00001C2222221C22224141221C000000000000
:104E10001E2141434529110101010200000000004B
:104E2000000000001018000000181800000000002A
:104E300000000000080C0000080C0C1830100000E6
:104E400000020408102020100804020000000000E6
:104E50000000007F00007F00000000000000000054
:104E600000201008040202040810200000000000C6
:104E70001E212102040808080000080000000000AC
:104E80003E4141495556484040403F000000000027
:104E90000008142241417F414141410000000000CF
:104EA000007C222122243C2221227C0000000000E0
:104EB000000E11204040404020110E000000000074
:104EC000007C22212121212121227C0000000000E0
:104ED000007F4040407C404040407F000000000098
:104EE000007F4040407E40404040400000000000C5
:104EF000001C224040404D4242221E0000000000A3
:104F000000414141417F41414141410000000000D9
:104F1000001C08080808080808081C000000000019
:104F2000000E04040404040444443800000000009B
:104F30000041424448505068444241000000000093
:104F4000004040404040404040407F0000000000A2
:104F50000041635549494941414141000000000079
:104F60000041615149454143414141000000000079
:104F7000003E41414141414141413E0000000000AD
:104F8000007C424141424478404040000000000023
:104F9000001C224141414141492A1C0201000000FC
:104FA000007E414141427C484442410000000000F3
:104FB000003E414020100C0201413E000000000074
:104FC000007F08080808080808080800000000001A
:104FD000004141414141414141413E00000000004A
:104FE000004141412222241414080800000000005E
:104FF0000041414141494949495522000000000012
:105000000041412214180814224141000000000010
:1050100000412214080808080808080000000000E1
:10502000007F01020408081020407F0000000000FB
:105030001C101010101010101010101C0000000098
:1050400000004020100808040201000000000000D9
:105050001C040404040404040404041C00000000F0
:105060000814220000000000000000000000000002
:1050700000000000000000000000007F00000000B1
:105080001008040000000000000000000000000004
:105090000000003C0202023E42423F0000000000CD
:1050A00040404078444242424244780000000000C0
:1050B0000000001E2040404040201E000000000074
:1050C0000202021E2242424242221E000000000052
:1050D0000000003C4242427E40403E000000000092
:1050E0000E10107C101010101010100000000000A6
:1050F0000000001C22414142251901221E0000002F
:105100004040405C62424242424242000000000095
:105110000800000808080808080808000000000047
:105120000200000202020202020202221C0000002F
:10513000404040424448487048444200000000005B
:10514000080808080808080808080400000000000B
:1051500000000076494949494949490000000000DA
:105160000000005C222222222222220000000000F5
:105170000000003C4242424242423C00000000002B
:1051800000000078444242424244784040400000DF
:105190000000001E2242424242221E020203000080
:1051A0000000004C122020202020200000000000E1
:1051B0000000003C4220100804423C0000000000B7
:1051C0000808083E08080808080804000000000055
:1051D000000000424242424242423F0000000000C2
:1051E0000000004141412222140808000000000094
:1051F00000000041414141494955220000000000A2
:105200000000004122241808142241000000000080
:105210000000004242424242221408102040000096
:105220000000007F0204080810207F00000000003A
:105230000C101010102010101010100C000000089E
:1052400008080808080808080808080808080000EE
:1052500030080808080408080808083000000000A2
:1052600030490600000000000000000000000000BF
:105270000000182422424242427E0000000000004A
:10528000000E11204040404020110E04040418007C
:10529000002400424242424242423F0000000002DB
:1052A0000408003C4242427E40403E0000000008AC
:1052B0001422003C0202023E42423F000000000075
:1052C0002400003C0202023E42423F000000002057
:1052D0001008003C0202023E42423F00000000244F
:1052E0002418003C0202023E42423F00000000003F
:1052F0000000001E2040404040201E040404180806
:105300001424003C4242427E40403E000000000027
:105310002400003C4242427E40403E00000000200B
:105320001008003C4242427E40403E000000000027
:105330002400000808080808080808000000000009
:1053400008142208080808080808080000000020BF
:1053500010080008080808080808080000000024D1
:105360000008142241417F414141410000000024D6
:1053700014080008142241417F4141000000000848
:10538000087F4040407C404040407F0000000000DB
:10539000000000760909192F484837000000000076
:1053A000000F14244444477C44444700000000108C
:1053B0002824003C4242424242423C00000000009D
:1053C0002400003C4242424242423C000000002095
:1053D0002010003C4242424242423C000000000891
:1053E000142200424242424242423F00000000205A
:1053F000100800424242424242423F000000000088
:10540000002400424242424222140810204000126E
:10541000003E41414141414141413E0000000024E4
:10542000004141414141414141413E0000000000F5
:1054300008083E484848483E0808000000000000B0
:105440000C1210107C10101010516E0000000000A3
:10545000412214087F0808087F08080000000000A7
:105460000868685D5A5A6A4949494B0000000000C3
:105470000708083E08080808080808087000000225
:105480000408003C0202023E42423F0000000002CB
:1054900004080008080808080808080000000004BC
:1054A0000808003C4242424242423C0000000002E6
:1054B000040800424242424242423F0000000030A3
:1054C0004906005C222222222222220000000049FA
:1054D00006416151494541434141410000000000FE
:1054E000003C02023E4242423F007F0000000000BA
:1054F000003C4242424242423C007E00000000002A
:10550000040000040404081021211E000000000013
:10551000000000003F4040000000000000000000CC
:10552000000000007E0101010000000000000020DA
:10553000202021220408132141020700000000203E
:10554000202021220408112345070100000000004B
:105550000800000808080808080808000000000003
:10556000000009122448482412090000000000002D
:1055700000004824120909122448000000000022FB
:105580008822882288228822882288228822885598
:10559000AA55AA55AA55AA55AA55AA55AA55AADD8B
:1055A00077DD77DD77DD77DD77DD77DD77DD771820
:1055B000181818181818181818181818181818186B
:1055C000181818181818F81818181818181818187B
:1055D0001818181818F818F818181818181818663D
:1055E000666666666666E666666666666666660041
:1055F000000000000000FE6666666666666666007D
:105600000000000000F818F8181818181818186684
:105610006666666666E606E666666666666666668A
:105620006666666666666666666666666666660080
:105630000000000000FE06E6666666666666666650
:105640006666666666E606FE00000000000000660C
:10565000666666666666FE000000000000000018D0
:105660001818181818F818F80000000000000000BA
:10567000000000000000F81818181818181818185A
:105680001818181818181F00000000000000001853
:10569000181818181818FF0000000000000000007B
:1056A000000000000000FF18181818181818181823
:1056B0001818181818181F1818181818181818007B
:1056C000000000000000FF000000000000000018C3
:1056D000181818181818FF18181818181818181863
:1056E00018181818181F181F1818181818181866DE
:1056F0006666666666666766666666666666666649
:10570000666666666667607F000000000000000055
:1057100000000000007F6067666666666666666613
:105720006666666666E700FF000000000000000095
:105730000000000000FF00E7666666666666666653
:105740006666666666676067666666666666660063
:105750000000000000FF00FF0000000000000066E5
:105760006666666666E700E766666666666666188B
:105770001818181818FF00FF00000000000000664D
:10578000666666666666FF000000000000000000B6
:105790000000000000FF00FF181818181818180063
:1057A000000000000000FF66666666666666666664
:1057B0006666666666667F000000000000000018EE
:1057C00018181818181F181F00000000000000000B
:1057D00000000000001F181F1818181818181800CB
:1057E0000000000000007F666666666666666666A4
:1057F000666666666666FF666666666666666618FE
:105800001818181818FF18FF18181818181818184A
:10581000181818181818F800000000000000000000
:0F5820000000000000001F18181818181818189A
:01583F000068
:1058400000000000000000FFFFFFFFFFFFFFFFF070
:10585000F0F0F0F0F0F0F0F0F0F0F0F0F0F0F00F29
:0F5860000F0F0F0F0F0F0F0F0F0F0F0F0F0F0F58
:0958770000000000000000000028
:10588000000000102E44444444443A00000000004C
:10589000182444484442424141514E000000000057
:1058A000007F404040404040404040000000000039
:1058B0000000005A24242424242422000000000094
:1058C000007F20101008080810207F000000000052
:1058D0000000001A444444444444380000000000DE
:1058E000000000424242424242427F4040400000AB
:1058F0000000007E0808080808080C0000000000EE
:105900000008083E494949493E08080000000000D7
:10591000003E41414141474141413E0000000000FD
:10592000001C224141414141422277000000000019
:10593000007C403C4242424242423C0000000000A7
:10594000000000007749497F0000000000000000CF
:10595000000000244A4A4A4A4A4A3C080808000013
:105960000000003E4040203840403E000000000063
:1059700000001C2241414141414141000000000022
:1059800000007F0000007F00007F0000000000009A
:105990000808087F08080808007F000000000000D1
:1059A0000020100804020204081020003F0000003C
:1059B0000002040810202010080402003F00000824
:1059C0000808080808080808080808080808080857
:1059D000080808080808080808080808080838001F
:1059E0000000180800007F000818000000000000F8
:1059F0000000007049063049070000000000000068
:105A0000182424180000000000000000000000001E
:105A100000000000081C1C0800000000000000003E
:105A20000000000000101818000000000000000036
:105A300000060404080808084830100000000000B0
:105A40003C121212121212000000000000000000AE
:105A50000C14020408101E000000000000000000EA
:105A6000000000007E7E7E7E7E7E00000000000042
:105A700000000000000000000000000000000056D0
:105A800057C80C000089C68956FE89DF894EFA8EF8
:105A9000C2268B0489F38946F4268B440289D18976
:105AA00046F68B46F48B56F6E8194B8E46FE894631
:105AB000F88956FC89C2268B1C268B4C028B46FC2F
:105AC0003B4EF675093B5EF4750431C0EB4A8EC15E
:105AD00026803F3A75358E46FE4326894C0289D88A
:105AE00026891C89F38CC1268B5402E8D64A89C6C4
:105AF00089D38B46F88B56FCB90400D1E0D1D2E2B1
:105B0000FA89D189C289C801F211D88E46FA26894C
:105B10001526894502B80100C95F5EC35657C80AF9
:105B2000000089C68956FE89DF894EFA8EC2268B0F
:105B30000489F38946F6268B440289D18946F88B7D
:105B400046F68B56F8E87C4A8E46FE8946FC268B44
:105B50004402268B1C3B46F875093B5EF675043102
:105B6000C0EB628EC026803F3A75298E46FE4326E2
:105B70008944028CC126891C89D8268B540289F35A
:105B8000E8414A8B56FC8E46FA8B5E082689158EB4
:105B9000460AEB2B83FA1077027505B8FFFFEB2559
:105BA0008B46FC8E46FAB90400D1EAD1D8E2FA2637
:105BB00089058B46FC8B5E0830E48E460A240F264E
:105BC0008907B80100C95F5EC204005657C80800C3
:105BD0000089C68956FE89DF894EFC8EC2268B0459
:105BE00089F38946FA268B440289D18946F88B4687
:105BF000FA8B56F8E8CD498E46FE268B1C268B7410
:0F5C0000023B76F8750A3B5EFA750531C0E9087C
:105C10008E46FC26890526895502E9F8FE5657C8A6
:105C200004000089DE89CF8D5EFC8CD1E89CFF8565
:105C3000C00F84E3FE8EC78B46FC268904E9D5FE9F
:105C40005657C802000089C6894EFE31C08E46FEF6
:105C500026803F00741B8EC226C43C01C7268A0DD5
:105C60008E46FE263A0F740531C0E9ABFE4340EB89
:105C7000DC8EC226C41C01C3268A1F84DB740A8002
:105C8000FB20740580FB0975DF8EC2260104E984C0
:105C9000FE5351525657C8020000B040BA43F0EECE
:105CA000BA41F0EC8AE0EC86E08986FEFF8B46FE86
:105CB000C95F5E5A595BC353515657C80200005022
:105CC00085D2740B8B96FCFFED8986FEFFEB0B8B68
:105CD00096FCFFEC32E48986FEFF8B46FEC95F5ED0
:105CE000595BC35156575589E5505285DB740B8B70
:105CF00096FEFF8B86FCFFEFEB098B96FEFF8B86F3
:105D0000FCFFEEC95F5E59C353515289C189C2314C
:105D1000DBC1EA08B8E50430F630EDE8C5FFB8E6C7
:105D20000489CA31DBE8BBFFEB895189D10FB6D3B7
:105D300031DBE8AEFF89C831D2E87BFF59C3568911
:105D4000D60FB6D331DBE89AFF0FB6D189F031DB3D
:105D5000E890FF5EC35351565789C689D7B91200E0
:105D6000BB0E00E8D8FFB95A00BB0F0089FA89F0D2
:105D7000E8CBFFBB0E0089FA89F0E8ADFF3C127456
:0F5D80000531C0E958FFBB0F0089FA89F0E89A96
:105D90003C5A75EDB92D00BB0E0089FA89F0E89DDB
:0F5DA100B9A500BB0F0089FA89F0E890FFBB0E8F
:105DB0000089FA89F0E872FF3C2D75C5BB0F008998
:0F5DC000FA89F0E864FF3CA575B7B80100E90E59
:105DD000535156575589E55052B40232FF8AB6FEE8
:0F5DE1008A96FCFFCD10E9F3FE5657C804000068
:105DF000885EFC884EFEE8D7FFB4098A86FCFF3235
:0F5E01008A9EFEFFB90100CD10E90BFD5657C870
:105E10000200005089D789DE894EFE8E46FE268A12
:105E20000484C074130FB64E080FB6D889FA468B97
:105E300046FC47E8B4FFEBE3C95F5EC2020051567F
:105E400057C802000089C68956FE89D9C41E9DAD77
:105E5000268B7F6CB8E10431D2E85BFEA801741494
:105E6000B8E00431D2E84FFE8E46FE268804B80121
:105E700000E98FFEC41E9DAD268B476C29F839C8FA
:105E800072D231C0E97CFE535156C802000089C16C
:105E90008856FEC41E9DAD268B776CB8E10431D2C6
:105EA000E814FEA80275100FB656FE89C831DBE86B
:105EB00031FEB80100EB11C41E9DAD268B476C2945
:105EC000F03D090072D531C0C9E913FE525689DE92
:105ED0000FB6D0B8E104E8AEFF85C0740ABB12006B
:105EE00089F089CAE857FF5E5AC3515657C80A005D
:105EF0000089C68956FA895EFE85DB0F95C030E4BD
:105F0000408946F885DB7405B80800EB03B810003B
:105F100031FF8946FC897EF68B46F63B46FA735084
:105F200085FF750B561E683EBCE8CF4783C40683C9
:105F30007EFE00740FBA010089F0E87AFD501E68F9
:105F400045BCEB0C89F031D2E86CFD501E684BBCAF
:105F5000E8A84783C406470376F83B7EFC750C1E11
:105F60006851BC31FFE8934783C404FF46F6EBA8B1
:105F700085FF0F848DFD1E6851BCE87E4783C404F5
:105F8000E980FD5351565789C189D6C41E9DAD265F
:105F90008B7F6C89C831D2E81DFD25E00039F07592
:105FA0000530C0E938FDC41E9DAD268B476C29F82D
:105FB0003D240072DEB8FFFFE923FD535189C389F8
:105FC000D1BA8000E8BCFF85C07406B8FFFF595BFA
:105FD000C38D470189CA31DBE808FD31C0595BC375
:0F5FE000525689C6BAC000E899FF85C07406B84A
:0F5FF1005E5AC38D440131D2E8BBFC8EC12689B4
:106000000731C05E5AC35351525657C8040000C7E7
:0F60100046FC0000B401CD160F840600C786FCC5
:1060200001008B46FC85C00F8485FC32E4CD1689C7
:1060300086FEFF8B46FE257F003D03000F94C0E9DE
:106040006EFC5657C81A000050525389D839D10FE8
:1060500082C5FA75073B46E40F82BCFA8B7EE48961
:10606000D68956FE83E7F089F8F7DEF7D883DE009D
:1060700001D811CE8946F88976FC8B46FE3B46E274
:106080007207750C3B7EE473078B46E429F8EB023C
:1060900031C08946FA837EFC00750D837EF810734B
:1060A000078B4EE029F9EB03B90F0089C82B46FA9C
:1060B000408D56E6500356FA168B46FA529901F86F
:1060C0001356FE5250894EF6E879A383C40AFF7630
:1060D000FE571E6853BC31F6E8204683C408EB1F08
:1060E0001E685BBCE8144683C40483FE07750A1E61
:1060F000685FBCE8054683C4044683FE107D1B3BF5
:1061000076FA7CDC3B76F67FD70FB642E6501E6807
:106110004BBCE8E64583C406EBD01E6861BC31F693
:10612000E8D84583C404EB268A4AE680F920720A3F
:1061300080F97F73050FB6C1EB03B82E00501E68BF
:1061400064BCE8B64583C4064683FE107D163B76E4
:10615000FA7C053B76F67ED01E685FBCE89C4583E2
:10616000C404EBE41E6867BCE8904583C404837EE6
:10617000FC007508837EF8100F829CF98346F8F0C6
:106180008356FCFF83C7108356FE00E878FE85C067
:106190000F84E6FE1E686ABCE8604583C404E977A4
:1061A000F95351525657C80600006A408B1E9DADE8
:1061B0001E8E069FAD6882BC268B4710268B7F6E95
:1061C0008946FC268B476C268BB7DD008946FAE8AA
:1061D0002945C41E9DAD83C406260FB6471650261A
:1061E0000FB6471550260FB64712508B46FCC1E834
:1061F0000925070083C60550F646FC027405B8A0C1
:10620000BCEB03B8A4BC8CDB5350FF76FC1E68A823
:10621000BCE8E744BB0A0089F031D2F7F3BB640065
:1062200031D2F7F383C412BBE8035289F031D2F7BD
:10623000F3C41E9DAD50260FB68701015026FFB74F
:10624000DB0026FF77131E68E4BCE8AE448B1E9D7E
:10625000AD83C40E8E069FAD6626FF776726FF7757
:1062600072260FB68700015026FFB7AC0026FFB795
:10627000DF001E681DBDE88244C41E9DAD83C410AE
:10628000260FB687DA0050260FB687D90050260FA2
:10629000B687D80050260FB687D700506626FF77FE
:1062A000046626FF371E6865BDE84F44C41E9DADD9
:1062B00083C414260FB6477F50260FB6477E50265C
:1062C0000FB6477D50260FB6477C501E68A4BDE828
:1062D0002944C41E9DAD83C40C260FB6477B5026AF
:1062E0000FB6477A50260FB6477950260FB6477833
:1062F000506626FF770C6626FF77081E68CABDE841
:10630000F94383C414C41E9DAD260FB687A0005068
:10631000260FB6476B50260FB647705057FF76FAD8
:106320001E680ABEE8D443C41E9DAD83C40E260F6A
:10633000B64771506626FFB780006626FF771A269B
:106340000FB687960050260FB687970050260FB6D7
:10635000471850260FB64717501E6846BEE89B43A5
:10636000C41E9DAD83C416260FB687E40050260FC9
:10637000B687E30050260FB6878B0050260FB6472E
:106380004150260FB6474050260FB6473F50260FC4
:10639000B6473E501E6898BEE86043C41E9DAD835C
:1063A000C412260FB6878D0050260FB6878C00507A
:1063B00026FFB79400260FB6477750260FB64776CC
:1063C00050260FB6477450260FB64775501E68E921
:1063D000BE31F6E8254383C412EB2B0FB646FE50C0
:1063E000561E684ABFE8134383C40889F030E4248A
:1063F000033D0300750A1E6851BCE8FE4283C404D5
:106400004683FE08733DC41E9DAD01F3268A87E5D1
:10641000008846FEF7C60300750A1E683ABFE8DA30
:106420004283C4048A46FE3C0673B00FB6D8C1E36B
:106430000266FFB74CF9561E6843BFE8BD4283C4ED
:106440000AEBA8C41E9DAD26FFB7FE00260FB68737
:10645000E20050260FB687E100501E6854BFE89A4C
:106460004283C40AE949F85657C802000089C68920
:10647000DF894EFE8B5E088B4E0A31C001FE89D744
:106480003B46FE7D0F8EC740268A148EC146268865
:106490001743EBECC45E0801C385C07E1626807FDF
:0E64A10020740726807FFF00750883C3FF0567
:0F64B100EBE6C45E0801C326C60700E906F751F3
:1064C0005657C8100000538946F28956F68946F09F
:1064D0008956F831F63B76EE0F8327F856C746FE0D
:1064E00000001E8B7EF0683EBC01F7E80D428B4633
:1064F000F883C4068946FCEB0AFF46FE47837EFE0E
:10650000107D248E46FC260FB605501E684BBCE855
:10651000E94183C406837EFE0775DE1E685FBCE822
:10652000D94183C404EBD21EC746FA00006861BC9F
:106530008B7EF2E8C54101F78B46F683C404894699
:10654000F4EB18B82E00501EFF46FA6864BC47E80A
:10655000A94183C406837EFA107D128E46F4268AF2
:10656000053C2072DE3C7F73DA30E4EBD91E6867AD
:10657000BCE8874183C404E88CFA85C0740D1E68AA
:106580006ABCE8764183C404E978F783C610E9441D
:0F6591005351525657C8320000508B36C0AD8B55
:1065A0003EC2ADE8BFC385C0741F837ECC007405B6
:1065B000B87DBFEB03B883BF8CDE56501E688ABF20
:1065C000E8384183C408E9E7F68B46CC89F389F9BA
:1065D00085C07403B8100030E4E8A7A185C0741822
:1065E000837ECC007405BA7DBFEB03BA83BF8CD821
:1065F00050521E68B2BFEBC889F089FA31DBE8E778
:10660000C2BB31008946F889FA89F0E8DAC2BB3C9E
:10661000008946FE89FA89F0E8E2C2FF36C2AD89F8
:1066200046FA8956FCFF36C0AD837ECC007405BAAD
:106630007DBFEB03BA83BF8CD850521E68CBBFE836
:10664000B9408D56CEB9280083C40CBB36001689DC
:10665000F05289FAE810FE168D56CE521E68F2BF2F
:10666000E898408D56CEB9140083C40889F0168985
:10667000CB5289FAE8F0FD168D56CE521E6804C042
:10668000E878408D56CEB9080083C408BB2E0016AA
:1066900089F05289FAE8CFFD168D56CE521E681643
:1066A000C0E85740BB530083C40889F089FAE83733
:1066B000C2A8047405BAA0BCEB03BAA4BC8CD85021
:1066C00052F646FF027405BAA0BCEB03BAA4BC8C18
:1066D000D85052F646FF017405BAA0BCEB03BAA429
:1066E000BC8CD85052FF76FEFF76F81E6828C0E8B2
:1066F0000940BB2F0083C41489F089FAE8E9C1BBC3
:10670000060030E489FA5089F0E8DCC1BB03005090
:1067100089FA89F0E8D1C1BB01005089FA89F0E813
:10672000C6C1501E8B7EFC6866C08B76FAE8CB3FF4
:0F67300083C40CB90B00D1EFD1DEE2FA575666E5
:1067400076FA1E689DC0E8B23F83C40CE961F5513A
:10675000565789C789D689DA89D8E808C285C074AE
:106760001D85DB7405B87DBFEB03B883BF8CDA529F
:10677000501E688ABFE8833F83C408E986F56A0132
:106780008B1EC0AD568B0EC2AD5785D27403B810A8
:106790000030E4E84A9F85C0741F565785D27405BF
:1067A000B87DBFEB03B883BF8CDA52501E68C0C0FF
:1067B000E8483F83C40CE94BF55657565785D274C9
:1067C00005B87DBFEB03B883BF8CDA52501E68E07A
:1067D000C0E8273FBB0002A1C0AD83C4108B16C226
:1067E000ADE8DBFCE91DF55351525657C8DE0200F7
:1067F00081EDF400E908018D5EE68D46828CD18C36
:10680000D2E87BF285C075128B4686057F008946EB
:10681000E68B46881500008946E88B5EE68B4EE8DD
:106820008B46868B5688E819F8E9D300BB4AC18DA0
:1068300046828CD98CD2E807F485C00F8417018D6D
:106840005E8A8D46828CD18CD2E833F285C0743D4D
:106850008D5ECE8D46828CD18CD2E86EF385C0746D
:106860002C8D5E8E8D46828CD18CD2E85DF385C0F6
:10687000741B837ED0007506837ECE00740F8B461A
:10688000D085C07708750D837ECEF076071E684FE1
:10689000C1E9BA008B468A8B7E8CB90400D1EFD156
:1068A000D8E2FA89469C8B468A8D5E9630E48CD27B
:1068B000240F8CD189469A8D4682E80EF385C075E7
:1068C000068946968946988B7E9A8B5E9C31D28E3D
:1068D000C38B46CE39C273168A468E268805428BF4
:0F68E00046964701468E8B4698114690EBE35043
:1068F000769AFF769C1E68BFC1E8FF3D83C40A1EDE
:1069000068F9C0E8F53DBB28008D8646FE83C404C7
:106910008CD2E809AF85C074E68D9E46FE8D468216
:106920008CD98CD2895E82BBFEC08C5684E810F371
:1069300085C00F84F6FE8D5E868D46828CD18CD20A
:10694000E83CF185C00F85AEFE1EBA03C152E8AA2D
:106950003D83C404EBA9BBDAC18D46828CD98CD2AD
:10696000E8DDF285C00F841E011EBAE2C15231F685
:10697000E8883D8976EAC41E9DAD83C404268B7FDA
:106980006CBA0A00B8200031DBE857F3B8200031B8
:10699000D2E823F331DBBA0A000946EAB8A000E8DE
:1069A00041F3B8A00031D2E80DF3C41E9DAD09C675
:1069B000268B476C29F83D120072C6B8F90331D214
:1069C000E8F4F231DBBA01008946ECB8F903E812C9
:1069D000F356FF76EA1E680EC2E81F3D83C4081E08
:1069E00031FF682FC2897E38E8103DC41E9DAD83FB
:1069F000C404268B4F6CBA0A00B8200031DBE8E2F1
:106A0000F2B8200031D2E8AEF231DBBA0A00094612
:106A100038B8A000E8CCF2B8A00031D2E898F2C4AF
:106A20001E9DAD09C7268B476C29C83D5A0072C60A
:106A3000B8FD0331D2E87FF231DB8B56EC89C18996
:106A400086C200B8F903E89AF2F6C1017408B8F8F2
:106A50000331D2E861F2FFB6C20057FF76381EF765
:106A6000D6688AC221FEE8923C8B46EA83C40AF7C4
:106A7000D056234638501E68BAC2E87E3C83C4080C
:106A80001E68DEC2E9C7FEBBF3C28D46828CD98C7C
:106A9000D2E8ACF185C00F844C018D5EDE8B369D53
:106AA000ADA19FAD8CD18CD289463C8D468281C6EA
:106AB000AE00E816F185C074488D5EB68D46828CB6
:106AC000D18CD2E805F185C07437837EE00075066D
:106AD000837EDE01722B8B46E085C07724750781AB
:106AE0007EDEFF00771B837EB8007506837EB601CD
:106AF000720F8B46B885C077087534837EB63F76B3
:106B00002E1E68F7C2E8F33B8E463C83C40466261B
:0F6B1100740A260FB6440E50260FB644025026C3
:0F6B2100341E6815C3E8D23B83C40EE9D0FD8B48
:106B300046DE8B56E08B5EB68B4EB8E8B03E8E4696
:106B40003C89C389D1268B440A268B540CE8FF3E2E
:106B500089C385D2750485C0740B85D27707751EED
:106B60003D00047619525366FF76B666FF76DE5214
:106B7000531E6830C3E8833B83C414E981FD8A4611
:106B8000DE268844028A46B62688440E26891C8B57
:106B900046E085C07708750B837EDE087605B80869
:106BA00000EB0231C08E463C2688440826FF740C58
:106BB0008B4EE089D826FF740A8B5EDEE82F3E8B71
:106BC0005EB68B4EB8E8263E5250260FB6440E50A5
:106BD000260FB644025026FF341E6867C3E81B3BED
:106BE00083C412E919FDBBA3C38D46828CD98CD214
:106BF000E84DF085C07406E8A7F5E902FDBBA7C320
:106C00008D46828CD98CD2E836F085C00F842D0158
:106C10008D5ED6A1C2AD8CD18CD28986C4008D4642
:106C2000828B36C0ADE8A3EF85C075071EBAAEC330
:106C3000E91AFD8B96C40089F731C08EC24026C682
:106C40000500473D000272F58E86C40089F731DBEE
:106C50008A8764F9432688054783FB6672F28E862D
:106C6000C40026C684FE01556A0126C684FF01AA17
:106C700089F3FF76D831C0FF76D68CC1E8B09A850B
:106C8000C0740B66FF76D61E6814C4E987048E862E
:106C9000C40089F34026C60700433D000272F56A2E
:106CA000018B8EC400FF76D889F3FF76D631C0E819
:106CB0002E9A85C0740B66FF76D61E682DC4E954E3
:106CC000048E86C40089F731DBEB07434783FB66FC
:106CD000730C268A153A9764F974F040EBED8E86B2
:106CE000C4002680BCFE015575082680BCFF01AAA1
:106CF00074014085C07405BA4AC4EB03BA51C48C10
:106D0000D850526A6666FF76D61E6854C4E8EB39DE
:106D10008E86C40083C40E260FB684FF0150260F52
:106D2000B684FE0150260FB6440250260FB6440129
:106D300050260FB604501E688EC4E9E9FDBBC0C4DE
:106D40008D46828CD98CD2E8F6EE85C00F84220263
:106D5000C786C80000008D5EDAA1C2AD8CD18CD28E
:106D60008986C6008D46828B3EC0ADE85DEE85C04B
:106D700075071EBAC7C4E9D4FBC7864AFF08008D51
:106D80009E4AFF8D46828CD18CD2C7864CFF000074
:106D9000E838EE83BE4CFF00750783BE4AFF0272DF
:106DA000118B864CFF85C07709750E83BE4AFF2084
:106DB00076071E6892C5E995FB8D9E4EFF8D468233
:106DC0008CD18CD2E804EE85C074208B8650FF8570
:106DD000C07709750E83BE4EFF0176071EBAD9C56E
:106DE000E96AFB8B864EFF8986C8008B86C80085C2
:106DF000C07403B8100066FF76DAFFB64CFF8886D1
:106E0000E800FFB64AFF83BEC800007405BA7DBF24
:106E1000EB03BA83BF8CD850521E68FEC5E8DB383E
:106E200083C4108B86C800E83BBB0FB6864AFF5070
:106E3000B90010FF76DC31DBFF76DA0FB686E800AA
:106E4000E89D9885C0740D5066FFB64AFF1E682401
:106E5000C6E9A5FAC786BC00001089463E8986B4FB
:106E60000089BEB60031D28B86C6008996BA0089E9
:106E700086B8003B964AFF0F83A1006A018B46DA71
:106E800031F601D08B5EDC11F3538B8EC600508936
:106E9000FB0FB686E800E8479885C0741850035683
:106EA000DA8B46DC11F050521E6855C6E84C388328
:106EB000C40AE98F008BB6B6008B9EB8008B8EBCDF
:106EC00000899EB0008B9EBA00898EB200039EB4EA
:106ED00000EB084640433D000273388E86B2002620
:106EE0008A0F8E86B000263A0C74E8260FB60C8EF8
:106EF00086B20051260FB61F538B5EDA5031C001A7
:106F0000D31346DC5053521E6889C6E8ED3783C45C
:106F100010EB318086B5000242E957FF837E3E00C8
:106F2000752266FFB64AFF83BEC800007405BA7DAD
:106F3000BFEB03BA83BF8CD850521E68D2C6E8BAE2
:106F40003783C40C1E6811C7E8B03783C4046A00D5
:106F50000FB686E800FF76DC8B8EC600FF76DA89F6
:106F6000FBE87C97501E682FC7E88F3783C406E97B
:106F70008DF9BB48C78D46828CD98CD2E8C1EC858F
:106F8000C00F8438018D9E52FFA1C2AD8CD18CD22E
:106F90008946EE8D46828B36C0ADE82EEC85C075F5
:106FA000071EBA4DC7E9A5F931C0E8B8B98B8654B8
:0F6FB100C1E80831DB250F000CE089C2B8F601FA
:106FC000E820EDBA0200B8F20131DBE815ED8B964E
:0F6FD00052FFB8F30131DB30F6E807ED8B865244
:106FE0008BBE54FFB90800D1EFD1D8E2FA30E431BA
:106FF000DB89C2B8F401E8EAEC8B8654FF30E43157
:10700000DB89C2B8F501E8DAECBA2000B8F7013143
:10701000DBC746140000E8CAECEB398E46EE260FBB
:10702000B684FF0150260FB684FE0150260FB684A9
:10703000FD0150260FB684FC01505153FF76141EFB
:10704000687FC7FF4614E8B23683C412837E1402F9
:107050000F83ABF831DBEB074381FB30757316B858
:10706000F70131D2E850EC89C2A8017508258800E3
:107070003D080075E3F6C208750B52FF76141E68D2
:1070800060C7E9900031DBEB12BFFF018E46EE01D5
:10709000F74326880581FB58027380B8F70131D287
:1070A000E814EC89C1A8080F8470FFB8F00131D250
:1070B000E804EC81FB000273D089DFEBCFBBBDC7D6
:1070C0008D46828CD98CD2E876EB85C00F843C0249
:1070D0008D5ED2A1C2AD8CD18CD28986DE008D4668
:1070E000828B36C0ADE8E3EA85C075071EBAC5C716
:1070F000E95AF8B80100508B8EDE00FF76D489F390
:0F71010076D231C0E8D89585C0741266FF76D279
:107110001EBAFCC752E8E33583C408E9E1F78B9651
:10712000DE008986DA0089F38EC28BBEDA00268AF9
:1071300087F00143FF86DA008883F0FE83BEDA0021
:107140001072E78E86DE00260FB684FF0150260FF0
:10715000B684FE0150260FB684FD0150260FB6847A
:10716000FC0150260FB6440350260FB644025026A9
:107170000FB6440150260FB604501E6818C8E87AAE
:0F7180003583C4146A018B8EDE00FF76D489F349
:1071900076D231C0E8499585C074071E685DC8E99C
:1071A000ACF78E86DE008986DA0089F331D2EB0CEB
:0F71B10086DA004383BEDA001073128BBEDA0059
:1071C000268A87F0013A83F0FE74E542EBE285D22D
:1071D0007405B875C8EB03B899C88CDA52501E68AC
:1071E0009FC8C786DA000000E810358E86DE00836F
:1071F000C40889F38A86DA00345AFF86DA002688C2
:10720000074381BEDA00000272EA6A018B8EDE005B
:0F72110076D489F3FF76D231C0E8129585C07428
:107220000766FF76D2E95FFA8E86DE008986DA008D
:1072300089F3FF86DA0026C607004381BEDA000024
:107240000272EF6A018B8EDE00FF76D489F3FF763F
:10725000D231C0E88A9485C0740766FF76D2E959B6
:10726000FAC786DC00FFFF8E86DE008986DA008999
:10727000F231FFEB0DFF86DA004281BEDA00000238
:10728000731F8A86DA0089D3345A263A0774E68354
:10729000BEDC00FF75088B9EDA00899EDC0047EBA0
:1072A000D46800025766FF76D21E68C0C8E84B3427
:1072B00083C40C85FF7422C49EDC0001F3260FB644
:1072C00007508A86DC00345A30E450FFB6DC001EDA
:1072D00068EAC8E8253483C40A8E86DE002680BCAE
:0F72E10001A57505BA13C9EB03BA16C98CD850AD
:1072F0008E86DE0052260FB684FF015068A5001E60
:10730000681CC9E8F53383C40CE9F3F5BB43C98DA8
:1073100046828CD98CD2E827E985C00F848A018DFA
:107320009E62FFA1C2AD8CD18CD28946F08D46827F
:107330008B36C0ADE894E885C075071EBA4CC9E924
:107340000BF6BA8100B8F10131DBE896E9BAEF003B
:10735000B8F70131DBE88BE931DBEB074381FB3028
:1073600075730EB8F70131D2E84CE989C2A880756F
:10737000EB521E6863C9E882338B8664FFC1E8085C
:1073800083C406250F000CE031DB89C2B8F601E8A2
:1073900051E9BA0100B8F20131DBE846E98B9662A7
:0F73A100B8F30131DB30F6E838E98B8662FF8BF9
:1073B000BE64FFB90800D1EFD1D8E2FA30E431DB86
:1073C00089C2B8F401E81BE98B9664FFB8F5013176
:1073D000DB30F6E80DE9BA2000B8F70131DBE8024E
:1073E000E931DBEB074381FB30757317B8F70131E7
:1073F000D2E8C3E889C2A801750930E424883D08B1
:107400000075E2521E6884C931FFE8EE328B4EF0FF
:1074100083C40689F3EB1EBA0100B8F001E897E8CF
:107420008EC1268807C1E808434347268847FF8165
:0F74310000017310B8F70131D2E87AE88986CCF0
:1074400000A80875D2FFB6CC00571E6898C9E8AAF4
:10745000328E46F083C408260FB6440350260FB67A
:10746000440250260FB6440150260FB604501E6841
:0F747000C4C9E886328E46F083C40C260FB6845A
:107480000150260FB684FE0150260FB684FD015030
:10749000260FB684FC01501E68E9C9E85D3283C43A
:1074A0000C31C0E8BFB4E956F4BB0ECA8D46828CDD
:0F74B000D98CD2E88AE785C00F849D028D9E6E2D
:1074C000A1C2AD8CD18CD28946F28D46828B36C05A
:1074D000ADE8F7E685C075071EBA15CAE96EF48EE9
:1074E00046F226C684FF0144260FB684FF0126C655
:1074F00084FE013350260FB684FE0126C684FD01AA
:107500002250260FB684FD0126C684FC01115026A8
:107510000FB684FC01501EB82ACA50E8DD3183C47E
:107520000C31C0E83FB48B9670FF31DBC1EA08B87C
:10753000F60183E20F80CAE0E8A8E7BA0100B8F2DA
:107540000131DBE89DE78B966EFFB8F30131DB304C
:10755000F6E88FE78B866EFF8BBE70FFB90800D10F
:10756000EFD1D8E2FA30E431DB89C2B8F401E87235
:10757000E78B8670FF30E431DB89C2B8F501E86241
:10758000E7BA2000B8F70131DBE857E731DBEB075A
:107590004381FB30757317B8F70131D2E818E789DA
:1075A000C2A801750930E424883D080075E2521E26
:1075B0006884C9E8453183C40631DBEB12BFFF01A3
:1075C0008E46F201F74326880581FB58027320B8E6
:1075D000F70131D2E8E0E689C1A8087412B8F001D9
:1075E00031D2E8D2E681FB000273D289DFEBD151C0
:1075F000531E6871CAE803318E46F283C408260F11
:10760000B684FF0150260FB684FE0150260FB684C3
:10761000FD0150260FB684FC01501E68E9C9E8DA66
:1076200030B8F70183C40C31D2E88BE65031D2B8C0
:10763000F001E882E6501E689DCAE8BE30B8F1014C
:1076400083C40831D2E86FE65031D2B8F901E86658
:10765000E65031D2B8F801E85DE6501E68D8CAE8B5
:1076600099308B8670FFC1E80883C40A250F000C8F
:10767000E031DB89C2B8F601E868E6BA0100B8F289
:107680000131DBE85DE68B966EFFB8F30131DB304C
:10769000F6E84FE68B866EFF8BBE70FFB90800D10F
:1076A000EFD1D8E2FA30E431DB89C2B8F401E83234
:1076B000E68B9670FFB8F50131DB30F6E824E6BAC8
:1076C0002000B8F70131DBE819E631DBEB07438135
:1076D000FB30757315B8F70131D2E8DAE5A801750A
:1076E0000930E424883D080075E48B7EF289F3318B
:1076F000C9B8F00131D2E8BEE58EC74126880743FC
:1077000081F9000272EB8E46F2260FB64403502632
:107710000FB6440250260FB6440150260FB604504F
:107720001E6808CBE8D42FB8F70183C40C31D2E827
:1077300085E58E46F250260FB684FF0150260FB61F
:1077400084FE0150260FB684FD0150260FB684FC3E
:1077500001501E6837CBE9CDF3BB7DCB8D46828CC3
:10776000D98CD2E8DAE485C00F8429016A04168D29
:10777000965AFF526A00680401E8C88C83C40A0F55
:0F778000B6865AFF500FB6865BFF500FB6865C79
:107790008B1E9DAD500FB6865DFF8E069FAD5026A9
:1077A0000FB687E50050260FB64775501EBA85CB39
:1077B00052E8472F83C41006B400B280CD139C5BFF
:1077C0008986F4FF899EF6FF078B46F6A8017405AB
:1077D000BABFCBEB03BA51C48CD850528B46F4508D
:1077E0001E68C5CBE8142F83C40A06B80102B9018C
:1077F00000B600B28033DB8EC3BB007CCD139C5B34
:107800008986F8FF899EFAFF078B46FAA80174055E
:10781000BABFCBEB03BA51C48CD850528B46F85048
:107820001E68DFCBE8D42E83C40A06B401B280CD33
:107830001388A6E40007C41E9DAD260FB6477450FA
:107840000FB686E400501E68F9CBE8AE2E83C4085C
:107850006A02168D965AFF526A0068007CE8E48B33
:1078600083C40A6A02168D965CFF526A0068FE7D28
:10787000E8D18B83C40A0FB6865DFF500FB6865CD5
:0F788100500FB6865BFF500FB6865AFF501E6839
:1078900024CCE96EFABB51CC8D46828CD98CD2E8CF
:1078A0009EE385C074101EBA56CC52E84D2E83C498
:1078B00004CD19E949F0BB88CC8D46828CD98CD295
:1078C000E87DE385C074251EBA8FCC52E82C2EBB10
:1078D00002008D866EFE83C4048CD2E8EEB389C3A9
:1078E0008CD28D866EFEE8DEB4E913F0BBB0CC8D91
:1078F00046828CD98CD2E847E385C074348D5E9E75
:107900008D46828CD18CD2E8C1E231F685C07419E3
:107910008B46A085C07708750D837E9E0176071E75
:10792000BAB6CCE927F08B769E89F0E863ECE9CE15
:10793000EFBBE4CC8D46828CD98CD2E802E385C0C3
:1079400074618D5EA28D46828CD18CD2E87CE2314E
:10795000F685C075071E68E8CCE9F2EF8B46A43DBA
:0F7961000F76071E681DCDE9E3EF8D5ECA8D46D8
:10797000828CD18CD2E853E285C074198B46CC85B9
:10798000C07708750D837ECA0176071E6847CDE96A
:10799000BCEF8B76CA8B46A28B56A489F3E8AFED79
:1079A000E95CEFBB5DCD8D46828CD98CD2E890E24C
:1079B00085C07405BF0100EB15BB62CD8D46828C7E
:1079C000D98CD2E87AE285C00F84710031FF8D5ED8
:1079D000AA8D46828CD18CD2E8F0E185C074078BE9
:1079E00046AC85C076071E6866CDE961EF8B46AA76
:1079F0008D5EAA8CD18CD28946FC8D4682BE010058
:107A0000E8C8E185C07429837EAC007506837EAA30
:107A10000074108B46AC85C077097511817EAA0071
:107A200001760A6800011E68B7CDE93CF58B76AA9D
:107A30008B46FC89FB89F2E8B0E4E9C2EEBBCCCD11
:107A40008D46828CD98CD2E8F6E185C07405BE01E2
:107A500000EB15BBD1CD8D46828CD98CD2E8E0E10C
:107A600085C00F848F0031F68D5EAE8D46828CD13D
:107A70008CD2E856E185C074078B46B085C0760786
:107A80001E68D5CDE9C7EE8D5EAE8D46828CD18C59
:107A9000D28B7EAEE834E185C075071E6824CEE93E
:107AA000ACEE85F67405BAFFFFEB03BAFF0031C0F8
:107AB0003B46B07207751C3B56AE731785F67405CE
:107AC000BA3ECEEB03BA49CE8CD850521E6850CE87
:107AD000E942F68B4EAE89F389F889CAE804E2855B
:107AE000F6740951571E6862CEE929F651571E688F
:107AF00070CEE920F6BB7ECE8D46828CD98CD2E842
:107B00003EE185C00F840C018D56008D5EFE8D46D2
:107B100082168CD1528CD2E802E085C07D071EBA55
:107B200081CEE928EE75071EBAC6CEE91FEE8CD8C5
:107B30008986020031C08986AEFE8986ACFE8986C0
:107B4000AAFE8986A8FE8986B2FE8986B0FE8B468B
:107B5000028D9EA8FE8986B6FE8986B4FE8CD18CE5
:107B6000D28D4682C786B8FE0000E8B0E08D9EAA9E
:107B7000FE8D46828CD18CD2E8A2E08D9EACFE8D2B
:107B800046828CD18CD2E894E08D9EAEFE8D4682EA
:107B90008CD18CD2E886E0FFB6B4FE66FFB6ACFEB0
:107BA00066FFB6A8FE66FF76FE1EBA42CF52E84ACE
:107BB0002B83C412168D96A8FE5266FF76FEE87FD0
:0F7BC0002883C40866FFB6B0FE66FFB6ACFE664B
:107BD000B6A8FE1EBA7BCF52E8202B83C410F686CF
:107BE000B8FE407405B8B1CFEB03B8B4CF8CDA520D
:107BF00050F686B8FE017405BAB7CFEB03BABACF18
:107C00008CD8505266FFB6B6FEFFB6B4FE1E68BDF5
:107C1000CFE9C9EFBBE2CF8D46828CD98CD2E81F69
:107C2000E085C00F84A9048D5E048D46828CD18CC2
:107C3000D2E8E9DF85C075071EBAE8CFE90EED8C02
:107C4000D88986060031C089869CFE89869AFE897D
:107C50008698FE898696FE8986A0FE89869EFE8B82
:107C600046068986A4FE8986A2FE8B4604C786A6A0
:107C7000FE00003D870072150F8667013DC0000FB2
:107C80008486033D88000F843003E93C043D860070
:107C90000F853504C746E2A0868D5EE28D46828C54
:107CA000D18CD2C746E40100E820DF837EE4007572
:107CB0000D837EE20075071EBA48D0E98FEC8B4633
:107CC000E43D04007305BA67D0EB03BA87D08CD8C3
:107CD00050521E68A2D0BE0100E81F2A8B46E483E2
:107CE000C4083D0F0072097519817EE2404273128B
:107CF000B84042BA0F008B5EE28B4EE4E8502D890B
:107D0000C64681FEE8037603BEE803C41E9DAD2689
:107D10008B476C31FF89461039F77D2AC78696FE5E
:107D200000868B46E48D9696FE1689869AFE8B46D3
:107D3000E25289869CFEE8892783C404F686A6FE63
:107D400001750347EBD2C41E9DAD268B476C894657
:107D500012F686A6FE017408571E68B0D0E909F233
:107D60008B46E28B56E489F331C98B7E12E87E2C78
:107D7000BB8DD689460889560A2B7E1031C989F8F1
:107D800031D2E8692C66FF760866FF76E2561E89D6
:0F7D9000460C68D5D089560EE8602983C40E666C
:107DA000760C571E68FAD0E8512983C40A837E0AEC
:107DB000007506837E0800741D8B46088B560ABB2F
:107DC000640031C9E8882C89C389D18B460C8B5655
:107DD0000EE87B2CEB0431C031D252501E6832D1F8
:107DE000E932F3C746BE00018D5EC68D46828CD156
:107DF0008CD2C746C00000E8D1DD85C074128D9ECC
:107E000076FF8D46828CD18CD2E8BFDD85C07507A8
:107E10001E6862D1E937EB8D5EBE8D46828CD18CB7
:107E2000D2E8A7DD837EC0007506837EBE00741095
:107E30008B46C085C07709750E817EBE00807607AF
:107E40001E68CAD1E907EB31F646C68215FE0083EB
:107E5000FE3072F5B0FF8B7EC8888626FE888627A6
:107E6000FE8A46C6C6862BFE93888628FE8B46C6AB
:107E7000C68633FE93B90800D1EFD1D8E2FA8D9EC1
:107E800016FE888629FE8B46C85388862AFEC1E8DE
:107E9000081688862DFEB0FFFFB678FF88862EFE76
:107EA00088862FFE8A8676FF8BBE78FF888630FE16
:107EB0008B8676FFFFB676FFB90800D1EFD1D8E206
:107EC000FAFF76C8888631FE8B8678FFFF76C688F3
:107ED0008632FEC1E808FF76C0888635FE8B46BE36
:107EE000C78696FE0087508C96A4FE1E899E9EFE35
:107EF00068F7D189869AFEE8012883C414168D9606
:107F000096FE52E8BC2583C404F686A6FE017405DD
:107F1000BA29D2EB03BABACF8CD8508B8696FE52D0
:107F2000C1E808501E6836D2E8D02783C40AF68616
:107F3000A6FE010F85C8E96A10168D9600FF5266ED
:0F7F410076C6E8FE8483C40A66FF76C61E6848CB
:107F5000D231F6E8A52783C4080FB68200FF501E71
:107F6000684BBC46E8942783C40683FE1072EA1E61
:0F7F70006851BCE8852783C4046A10168D9600FB
:107F80005266FFB676FFE8BB8483C40A66FFB67606
:0F7F91001E6859D231F6E8612783C4080FB68203
:107FA00000FF501E684BBC46E8502783C40683FE82
:107FB0001072EA1E686AD2E994E9168D9696FE520E
:107FC000C78696FE0088E8F92483C404F686A6FED8
:107FD000017405BA8AD2EB03BABACF8CD88B1E9D36
:107FE000AD508E069FAD528B8696FE26FFB7DB0006
:107FF000C1E80A50FFB696FEFFB696FE1E6898D2FC
:10800000E8F82683C410E9F6E8168D9696FE52C766
:108010008696FE00C0E8AA2483C404F686A6FE0164
:1080200074071EBAD6D2E924E98B8698FE89867E2B
:0F8031008B86A4FE8BB67EFF8EC026FF34FFB673
:1080400098FE50BAF0D21E8946805289C7E8AB2606
:108050008EC783C40A260FB6440450260FB64403C5
:1080600050260FB64402501EBA1AD352E88C268E00
:10807000C783C40A26F64405207405BA49D3EB0326
:10808000BA4DD38CD8508EC75226F644054074059D
:10809000BA54D3EB03BA5CD38CD8508EC752260F98
:1080A000B6440950260FB6440850260FB644075070
:1080B000260FB6440650260FB64405501E6867D3F7
:1080C000E8382683C416E936E81E6899D3E97EE8C5
:1080D000BBB8D38D46828CD98CD2E863DB85C00FC8
:1080E000841501B8CAF431D2E8CCDB89C331D2B8E7
:0F80F00000F8E8C2DBBA0100894616B8C0F431C7
:10810000E8B4DBBA0100894618B8C2F431F6E8A633
:10811000DB09C7BA0100B8C4F4E89BDBBA010089E7
:108120008242FFB8C6F44646E88CDB898238FF837A
:10813000FE0875DFF6C3027405BABCD3EB03BABF01
:10814000D38CD85052531E68C3D3E8AE2583C40ADB
:10815000F64616047405BAEAD3EB03BABFD38CD83B
:108160005052F64616087405BAEAD3EB03BAEDD3BB
:108170008CD85052FF76161E68F1D3E87D2583C453
:108180000EFF76185757FF76181E681FD4E86B2528
:0F81900083C40C1E6861D431F6E85F2583C404F4
:1081A000B23AFFFFB242FF1E686DD44646E84B2547
:1081B00083C40883FE0875E71E6851BCE83C25C4EB
:1081C0001E9DAD31D2268B87DD00BBE803F7F3831C
:1081D000C40489C685C074198B561889F889F3318F
:1081E000C9E86B285250561E6877D4E80D2583C421
:1081F0000A1E68B5D4E956E7BB02D58D46828CD9F4
:108200008CD2E83BDA85C00F84E8048E46848B5E0E
:1082100082268A073C2074043C097505FF4682EBE0
:10822000EDBAAE00B8E104E85DDCB8210031D2312E
:10823000DBE883DA89C689462089C2B8210080CA72
:10824000028CD9E89DDABB08D58D46828CD2E8EF46
:10825000D985C0744C1E680DD5E89F2483C404C41E
:108260001E9DAD268B471A263B471C7521B8E1049D
:1082700031D2E842DAA80174E6B8E00431D2E83637
:10828000DA501E684BBCE8722483C406EBD1E8B810
:10829000A51E6851BCE863248B5620B82100E97BF9
:1082A00012BB49D58D46828CD98CD2E892D985C033
:1082B0000F842F02B8E10431D2E8FBD9A801740A77
:1082C000B8E00431D2E8EFD9EBEABFFF008B1E9D86
:1082D000AD31C98E069FAD894E1C894E1A268B770B
:1082E0006CBA0A00B8200031DBE8F7D9B8200031B9
:1082F000D2E8C3D931DBBA0A0009461AB8A000E8AF
:10830000E1D9B8A00031D2E8ADD909461C31D2B8C4
:1083100070F8E8A2D98B1E9DAD09C18E069FAD21D4
:10832000C7268B476C29F03D120072B5F7C70400D1
:108330007405BA4DD5EB0DF6C1047405BA52D5EBF0
:1083400003BA5BD58CD8505266FF761A1EC74624F6
:0F83510000685FD531F6E8A1238B1E9DAD83C474
:108360000C31C08E069FAD89462289461E268B4F52
:108370006CBA0A00B8200031DBE867D9B8200031B8
:10838000D2E833D931DBBA0A0009C6B8A000E852F6
:10839000D9B8A00031D2E81ED909461E31D2B87032
:1083A000F8E813D98B1E9DAD0946228E069FAD219C
:1083B0004624268B476C29C83D5A0072B4B8E104A4
:1083C00031D2E8F2D88886EA00B8E10431D2E8E692
:1083D000D8A801740AB8E00431D2E8DAD8EBEA0F81
:1083E000B686EA0050F64624047405BA4DD5EB0E65
:1083F000F64622047405BAD0D5EB03BA5BD58CD807
:108400005052FF761E561E68DAD5E8EE2283C40E5F
:10841000F686EA000175071E681DD6E977FEF7C7E4
:1084200004007425F64624047405BA5ED6EB03BA3C
:108430007ED68CD850521E689ED6E8BE228B56201F
:10844000B8210083C408E9D6108B461AF7D030E46F
:1084500024FE21C68B461CF7D021461E85F67518D2
:10846000837E1E007512F6462204750C1E6868D7BE
:10847000E8882283C404EB6285F6750C837E1E00B7
:1084800075061E68CAD7EBE8C786CE000000EB462B
:108490008B561E8B8ECE00B8010080E107D3E0859D
:1084A000C2742183BECE00017505BA32D8EB03BA7F
:1084B00064D88CD85052FFB6CE001E6865D8E83A12
:1084C0002283C40AFF86CE008B86CE003D10007347
:1084D000093D080073BA89F2EBB98B5620B8210028
:1084E000E93C10B8210089F231DBE8F6D7B8E104A5
:1084F00031D2E8C2D78946260FB64626501E687D7F
:10850000D8E8F72183C406807E26FF750A68E10457
:108510001E6890D8E952EA0FB6462689C2C1FA040D
:1085200083E2015289C2C1FA0230F6D1F880E20139
:1085300030E4522401508A46262401501E68B9D8DE
:1085400031F6E8B62183C40CEB19B8E00431D2E867
:1085500065D7501E68DDD846E8A02183C40683FE97
:1085600010730CB8E10431D2E84CD7A80175DB8D4B
:108570009EF000B8AA008CD1E851D985C075071EBD
:1085800068F2D8E9C8E380BEF000557505B82DD96A
:10859000EB03B852D98CDA52500FB686F000501E59
:1085A0006868D9E8552183C40A80BEF000550F855C
:1085B0004DE38D9EF000B8AB008CD1E80ED985C09C
:1085C000744A8A86F00084C07505BA82D9EB273CCC
:1085D000017505BA9FD9EB1E3C027505BAB2D9EBFD
:1085E000153C037505BAC6D9EB0C3C047505BAD821
:1085F000D9EB03BAEBD98CD850520FB686F00050A5
:108600001E68F6D9E8F42083C40AEB0A1E6815DA5E
:10861000E8E82083C4048D9EF200B820008CD1E8E5
:10862000AAD885C07449F686F200107405B836DA07
:10863000EB03B83FDA8CDA5250F686F2004074054C
:10864000BA47DAEB03BA5CDA8CD85052F686F200FD
:10865000017405B8EAD3EB03B8BFD38CDA52500FDC
:10866000B686F200501E686CDAE88F2083C412BA16
:10867000AE00B8E104E80FD8BAFF00B8E004E8069D
:10868000D885C07410BB12008D86F0008CD2E8AD86
:10869000D785C075071E68A8DAE9B2E20FB686F082
:1086A00000501E681FDBE8522083C40680BEF00025
:1086B000FA7520BB24008D86F0008CD2E87FD78528
:1086C000C074100FB686F000501E683BDBE82B200C
:1086D00083C40680BEF000AA7505BA41DBEB03BA7D
:1086E00064DB8CD85052E8122083C4041E687DDB02
:1086F000E95BE2BBBCDB8D46828CD98CD2E840D5ED
:1087000085C00F84CB00BFE304BEE20489FA89F080
:10871000E842D685C0751856BAC3DB1E89FE52BF23
:10872000E204E8D61F83C40689FA89F0E826D685D4
:10873000C0752FBB0F00BAE304B8E204E8EBD5BB69
:108740000E0030E4BAE30450B8E204E8DCD530E4CB
:10875000501E6813DCE8A31F83C4081E6850DCE9C0
:10876000ECE157561E68DDDCE8901F83C4081E68E4
:1087700010DDE8861FBB110083C40489FA89F0E884
:10878000A8D5BB100030E489FA5089F0E89BD5BB2E
:108790000F0030E489FA5089F0E88ED5BB0E003026
:1087A000E489FA5089F0E881D530E4501E6848DD4C
:1087B000E8481FBB0E0083C40C89FA89F031C9E870
:1087C0007CD5BB0F0089FA89F031C9E870D5E92E54
:1087D000E1BB78DD8D46828CD98CD2E862D485C02D
:1087E0000F844102C41E9DAD26F6878900027507DD
:1087F0001EBA7EDDE956E1B80300CD10C7462A0057
:1088000000EB09FF462A837E2A5073728B462ABBEF
:108810000A0031D2F7F3B907000530008B562A0F52
:10882000B6D831C0E8C3D58B462ABB0A0031D2F78F
:10883000F3B9070083C230B801000FB6F28B562A95
:1088400089F3E8A5D5B907008B562AB8180089F333
:10885000E897D58B462A85C074A93D4F0073A4B90B
:108860000700BBCD0089C2B80200E87DD5B907007A
:10887000BBCD008B562AB81700E86ED5EB85C746EE
:10888000280300B90700BBBA008B462831D2E8594B
:10889000D5B90700BBBA00BA4F008B4628FF46285F
:1088A000E847D5837E281772DAB90700BBC900B83C
:1088B000020031D2E833D5B90700BBBB00BA4F0084
:1088C000B80200E824D5B90700BBC800B8170031CA
:1088D000D2E816D5B90700BBBC00BA4F00B81700E4
:1088E000C746280000E802D58A4628C0E004BF0435
:1088F000008886E600EB0F8086E60010FF462847DA
:10890000837E28107339C7462A00008A462ABE0390
:10891000000286E60089BEBE008886EC000FB69E87
:10892000EC00B907008B86BE0089F2FF462AE8B941
:10893000D4FE86EC004646837E2A1073BAEBDEC76F
:10894000462C0000BE040031FFEB45B8070009F8D3
:10895000BBC0DDBA300030E48CD95089F0E8ADD42A
:10896000837E2C07750431C9EB03B9070009F98B25
:108970005E2CBA330083C7100FB687AFDD30ED89A8
:10898000C389F0FF462CE861D446837E2C107334F3
:108990000FB6462CBBACDDBA28008CD98946665090
:1089A00089F0E868D48B5E2C8B4E660FB687AFDDFE
:1089B000BA2B0089C389F0E830D4837E2C07758BED
:1089C00031C0EB8A688F00BBC3DDBA3800B8040041
:1089D0008CD9E838D46A0FBBD4DDBA3800B80600A9
:1089E0008CD9E828D46A0FBBE2DDBA3800B807009A
:1089F0008CD9E818D46A70BBEEDDBA3800B809002B
:108A00008CD9E808D46A07BBF6DDBA0300B81500B4
:108A10008CD9E8F8D3BA3A00B81500E8B2D31E688A
:108A20002DDEE929DFBB5ADE8D46828CD98CD2E857
:108A30000ED285C00F849D00C41E9DAD26F6878989
:108A4000000275071EBA62DEE902DF31C0C7469434
:108A500000B889469289C68B469489463089F38B43
:108A60007E3031C08EC789C2C1EA0731C240268834
:108A700017433DA00F72EFBFFFFF8B463089B6ACA6
:108A80000031D28986AE0089562E8E86AE00EB0963
:0F8A9100462E837E2E0873258BB6AC0031C0EBCA
:108AA0000740463DA00F73E889C3C1EB0731C326D9
:108AB0003A1C74ED83FFFF750289C742EBE3E83986
:108AC000BF85D275071E6880DEE982DE57521E68B8
:108AD000E7DEE940E6BB56DF8D46828CD98CD2E8D2
:108AE0005ED185C00F84FC00C41E9DAD26F687892B
:108AF000000275071EBA5DDFE952DE31F6EB07466C
:108B000081FE60EA7310BB1F00BAE304B8E204E818
:108B100018D2A80275E931C9EB074181F960EA73FF
:108B200010BB1F00BAE304B8E204E8FDD1A8027448
:108B3000E9E85DD189463231C9EB074181F960EA44
:108B40007310BB1F00BAE304B8E204E8DCD1A8024A
:108B500075E9E83CD189C131F6EB074681FE60EA50
:108B60007310BB1F00BAE304B8E204E8BCD1A8024A
:108B700074E9E81CD181FE60EA7216BB1F00BAE3FB
:108B800004B8E204E8A3D130E4501E687ADFE9D8E3
:108B9000E38B7E328B7632BBE80331D229C729CEF4
:108BA00089F831C9E8471EBB247C05123E83D200F8
:108BB00031C9E89A1EBBE80389463489563631C963
:108BC00089F031D2E8271EBB247C05123E83D200F7
:108BD00031C9E87A1E52505666FF7634571E68C374
:108BE000DFE91CF4BB00E08D46828CD98CD2E84FC3
:108BF000D085C00F848A008D5EC28D46828CD18C58
:108C0000D2E8C7CF85C075071EBA07E0E93EDD8D03
:108C10005EC28D46828CD18CD28B7EC2E8ACCF8175
:108C2000E7FF7F85C074058B46C2EB03B84000891F
:108C300086C00031F63BB6C000733FF7C60F007523
:108C40001B5785F67405BA51BCEB03BA64D88CD8AF
:108C500050521E6827E0E8A21A83C40A89F8E8A7E0
:108C6000D031D2B8E704E84ED030E4501E46683B1D
:108C7000DB47E8861A83C406EBBB1E6851BCE9CD0E
:108C8000DCBB2FE08D46828CD98CD2E8B2CF85C078
:108C90000F84B0018D5EB28D46828CD18CD2E82AD1
:108CA000CF85C074618D5EB28D46828CD18CD28BA3
:108CB00076B2E816CF81E6FF7F85C0743189F08AED
:108CC00056B2E843D031DBB8E70430F6E814D08977
:108CD000F0E834D031D2B8E704E8DBCF30E4508B91
:108CE00046B230E450561EBA34E052E90BDC89F04B
:108CF000E815D031D2B8E704E8BCCF30E450561EB6
:108D0000BA54E0E90EE468E40468E30468E2046845
:108D1000E10468E00468E70468E0041EBA67E05212
:108D2000E8D81983C41231C0B255E8DBCF31DBB8C3
:108D3000E70430F6E8ACCF31C0E8CCCF31D2B8E7A9
:108D40000431DBE871CF8886E20031C0B2AAE8B70F
:108D5000CF30F6B8E704E88ACF31C0E8AACF31D2E5
:108D6000B8E704E851CF8886EE000FB686EE0050D3
:108D70000FB686E200501EBAA8E052E87D1983C4FF
:108D80000880BEE20055750780BEEE00AA74071E7B
:108D900068EAE0E9B8DB6800801EBABAE15231F651
:108DA000E8581983C40689F0C1E80831F0345A3014
:108DB000E489C289F031DBE84ECFB8E70446E82207
:108DC000CF81FE008072DF31FF31F6897E3AEB07FA
:108DD0004681FE0080733C89F0E82CCF31D2B8E7A1
:108DE00004E8D3CE89C289F0C1E80831F0345A30A2
:108DF000E438C274DB83FF04730F30F65250561E02
:108E000068DAE1E8F51883C40A85FF750389763AC4
:108E100047EBBD85FF750F6800801E68FAE1E8DA50
:108E20001883C406EB18FF763A571E6851E2E8CA69
:108E30001883C4081E6879E2E8C01883C404E8B93E
:108E4000BBE9BBDABB0CE38D46828CD98CD2E8EF50
:108E5000CD85C00F84D6008D5E408D46828CD18C2E
:108E6000D2E8B9CD85C075071EBA13E3E9DEDA8D05
:108E70009ECA008D46828CD18CD2C786CA0008005B
:108E8000E89ACD83BECA00007506C786CA000800EE
:0F8E91007640FFB6CA001E68ACE3E85D18C41E49
:108EA0009DAD83C408268B7F6C31DB3B9ECA00736B
:108EB0000B8B464031D2E8FECD43EBEFC41E9DAD97
:108EC000268B776C29FE7525B88DD68B9ECA00310E
:108ED000D231C9E8791B5250FFB6CA001E68D1E3EF
:108EE000E8181883C40A1E6812E4E961DABB8DD65B
:108EF00089F031D231C9E8F51A8B9ECA0031C9E830
:108F00004D1B5250FFB6CA00561E894642684CE4BB
:108F100089D7E8E61783C40C57FF76421E6883E4BE
:108F2000E8D81783C4081E68BEE4E921DABB7CE5F3
:108F30008D46828CD98CD2E806CD85C00F849602EE
:108F40008D9E56FFA1C0AD8CD189465AA1C2AD8C71
:108F5000D289465C8D4682C746480000E86CCC85C5
:108F6000C0741F8B8658FF85C07709750E83BE5667
:0F8F71000176071EBA82E5E9D2D98B8656FF89B1
:0F8F800046488B464885C07403B81000C786600A
:108F900000108886E00031C0C74658001089865E00
:0F8FA1008946568CD889864A008B46488B76487D
:108FB000E8B299C786BAFE000831C081CE80008928
:108FC00086BEFE8986BCFE89B6C0FE8986C4FE893F
:108FD00086C2FE168B464AC786CAFE00008D96BA28
:108FE000FE8986C8FE528986C6FEE8441583C404FD
:108FF000F686CAFE0174108B86BAFEC1E808505688
:109000001E68B0E5E90EE18B96BEFE8B86BEFE3093
:10901000F6C1E80880E2C030E4C1E20209C28B86F2
:10902000BEFE30E4243F8946508B86C0FEC1E8086E
:0F90300030E489464E8B86C0FE30E4508B464EAE
:10904000765040504252561E68DAE5E8AD1683C4A9
:109050000E837E500075071E6822E6E9F0D8BF0136
:1090600000837E4E027205B80200EB0231C08946D1
:1090700052837E50037205BE0300EB03BE01008BDA
:109080005E4E89F831D231C943E8621931DB0346BB
:109090005211DA8B5E5031C9897654E850198D5CD3
:0F90A100895E668B4E6631DB01C111DA52515682
:0F90B1007652571E894E44685EE6895646E83A65
:1090C0001689F830E489C289F8C1E80230E4C1E2C7
:1090D0000824C083E63F09D009F08B56528986BE2A
:1090E000FE8B4648C1E2080C80C786BAFE01020921
:0F90F000C28B865EFF83C40E8986BCFE8B8660B2
:109100008996C0FE8986C8FE168B464A8D96BAFEA1
:109110008986C6FE31C0528986C4FE8986C2FE8910
:1091200086CAFEE80B1483C404F686CAFE01740FD7
:109130008B86BAFEC1E808501E688CE6E92ADE6A12
:10914000010FB686E000FF76468B5E5AFF76448BB1
:109150004E5CE88B7585C0740C5066FF76441E68C3
:10916000ABE6E994D78B765A8B565C8B5E56899624
:10917000A8008B565889464C8996AA00EB084640B1
:10918000433D000273268E86AA00268A178E86A883
:1091900000263A1474E8260FB6148E86AA005226CA
:1091A0000FB61752501E68E2E6E94DD7837E4C0099
:1091B0000F854BD766FF764466FF765257837E480D
:1091C000007405BA7DBFEB03BA83BF8CD850521E22
:1091D000681AE7E907DABB5CE78D46828CD98CD246
:1091E000E85DCA85C00F8405021EC746640000689A
:1091F00060E731F6E8041589766089765E89F78341
:10920000C404EB0A4747FF465E83FF08742E8B8534
:10921000CAF931D2894668E89DCA50FF76681E684F
:109220007DE7894666E8D31483C408817E66FF0023
:1092300074D2C7466001008B7668EBC81E6851BCCB
:10924000E8B814B8380483C40431D2E869CA501E9F
:109250006889E7E8A51483C406837E600075071E4D
:1092600068C4E7E9E8D689F031D2E84ACA89C385FB
:10927000C07505BA1BE8EB0D3D80007505BA47E8DF
:10928000EB03BA4EE88CD8505256531E6863E8E898
:109290006914B8380483C40C31DB31D2E844CA31D4
:1092A000DB89F031D243E80ECA81FBC80072F2BA02
:1092B0008000B8380431DBE829CA31DBEB07438191
:1092C000FBD007730E89F031D2E8EBC989C73D8026
:1092D0000075EBF7C710007405BAA7E8EB03BAAD49
:1092E000E88CD85052F7C720007405BAB3E8EB03F6
:1092F000BA64D88CD85052F7C740007405BAB9E8A0
:10930000EB03BAC1E88CD85052F7C780007405BA95
:10931000CAE8EB03BACFE88CD85052571E68D9E898
:1093200081E7C000E8D41383C41681FF800074076E
:109330001E68F3E8E917D6BA08008D7C0131DB8995
:10934000F8E89FC931DBEB074381FBD00773128933
:10935000F031D2E861C989C230E424C03DC0007553
:10936000E789D030F424C03DC0007408521E683232
:10937000E9E9F5DB89F831D2E83CC931DB8946629D
:10938000EB1189F831D2E82EC94389466481FBD0BC
:1093900007731089F031D2E81DC930E424C03DC004
:1093A0000074DFFF76621E6864E9E84E138B466244
:1093B00030E424C083C4063DC0007509FF76641EF6
:1093C000688CE9EB1A817E628000750C1E68BBE92F
:1093D000E8281383C404EB0DFF76641E68E7E9E810
:1093E000191383C40657561E68F3E9E927DDBB2E1F
:1093F000EA8D46828CD98CD2E845C885C00F84B3EB
:1094000002BE36048D9E66FF8D46828CD18CD2C7FB
:10941000466A8200E8B4C731FF85C074078B866650
:0F94210089466A8D9E66FF8D46828CD18CD2E87B
:1094300099C785C074078BBE66FF83E70357FF7625
:109440006A1E6833EAE8B3128B566AB8380483C4DC
:109450000830F631DB80E27FE888C831DB89F03103
:10946000D243E852C881FBC80072F28B566AB83802
:109470000431DBE86DC8C41E9DAD268B576CC41E3D
:109480009DAD268B476C29D03D0A0072F589F031DD
:10949000D2E823C83D80007413501E6853EAE85A8E
:1094A00012BA8000B8380483C406EB73C786D000B4
:1094B0000000EB218D9E10FF8CD189F0E821CB8D2F
:1094C0009E12FF8CD189F0FF86D000E812CB83BEBC
:1094D000D00004730CBA080089F0E8DECA85C074B5
:1094E000D3FFB610FF1E689BEAE80F12BA03008391
:1094F000C40689F0E8C4CABADF0089C389F0E8BAB3
:10950000CABA030009C389F0E8B0CA09C374181EB7
:1095100068CAEAE8E511BA8000B8380483C40431A7
:10952000DBE8BFC7E9D8D3BA070089F0E88CCA895D
:10953000C389FA89F0E883CA09D874061E68EAEA82
:0F954000EBD1C78610FF8000C41E9DAD89861237
:10955000268B476C8986D800BA080089F0E85BCA78
:1095600085C075358D9E10FF8CD189F0E871CA8554
:10957000C0752681BE10FF8000740D8D9E12FF8C79
:10958000D189F0E85ACAEB11C41E9DAD268B476CF9
:109590002B86D8003D240072BF89F031D2E817C76E
:1095A00089C381BE10FF80007505BA0EEBEB2A8AD5
:1095B0008610FFA8C07509A8207405BA23EBEB1923
:1095C0008A8610FFA8107405BA47EBEB0CA8087444
:1095D00005BA8BEBEB03BA64D88CD8505266FFB651
:1095E00010FF531E689AEBE81111BA4A0083C40EAB
:1095F00089F0E8C6C989FA89C330F689F080E203A8
:10960000E8B8C909D874071E68D3EBE905FF8D9641
:1096100010FF8986D2008C96A60031FFEB084742E6
:109620004283FF0773118B8EA60089D389F0E8AFC0
:10963000C985C07509EBE783BED2000074071E68B8
:10964000F3EBE9CEFE66FFB61AFF66FFB616FF66BD
:0F965100B612FFFFB610FF1E6832ECE89C1083C4
:10966000C412F68610FFC075178B8E1CFFB88000E1
:1096700080E107D3E050FFB61CFF1E6873ECEB1CC3
:10968000F68612FF01740C1E68A9ECE86D1083C405
:1096900004EB0F66FFB612FF1E6839EDE85C10831D
:1096A000C408BA8000B8380431DBE836C61E6868E2
:1096B000EDE99AD2BB79ED8D46828CD98CD2E87FC8
:1096C000C585C00F841B04BE3604C7466C82008D5E
:1096D0009E6AFF8CD131C08CD289467089467289CE
:1096E000466E8D4682C746740100E8DEC485C074AC
:1096F000078B866AFF89466C8D9E6AFF8D46828C39
:10970000D18CD2E8C5C485C074078B866AFF8946B0
:10971000708D9E6AFF8D46828CD18CD2E8ACC48558
:10972000C0740B8B866AFF30E424018946728D9EDB
:109730006AFF8D46828CD18CD2E88FC485C07407B5
:109740008B866AFF894674837E740075071E688065
:10975000EDE9FAD166FF7672FF7670FF766C1E68CF
:10976000EAEDC746760000E8910F8B566CB83804D6
:1097700083C40C30F631DB80E27FC746780010E806
:1097800061C531DB89F031D243E82BC581FBC800CC
:1097900072F28B566CB8380431DBE846C5C41E9DA6
:1097A000AD268B576CC41E9DAD268B476C29D03DD2
:1097B0000A0072F589F031D2E8FCC43D80007407DC
:1097C0001E680BEEE94CFD31FFEB1C8D9E2CFF8CCF
:1097D000D189F0E80AC88D9E2EFF8CD189F047E828
:1097E000FEC783FF04730CBA080089F0E8CCC78574
:1097F000C074D8BA030089F0E8C0C7BADF0089F0A6
:10980000E8B8C7BA030089F0E8B0C7BA070089F022
:10981000E8A8C78B566E89F0E8A0C7C41E9DADC7E7
:10982000862CFF8000268B7F6CBA080089F0E88ABE
:10983000C785C075338D9E2CFF8CD189F0E8A0C7F9
:0F98400085C0752481BE2CFF8000740D8D9E2E77
:109850008CD189F0E889C7EB0FC41E9DAD268B47DC
:109860006C29F83D240072C1837E70000F847A0059
:10987000BA0F0089F0E843C78B5672C1E20289F043
:109880000B566EE835C78B567089F0E82DC7C41E9D
:109890009DADC7862CFF8000268B7F6CBA0800899F
:1098A000F0E817C785C075338D9E2CFF8CD189F0E9
:1098B000E82DC785C0752481BE2CFF8000740D8DF6
:1098C0009E2EFF8CD189F0E816C7EB0FC41E9DAD0C
:0F98D000268B476C29F83D240072C166FFB62C29
:1098E0001E6830EEE8140E83C408BA460089F0E81A
:1098F000C9C68B567289C7C1E20289F00B566EE861
:10990000B9C68B567009C789F0E8AFC68B56720985
:10991000C789F0E8A5C68B567409C789F0E89BC6CD
:10992000BA020009C789F0E891C68B567409C78945
:0F993000F0E887C6BA1B0009C789F0E87DC6BA00
:109940000009C789F0E873C609C774071E6854EE9A
:10995000E9C0FB68000266FF767656E8E2A18B5606
:109960006C83C4088986D40031DBB8380480CA010E
:109970008DBE2CFFE86CC38B566CB8380431DB8C81
:1099800096A200E85DC331D2EB0842474783FA074D
:10999000731A8B8EA20089FB89F0E843C685C074D8
:1099A000E9521E6877EEE8520D83C40689F031D281
:1099B000E804C331DBBA800089C1B83804E823C3A6
:0F99C0005166FFB636FF66FFB632FF66FFB62E62
:1099D0008B86D400FFB62CFF85C07505BAA4EEEBCC
:1099E0000D3D01007505BAADEEEB03BAB7EE8CD8AC
:0F99F00050521E68C1EEE8020D83C418F6862C93
:109A0000C07453F6862EFF017405B810EFEB03B84F
:109A100064D88CDA5250F6862EFF047405BA26EF0D
:109A2000EB03BA64D88CD85052F6862EFF2074050A
:0F9A3000BA4AEFEB03BA64D88CD85052F6862EA0
:109A4000107405BA67EFEB03BA64D88CD850521E75
:109A50006888EFE91FD11E8B767668A3EF31FFE8A7
:109A6000990C8B467883C4048986A4008E86A40052
:109A7000260FB604501E47683BDB46E87D0C83C4C6
:109A80000683FF1072E61E6851BCE86E0C83C404A6
:109A9000837E70000F8567CE837E72000F855FCE58
:109AA000837E74010F8557CEC45E762680BFFE018B
:109AB00055750D2680BFFF01AA7505BAD1EFEB03DE
:109AC000BAE2EF8CD88E4678508B5E7652260FB66F
:109AD00087FF0150260FB687FE01501E68F7EFE999
:109AE00021D8BB22F08D46828CD98CD2E851C18519
:109AF000C00F842705BE36048D9E7AFF8CD131C0FD
:109B00008CD289467C8986840089868200898680F9
:109B10000089467A8D468231FFE8AFC085C0740A5D
:109B20008B867AFFBF010089467A8D9E7AFF8D462B
:0F9B3000828CD18CD2E893C085C074098B867A61
:109B400047898680008D9E7AFF8D46828CD18CD28B
:109B5000E878C085C0740D8B867AFF30E424014715
:109B6000898682008D9E7AFF8D46828CD18CD2E8C8
:109B700059C085C074098B867AFF47898684008323
:0F9B810004750D837E7A00740783BE840000751F
:109B9000071E682AF0E9B6CD66FFB68200FFB680E0
:109BA00000FF767A1E68DAF0E8500B8A868000B4EF
:109BB00007F6E488C28A868200B40DF6E488C68A75
:109BC000868400B41DF6E466C78686000000001097
:109BD000C7467E0000B9001083C40C02467E31DB0C
:109BE00000F08EC100D0FF467E26880743FEC0816C
:109BF0007E7E000272F08B567AB8380430F631DB84
:0F9C000080E27FC7467E0000E8D8C089F031D2ED
:109C1000467EE8A2C0817E7EC80072EF8B567AB87D
:109C2000380431DBE8BCC0C41E9DAD268B576CC424
:109C30001E9DAD268B476C29D03D0A0072F589F038
:109C400031D2E872C03D800074071E680BF1E9C292
:109C5000F8C7467E0000EB1F8D9E1EFF8CD189F059
:109C6000E87DC38D9E20FF8CD189F0FF467EE86F92
:109C7000C3837E7E04730CBA080089F0E83CC38578
:109C8000C074D5BA030089F0E830C3BADF0089F0A8
:109C9000E828C3BA030089F0E820C3BA070089F0B6
:109CA000E818C38B567C89F0E810C3C41E9DADC76D
:109CB000861EFF8000268B7F6CBA080089F0E8FAC8
:109CC000C285C075338D9E1EFF8CD189F0E810C30C
:0F9CD00085C0752481BE1EFF8000740D8D9E20FF
:109CE0008CD189F0E8F9C2EB0FC41E9DAD268B47DD
:109CF0006C29F83D240072C183BE800000746DBAE7
:109D00000F0089F0E8B4C28B968200C1E20289F0AC
:109D10000B567CE8A5C28B96800089F0E89CC2C4F3
:109D20001E9DADC7861EFF8000268B7F6CBA080083
:109D300089F0E886C285C075338D9E1EFF8CD1895F
:109D4000F0E89CC285C0752481BE1EFF8000740DA2
:109D50008D9E20FF8CD189F0E885C2EB0FC41E9D3B
:109D6000AD268B476C29F83D240072C1BA450089A5
:109D7000F0E847C28B96820089C7C1E20289F00BE6
:109D8000567CE836C28B96800009C789F0E82BC262
:109D90008B96820009C789F0E820C28B968400095F
:109DA000C789F0E815C2BA020009C789F0E80BC2FA
:109DB0008B96840009C789F0E800C2BA1B0009C766
:109DC00089F0E8F6C1BAFF0009C789F0E8ECC109DB
:109DD000C774071E6831F1E939F768000266FFB6FB
:109DE000860056E8D99D8B567A83C40889C731DB33
:109DF000B8380480CA01C7467E0000E8E5BE8B562D
:109E00007AB8380431DB8C96A000E8D6BE8D961E59
:0F9E1100EB0BFF467E4242837E7E07730F8B8EE4
:109E2000A00089D389F0E8B7C185C074E666FFB6A3
:109E300020FFFFB61EFF85FF7505BAA4EEEB0D836C
:0F9E4100017505BAADEEEB03BAB7EE8CD85052EF
:109E50001E6855F1E8A40883C40EF6861EFFC07480
:109E60004CF68620FF017405BA10EFEB03BA64D8F4
:109E70008CD85052F68620FF107405BA85F1EB039A
:109E8000BA64D88CD85052F68620FF027405BAB84E
:109E9000F1EB03BA64D88CD850521E68C9F1E85A65
:109EA00008BA8000B8380483C410E972F6C7467E49
:109EB0000000C49E8600FF467E26C6070043817EC2
:109EC0007E000272F1BA460089F0E8EEC08B9682FD
:109ED00000C1E20289F00B567CE8DFC08B9680005F
:109EE00089F0E8D6C08B96820089F0E8CDC08B96C9
:109EF000840089F0E8C4C0BA020089F0E8BCC08BD5
:109F000096840089F0E8B3C0BA1B0089F0E8ABC0C2
:109F1000BAFF0089F0E8A3C068000266FFB68600B9
:109F200056E81C9C8B567A83C4088986D60031DBA0
:109F3000B8380480CA01C7467E0000E8A5BD8B562C
:109F40007AB8380431DB8CD7E898BD8D961EFFEBCC
:109F50000BFF467E4242837E7E07730D89D389F9CB
:109F600089F0E87BC085C074E8BA8000B838043155
:109F7000DBE86FBDF6861EFFC075088B86D60085B0
:109F8000C0740C66FFB61EFF1E68E3F1E986D18936
:109F9000467E8A868000B407F6E488C58A868200F9
:0F9FA000B40DF6E488C18A868400B41DF6E4BAD5
:0F9FB10002467E8B9E860000C88E86880000E8E0
:109FC000EB0DFF467E43FEC0817E7E0002730826B5
:109FD0003A0774EE8B567E85D27D071E6815F2E92E
:109FE0006CC98A868000B407F6E488D300C38A86E9
:109FF0008200B40DF6E400C38A868400B41DF6E442
:10A000008E86880000D88B9E860030E401D35026CF
:10A010000FB60750521E6846F2E9DDC8BB7CF28DD0
:10A0200046828CD98CD2E817BC85C00F84D201C778
:10A03000868E0012008D9E72FF8CD131C08CD28929
:10A04000868C0089868A008D468231F6E87CBB8545
:10A05000C0740B8B8672FFBE010089868A008D9EBC
:10A0600072FF8D46828CD18CD2E85FBB85C0740DA7
:10A070008B8672FF30E424014689868C008D9E72A7
:0FA081008D46828CD18CD2E840BB85C07416838B
:10A09000BE74FF00750783BE72FF0074088B867262
:0FA0A10089868E0083FE02750E8B868E003D0130
:10A0B0000072053D240076071E6882F2E98FC8C74A
:10A0C00046A80010BA001031C031DB8946A6898647
:10A0D00092008EC28B8692003B868E0073278A8602
:10A0E0008A0026C64703022688078A868C002688AF
:10A0F00047018A86920083C304FEC0FF8692002631
:10A100008847FEEBCF8CD8898690008B868E0030F6
:10A11000E480CC058986CCFE8B868A008B968A00EB
:10A12000C1E80230F630E4C1E20824C009C28B86DF
:10A130008C00C1E0088986D2FE8996D0FEFFB6D297
:10A14000FE8B46A6528986CEFEFFB6CCFE8B46A875
:0FA15100B68E008986DAFEFFB68C008B869000F2
:0FA16100B68A008986D8FE1E31C06815F389863C
:10A17000D6FE8986D4FE8986DCFEE87E0583C4107F
:10A18000168D96CCFE52E8A80383C404F686DCFE46
:10A19000017405BA29D2EB03BABACF8CD8508B869A
:10A1A000CCFE52C1E808501E6851F3E84D0583C447
:10A1B0000A1E686DF3C78692000000E83D0583C45F
:10A1C00004C41E9DAD039E9200260FB64742501E4A
:10A1D000683BDBFF869200E8210583C40683BE92BC
:10A1E000000772DDC41E9DAD260FB6473F50260FF7
:10A1F000B6473E50260FB64741501E687FF3E9F838
:10A20000C6BBB4F38D46828CD98CD2E832BA85C0F5
:10A210000F84F801C7869C0001008D5EBA8CD13195
:10A22000C08CD289869A0089869800898696008992
:10A230008694008D468231F6E890B985C0740A8B09
:10A2400046BABE0100898694008D5EBA8D46828C26
:10A25000D18CD2E875B985C074088B46BA46898618
:10A2600096008D5EBA8D46828CD18CD2E85CB98521
:10A27000C0740C8B46BA30E4240146898698008D60
:10A280005EBA8D46828CD18CD2E83FB985C0740805
:10A290008B46BA4689869A008D5EBA8D46828CD1ED
:10A2A0008CD2E826B983FE047513837EBC00750644
:10A2B000837EBA0074078B46BA89869C0083FE04AD
:10A2C000750783BE9A000075071E68B9F3E97EC65C
:10A2D0008CD889869E008B9694008B869C00C1E268
:10A2E0000830E409C28B86960030E48996DEFE8948
:10A2F000C28B869600C1E80230E4C1E20824C0099E
:10A30000D08B969A0030F680E23F09D08986E2FE33
:10A310008B869800C1E008C786E0FE00008986E4CD
:0FA32000FEC786ECFE0010FFB6E4FE8B869E00A3
:10A33000B6E2FE8986EAFEFFB69C0031C0FFB69405
:10A34000008986E8FE1E8986E6FE6856F48986EE58
:10A35000FEE8A70383C40C168D96DEFE52E8D101F9
:10A3600083C404F686EEFE017405B829D2EB03B867
:10A37000BACF8CDA52508B86DEFE30E4508B86DE0C
:10A38000FEC1E808501E687DF4E86F0383C40C1E0C
:10A39000686DF331F6E8630383C404C41E9DAD0108
:10A3A000F3260FB64742501E683BDB46E84C03835A
:10A3B000C40683FE0772E4C4369DAD260FB644483A
:10A3C00050260FB6444750260FB6444650260FB6C7
:10A3D000444550260FB6444450260FB644435026F9
:10A3E0000FB64442501E68A1F4E80F03C41E9DAD91
:10A3F00083C412260FB6473F50260FB6473E50265D
:10A400000FB64741501E68D6F4E9EDC4BB0AF58D7E
:10A4100046828CD98CD2E827B885C075071E681D86
:10A42000F5E92AC51E680FF5E8D00283C4048DA69D
:10A43000F4005DE97BB800000000000000000000AF
:10A440005589E5061E57565251535083EC048B46EE
:10A45000068946EC8B46048946EEC47E0826FF75C5
:10A460000E26FF750C268B05268B5D02268B4D0470
:10A47000268B5506268B7508268B7D0A1F07FF5EE7
:10A48000EC9C5053515256571E0689E583C526C48D
:10A490007E08268F450E268F450C268F450A268F6F
:10A4A0004508268F4506268F4504268F4502268FB0
:10A4B00005268F451083C404585B595A5E5F1F07F9
:10A4C0005DC35589E5061E575652515350C47E044C
:10A4D00026FF750E26FF750C268B05268B5D022642
:10A4E0008B4D04268B5506268B7508268B7D0A1FFF
:10A4F00007CD159C5053515256571E0689E583C50A
:10A5000022C47E04268F450E268F450C268F450AD1
:10A51000268F4508268F4506268F4504268F45023F
:10A52000268F05268F4510585B595A5E5F1F075DC1
:10A53000C35589E5061E575652515350C47E042612
:0FA54100750E26FF750C268B05268B5D02268B6B
:10A550004D04268B5506268B7508268B7D0A1F0712
:10A56000CD139C5053515256571E0689E583C52280
:10A57000C47E04268F450E268F450C268F450A265D
:10A580008F4508268F4506268F4504268F450226CF
:10A590008F05268F4510585B595A5E5F1F075DC3B4
:10A5A0003C3072073C3977032C30C33C4172073C86
:10A5B0004677032C37C33C6172073C6677032C5700
:10A5C000C3B011C35657C80800005052535130C091
:10A5D0008956F88846FE30E431F68946FAE8506339
:10A5E00089C78EC28B5EF62689358E46F8268A0785
:10A5F0003C2074083C0974043C3A750343EBEE8D2F
:10A60000470126803F2D7506C646FEFFEB0A2680D1
:10A610003F2B7506C646FE0189C38E46F8260FB647
:0FA6200007E87CFF3C1175178B46F48946F8E874
:10A630006289C78EC28B5EF626C7050100EB718E5C
:10A6400046F8260FB607E857FF8846FC3C117434DD
:10A6500081FEFF0F760EE8D76289C78EC226C70536
:10A660000100EB1D8B46FA89F2B90400D1E0D1D28A
:10A67000E2FA89D60FB656FC31FF01D08946FA11AD
:10A68000FE43EBBBE8A96289C78EC226833D0074F6
:10A6900009C746FA000031F6EB16807EFE007D10F9
:10A6A0008B46FAF7D0F7D60501008946FA83D60023
:10A6B000837EF0007506837EF20074128E46F08B66
:10A6C0007EF226891D89FB8B46F8268947028B4638
:10A6D000FA89F2C95F5EC33C0A73030430C30437CE
:10A6E000C3201D1B170C0B090035A711A828A9159D
:10A6F000A925A819A886A820A811A85657C81800E7
:10A7000000C646FC078D5E0C8C56F631F6895EF469
:10A71000C45E08FF4608260FB61F85DB0F842B0298
:10A720004683FB25741B83FB0A750A0FB656FCB8DB
:10A730000D00E80B810FB656FC0FB6C3E80181EBA4
:10A74000CF8B5E08268A078846FE31C0BA01008991
:10A7500046FA8946F8807EFE2D75030156088E461E
:10A760000A8B5E08FF4608260FB61F83FB307C1459
:10A7700083FB397F0F6B46FA0A83EB308946FA0177
:0FA780005EFAEBDD83FB2E75268E460A8B5E0894
:10A790004608260FB61F83FB307C1483FB397F0FDE
:10A7A0006B46F80A83EB308946F8015EF8EBDD8AE8
:10A7B00046FE3C2D7505F75EFAEB083C307404C686
:10A7C00046FE2085DB0F8482018B7E084783FB6871
:10A7D000750AC45E08897E0831D2EB0E83FB6C7566
:10A7E0000DC45E08897E08BA0200260FB61F8D4789
:10A7F000A83D20000F873DFFB90900BFE1A60E0765
:0FA80000F2AED1E189CF89D02E8B8DE9A60C0461
:10A81000E1BF100080CA04EB0FBF080089C2EB083B
:10A82000BF0A00EBF7BFF6FF8B5EF48B4EF6434397
:10A8300083FA02730C8EC1268B47FE895EF499EB76
:10A840003389D02D04003D0200730D895EF48EC162
:10A8500031D2268B47FEEB1C83FA0773138346F431
:10A86000048EC18B5EF4268B47FC268B57FEEB04CF
:10A8700031C031D2168D4EE851525089F8E8D100DE
:10A8800089C789D1EB128346F404C47EF48B5EF44D
:10A89000268B7DFC268B4FFE89F889CA4EE8E8029C
:10A8A00089C3837EF80075038946F88B46FA85C014
:10A8B0007E21295EFA837EFA007E110FB656FC0FC8
:10A8C000B646FEFF4EFAE8777F46EBE9C746FA0048
:10A8D00000EB097D07F7D829D88946FA8EC1268072
:10A8E0003D0074198B46F8FF4EF885C07E0F0FB6F9
:10A8F00056FC260FB605E8477F4647EBDF837EFA16
:10A90000000F8E0BFE0FB656FCB82000FF4EFAE883
:10A910002E7F46EBE88346F402C45EF40FB656FC85
:10A92000260FB647FEE914FE8B46FA85C07507C6AA
:10A9300046FC07E9DAFD3D0F007E07C646FC0FE93D
:10A94000CEFD8A46FA8846FCE9C5FD89F0C95F5EFE
:10A95000C35657C80A00008B5E088B760A8946FEEC
:10A96000C746FA000085C07D13F75EFE85F67D0CB4
:10A97000C746FA0100F7DEF7DB83DE008E460E895C
:10A980005EFC8B5E0CBF0A0026C6470B008B46FEA2
:10A99000998946F68956F88B46FC8B5EF68B4EF805
:10A9A00089F2E8AA000FB6C3E82CFD8E460E89FB9B
:10A9B0008B4EF8035E0C89F22688078B46FC8B5E73
:10A9C000F64FE88A008946FC89D609D075BF837E98
:10A9D000FA00740A89FB035E0C4F26C6072D8D45CD
:10A9E000018B560E03460CC95F5EC20800009350EF
:10A9F000920BC07402F7E2910BC07404F7E303C832
:10AA000058F7E303D1C30BD278160BC97941F7D9B4
:10AA1000F7DB83D900E83700F7DAF7D883DA00C329
:10AA2000F7DAF7D883DA000BC97912F7D9F7DB83A5
:10AA3000D900E81A00F7D9F7DB83D900C3E80F0083
:10AA4000F7D9F7DB83D900F7DAF7D883DA00C30B3D
:10AA5000C9751A4B7416433BDA77098BC88BC22B26
:10AA6000D2F7F391F7F38BDA8BD12BC9C33BCA72C0
:10AA70001A75103BD8770C2BC38BD82BC92BD2B8A7
:10AA80000100C32BC92BDB9387CAC355562BF68B0A
:10AA9000EE03DB13C97211453BCA72F577043BD84C
:10AAA00076EFF813F64D7820D1D9D1DB2BC319CA34
:10AAB000F572F003F64D780CD1E9D1DB03C313D165
:10AAC00073F1EBDF03C313D18BD88BCA8BC633D2A0
:10AAD0005E5DC35389C388D089DAEE5BC35289C2F5
:10AAE000EC2AE45AC300000000000000000000004F
:10AAF000575652515389C24231C0EE88D54242B0B6
:10AB000080EE88D188EAB05A88C7EE4AF6D0EE4285
:10AB1000EC38F8740E08C075664AEC4208C0755FE0
:10AB200080CC4088CA30C0EE88EAEC38F87450FE19
:10AB3000C483C20688F8EEEC38F87543FEC486D1AB
:10AB4000B0BFEE86D1EC38F8753288CAB080EE4AD4
:10AB5000B0E7EEEC88C74230C0EEF6C7407420FE86
:10AB6000C4F6C7807419F6C720750FFEC442B02022
:10AB7000EEECA8207409FEC4EB05B40380C404887D
:10AB8000E0985B595A5E5FC35389C38EC231C026B9
:10AB9000803F0074044043EBF65BC30000000000FC
:10ABA0002028202820282028202820282028202865
:10ABB00094116538212821287A3621282128212836
:10ABC000903240094A096009B00D000FFC3670321E
:10ABD000F83000301011282820282828AA432828D7
:10ABE00028282828282828282828282828282828E5
:10ABF00028282828282828282828282828282828D5
:10AC000028282828282828282828282828282828C4
:10AC100028282828282828282828282828282828B4
:10AC200006442F282F282F282F2820282F28202897
:10AC3000202820282F2820282028202820282028C5
:10AC400020282028202820282028202820282028C4
:10AC500020282028202820282028202820282028B4
:10AC6000202820282028202820282028202828289C
:10AC70002028202820282028202820282028202894
:10AC80003028302830283028302830283028302804
:10AC90002028202820282028202820282028202874
:10ACA00004F830003AF40F0038F405013EF40000D7
:10ACB0003CF401FC22F40A0020F4008126F400FC9C
:10ACC00024F4007C02F4100000F4070006F403FCF6
:10ACD00004F401FC0AF4070008F407C00EF400FCB9
:10ACE0000CF4013C1AF40B0018F405011EF40000EA
:10ACF0001CF401FC12F4000010F4020316F4FF032C
:10AD000014F401FCA0F40800A6F40100A2F4FAFC7B
:10AD1000A4F40080CAF40200FFFF92000262F8630C
:10AD200064F80120F80200F80C6AF8FF6CF8A02221
:10AD3000F8FF72F8FF74F8FF24F8BC26F84034F8E6
:10AD40004143F03040F00040F0B443F07041F00077
:10AD500041F00043F0B042F00042F00036F884FBCE
:10AD60000380F8030CF90300FB0307F90300FC035D
:10AD70000332F85E20F01121F00821F00421F001E7
:10AD800021F0FF20F04BA0F011A1F070A1F002A182
:10AD9000F001A1F0FFA0F04BF8032AFFFF000040F4
:10ADA00000E70000000000000000000000000000BC
:10ADB0000000000000000000000000000000000093
:10ADC000008000A000000000000000000000000063
:10ADD00000000000000000006F00D0AD0F00000078
:10ADE0000000000000000000FFFF00000093CF0003
:0EADF20000000093CF00FFFF00000093CF0091
:0EAE02000000009BCF00FFFF00000F9B000030
:0FAE110002000400930000FFFF00000093CF0039
:0EAE220000000093CF00FFFF0000009300002F
:0EAE320000000F9B0000FFFF00000F9BC100FF
:10AE40008DD68DD6BA001800BA001800706F7274D3
:10AE50002073746174757320307825303278202027
:10AE6000206D6F64656D2073746174757320307824
:10AE7000253032780A00226264612E6822206973CC
:10AE8000207468652077726F6E672073697A653AFF
:10AE90002025640A0048697420616E79206B657909
:10AEA00020647572696E67207465787420646973B4
:10AEB000706C61792F7363726F6C6C20746F206596
:10AEC0006E7465722053455455500A004350555FC7
:10AED000636C6B2025642E253032756D687A2020D6
:10AEE0004571756970466C6167202530347868203B
:10AEF00020436F6E764D656D2025644B62202045A2
:10AF000078744D656D2025754D6220205352414D5A
:10AF10002025754B620A004550524F4D2C20382D8C
:10AF200062697420617420352077616974207374BC
:10AF300061746573004452414D2C2031362D626995
:10AF40007420617420322077616974207374617495
:10AF500065732028736861646F77656429004249CE
:10AF60004F532072756E6E696E672066726F6D202A
:10AF700025730A00736B6970706564202D2D20772E
:10AF800061726D2073746172742C20666C6167202D
:10AF900031323334682077617320736574206174B3
:10AFA0002034303A37320072616E202D2D20636FCD
:10AFB0006C64207374617274004D656D6F727920DA
:10AFC0006D617263682025730A000A005750206281
:10AFD0006974203D2025303278680A005468652065
:10AFE0004E5652414D20636865636B73756D2069E1
:10AFF00073206E6F742076616C69642E0A00546849
:10B000006520636C6F636B2069732073746F70705D
:10B0100065642E0A00445331333032205254432F9A
:10B020004E5652414D206261636B757020626174AF
:10B0300074657279206368617267696E67206973ED
:10B04000200064697300656E0061626C65642E0A9D
:10B0500000676F7420612063686172616374657258
:10B060000A000A494E54203139682072657475729D
:10B070006E6564202D2D206E6F7468696E67207474
:10B080006F20626F6F742E0A000052656C656173E9
:10B09000653A2025732020202020202020202043D6
:10B0A0006F6D70696C65643A20205365702032378B
:10B0B000203230323620206174202030323A34324F
:10B0C0003A31300A0A002020202020202020202091
:10B0D0002020426F6F7420617420253032783A2529
:10B0E0003032783A253032780020206F6E202025CB
:10B0F0003032782F253032782F253034780A0A0004
:10B10000082008004E6F6E2D726563686172676576
:10B1100061626C650053757065722D4361702034F7
:10B120002E3376004E694361642F4E694D482033BB
:10B130002E3676004669786564204469736B730027
:10B14000466C6F707079204469736B730052532D95
:10B150003233322053657269616C00446174652F2B
:10B1600054696D652F4261747465727900426F6F26
:10B1700074204F72646572004465627567204D6F7C
:10B180006E69746F720053656C6620746573740029
:10B190004E6F6E65006D6963726F2053442063616A
:10B1A0007264006475616C20534420736C6F74206A
:10B1B00030006475616C20534420736C6F742031CF
:10B1C000006C6F63616C20494445206D6173746548
:10B1D00072006C6F63616C2049444520736C61762A
:10B1E00065003336304B62202020352E3235206901
:10B1F0006E63682C20343020747261636B00312ED2
:10B20000324D62202020352E323520696E63682C45
:10B2100020383020747261636B003732304B62200B
:10B220002020332E3520696E63682C202038302092
:10B23000747261636B00312E34344D622020332EE2
:10B240003520696E63682C20203830207472616369
:10B250006B00466C6F7070792C207468656E206688
:10B2600069786564206469736B0046697865642059
:10B270006469736B2C207468656E20666C6F7070E7
:10B280007900466C6F707079206F6E6C790046693A
:10B29000786564206469736B206F6E6C7900536508
:10B2A000742044617465005365742054696D6500B1
:10B2B00053657420426174746572792043686172C9
:10B2C0006765720053756E004D6F6E0054756500B2
:10B2D00057656400546875004672690053617400D4
:10B2E000313130003135300033303000363030000D
:10B2F00031323030003234303000343830300039C0
:10B3000036303000313932303000333834303000AC
:10B3100035363030302F3537363030003131353238
:10B320003030003233303430300034363038303062
:10B330000031206269740032206269747300382021
:10B34000626974732C206E6F207061726974790069
:10B350003720626974732C206576656E2070617287
:10B36000697479003720626974732C206F646420DB
:10B37000706172697479004C696E652053706565FF
:10B38000640053746F7020426974730023426974BF
:10B39000732F506172697479000A25733A0A002587
:10B3A00035642E2025730A0043686F6963653A206F
:10B3B000000A000A43757272656E746C793A202037
:10B3C000003C756E6B6E6F776E3E004453313330C8
:10B3D000322062617474657279206261636B75708A
:10B3E000005342432D3338364558207379737465C2
:10B3F0006D207365747570000A53657474696E67A7
:10B40000732073746F7265642E20205265626F6FB3
:10B4100074696E67202E2E2E0A002573205B25642A
:10B420005D3A20000A4669786564206469736B2080
:10B4300067656F6D657472790A000A546865736593
:10B44000206D757374206D61746368207468652065
:10B450006D616368696E65207468617420706172E3
:10B46000746974696F6E65642074686520636172C5
:10B47000642C0A006E6F74206E656365737361726D
:10B48000696C7920776861742074686520636172E3
:10B4900064207265706F7274732E20205A65726F0B
:10B4A000203D20757365207468650A0063617264CD
:10B4B0002773206F776E2067656F6D657472792EC4
:10B4C0002020456D707479206C696E65206C656113
:10B4D00076657320612076616C756520616C6F6E96
:10B4E000652E0A00536C617665004D617374657258
:10B4F000000A25730A00202068656164732020001B
:10B500002020736563746F7273000A53746F7265E1
:10B51000642E2020546865206E65772067656F6D06
:10B52000657472792074616B657320656666656306
:10B530007420617420746865206E65787420626F71
:10B540006F742E0A000A426F6F74206F7264657206
:10B550000A000A43757272656E746C792025730A4D
:10B56000000A4E6F74653A2053455455502073615C
:10B570007973207468657265206973206E6F20642A
:10B580007269766520412C20736F2074686520668F
:10B590006C6F70707920697320736B69707065646B
:10B5A0000A2020202020207768617465766572204B
:10B5B00069732063686F73656E20686572652E0A13
:10B5C00000426F6F74206F72646572000A53746F6B
:10B5D0007265642E2020546865206E65772073653F
:10B5E0007474696E672074616B6573206566666547
:10B5F000637420617420746865206E6578742062BD
:10B600006F6F742E0A000A466C6F70707920647236
:10B61000697665730A000A54686520696E746572FC
:10B62000666163652063616E6E6F74206265206180
:10B63000736B65642077686174206973206174742A
:10B6400061636865642C20736F20776861740A00F9
:10B65000697320736574206865726520697320774B
:10B66000686174207468652042494F532077696C83
:10B670006C2062656C696576652E0A004472697695
:10B680006520420044726976652041000A257320D6
:10B6900069732025730A000A53746F7265642E2043
:10B6A00020546865206E65772073657474696E67D1
:10B6B000732074616B6520656666656374206174D0
:10B6C00020746865206E65787420626F6F742E0A2E
:10B6D000000A43757272656E746C793A2020257386
:10B6E0000020253032782F253032782F25303278DF
:10B6F0002530327820444F573D25642020636C6B01
:10B70000444F573D25640A00557064617465205BA1
:10B710006D6D2F64642F797979795D3A2000202549
:10B720003032782F253032782F253032782530325C
:10B73000780A000A43757272656E742074696D65CB
:10B740003A202025783A253032783A253032782050
:10B7500020202054686520636C6F636B2069732020
:10B760000073746F707065640A0072756E6E696E36
:10B77000670A00557064617465205B68683A6D6D96
:10B780005B3A73735D5D3A20000A43757272656EB1
:10B790007420737065656420256C75206270730079
:10B7A00053657269616C204C696E652062697473BF
:10B7B0002F7365636F6E64005365742073706565E5
:10B7C0006420256C75206270730A000A43757272DA
:10B7D000656E742073746F702062697473203D20ED
:10B7E0002564004E756D626572206F662053746F1C
:10B7F000702042697473006E6F006F646400657638
:10B80000656E000A43757272656E746C793A202514
:10B810007520626974732C202573207061726974BD
:10B820007900436861726163746572204D616B6574
:10B8300075700053657269616C2053657475700092
:10B840000A53494F30206973207365743A202020D1
:10B850002564256325642061742073706565645FC9
:10B86000696E646578203D202564202853657475D1
:10B87000702025642E290A000A506F727420737498
:10B8800061747573203078253032782020204D6F18
:10B8900064656D207374617475732030782530325F
:10B8A000780A000A436F6E76656E74696F6E616C1C
:10B8B000204D656D6F727920617661696C61626C93
:10B8C00065203D2025644B2062797465730A004E23
:10B8D0006F200025642000666C6F707079206472A0
:10B8E0006976652873292061747461636865640AE8
:10B8F000004D61746820636F2D70726F63657373A0
:10B900006F7220696E7374616C6C65640A002564E3
:10B910002073657269616C2052532D32333220706E
:10B920006F72742873290A00345541525420626F93
:10B9300061726420666F756E6420617420307834A3
:10B94000253032780A005647413320666F756E64A1
:10B950002061742030783445380A0056474133203E
:10B96000666F756E642061742030783445300A004B
:10B970005647413320666F756E64206174203078BD
:10B980003444380A005647413320666F756E642090
:10B9900061742030783446300A002000206E6F74C5
:10B9A00020005647413320646972656374206163E7
:10B9B0006365737320746F20766964656F206D65AD
:10B9C0006D6F727925736F70657261626C652E0A96
:10B9D000004356445520666F756E642061742030B4
:10B9E000783445380A004356445520666F756E64B6
:10B9F0002061742030783444380A0043564455207E
:10BA0000666F756E642061742030783445300A00AA
:10BA10004356445520666F756E64206174203078FB
:10BA20003446300A00000000000000000000000062
:10BA30004944453A206E6F20726573706F6E73656E
:10BA400020746F20736F66742072657365740A00CA
:10BA5000736C61766520006D617374657200494492
:10BA6000452025733A204154415049206465766948
:10BA700063652C206E6F7420612066697865642090
:10BA80006469736B0A004944452025733A2077693D
:10BA90006C6C206E6F742061636365707420382D48
:10BAA0006269742050494F206D6F64650A004944F3
:10BAB000452025733A204944454E5449465920664D
:10BAC00061696C65640A004944453A206E6F2064E0
:10BAD000726976657320666F756E640A0049444525
:10BAE00020257320204C424120256C75203D2025C7
:10BAF0006C75204D622020666C61677320253032A2
:10BB0000580A00202020286E6F20757361626C65D2
:10BB10002067656F6D657472792900202020287474
:10BB200072616E736C6174656429000020202020AE
:10BB30002020202020202020647269766520257531
:10BB40002F25752F2575202020494E54203133682C
:10BB50002025752F25752F257525730A0049444525
:10BB60003A20626F746820756E6974732072657014
:10BB70006F7274206964656E746963616C206765B7
:10BB80006F6D65747279202D2D20636865636B205D
:10BB900074686520736C617665206A756D70657276
:10BBA0002F73747261700A004944453A20706172C3
:10BBB000616D65746572207461626C657320646F79
:10BBC000206E6F74206669742074686520726573D6
:10BBD00065727665642042444120617265610A00A5
:10BBE0004944453A202564206472697665287329A2
:10BBF00020726567697374657265642C20494E54C0
:10BC000020343168202D3E20253034583A253034F8
:10BC1000580A0000000000000000000000000000C2
:10BC20006E6F6E65007553442000534430200053FE
:10BC3000443120004944456D004944457300253096
:10BC40003458202000253034582000253032582028
:10BC5000000A002530386C582020002020200020C9
:10BC600000207C002563007C0A005E4320202D2DEF
:10BC70002064756D702073746F70706564202D2D55
:10BC80000A0042494F53204461746120417265614A
:10BC900020617420253034583A303030300A0A00A0
:10BCA000796573006E6F20004571756970202020E2
:10BCB00020253034582020465055202573202073ED
:10BCC000657269616C20706F727473202575202015
:10BCD0006D666720253032582025303258202530B7
:10BCE00032580A004D656D6F7279202020636F6EA7
:10BCF000762025754B6220206578742025754B626F
:10BD000020205352414D2025754B62202043505531
:10BD10002025752E253032756D687A0A004D6973BD
:10BD200063202020202045424441202530345820E3
:10BD3000206572726E6F2025303458202041547374
:10BD40007461742025303258202072657365742028
:10BD5000253034582020524F4D696E6974202530AB
:10BD6000386C580A000A53657269616C202020649F
:10BD7000657620253034582025303458202530343D
:10BD8000582025303458202020666C6167732025A8
:10BD90003032582025303258202530325820253076
:10BDA00032580A0020202020202020202074696D95
:10BDB000656F757420253032582025303258202583
:10BDC00030325820253032580A00506172616C6C54
:10BDD000656C206465762025303458202530345831
:10BDE0002025303458202530345820202074696DA7
:10BDF000656F757420253032582025303258202543
:10BE000030325820253032580A000A54696D657264
:10BE1000202020202530386C5820206F76657266EF
:10BE20006C6F7720253032582020696E74666C6103
:10BE3000672025303258202052544377616974209E
:10BE4000253032580A004B65796264202020206634
:10BE50006C6167202530325820253032582025303B
:10BE60003258202530325820206865616420253002
:10BE70003458207461696C20253034582020627554
:10BE80006620253034582E2E2530345820206272FA
:10BE90006B20253032580A000A466C6F707079208A
:10BEA00020207365656B2025303258206D6F746FCC
:10BEB00072202530325820636F756E742025303221
:10BEC00058207374617475732025303258202072A5
:10BED000617465202530325820207461622025303D
:10BEE000325820253032580A004669786564447318
:10BEF0006B206E2025752020737461747573202566
:10BF000030325820206374726C2025303258202043
:10BF1000706F727420253032582020747261636B08
:10BF2000202530345820207374732F6572722025B9
:10BF30003032582F253032580A004469736B7461CF
:10BF40006220002025753A2573002025753A3F258B
:10BF5000303258000A4E5652414D2020202073693D
:10BF60006F30202530325820253032582020636829
:10BF700065636B73756D20253034580A00736C61EE
:10BF80007665006D617374657200494445202573C0
:10BF90003A2077696C6C206E6F7420616363657002
:10BFA0007420382D6269742050494F206D6F64658C
:10BFB0000A004944452025733A204944454E5449D6
:10BFC0004659206661696C65640A0049444520252C
:10BFD00073204944454E5449465920202028726117
:10BFE000772064617461206174202530386C582991
:10BFF0000A0020204D6F64656C202020202022251F
:10C0000073220A00202053657269616C2020202071
:10C01000222573220A0020204669726D77617265BD
:10C020002020222573220A002020436F6E66696754
:10C030002020202025303458202020636170732078
:10C0400025303458202020444D41202573202020C5
:10C050004C42412025732020204346412D386269FF
:10C06000742025730A00202047656F6D657472790E
:10C07000202025752063796C202025752068656156
:10C080006420202575207365632F74726B20202037
:10C090006D756C7469706C652025750A0020204CE4
:10C0A000424132382020202020256C7520736563A2
:10C0B000746F727320203D20256C75204D620A003C
:10C0C0004944452025733A2072656164206F6620DB
:10C0D0004C424120256C75206661696C65640A00DC
:10C0E00049444520257320204C424120256C752071
:10C0F000282530386C58290A004D4F4E3E004455D3
:10C100004D500075736167653A2044554D50203C91
:10C11000616464723E205B3C656E643E5D0A202073
:10C120002020202020616464722069732046303012
:10C13000303A46464630206F72206120666C61744A
:10C1400020334630303030300A0046494C4C0075C0
:10C15000736167653A2046494C4C203C61646472C7
:10C160003E203C636F756E743E203C627974653E80
:10C17000205B3C737465703E5D202020636F756E9C
:10C180007420746F20464646300A2020202020204C
:10C190002077697468206120737465702C20656154
:10C1A0006368206279746520697320746865206C07
:10C1B00061737420706C757320737465700A004627
:10C1C000494C4C3A20253034583A253034582C20EC
:10C1D00025752062797465730A0049525146494EAB
:10C1E000440073616D706C696E67207468652049E6
:10C1F000435520776974682053494F302072656336
:10C2000065697665204F4646202E2E2E0A00626113
:10C2100073656C696E65206D61737465722025307D
:10C22000325820736C61766520253032580A004EF2
:10C230004F572054595045204F4E45204B455920CB
:10C240002D2D2069742077696C6C206E6F742062CC
:10C250006520726561642C20736F207468650A72B2
:10C26000657175657374207374617973206173737C
:10C2700065727465642E2020466976652073656357
:10C280006F6E6473202E2E2E0A0077697468205218
:10C2900058206F6E2020206D6173746572202530E8
:10C2A000325820736C61766520253032582020206A
:10C2B0004C535220253032580A006E65772062694F
:10C2C000747320202020206D6173746572202530E6
:10C2D000325820736C61766520253032580020205A
:10C2E000203C2D2D20746861742069732053494FC0
:10C2F000300A0047454F0075736167653A2047452E
:10C300004F203C68656164733E203C736563746FC5
:10C3100072733E0A0063757272656E742025752F04
:10C3200025752F257520204C424120256C750A006B
:10C3300047454F3A20256C752F256C752F256C7558
:10C34000206E6565647320256C752063796C696E59
:10C35000646572732C206F75747369646520312E67
:10C360002E313032340A00494E5420313368206770
:10C37000656F6D65747279206E6F772025752F2536
:10C38000752F2575202028636F7665727320256CC4
:10C3900075206F6620256C7520736563746F7273EA
:10C3A000290A00424441004D4B424F4F54007573DF
:10C3B0006167653A204D4B424F4F54203C6C62619F
:10C3C0003E2020202A2A2A204F56455257524954AF
:10C3D0004553207468617420736563746F72202AFA
:10C3E0002A2A0A20202020202020777269746520C4
:10C3F000697420746F203020746F206D616B65202C
:10C4000069742074686520626F6F7420736563744B
:10C410006F720A007772697465206F66204C424122
:10C4200020256C75206661696C65640A007265611F
:10C4300064206261636B206F66204C424120256C52
:10C4400075206661696C65640A004641494C454443
:10C45000006F6B007465737420626F6F7420736576
:10C4600063746F72202D3E204C424120256C752C48
:10C47000202575206279746573206F6620636F6470
:10C48000652C207665726966792025730A006669D5
:10C4900072737420627974657320253032582025B8
:10C4A00030325820253032582020207369676E6161
:10C4B00074757265202530325820253032580A00B4
:10C4C000534543434D500075736167653A205345AA
:10C4D00043434D50203C6C62613E205B3C7365637E
:10C4E000746F72733E5D205B3C64726976653E5D7D
:10C4F0000A202020202020207265616473204E20B5
:10C50000696E206F6E6520636F6D6D616E642C20A7
:10C510007468656E204E2073696E676C792C20619B
:10C520006E6420636F6D70617265730A2020202035
:10C5300020202064726976652030203D206D617373
:10C54000746572202864656661756C74292C2031CD
:10C55000203D20736C6176650A2020202020202059
:10C56000657665727920617267756D656E74206994
:10C5700073204845582C206C696B65206576657280
:10C5800079776865726520656C736520686572658A
:10C590000A00534543434D503A203220746F2032F5
:10C5A0003020736563746F72732C20616E64207425
:10C5B00068617420697320686578202D2D203120F2
:10C5C000776F756C64206E6F74207465737420616E
:10C5D0006E797468696E670A00534543434D503A5B
:10C5E0002064726976652030203D206D617374652A
:10C5F000722C2031203D20736C6176650A00534512
:10C6000043434D503A2025732C20256C75207365CB
:10C6100063746F72732066726F6D204C42412025E7
:10C620006C750A00534543434D503A2074686520A9
:10C63000256C752D736563746F722072656164205B
:10C640006661696C65642C20737461747573202550
:10C650003032580A00534543434D503A2073696EB7
:10C66000676C652072656164206F66204C424120D2
:10C67000256C75206661696C65642C207374617427
:10C68000757320253032580A00534543434D503AC4
:10C6900020736563746F7220257520284C424120F9
:10C6A000256C752920646966666572732061742043
:10C6B000627974652025753A206D756C7469202542
:10C6C0003032582C2073696E676C652025303258E3
:10C6D0000A00534543434D503A202573202D2D2009
:10C6E0006F6E6520636F6D6D616E6420616E642096
:10C6F000256C752073696E676C6573206167726560
:10C7000065206279746520666F7220627974650AAB
:10C7100000534543434D503A207A65726F2D636F45
:10C72000756E74206775617264202E2E2E20007243
:10C73000657475726E6564202530325820287761E3
:10C740006E74203030290A005345433200757361FE
:10C7500067653A2053454332203C6C62613E0A00D3
:10C76000626C6F636B2025753A206E6F20445251C6
:10C770002C2073746174757320253032580A00625E
:10C780006C6F636B2025753A20257520627974657E
:10C79000732C2073746174757320253032582C20EB
:10C7A0006C61737420343A202530325820253032A1
:10C7B00058202530325820253032580A005345433E
:10C7C000544553540075736167653A20534543548B
:10C7D000455354203C6C62613E2020202A2A2A20A6
:10C7E0004F5645525752495445532074686174203E
:10C7F000736563746F72202A2A2A0A007072652D8D
:10C8000072656164206F66204C424120256C752062
:10C810006661696C65640A007072652D7265616499
:10C820002020302E2E333A20253032582025303229
:10C8300058202530325820253032582020203530DD
:10C84000382E2E3531313A202530325820253032DD
:10C8500058202530325820253032580A007365633D
:10C860006F6E64207072652D726561642066616907
:10C870006C65640A004449534147524545202D2DBB
:10C880002072656164207061746820697320756E20
:10C8900072656C6961626C650061677265650074E0
:10C8A000776F207265616473206F662074686520FD
:10C8B00073616D6520736563746F722025730A0060
:10C8C0004C424120256C7520726F756E6420747225
:10C8D00069703A202575206F66202575206279746D
:10C8E00065732077726F6E670A00666972737420D1
:10C8F0006261642061742025753A206578706563F3
:10C90000746564202530325820676F7420253032DA
:10C91000580A004F4B0057524F4E470062797465DA
:10C92000203531313A20657870656374656420255F
:10C9300030325820676F742025303258202020254F
:10C94000730A00534543524157313600757361678E
:10C95000653A205345435241573136203C6C626161
:10C960003E0A0053455420464541545552455320F4
:10C97000383168202D3E2073746174757320253022
:10C9800032580A00737461747573206174204452C4
:10C990005120253032580A0064726976652073751B
:10C9A00070706C69656420257520776F7264732CD4
:10C9B0002066696E616C2073746174757320253014
:10C9C00032580A00627974657320302E2E333A2073
:10C9D0002020202025303258202530325820253084
:10C9E000325820253032580A006279746573203538
:10C9F00030382E2E3531313A20253032582025302E
:10CA00003258202530325820253032580A005345FC
:10CA1000435241570075736167653A20534543524D
:10CA20004157203C6C62613E0A0062756666657221
:10CA30002077726974656261636B203530382E2E01
:10CA40003531313A202530325820253032582025D2
:10CA500030325820253032582020202865787065E3
:10CA60006374203131203232203333203434290AA8
:10CA700000647269766520737570706C69656420F6
:10CA800025752062797465732C2066696E616C204F
:10CA900073746174757320253032580A006F6E65A7
:10CAA000206D6F72652072656164206166746572C5
:10CAB000204452512064726F707065643A202530B2
:10CAC000325820202028737461747573206E6F773C
:10CAD0002025303258290A00647570206461746121
:10CAE000203146383A20253032582020203146392E
:10CAF0003A2025303258202020657272203146318C
:10CB00003A20253032580A00756E676174656420DA
:10CB1000666972737420627974657320302E2E33C7
:10CB20003A202530325820253032582025303258CE
:10CB300020253032580A00756E67617465642035AF
:10CB400031322072656164732C203530382E2E35D9
:10CB500031313A20253032582025303258202530C6
:10CB60003258202530325820202028737461747583
:10CB700073206E6F772025303258290A00424F4FBC
:10CB80005443484B0068645F6E756D6265723D2565
:10CB90007520206469736B5F7461625B305D3D2555
:10CBA0003032582020494E543431683D25303258B7
:10CBB000253032583A25303258253032580A004351
:10CBC000415252590041483D3030207265736574BE
:10CBD000202041583D25303458202025730A00413B
:10CBE000483D3032207265616420202041583D2547
:10CBF000303458202025730A0041483D30312073DD
:10CC000074617475732041483D25303258202020CE
:10CC10006264612E68645F7374617475733D25305E
:10CC200032580A00303030303A37433030203D201F
:10CC3000253032582025303258202E2E2E202037F5
:10CC4000444645203D202530325820253032580AB0
:10CC500000424F4F5400494E5420313968202D2D49
:10CC600020746865206D6F6E69746F7220646F65E3
:10CC700073206E6F742067657420636F6E74726FBB
:10CC80006C206261636B0A004844494E495400724B
:10CC90006573657474696E672074686520494445DE
:10CCA00020696E74657266616365202E2E2E0A00FF
:10CCB0004944454E540075736167653A20494445BF
:10CCC0004E54205B64726976655D20202030203DE3
:10CCD000206D61737465722C2031203D20736C616E
:10CCE00076650A004C42410075736167653A204CD5
:10CCF0004241203C736563746F723E205B647269CD
:10CD000076655D20202030203D206D617374657252
:10CD10002C2031203D20736C6176650A004C424125
:10CD20003A2032382D6269742061646472657373CD
:10CD3000696E67206F6E6C792C206D617820464695
:10CD400046464646460A004C42413A20647269769D
:10CD5000652069732030206F7220310A00494F52DC
:10CD60005700494F520075736167653A20494F5229
:10CD7000203C706F72743E205B636F756E745D2033
:10CD80002020206279746520706F7274730A2020ED
:10CD90002020202020494F5257203C706F72743E53
:10CDA000205B636F756E745D202020776F72642046
:10CDB000706F7274730A00494F523A20636F756E38
:10CDC0007420697320312E2E25580A00494F575779
:10CDD00000494F570075736167653A20494F5720E6
:10CDE0003C706F72743E203C627974653E20202056
:10CDF000206279746520706F7274730A202020207D
:10CE0000202020494F5757203C706F72743E203CC1
:10CE1000776F72643E202020776F726420706F728B
:10CE200074730A00494F573A20612076616C75652A
:10CE30002069732072657175697265640A0030300B
:10CE400030302E2E464646460030302E2E464600C6
:10CE5000494F573A2076616C7565206973202573B8
:10CE60000A0025303458203C2D20253034580A0043
:10CE700025303458203C2D20253032580A00474FA9
:10CE800000474F3A205265616C204D6F6465206306
:10CE9000616E6E6F742072656163682061626F7687
:10CEA0006520314D62202D2D2067697665207468DC
:10CEB00065206164647265737320617320736567B4
:10CEC0003A6F66660A0075736167653A20474F20BE
:10CED0003C616464723E205B4158205B4258205B99
:10CEE0004358205B44585D5D5D5D0A202020202072
:10CEF00020206164647220697320463030303A45E6
:10CF0000303030206F72206120666C61742046459D
:10CF10003030300A202020202020207468652074C2
:10CF20006172676574206D757374207265747572B3
:10CF30006E207769746820612066617220524554C2
:10CF40000A0063616C6C20253034583A253034581F
:10CF5000202041583D253034582042583D2530345A
:10CF6000582043583D253034582044583D2530340E
:10CF7000582044533D253034580A006261636B20C9
:10CF800041583D253034582042583D2530345820F2
:10CF900043583D253034582044583D2530345820DE
:10CFA00053493D253034582044493D253034580AF2
:10CFB000005A52004E5A004359004E430020202090
:10CFC000202044533D253034582045533D253034EE
:10CFD0005820464C3D253034582020257320257399
:10CFE0000A00494E5431350075736167653A20492E
:10CFF0004E543135203836205B3C757365633E5D99
:10D000000A20202020202020494E54313520383756
:10D01000203C7372633E203C6473743E205B3C771B
:10D020006F7264733E5D0A20202020202020494E2C
:10D030005431352038380A20202020202020494E25
:10D040005431352043300A003836683A2067697613
:10D05000652061206D6963726F7365636F6E642014
:10D06000636F756E740A00316D687A20636F756E38
:10D070007465722028746865205068617365203477
:10D0800020776F726B290031382E32687A207469EC
:10D09000636B2028746865206F6C6420706174680D
:10D0A00029003836683A20257320706174680A00B8
:10D0B0003836683A204359202D2D207265667573E5
:10D0C00065642061667465722025642063616C6C00
:10D0D0002873290A003836683A20257520782025DB
:10D0E0006C752075736563203D20256C7520757304
:10D0F00065632061736B65640A0020202020202571
:10D1000075207469636B73203D20256C75207573E1
:10D110006563206D656173757265642C202B2F2DFE
:10D120003534393235206F6E207468652072756E23
:10D130000A002020202020256C752525206F6620E0
:10D1400077686174207761732061736B6564202D4B
:10D150002D2077616E742061626F757420313030DC
:10D160000A0075736167653A20494E54313520389D
:10D1700037203C737263206C696E6561723E203C9F
:10D18000647374206C696E6561723E205B3C776FDE
:10D190007264733E5D0A202020202020206C696E7E
:10D1A000656172206164647265737365732C2073AA
:10D1B0006F20313030303030206973207468652042
:10D1C000314D62206D61726B0A003837683A203148
:10D1D00020746F203830303020776F7264732C20C9
:10D1E000616E64207468617420636F756E74206969
:10D1F00073206865780A003837683A20256C7520F6
:10D20000776F7264732C202530386C58202D3E20A7
:10D210002530386C582C2047445420617420253028
:10D2200034583A253034580A004359202D2D2066B1
:10D2300061696C6564003837683A2041483D2530A3
:10D240003258202025730A0020202020207372638A
:10D25000202530386C583A2000202020202064738C
:10D2600074202530386C583A20000A2020202020D5
:10D270007468652074776F206C696E6573206D75B6
:10D2800073742061677265650A004359202D2D2053
:10D2900072656675736564003838683A2041583D98
:10D2A00025303458203D202575204B622061626F67
:10D2B000766520314D6220282575204D62293B205E
:10D2C0002042444120686F6C6473202575204B62B6
:10D2D000202025730A004330683A204359202D2D21
:10D2E000206E6F7420737570706F727465640A00BD
:10D2F0004330683A207461626C6520617420253087
:10D3000034583A253034582C2025752062797465BC
:10D310007320666F6C6C6F770A0020202020206DD0
:10D320006F64656C202530325820207375626D6FF4
:10D3300064656C2025303258202042494F532072BA
:10D34000657620253032580A00525443006E6F2013
:10D3500052544300326E6420494355006E6F2032B0
:10D360006E642049435500202020202066656174AA
:10D3700075726573202530325820253032582025AB
:10D3800030325820253032582025303258202D2D6B
:10D390002025732C2025730A00494E5431353A203C
:10D3A00038362C2038372C20383820616E642043E2
:10D3B00030206F6E6C790A00574454004F4E006F56
:10D3C0006666005744543A205744545354415455C8
:10D3D000532025303258202D2D20627573206D6F1B
:10D3E0006E69746F722025730A006F6E004F464697
:10D3F000002020202020505752434F4E2020202034
:10D4000025303258202D2D20574454524459202580
:10D41000732C20485352454144592025730A00205B
:10D420002020202072656C6F6164202530345825DF
:10D43000303458203D20256C7520636F756E7473F1
:10D44000202020286E657665722077726974746575
:10D450006E20627920746869732042494F53290A0B
:10D46000002020202020636F756E7420002025305E
:10D470003458253034580020202020206174202585
:10D4800075206D687A207468617420697320616208
:10D490006F757420256C75207573656320626566F1
:10D4A0006F726520524541445920697320666F723E
:10D4B0006365640A002020202020636F6D70617214
:10D4C0006520616761696E73742074686520736C90
:10D4D0006F77657374207265616C20616363657337
:10D4E000733A2043533020616E64204353312072DD
:10D4F000756E203720776169742073746174657369
:10D500000A0056334B4244005343414E0056334BBE
:10D5100042443A207363616E20636F6465732E200A
:10D5200020416E79206B6579206F6E2074686520CC
:10D5300073657269616C20636F6E736F6C652065D3
:10D540006E64732069742E0A00495251004849479D
:10D550004800746F67676C696E67006C6F7700696D
:10D56000646C65202020202020495252206D617378
:10D57000746572202530325820736C6176652025E1
:10D58000303258202020494E54302025730A4E4F07
:10D590005720505245535320414E4420484F4C444D
:10D5A0002041204B4559206F6E20746865205053F0
:10D5B0002F32206B6579626F6172642E202046697C
:10D5C0007665207365636F6E6473202E2E2E0A00BD
:10D5D00077656E7420686967680077697468206B86
:10D5E00065792020495252206D617374657220253F
:10D5F00030325820736C61766520253032582020F7
:10D6000020494E54302025732020203832343220D7
:10D6100073746174757320253032580A004F424686
:10D62000206E65766572207365743A206E6F207384
:10D6300063616E20636F64652061727269766564F0
:10D640002E202049732061206B6579626F617264BE
:10D6500020706C756767656420696E3F0A004974C5
:10D6600020737461796564206869676820776974DC
:10D67000682061206B65792068656C642E004974B0
:10D6800020444950504544207768696C65206120EA
:10D690006B6579207761732068656C642E00494E54
:10D6A0005430207265737473204849474820776965
:10D6B0007468206E6F206B65792E202025730A54C4
:10D6C0006865206361726420647269766573207492
:10D6D0006865206C696E652061737365727465643A
:10D6E00020617420726573743A20706F6C61726986
:10D6F0007479206973206261636B77617264730A65
:10D70000666F722074686973206275732E202054CE
:10D71000727920746865202F494E5420706F7369A8
:10D7200074696F6E2C207768696368206973206163
:10D730006374697665206C6F772062790A64656628
:10D74000696E6974696F6E20616E642072656163D1
:10D75000686573207468652073616D6520494E5457
:10D76000302070696E2E0A004120636F6465206965
:10D77000732077616974696E672C20627574204923
:10D780004E5430206E6576657220726F736520612D
:10D790006E64206E6F7468696E67206C6174636874
:10D7A00065642E0A54686520636172642069732081
:10D7B0006E6F742064726976696E67202F494E54CB
:10D7C000206F72204952312E0A00494E5430207287
:10D7D0006F736520627574206E6F7468696E672060
:10D7E0006C61746368656420696E207468652049A3
:10D7F00043553A207468652070696E2072656163D4
:10D80000686573207468650A43505520616E642012
:10D81000494E54434647206F72204943573120698F
:10D8200073206E6F742074616B696E672069742E4B
:10D830000A00202D2D20746865205043206B6579E7
:10D84000626F617264206C696E653B20494E5420A2
:10D8500030396820776974682049435732203D2069
:10D8600030386800006B6579626F617264207261A4
:10D8700069736573204952257525730A0056334B29
:10D8800042443A2073746174757320253032580015
:10D89000202D2D20666C6F6174696E672E20204EDE
:10D8A0006F7468696E6720616E737765727320614B
:10D8B0007420253034582E0A002020284F4246205C
:10D8C0002575202049424620257520205359532094
:10D8D00025752020494E48202575290A0020202042
:10D8E00020202020666C75736865642025303258CE
:10D8F0000A002020202020202073656C662D74658E
:10D9000073743A206E6F207265706C792E20204EF1
:10D910006F7420616E20383034322C206F72206E8C
:10D920006F742072756E6E696E672E0A002D2D2041
:10D93000616E20383034322D636C61737320636FF5
:10D940006E74726F6C6C6572206973207468657296
:10D9500065002D2D2057524F4E472C20657870655D
:10D96000637465642035350020202020202020733A
:10D97000656C662D746573742025303258202573CC
:10D980000A002D2D20636C6F636B20616E64206430
:10D99000617461206C696E657320676F6F64002D20
:10D9A0002D20434C4F434B20535455434B204C4F59
:10D9B00057002D2D20434C4F434B20535455434B80
:10D9C0002048494748002D2D2044415441205354BC
:10D9D00055434B204C4F57002D2D2044415441209E
:10D9E000535455434B2048494748002D2D20756E10
:10D9F0006B6E6F776E0020202020202020696E74CF
:10DA000065726661636520746573742025303258D1
:10DA10002025730A0020202020202020696E7465B4
:10DA2000726661636520746573743A206E6F20724C
:10DA300065706C790A0044495341424C4544006585
:10DA40006E61626C6564004F4E20287365742031EE
:10DA50002064656C69766572656429006F6666206E
:10DA600028736574203220726177290020202020DD
:10DA7000202020636F6D6D616E6420627974652073
:10DA8000253032583A206B62642049525120257368
:10DA90002C207472616E736C6174652025732C2068
:10DAA0006B62642025730A00202020202020206B38
:10DAB0006579626F6172642072657365743A206E75
:10DAC0006F207265706C792E20204E6F206B657907
:10DAD000626F61726420706C756767656420696E3F
:10DAE0002C0A202020202020206F722069742069B9
:10DAF00073206E6F742067657474696E6720706F31
:10DB00007765722E202054686520636F6E74726F83
:10DB10006C6C65722069732066696E652E0A002040
:10DB20002020202020206B6579626F617264207252
:10DB3000657365743A2025303258002025303258FC
:10DB400000202D2D206B6579626F617264207061F9
:10DB500073736564206974732073656C662D7465D6
:10DB600073740A00202D2D206578706563746564D8
:10DB7000204641207468656E2041410A0020202023
:10DB80002020202056334B4244205343414E2073E3
:10DB9000686F777320636F6465733B2056334B4225
:10DBA00044204952512066696E6473207468652070
:10DBB000696E746572727570742E0A005633435222
:10DBC0005443005633435254433A202530345820AE
:10DBD0006173206164647265737320646964206E8C
:10DBE0006F7420616E737765723B20747279696E11
:10DBF0006720697420746865206F746865720A20F4
:10DC00002020202020202077617920726F756E649B
:10DC10002E0A005633435254433A206E65697468A5
:10DC20006572206F7264657220616E7377657273BE
:10DC30002E20205231342F523135207265616420FC
:10DC40006261636B20253032582F253032580A002C
:10DC500020202020202020205468652033324B20B3
:10DC6000616E7377657265642C20736F20746865CC
:10DC700020626F6172642069732073656C656374E0
:10DC8000656420616E64207468650A20202020206D
:10DC90002020206661756C7420697320746865208B
:10DCA0004352544320697473656C66206F72206917
:10DCB0007473206F776E206465636F6465202D2D0B
:10DCC000206E6F74207468650A2020202020202098
:10DCD00020492F4F20626C6F636B2E0A005633432E
:10DCE0005254433A206164647265737320726567AD
:10DCF000697374657220253034582C206461746116
:10DD000020726567697374657220253034580A0083
:10DD100020202020202020205231342F5231352045
:10DD2000686F6C642074776F207061747465726EB4
:10DD3000732E202054686520435254432069732079
:10DD400074686572652E0A00202020202020202083
:10DD500052313420253032582020523135202530A0
:10DD6000325820205231362025303258202052316E
:10DD70003720253032580A00564944454F0056494D
:10DD800044454F3A207468652056474133206973F3
:10DD9000206E6F74206F6E2E20204973207468658A
:10DDA00020626F61726420696E3F0A00666700300E
:10DDB00031323334353637383941424344454600F1
:10DDC000626700626C696E6B206F722062726967B5
:10DDD00068743F0049424D2033323730206661631A
:10DDE000650076696120494E5420313068007265C3
:10DDF00076657273650054686520717569636B2080
:10DE000062726F776E20666F78206A756D7073200E
:10DE10006F76657220746865206C617A7920646F12
:10DE2000672030313233343536373839005649447B
:10DE3000454F3A20746573742073637265656E2074
:10DE40007061696E746564207468726F75676820AC
:10DE5000494E54203130682E0A005633524443480C
:10DE60004B005633524443484B3A20746865205661
:10DE7000474133206973206E6F74206F6E2E0A0045
:10DE80005633524443484B3A2033323030302072BC
:10DE900065616473206F6620746865206C697665BF
:10DEA0002073637265656E2C20616C6C20636F72E9
:10DEB000726563742E0A2020202020202020205408
:10DEC0006865204350552077696E7320746865201B
:10DED00052414D3B2072656164732061726520631D
:10DEE0006C65616E2E0A005633524443484B3A200B
:10DEF0002575206F662033323030302072656164C2
:10DF0000732057524F4E472C2066697273742061FC
:10DF100074206F666673657420253034582E0A208D
:10DF20002020202020202020526561647320647509
:10DF300072696E6720646973706C617920726574B0
:10DF400075726E20746865204352544327732064B1
:10DF50006174612E0A0056334245414D00563342EA
:10DF600045414D3A20746865205647413320697316
:10DF7000206E6F74206F6E2E0A0056334245414D5D
:10DF80003A20523331206269742031206E65766503
:10DF900072206368616E6765642028523331203DCA
:10DFA0002025303258292E20204E6F20626C616E61
:10DFB0006B696E6720737461747573206865726530
:10DFC0002E0A0056334245414D3A206672616D6516
:10DFD000202575207573203D20256C75206C696E99
:10DFE00065732C20626C616E6B696E6720257520ED
:10DFF0007573203D20256C75206C696E65730A0071
:10E00000563344554D500075736167653A20563359
:10E0100044554D50203C616464723E205B3C636F0C
:10E02000756E743E5D0A0025732530345820005605
:10E0300047413300564741333A2025303458203C7D
:10E040002D20253032582C207265616473202530D4
:10E0500032580A00564741333A2025303458203D83
:10E0600020253032580A00564741333A20492F4F75
:10E0700020253034582E2E253034582020286B622D
:10E080006420253034582F25303458202063727492
:10E090006320253034582F2530345820206366679C
:10E0A0002025303458290A002020202020206461B7
:10E0B0007461207061746820617420303030303AAF
:10E0C0002077726F74652035352072656164202574
:10E0D0003032582C202077726F74652041412072B5
:10E0E00065616420253032580A002020202020203D
:10E0F0004E6F7468696E6720697320686F6C64691D
:10E100006E6720646174612E2020436865636B2014
:10E110005033206973206A756D706572656420459F
:10E1200030682C20616E640A202020202020746832
:10E1300061742074686520626F6172642069732065
:10E14000736561746564202D2D20616E20756E6489
:10E1500065636F64656420726561642067697665D4
:10E16000732046460A202020202020686572652002
:10E17000616E6420636F737473203230396D732065
:10E18000612074696D652C20736F20612077726F38
:10E190006E6720626C6F636B20697320736C6F779E
:10E1A0000A20202020202061732077656C6C20617C
:10E1B000732077726F6E672E0A00202020202020A7
:10E1C00077726974696E6720616C6C2025752062B6
:10E1D00079746573202E2E2E0A0020202020202006
:10E1E000253034583A2077616E742025303258201B
:10E1F000676F7420253032580A002020202020200C
:10E20000616C6C2025752062797465732076657267
:10E2100069666965642E202054686520626F6172AA
:10E220006420697320746865726520616E6420697A
:10E2300074730A2020202020206164647265737347
:10E24000207061746820697320736F756E642E0A84
:10E2500000202020202020257520627974652873F5
:10E26000292077726F6E672C206669727374206143
:10E270007420253034582E0A0020202020202057DA
:10E28000726F6E6720657665727977686572652052
:10E290006973206120646174612070617468206614
:10E2A00061756C743B2077726F6E6720696E2062B7
:10E2B0006C6F636B730A20202020202074686174C7
:10E2C0002072657065617420697320616E206164DD
:10E2D0006472657373206C696E652C20616E6420B6
:10E2E0007468652072657065617420696E7465720A
:10E2F00076616C0A2020202020206E616D657320DD
:10E300007768696368206F6E652E0A00494F54492B
:10E310004D450075736167653A20494F54494D4535
:10E32000203C706F72743E205B3C72656164733E8A
:10E330005D0A202020202020206865782C20617331
:10E3400020657665727977686572652068657265A3
:10E350003B2064656661756C742038207265616469
:10E36000730A2020202020202074727920612064EC
:10E3700065636F64656420706F727420283146375E
:10E380002C20463833342920616761696E7374200C
:10E39000616E20756E6465636F646564206F6E6581
:10E3A000202836342C20333030290A00494F544974
:10E3B0004D453A2025752072656164287329206FC8
:10E3C0006620706F72742025303458202E2E2E0A4D
:10E3D00000494F54494D453A20756E646572206F6F
:10E3E0006E65207469636B20666F7220616C6C20AF
:10E3F0002575202D2D206661737465722074686107
:10E400006E20256C75207573656320656163682EC9
:10E410000A002020202020202020546861742070D1
:10E420006F727420616E73776572732E2054686505
:10E43000207761746368646F67206973206E6F74FE
:10E4400020696E766F6C7665642E0A00494F5449D8
:10E450004D453A202575207469636B287329206621
:10E460006F72202575207265616473203D206162A2
:10E470006F757420256C7520757365632065616305
:10E48000680A002020202020202020256C7520757F
:10E49000736563206120726561642042592054488D
:10E4A00045205449434B202D2D207768696368200F
:10E4B000756E646572636F756E74732E0A0020202A
:10E4C00020202020202041207374616C6C206C6F10
:10E4D0006E6720656E6F75676820746F206D65616B
:10E4E00073757265206973206C6F6E6720656E6F3F
:10E4F00075676820746F206C6F73650A2020202078
:10E500002020202049525130733A20746865203809
:10E51000323539206C617463686573206F6E6520D5
:10E52000616E642064726F70732074686520726518
:10E5300073742C20736F20746869730A2020202064
:10E5400020202020636F756E747320726561647380
:10E550002C206E6F742074696D653B207468652093
:10E56000525443206769766573207468652072652C
:10E57000616C206669677572652E0A00494E5431D8
:10E58000330075736167653A20494E543133205B1F
:10E5900064726976655D20202030203D206D6173B6
:10E5A0007465722C2031203D20736C6176650A0001
:10E5B000494E5431333A20647269766520253032F1
:10E5C000582041483D303868206661696C65642C8C
:10E5D0002041483D253032580A00494E5431333AE3
:10E5E0002064726976652025303258202D2D202533
:10E5F000752063796C2C20257520686561642C205A
:10E600002575207365632F74726B3B202025752060
:10E6100064726976652873292070726573656E74FB
:10E620000A00494E5431333A207A65726F2073657F
:10E6300063746F72732070657220747261636B20F3
:10E640002D2D20746861742067656F6D6574727913
:10E6500020697320756E757361626C650A002020F5
:10E66000202020202072656164696E672043257533
:10E6700020482575205325752C207768696368200C
:10E680006973204C424120256C750A00494E543173
:10E69000333A2041483D303268206661696C6564D8
:10E6A0002C2041483D253032580A00494E54313320
:10E6B0003A207468652064726976657220636F75AC
:10E6C0006C64206E6F742072656164204C4241203E
:10E6D000256C752C20737461747573202530325845
:10E6E0000A00494E5431333A206469666665727394
:10E6F0002061742062797465202575202D2D2049B4
:10E700004E542031336820253032582C20647269F1
:10E7100076657220253032580A00494E5431333A1A
:10E72000202573202D2D20494E542031336820435D
:10E730002575204825752053257520616E64207449
:10E74000686520647269766572206174204C42416C
:10E7500020256C752061677265650A004644430098
:10E760004644433A206D61696E2073746174757319
:10E77000207265676973746572202D2D0020202535
:10E780003033583D25303258002020202020646945
:10E79000676974616C20696E707574203433383D1C
:10E7A0002530325820202028626974203020697377
:10E7B000207E44432C206469736B206368616E671C
:10E7C00065290A004644433A206E6F7468696E6793
:10E7D00020616E73776572696E672E202046462031
:10E7E0006973206120666C6F6174696E6720627561
:10E7F00073202D2D206E6F20636172642C206F7248
:10E80000206E6F74206A756D706572656420746F18
:10E81000203330682D3346682E0A002068656C640A
:10E8200020696E2072657365742C20617320657891
:10E8300070656374656420616674657220706F77BB
:10E8400065722D6F6E3B002069646C653B0020771C
:10E850006564676564206D69642D636F6D6D616EBD
:10E86000643B004644433A204D53522025303258F1
:10E870002061742025303358202D2D25732070758C
:10E880006C73696E6720726573657420286C61749F
:10E89000636820343338203C2D2030302074686584
:10E8A0006E203830290A00204255535900206964EF
:10E8B0006C65002045584543002044494F3D696E32
:10E8C000002044494F3D6F7574002052514D002087
:10E8D000286E6F2052514D29004644433A204D5333
:10E8E000522025303258202D2D2573257325732570
:10E8F000730A0020202020207374696C6C206E6FD6
:10E900007420726561647920666F72206120636F84
:10E910006D6D616E64202877616E742052514D20B8
:10E920007365742C2044494F20636C656172292EF5
:10E930000A002020202020636F6D6D616E642074BA
:10E94000616B656E20627574206E6F2072657375E1
:10E950006C742070686173652C204D5352202530F3
:10E9600032580A00202020202053454E534520498C
:10E970004E544552525550542053544154555320EF
:10E980002D3E205354302025303258002C20504347
:10E990004E2025303258202028726573657420730C
:10E9A00065656E202D2D207468652070617274205D
:10E9B000697320616C697665290A00202028696ED8
:10E9C00076616C696420636F6D6D616E64202D2DBE
:10E9D000206E6F7468696E67207761732070656E52
:10E9E00064696E67290A002C2050434E202530327E
:10E9F000580A004644433A20636F6E74726F6C6C21
:10EA0000657220616E73776572696E67206174202C
:10EA1000253033582C2064617461207265676973F6
:10EA200074657220617420253033582E0A004644E4
:10EA3000494400464449443A206C61746368202587
:10EA40003032582C20464443206472697665202574
:10EA5000750A00464449443A204D5352202530322D
:10EA60005820616674657220612072657365742038
:10EA700070756C7365202D2D2074686520636F6E32
:10EA800074726F6C6C65722077696C6C206E6F7439
:10EA900020676F2069646C652E0A002020202020EA
:10EAA00020726573657420696E7465727275707416
:10EAB0007320636C65617265642C206C61737420D3
:10EAC00053543020253032580A00464449443A20F5
:10EAD0005350454349465920776173206E6F742027
:10EAE00061636365707465640A00464449443A2072
:10EAF000524543414C49425241544520776173206D
:10EB00006E6F742061636365707465640A00202011
:10EB100020286E6576657220636F6D706C65746514
:10EB2000642900202020287365656B20656E6420B1
:10EB30002D2D2068656164206973206174207472D2
:10EB400061636B2030290020202028657175697071
:10EB50006D656E7420636865636B202D2D206E6F6C
:10EB600020747261636B2030207369676E616C2C56
:10EB700020736F206E6F2064726976652069732040
:10EB8000616E73776572696E672900202020286E98
:10EB90006F74207265616479290020202020202074
:10EBA000616674657220524543414C49425241545A
:10EBB000452C204D535220253032582C20535430B0
:10EBC0002025303258202050434E20253032582501
:10EBD000730A00464449443A20524541442049447E
:10EBE00020776173206E6F74206163636570746554
:10EBF000640A00464449443A20524541442049446D
:10EC00002067617665206E6F20726573756C742065
:10EC10007068617365202D2D2074686520636F6EA8
:10EC200074726F6C6C657220697320737475636B9A
:10EC30000A00202020202020524541442049442021
:10EC40002D3E20535430202530325820205354314B
:10EC5000202530325820205354322025303258207D
:10EC600020204325752048257520522575204E25E6
:10EC7000750A00464449443A20736563746F7220F4
:10EC8000494420666F756E642E20204E2575206DD8
:10EC900065616E732025752062797465732061202B
:10ECA000736563746F722E0A00464449443A206DBE
:10ECB000697373696E672061646472657373206D34
:10ECC00061726B202D2D2074686520686561642059
:10ECD00069732072656164696E67206E6F7468691C
:10ECE0006E67206974207265636F676E6973657300
:10ECF0002E0A20202020202057726F6E672064612A
:10ED0000746120726174652C2077726F6E67206465
:10ED1000726976652C206E6F206469736B2C206F8E
:10ED20007220746865206D6F746F72206E657665F1
:10ED300072207370616E2E0A00464449443A206185
:10ED4000626E6F726D616C207465726D696E617454
:10ED5000696F6E2C20535431202530325820535483
:10ED60003220253032580A002020202020206D6FCC
:10ED7000746F72206F66660A004644524541440033
:10ED800075736167653A20464452454144205B3CB7
:10ED90006C617463683E5D205B3C63796C3E5D2012
:10EDA0005B3C686561643E5D205B3C736563746FCA
:10EDB000723E5D0A202020202020206865783B20BC
:10EDC000736563746F727320636F756E74206672FF
:10EDD0006F6D20312E202044656661756C7420387B
:10EDE000322030203020312E0A0046445245414422
:10EDF0003A206C6174636820253032582C204325FA
:10EE00007520482575205325750A00464452454112
:10EE1000443A20636F6E74726F6C6C657220776910
:10EE20006C6C206E6F7420676F2069646C650A00DB
:10EE300020202020202020205345454B202D3E20FF
:10EE40005354302025303258202050434E20253056
:10EE500032580A004644524541443A2074686520BD
:10EE6000636F6D6D616E6420776173206E6F7420C7
:10EE700074616B656E0A004644524541443A207203
:10EE80006573756C742070686173652073746F703E
:10EE900070656420616674657220257520627974DE
:10EEA00065730A00636F6D706C65746500637574DB
:10EEB0002073686F72740074696D6564206F757477
:10EEC0000020202020202020207472616E7366654F
:10EED000722025733B202053543020253032582097
:10EEE00053543120253032582053543220253032AB
:10EEF000582020204325752048257520522575204F
:10EF00004E25752020204D535220253032580A00BE
:10EF1000206D697373696E672061646472657373D1
:10EF2000206D61726B00206E6F2064617461202817
:10EF3000736563746F72206E6F74206F6E207468D7
:10EF4000697320747261636B29002043524320650A
:10EF500072726F7220696E207468652064617461DA
:10EF6000206669656C6400206F76657272756E202C
:10EF700028746865206C6F6F702077617320746FE0
:10EF80006F20736C6F7729004644524541443A2004
:10EF90006661696C6564202D2D25732573257325A5
:10EFA000730A004644524541443A20736563746FC6
:10EFB0007220726561642E2020466972737420315C
:10EFC000362062797465733A0A20202020202020A0
:10EFD000006120626F6F74207369676E617475726F
:10EFE00065006E6F74206120626F6F7420736967B3
:10EFF0006E61747572650020202020202020206220
:10F0000079746573203146452D314646206172651D
:10F0100020253032582025303258202D2D202573C0
:10F020000A00464457524954450075736167653A72
:10F030002046445752495445203C6C617463683EF5
:10F04000203C63796C3E203C686561643E203C73E3
:10F050006563746F723E0A20202020202020657690
:10F0600065727920617267756D656E742072657165
:10F0700075697265642C206865782E2020383220EE
:10F080003D203530306B6270732C203836203D20A7
:10F090003235306B6270732E0A2020202020202011
:10F0A00054484953204F56455257524954455320CE
:10F0B00054484520534543544F522E2020557365E4
:10F0C0002061206469736B20796F7520646F206EF6
:10F0D0006F742077616E742E0A004644575249546B
:10F0E000453A206C6174636820253032582C2043E7
:10F0F00025752048257520532575202D2D206F76E8
:10F10000657277726974696E670A0046445752499E
:10F1100054453A20636F6E74726F6C6C6572207721
:10F12000696C6C206E6F7420676F2069646C650A6F
:10F1300000464457524954453A2074686520636F2D
:10F140006D6D616E6420776173206E6F74207461E1
:10F150006B656E0A0020202020202020202077725E
:10F160006974652025733B202053543020253032AC
:10F170005820535431202530325820535432202502
:10F180003032580A0020756E64657272756E2028E0
:10F1900074686520736563746F72206F6E20746885
:10F1A00065206D65646961206973206E6F772064E6
:10F1B000616D6167656429002057524954452050AC
:10F1C000524F5445435445440046445752495445D0
:10F1D0003A206661696C6564202D2D2573257325A1
:10F1E000730A00464457524954453A2074686520D2
:10F1F00072656164206261636B206661696C65643D
:10F200002C2053543020253032582053543120259F
:10F210003032580A00464457524954453A207772D2
:10F22000697474656E20616E642072656164206229
:10F2300061636B2C203531322062797465732061F3
:10F24000677265650A00464457524954453A20643E
:10F250006966666572732061742062797465202521
:10F2600075202D2D20676F7420253032582C207783
:10F27000616E74656420253032580A004644464D5C
:10F28000540075736167653A204644464D54203CEE
:10F2900063796C3E203C686561643E205B3C73652D
:10F2A00063746F72733E5D0A202020202020206846
:10F2B00065782E202064726976652041206F6E6C1F
:10F2C000792C20616E642069742045524153455366
:10F2D000207468617420747261636B2E0A20202090
:10F2E00020202020736563746F72732064656661EB
:10F2F000756C747320746F2031326820283138297E
:10F300002C2075736520303920666F7220373230BB
:10F310004B622E0A004644464D543A2063796C20D5
:10F32000257520686561642025752C20257520735E
:10F330006563746F7273202041583D253034582026
:10F3400043583D253034582044583D253034580A20
:10F350000020202020202072657475726E65642064
:10F3600041483D25303258202025730A00202020B6
:10F3700020202037363520726573756C743A000A88
:10F3800020202020202066645F73746174757320D0
:10F390002530325820207365656B5F737461747516
:10F3A00073202530325820206C617463682025302A
:10F3B00032580A00464431330075736167653A205C
:10F3C00046443133203C666E3E203C63796C3E20DF
:10F3D0003C686561643E203C7365633E205B3C6332
:10F3E0006F756E743E5D0A20202020202020686505
:10F3F000782E202030322072656164732C203033E7
:10F40000205752495445532C203034207665726978
:10F41000666965732C20303820706172616D657487
:10F420006572732E0A2020202020202064726976C5
:10F43000652041206F6E6C792E20203033206F764E
:10F44000657277726974657320746865207365638B
:10F45000746F722E0A00464431333A2041483D25EC
:10F4600030325820414C3D253032582043583D25FC
:10F470003034582044583D253034580A002020208C
:10F4800020202072657475726E65642041483D25A8
:10F4900030325820414C3D25303258202025730A07
:10F4A000000A2020202020205354302025303258BC
:10F4B00020535431202530325820535432202530E7
:10F4C0003258202020432575204825752052257567
:10F4D000204E25750A0020202020202066645F73BE
:10F4E0007461747573202530325820207365656B04
:10F4F0005F737461747573202530325820206C61FD
:10F5000074636820253032580A0045584954005128
:10F51000756974204D6F6E69746F720A002A2A45EE
:10F5200052520A000000000000000000000000002D
:10F530000A436F7079726967687420284329203202
:10F54000303138204A6F686E20522E20436F666635
:10F550006D616E2E2020416C6C2072696768747337
:10F560002072657365727665642E0A50726F7669D3
:10F5700064656420666F7220686F62627969737473
:10F5800020757365206F6E207468652052657472F3
:10F590006F42726577205342432D333836455820E9
:10F5A000626F6172642E0A0A546869732070726F08
:10F5B0006772616D206973206672656520736F667E
:10F5C00074776172653A20796F752063616E20727D
:10F5D0006564697374726962757465206974206109
:10F5E0006E642F6F72206D6F646966790A6974208A
:10F5F000756E64657220746865207465726D732021
:10F600006F662074686520474E552047656E6572A9
:10F61000616C205075626C6963204C6963656E7320
:10F6200065206173207075626C697368656420621F
:10F63000790A746865204672656520536F66747731
:10F6400061726520466F756E646174696F6E2C20FF
:10F650006569746865722076657273696F6E2033B0
:10F66000206F6620746865204C6963656E73652C35
:10F67000206F720A28617420796F7572206F707420
:10F68000696F6E2920616E79206C617465722076D5
:10F69000657273696F6E2E0A0A54686973207072FE
:10F6A0006F6772616D206973206469737472696237
:10F6B0007574656420696E2074686520686F706574
:10F6C00020746861742069742077696C6C206265AD
:10F6D0002075736566756C2C0A62757420574954E1
:10F6E000484F555420414E592057415252414E5493
:10F6F000593B20776974686F7574206576656E2054
:10F7000074686520696D706C6965642077617272D8
:10F71000616E7479206F660A4D45524348414E54DC
:10F720004142494C495459206F72204649544E4534
:10F73000535320464F522041205041525449435583
:10F740004C415220505552504F53452E2020536566
:10F7500065207468650A474E552047656E6572617D
:10F760006C205075626C6963204C6963656E7365CB
:10F7700020666F72206D6F72652064657461696CBC
:10F78000732E0A0A596F752073686F756C64206850
:10F7900061766520726563656976656420612063C2
:10F7A0006F7079206F662074686520474E5520473A
:10F7B000656E6572616C205075626C6963204C697E
:10F7C00063656E73650A616C6F6E67207769746834
:10F7D00020746869732070726F6772616D20696E42
:10F7E000207468652066696C6520434F5059494E06
:10F7F0004720696E2074686520746F706D6F737434
:10F8000020736F757263650A6469726563746F72E1
:10F81000792E20204966206E6F742C207365652038
:10F820003C687474703A2F2F7777772E676E752E39
:10F830006F72672F6C6963656E7365732F3E2E0A56
:10F840000A0004B100F015B100F024B100F000A5E9
:10F85000AA34B100F040B100F04DB100F05BB1004E
:10F86000F06DB100F078B100F086B100F090B10019
:10F87000F095B100F0A3B100F0B2B100F0C1B10059
:10F88000F0D2B100F090B100F0E2B100F0FEB100B2
:10F89000F01AB200F036B200F052B200F06AB200D4
:10F8A000F082B200F08EB200F09EB200F0A7B2007B
:10F8B000F0B0B200F0C4B200F0C8B200F0CCB200B8
:10F8C000F0D0B200F0D4B200F0D8B200F0DCB20058
:10F8D000F0E0B200F0E4B200F0E8B200F0ECB20008
:10F8E000F0F0B200F0F5B200F0FAB200F0FFB200B2
:10F8F000F004B300F00AB300F010B300F01CB30042
:10F90000F023B300F02AB300F031B300F037B300B6
:10F91000F03EB300F050B300F064B300F077B300F2
:10F92000F082B300F08CB300F0000008040C020A6F
:10F93000060E0109050D030B070F05000600070061
:10F9400008006E6F3F653F6D3F73000020BC00F004
:10F9500025BC00F02ABC00F02FBC00F034BC00F045
:10F9600039BC00F0FA31C08ED0BC007C8ED88EC07D
:10F97000FBFCBE217CAC08C07408B40131D2CD14AC
:10F98000EBF3F4EBFD0D0A2A2A2A205445535420A8
:10F99000424F4F5420534543544F522052554E4EE0
:10F9A000494E47202A2A2A0D0A494E5420313968E7
:10F9B0002068616E646564206F76657220636F7283
:10F9C000726563746C792E0D0A00300432043404BD
:10F9D00036040000000000000000000000000000ED
:10F9E00034F841909090909090909090909090905A
:10F9F000EA000000F030392F32372F3236FFFC009A
:10FA000034F8410000000000000000000000000089
:02FFEE00805A37
:10FFF000EA000000F030392F32372F3236FFFC0094
:00000001FF
