     1                                  ;
     2                                  ; start.asm
     3                                  ;
     4                                  ;
     5                                  ; Copyright (C) 2017,2018 John R. Coffman.  All rights reserved.
     6                                  ; Provided for hobbyist use on the RetroBrew SBC-386EX board.
     7                                  ;
     8                                  ; This program is free software: you can redistribute it and/or modify
     9                                  ; it under the terms of the GNU General Public License as published by
    10                                  ; the Free Software Foundation, either version 3 of the License, or
    11                                  ; (at your option) any later version.
    12                                  ;
    13                                  ; This program is distributed in the hope that it will be useful,
    14                                  ; but WITHOUT ANY WARRANTY; without even the implied warranty of
    15                                  ; MERCHANTABILITY or FITNESS FOR A PARTICULAR PURPOSE.  See the
    16                                  ; GNU General Public License for more details.
    17                                  ;
    18                                  ; You should have received a copy of the GNU General Public License
    19                                  ; along with this program in the file COPYING in the topmost source
    20                                  ; directory.  If not, see <http://www.gnu.org/licenses/>.
    21                                  ;
    22                                  ;
    23                                  ; SBC-386 board revisions:
    24                                  ;       SBC386-0   prototype / concept testing
    25                                  ;	SBC-386EX 2.0	production / January 2018
    26                                  ;
    27                                  ; Assembly by NASM 2.08 is preferred
    28                                  ;
    29                                  %define P3_FPU_CHECK 	0
    30                                  %define wFPU 		1
    31                                  %define HALF_MEM 	0		; 1 = exclude DRAM that overlaps the ROM
    32                                  				; 0 = DRAM & ROM overlap
    33                                  %define SHADOW_MODE 	1		; shadow ROM in DRAM
    34                                  %define WATCH_BUS 	1		; Watchdog timer monitors bus
    35                                  
    36                                  ; Shadowing copies the ROM into the DRAM underneath it, which is exactly the
    37                                  ; DRAM that HALF_MEM exists to exclude.  The two cannot both be set; say so
    38                                  ; at assembly time rather than leaving a build that copies 64K into nothing
    39                                  ; and then jumps to it.
    40                                  %if SHADOW_MODE
    41                                   %if HALF_MEM
    42                                    %error "SHADOW_MODE needs the DRAM under F0000 that HALF_MEM excludes"
    43                                   %endif
    44                                  %endif
    45                                  
    46                                  ;%define MFPIC 		1	; no COMCLK, use MFPIC (defined in i386ex.inc)
    47                                  
    48                                  %define	PATT 41			; 41, 37, 33
    49                                  %ifndef CRC
    50                                  %define CRC 0
    51                                  %endif
    52                                  %ifndef CRC_AT
    53                                  %define CRC_AT 0xFFEE
    54                                  %endif
    55                                  
    56                                  
    57                                  %include "seg_def.inc"
    58                              <1> ; SEG_DEF.inc
    59                              <1> ;
    60                              <1> %ifndef SEG_DEF
    61                              <1> %define SEG_DEF 1
    62                              <1> 
    63                              <1> segment _TEXT	use16 	align=16	class=CODE	public
    64                              <1> 
    65                              <1> segment CONST		align=16	class=DATA	public
    66                              <1> segment CONST2		align=2		class=DATA	public
    67                              <1> segment _DATA		align=16	class=DATA	public
    68                              <1> segment _BSS		align=16	class=DATA	public
    69                              <1> ;group DGROUP CONST2 CONST _DATA _BSS
    70                              <1> 
    71                              <1> group DGROUP  _TEXT CONST2 CONST _DATA _BSS
    72                              <1> 
    73                              <1> 
    74                              <1> segment BOOT at 0xFFFF	align=16	class=BOOT	use16
    75                              <1> 
    76                              <1> %define XXX
    77                              <1> %endif
    78                              <1> ;
    79                              <1> ; end SEG_DEF.inc
    58                                  %include "i386ex.inc"
    59                              <1> ;/*;;;;;;;;;;;;;;;;;;;;;;;;;;;;;;;;;;;;;;;;;;;;;;;;;;;;;;;;;;;;;;;;;;;;;;
    60                              <1> ; i386EX.inc  --  register definitions for the Intel 80386EX processor
    61                              <1> ;;;;;;;;;;;;;;;;;;;;;;;;;;;;;;;;;;;;;;;;;;;;;;;;;;;;;;;;;;;;;;;;;;;;;;;;;
    62                              <1> ;
    63                              <1> ; Copyright (C) 2018 John R. Coffman.  All rights reserved.
    64                              <1> ; Provided for hobbyist use on the RetroBrew SBC-386 board.
    65                              <1> ;
    66                              <1> ; This program is free software: you can redistribute it and/or modify
    67                              <1> ; it under the terms of the GNU General Public License as published by
    68                              <1> ; the Free Software Foundation, either version 3 of the License, or
    69                              <1> ; (at your option) any later version.
    70                              <1> ;
    71                              <1> ; This program is distributed in the hope that it will be useful,
    72                              <1> ; but WITHOUT ANY WARRANTY; without even the implied warranty of
    73                              <1> ; MERCHANTABILITY or FITNESS FOR A PARTICULAR PURPOSE.  See the
    74                              <1> ; GNU General Public License for more details.
    75                              <1> ;
    76                              <1> ; You should have received a copy of the GNU General Public License
    77                              <1> ; along with this program in the file COPYING in the topmost source
    78                              <1> ; directory.  If not, see <http://www.gnu.org/licenses/>.
    79                              <1> ;
    80                              <1> ;
    81                              <1> ; SBC-386 board revisions:
    82                              <1> ;       SBC386-0   prototype / concept testing
    83                              <1> ;	SBC386EX 2.0 production board (Jan 2018, not 2017 as labeled)
    84                              <1> ;
    85                              <1> ; Assembly by NASM 2.08 is preferred
    86                              <1> ;;;;;;;;;;;;;;;;;;;;;;;;;;;;;;;;;;;;;;;;;;;;;;;;;;;;;;;;;;;;;;;;;;;;;;;;*/
    87                              <1> 
    88                              <1> ;/* i386EX.inc  --  register definitions for the Intel 80386EX processor
    89                              <1> ;
    90                              <1> %define defb
    91                              <1> %define defw
    92                              <1> %define defd
    93                              <1> ;*/
    94                              <1> 
    95                              <1> ;/* The component identifier the 386EX leaves in DX after a hardware reset:
    96                              <1> ;*  DH is the device (23h, 386EX) and DL the stepping.  POST tests it as the
    97                              <1> ;*  first thing it does, so anything that restarts the board in software has
    98                              <1> ;*  to present it too -- see reboot_ in 19h_boot.asm, which learned that the
    99                              <1> ;*  hard way.
   100                              <1> ;*/
   101                              <1> defw    DEVICE_ID equ   0x2309
   102                              <1> 
   103                              <1> ;/* The Address Configuration register
   104                              <1> ;*/
   105                              <1> defb REMAPCFGH  equ     0x0023
   106                              <1> defb REMAPCFGL  equ     0x0022
   107                              <1> defw REMAPCFG   equ     0x0022
   108                              <1> 
   109                              <1> ;/* The A20gate and fast CPU Reset
   110                              <1> ;*/
   111                              <1> defb PORT92     equ     0xF092
   112                              <1> defb PORT92_AT  equ     0x0092
   113                              <1> 
   114                              <1> ;
   115                              <1> ;/* The DMA Controller and Bus Arbiter
   116                              <1> ;*/
   117                              <1> defb DMA0TAR    equ     0xF000
   118                              <1> defb DMA0TAR_AT equ     0x0000
   119                              <1> defb DMA0BYC    equ     0xF001
   120                              <1> defb DMA0BYC_AT equ     0x0001
   121                              <1> defb DMA1TAR    equ     0xF002
   122                              <1> defb DMA1TAR_AT equ     0x0002
   123                              <1> defb DMA1BYC    equ     0xF003
   124                              <1> defb DMA1BYC_AT equ     0x0003
   125                              <1> defb DMACMD1    equ     0xF008
   126                              <1> defb DMACMD1_AT equ     0x0008
   127                              <1> defb DMASTS     equ     0xF008
   128                              <1> defb DMASTS_AT  equ     0x0008
   129                              <1> defb DMASRR     equ     0xF009
   130                              <1> defb DMASRR_AT  equ     0x0009
   131                              <1> defb DMAMSK     equ     0xF00A
   132                              <1> defb DMAMSK_AT  equ     0x000A
   133                              <1> defb DMAMOD1    equ     0xF00B
   134                              <1> defb DMAMOD1_AT equ     0x000B
   135                              <1> defb DMACLRBP   equ     0xF00C
   136                              <1> defb DMACLRBP_AT equ    0x000C
   137                              <1> defb DMACLR     equ     0xF00D
   138                              <1> defb DMACLR_AT  equ     0x000D
   139                              <1> defb DMACLRMSK  equ     0xF00E
   140                              <1> defb DMACLRMSK_AT equ   0x000E
   141                              <1> defb DMAGRPMSK  equ     0xF00F
   142                              <1> defb DMAGRPMSK_AT equ   0x000F
   143                              <1> defb DMA0REQ0_1 equ     0xF010
   144                              <1> defb DMA0REQ2_3 equ     0xF011
   145                              <1> defb DMA1REQ0_1 equ     0xF012
   146                              <1> defb DMA1REQ2_3 equ     0xF013
   147                              <1> defb DMABSR     equ     0xF018
   148                              <1> defb DMACHR     equ     0xF019
   149                              <1> defb DMAIS      equ     0xF019
   150                              <1> defb DMACMD2    equ     0xF01A
   151                              <1> defb DMAMOD2    equ     0xF01B
   152                              <1> defb DMAIEN     equ     0xF01C
   153                              <1> defb DMAOVFE    equ     0xF01D
   154                              <1> defb DMACLRTC   equ     0xF01E
   155                              <1> ;
   156                              <1> ;/* The DMA Page Registers
   157                              <1> ;*/
   158                              <1> defb DMA1TAR2    equ    0xF083
   159                              <1> defb DMA1TAR2_AT equ    0x0083
   160                              <1> defb DMA1TAR3    equ    0xF085
   161                              <1> defb DMA1TAR3_AT equ    0x0085
   162                              <1> defb DMA0TAR3    equ    0xF086
   163                              <1> defb DMA0TAR3_AT equ    0x0086
   164                              <1> defb DMA0TAR2    equ    0xF087
   165                              <1> defb DMA0TAR2_AT equ    0x0087
   166                              <1> ;
   167                              <1> defb DMA0BYC2   equ     0xF098
   168                              <1> defb DMA1BYC2   equ     0xF099
   169                              <1> 
   170                              <1> ;
   171                              <1> ;/* The Master Interrupt Controller
   172                              <1> ;*/
   173                              <1> defb ICW1M_AT   equ     0x0020
   174                              <1> defb ICW2M_AT   equ     0x0021
   175                              <1> defb ICW3M_AT   equ     0x0021
   176                              <1> defb ICW4M_AT   equ     0x0021
   177                              <1> defb OCW1M_AT   equ     0x0021
   178                              <1> defb OCW2M_AT   equ     0x0020
   179                              <1> defb OCW3M_AT   equ     0x0020
   180                              <1> 
   181                              <1> defb ICW1M      equ     0xF020
   182                              <1> defb ICW2M      equ     0xF021
   183                              <1> defb ICW3M      equ     0xF021
   184                              <1> defb ICW4M      equ     0xF021
   185                              <1> defb OCW1M      equ     0xF021
   186                              <1> defb OCW2M      equ     0xF020
   187                              <1> defb OCW3M      equ     0xF020
   188                              <1> defb IRR_M	equ	0xF020
   189                              <1> 
   190                              <1> ;
   191                              <1> ;/* The Slave Interrupt Controller
   192                              <1> ;*/
   193                              <1> defb ICW1S_AT   equ     0x00A0
   194                              <1> defb ICW2S_AT   equ     0x00A1
   195                              <1> defb ICW3S_AT   equ     0x00A1
   196                              <1> defb ICW4S_AT   equ     0x00A1
   197                              <1> defb OCW1S_AT   equ     0x00A1
   198                              <1> defb OCW2S_AT   equ     0x00A0
   199                              <1> defb OCW3S_AT   equ     0x00A0
   200                              <1> defb IRR_M_AT	equ	0x00A0
   201                              <1> 
   202                              <1> defb ICW1S      equ     0xF0A0
   203                              <1> defb ICW2S      equ     0xF0A1
   204                              <1> defb ICW3S      equ     0xF0A1
   205                              <1> defb ICW4S      equ     0xF0A1
   206                              <1> defb OCW1S      equ     0xF0A1
   207                              <1> defb OCW2S      equ     0xF0A0
   208                              <1> defb OCW3S      equ     0xF0A0
   209                              <1> 
   210                              <1> ;
   211                              <1> ;/* The Timer/Counter Unit
   212                              <1> ;*/
   213                              <1> defb    TMR0    equ     0xF040
   214                              <1> defb    TMR0_AT equ     0x0040
   215                              <1> defb    TMR1    equ     0xF041
   216                              <1> defb    TMR1_AT equ     0x0041
   217                              <1> defb    TMR2    equ     0xF042
   218                              <1> defb    TMR2_AT equ     0x0042
   219                              <1> defb    TMRCON  equ     0xF043
   220                              <1> defb    TMRCON_AT  equ  0x0043
   221                              <1> 
   222                              <1> ;
   223                              <1> ;/* The Chip Select Unit
   224                              <1> ;*/
   225                              <1> defw    CS0ADL  equ     0xF400
   226                              <1> defw    CS0ADH  equ     0xF402
   227                              <1> defw    CS0MSKL equ     0xF404
   228                              <1> defw    CS0MSKH equ     0xF406
   229                              <1> defw    CS1ADL  equ     0xF408
   230                              <1> defw    CS1ADH  equ     0xF40A
   231                              <1> defw    CS1MSKL equ     0xF40C
   232                              <1> defw    CS1MSKH equ     0xF40E
   233                              <1> defw    CS2ADL  equ     0xF410
   234                              <1> defw    CS2ADH  equ     0xF412
   235                              <1> defw    CS2MSKL equ     0xF414
   236                              <1> defw    CS2MSKH equ     0xF416
   237                              <1> defw    CS3ADL  equ     0xF418
   238                              <1> defw    CS3ADH  equ     0xF41A
   239                              <1> defw    CS3MSKL equ     0xF41C
   240                              <1> defw    CS3MSKH equ     0xF41E
   241                              <1> defw    CS4ADL  equ     0xF420
   242                              <1> defw    CS4ADH  equ     0xF422
   243                              <1> defw    CS4MSKL equ     0xF424
   244                              <1> defw    CS4MSKH equ     0xF426
   245                              <1> defw    CS5ADL  equ     0xF428
   246                              <1> defw    CS5ADH  equ     0xF42A
   247                              <1> defw    CS5MSKL equ     0xF42C
   248                              <1> defw    CS5MSKH equ     0xF42E
   249                              <1> defw    CS6ADL  equ     0xF430
   250                              <1> defw    CS6ADH  equ     0xF432
   251                              <1> defw    CS6MSKL equ     0xF434
   252                              <1> defw    CS6MSKH equ     0xF436
   253                              <1> defw    UCSADL  equ     0xF438
   254                              <1> defw    UCSADH  equ     0xF43A
   255                              <1> defw    UCSMSKL equ     0xF43C
   256                              <1> defw    UCSMSKH equ     0xF43E
   257                              <1> 
   258                              <1> ;
   259                              <1> ;/* The Synchronous Serial I/O Unit
   260                              <1> ;*/
   261                              <1> defw    SSIOTBUF equ    0xF480
   262                              <1> defw    SSIORBUF equ    0xF482
   263                              <1> defw    SSIOBAUD equ    0xF484
   264                              <1> defw    SSIOCON1 equ    0xF486
   265                              <1> defw    SSIOCON2 equ    0xF488
   266                              <1> defw    SSIOCTR  equ    0xF48A
   267                              <1> 
   268                              <1> ;
   269                              <1> ;/* The Refresh Control Unit
   270                              <1> ;*/
   271                              <1> defw    RFSBAD  equ     0xF4A0
   272                              <1> defw    RFSCIR  equ     0xF4A2
   273                              <1> defw    RFSCON  equ     0xF4A4
   274                              <1> defw    RFSADD  equ     0xF4A6
   275                              <1> 
   276                              <1> ;
   277                              <1> ;/* The Watchdog Timer Unit
   278                              <1> ;*/
   279                              <1> defw    WDTRLDH equ     0xF4C0
   280                              <1> defw    WDTRLDL equ     0xF4C2
   281                              <1> defw    WDTCNTH equ     0xF4C4
   282                              <1> defw    WDTCNTL equ     0xF4C6
   283                              <1> defw    WDTCLR  equ     0xF4C8
   284                              <1> defb    WDTSTATUS  equ  0xF4CA
   285                              <1> 
   286                              <1> ;
   287                              <1> ;/* Clock Generation and Power Management
   288                              <1> ;*/
   289                              <1> defb    PWRCON  equ     0xF800
   290                              <1> defw    CLKPRS  equ     0xF804
   291                              <1> 
   292                              <1> ;
   293                              <1> ;/* Device Configuration Registers
   294                              <1> ;*/
   295                              <1> defb    P1CFG   equ     0xF820
   296                              <1> defb    P2CFG   equ     0xF822
   297                              <1> defb    P3CFG   equ     0xF824
   298                              <1> defb    PINCFG  equ     0xF826
   299                              <1> defb    DMACFG  equ     0xF830
   300                              <1> defb    INTCFG  equ     0xF832
   301                              <1> defb    TMRCFG  equ     0xF834
   302                              <1> defb    SIOCFG  equ     0xF836
   303                              <1> 
   304                              <1> ;
   305                              <1> ;/* Parallel I/O Ports
   306                              <1> ;*/
   307                              <1> defb    P1PIN   equ     0xF860
   308                              <1> defb    P1LTC   equ     0xF862
   309                              <1> defb    P1DIR   equ     0xF864
   310                              <1> defb    P2PIN   equ     0xF868
   311                              <1> defb    P2LTC   equ     0xF86A
   312                              <1> defb    P2DIR   equ     0xF86C
   313                              <1> defb    P3PIN   equ     0xF870
   314                              <1> defb    P3LTC   equ     0xF872
   315                              <1> defb    P3DIR   equ     0xF874
   316                              <1> 
   317                              <1> 
   318                              <1> ; bits.inc
   319                              <1> ;
   320                              <1> ; assembly language bit definitions
   321                              <1> ;
   322                              <1> defb    BIT0    equ     0x01
   323                              <1> defb    BIT1    equ     0x02
   324                              <1> defb    BIT2    equ     0x04
   325                              <1> defb    BIT3    equ     0x08
   326                              <1> defb    BIT4    equ     0x10
   327                              <1> defb    BIT5    equ     0x20
   328                              <1> defb    BIT6    equ     0x40
   329                              <1> defb    BIT7    equ     0x80
   330                              <1> 
   331                              <1> defw    BIT8    equ     0x0100
   332                              <1> defw    BIT9    equ     0x0200
   333                              <1> defw    BIT10   equ     0x0400
   334                              <1> defw    BIT11   equ     0x0800
   335                              <1> defw    BIT12   equ     0x1000
   336                              <1> defw    BIT13   equ     0x2000
   337                              <1> defw    BIT14   equ     0x4000
   338                              <1> defw    BIT15   equ     0x8000
   339                              <1> 
   340                              <1> defd    BIT16   equ     0x00010000
   341                              <1> defd    BIT31   equ     0x80000000
   342                              <1> 
   343                              <1> defb    ZBIT0    equ     0
   344                              <1> defb    ZBIT1    equ     0
   345                              <1> defb    ZBIT2    equ     0
   346                              <1> defb    ZBIT3    equ     0
   347                              <1> defb    ZBIT4    equ     0
   348                              <1> defb    ZBIT5    equ     0
   349                              <1> defb    ZBIT6    equ     0
   350                              <1> defb    ZBIT7    equ     0
   351                              <1> 
   352                              <1> defw    ZBIT8    equ     0
   353                              <1> defw    ZBIT9    equ     0
   354                              <1> defw    ZBIT10   equ     0
   355                              <1> defw    ZBIT11   equ     0
   356                              <1> defw    ZBIT12   equ     0
   357                              <1> defw    ZBIT13   equ     0
   358                              <1> defw    ZBIT14   equ     0
   359                              <1> defw    ZBIT15   equ     0
   360                              <1> 
   361                              <1> 
   362                              <1> ;
   363                              <1> ;/* Asynchronout Serial I/O channel 0  (COM1)
   364                              <1> ;*/
   365                              <1> defb    RBR0_F4 equ     0xF4F8
   366                              <1> defb    TBR0_F4 equ     0xF4F8
   367                              <1> defb    DLL0_F4 equ     0xF4F8
   368                              <1> defb    DLH0_F4 equ     0xF4F9
   369                              <1> defb    IER0_F4 equ     0xF4F9
   370                              <1> defb    IIR0_F4 equ     0xF4FA
   371                              <1> defb    LCR0_F4 equ     0xF4FB
   372                              <1> defb    MCR0_F4 equ     0xF4FC
   373                              <1> defb    LSR0_F4 equ     0xF4FD
   374                              <1> defb    MSR0_F4 equ     0xF4FE
   375                              <1> defb    SCR0_F4 equ     0xF4FF
   376                              <1> 
   377                              <1> %define MFPIC 0
   378                              <1> %if MFPIC
   379                              <1> defb    RBR0    equ     0x0448
   380                              <1> defb    TBR0    equ     0x0448
   381                              <1> defb    DLL0    equ     0x0448
   382                              <1> defb    DLH0    equ     0x0449
   383                              <1> defb    IER0    equ     0x0449
   384                              <1> defb    IIR0    equ     0x044A
   385                              <1> defb    LCR0    equ     0x044B
   386                              <1> defb    MCR0    equ     0x044C
   387                              <1> defb    LSR0    equ     0x044D
   388                              <1> defb    MSR0    equ     0x044E
   389                              <1> defb    SCR0    equ     0x044F
   390                              <1> %else
   391                              <1> defb    RBR0    equ     0x03F8
   392                              <1> defb    TBR0    equ     0x03F8
   393                              <1> defb    DLL0    equ     0x03F8
   394                              <1> defb    DLH0    equ     0x03F9
   395                              <1> defb    IER0    equ     0x03F9
   396                              <1> defb    IIR0    equ     0x03FA
   397                              <1> defb    LCR0    equ     0x03FB
   398                              <1> defb    MCR0    equ     0x03FC
   399                              <1> defb    LSR0    equ     0x03FD
   400                              <1> defb    MSR0    equ     0x03FE
   401                              <1> defb    SCR0    equ     0x03FF
   402                              <1> %endif
   403                              <1> 
   404                              <1> ;
   405                              <1> ;/* Asynchronout Serial I/O channel 1  (COM2)
   406                              <1> ;*/
   407                              <1> defb    RBR1_F8 equ     0xF8F8
   408                              <1> defb    TBR1_F8 equ     0xF8F8
   409                              <1> defb    DLL1_F8 equ     0xF8F8
   410                              <1> defb    DLH1_F8 equ     0xF8F9
   411                              <1> defb    IER1_F8 equ     0xF8F9
   412                              <1> defb    IIR1_F8 equ     0xF8FA
   413                              <1> defb    LCR1_F8 equ     0xF8FB
   414                              <1> defb    MCR1_F8 equ     0xF8FC
   415                              <1> defb    LSR1_F8 equ     0xF8FD
   416                              <1> defb    MSR1_F8 equ     0xF8FE
   417                              <1> defb    SCR1_F8 equ     0xF8FF
   418                              <1> 
   419                              <1> defb    RBR1    equ     0x02F8
   420                              <1> defb    TBR1    equ     0x02F8
   421                              <1> defb    DLL1    equ     0x02F8
   422                              <1> defb    DLH1    equ     0x02F9
   423                              <1> defb    IER1    equ     0x02F9
   424                              <1> defb    IIR1    equ     0x02FA
   425                              <1> defb    LCR1    equ     0x02FB
   426                              <1> defb    MCR1    equ     0x02FC
   427                              <1> defb    LSR1    equ     0x02FD
   428                              <1> defb    MSR1    equ     0x02FE
   429                              <1> defb    SCR1    equ     0x02FF
   430                              <1> 
   431                              <1> ;/* LSRx bits
   432                              <1> ;*/
   433                              <1> defb    LSR_TE  equ     BIT6
   434                              <1> defb    LSR_TBE equ     BIT5
   435                              <1> defb    LSR_BI  equ     BIT4
   436                              <1> defb    LSR_FE  equ     BIT3
   437                              <1> defb    LSR_PE  equ     BIT2
   438                              <1> defb    LSR_OE  equ     BIT1
   439                              <1> defb    LSR_RBF equ     BIT0
   440                              <1> 
   441                              <1> ;/* MSRx bits
   442                              <1> ;*/
   443                              <1> defb	MSR_DCD	equ	BIT7
   444                              <1> defb	MSR_RI 	equ	BIT6
   445                              <1> defb	MSR_DSR	equ	BIT5
   446                              <1> defb	MSR_CTS	equ	BIT4
   447                              <1> defb	MSR_deltaDCD	equ	BIT3
   448                              <1> defb	MSR_deltaRI	equ	BIT2
   449                              <1> defb	MSR_deltaDSR	equ	BIT1
   450                              <1> defb	MSR_deltaCTS	equ	BIT0
   451                              <1> 
   452                              <1> ;/* Bits in CR0
   453                              <1> ;*/
   454                              <1> defb    CR0_PE  equ     BIT0
   455                              <1> defb    CR0_MP  equ     BIT1
   456                              <1> defb    CR0_EM  equ     BIT2
   457                              <1> defb    CR0_TS  equ     BIT3
   458                              <1> defd    CR0_WP  equ     BIT16
   459                              <1> defd    CR0_PG  equ     BIT31
   460                              <1> 
   461                              <1> ;/* Some ASCII character codes
   462                              <1> ;*/
   463                              <1> defb    ASCII_NUL       equ     0x00
   464                              <1> defb    ASCII_BS        equ     0x08
   465                              <1> defb    ASCII_HT        equ     0x09
   466                              <1> defb    ASCII_LF        equ     0x0A
   467                              <1> defb    ASCII_NL        equ     0x0A
   468                              <1> defb    ASCII_FF        equ     0x0C
   469                              <1> defb    ASCII_CR        equ     0x0D
   470                              <1> defb	ASCII_ESC	equ	0x1B
   471                              <1> defb    ASCII_SP        equ     0x20
   472                              <1> defb    ASCII_DEL       equ     0x7F
   473                              <1> defb	ASCII_RUB	equ	0xFF
   474                              <1> 
   475                              <1> 
   476                              <1> ;/* End of i386EX.inc */
    59                                  %include "macro.inc"
    60                              <1> ;;;;;;;;;;;;;;;;;;;;;;;;;;;;;;;;;;;;;;;;;;;;;;;;;;;;;;;;;;;;;;;;;;;;;;;;;
    61                              <1> ;
    62                              <1> ; some useful macros:
    63                              <1> ;
    64                              <1> ;;;;;;;;;;;;;;;;;;;;;;;;;;;;;;;;;;;;;;;;;;;;;;;;;;;;;;;;;;;;;;;;;;;;;;;;;
    65                              <1> %define NREPEAT 0
    66                              <1> 
    67                              <1> %if NREPEAT
    68                              <1> 
    69                              <1> %macro	rep	1
    70                              <1> %%loop:	%1
    71                              <1> 	dec	cx
    72                              <1> 	jnz	%%loop
    73                              <1> %endm
    74                              <1> 
    75                              <1> %macro	repne	1
    76                              <1> %%loop:	%1
    77                              <1> 	je	%%e
    78                              <1> 	dec	cx
    79                              <1> 	jnz	%%loop
    80                              <1> 	cmp	cx,1
    81                              <1> 	jmp	%%done
    82                              <1> %%e:	dec	cx
    83                              <1> 	cmp	cx,cx
    84                              <1> %%done:
    85                              <1> %endm
    86                              <1> 
    87                              <1> %macro	repe	1
    88                              <1> %%loop:	%1
    89                              <1> 	jne	%%ne
    90                              <1> 	dec	cx
    91                              <1> 	jnz	%%loop
    92                              <1> 	jmp	%%done
    93                              <1> %%ne:	dec	cx
    94                              <1> 	jcxz	%%cxz
    95                              <1> 	jmp	%%done
    96                              <1> %%cxz:	cmp	cx,1
    97                              <1> %%done:
    98                              <1> %endm
    99                              <1> 
   100                              <1> %macro	REP	1
   101                              <1> %%loop:	%1
   102                              <1> 	dec	ecx
   103                              <1> 	jnz	%%loop
   104                              <1> %endm
   105                              <1> 
   106                              <1> %macro	REPNE	1
   107                              <1> %%loop:	%1
   108                              <1> 	je	%%e
   109                              <1> 	dec	ecx
   110                              <1> 	jnz	%%loop
   111                              <1> 	cmp	cl,1
   112                              <1> 	jmp	%%done
   113                              <1> %%e:	dec	ecx
   114                              <1> 	cmp	cl,cl
   115                              <1> %%done:
   116                              <1> %endm
   117                              <1> 
   118                              <1> %macro	REPE	1
   119                              <1> %%loop:	%1
   120                              <1> 	jne	%%ne
   121                              <1> 	dec	ecx
   122                              <1> 	jnz	%%loop
   123                              <1> 	jmp	%%done
   124                              <1> %%ne:	dec	ecx
   125                              <1> 	jecxz	%%cxz
   126                              <1> 	jmp	%%done
   127                              <1> %%cxz:	cmp	cl,1
   128                              <1> %%done:
   129                              <1> %endm
   130                              <1> 
   131                              <1> %endif
   132                              <1> 
   133                              <1> 
   134                              <1> ;
   135                              <1> ; format of the BYTE initialization table:  address, byte
   136                              <1> ;
   137                              <1> %imacro  binit 2
   138                              <1>         dw      %1
   139                              <1>         db      %2
   140                              <1> %endmacro
   141                              <1> ; end with DW -1
   142                              <1> 
   143                              <1> ;
   144                              <1> ; format of the WORD initialization table:  address, word
   145                              <1> ;
   146                              <1> %imacro  winit 2
   147                              <1>         dw      %1
   148                              <1>         dw      %2
   149                              <1> %endmacro
   150                              <1> ; end with DW -1
   151                              <1> 
   152                              <1> 
   153                              <1> ; get the BIOS Data Area segment pointer to a [segment] register
   154                              <1> %imacro get_bda	1.nolist
   155                              <1> 	push	0x0040
   156                              <1> 	pop	%1
   157                              <1> 	cnop
   158                              <1> %endm
   159                              <1> 
   160                              <1> 
   161                              <1> ; get the Location 0 (Interrupt Descriptor Table) pointer to a register
   162                              <1> %imacro	get_loc0 1.nolist
   163                              <1> 	push	0x0000
   164                              <1> 	pop	%1
   165                              <1> 	cnop
   166                              <1> %endm
   167                              <1> 
   168                              <1> 
   169                              <1> 
   170                              <1> %imacro setloc  1.nolist
   171                              <1>  times   (%1-($-$$)) db 0FFh
   172                              <1> %endm
   173                              <1> 
   174                              <1> %imacro db_lo   1
   175                              <1>  db (%1)&255
   176                              <1> %endm
   177                              <1> 
   178                              <1> %imacro cnop    0.nolist
   179                              <1> %ifdef SOFT_DEBUG
   180                              <1> %if SOFT_DEBUG
   181                              <1>         nop
   182                              <1> %endif
   183                              <1> %endif
   184                              <1> %endm
   185                              <1> 
   186                              <1> %imacro popm 1-*.nolist
   187                              <1> %rep %0
   188                              <1> %ifidni %1,ALL
   189                              <1>  popa
   190                              <1> %elifidni %1,F
   191                              <1>  popf
   192                              <1> %else
   193                              <1>  pop %1
   194                              <1> %ifidni %1,DS
   195                              <1>  cnop
   196                              <1> %elifidni %1,ES
   197                              <1>  cnop
   198                              <1> %elifidni %1,FS
   199                              <1>  cnop
   200                              <1> %elifidni %1,GS
   201                              <1>  cnop
   202                              <1> %endif
   203                              <1> %endif
   204                              <1> %rotate 1
   205                              <1> %endrep
   206                              <1> %endm
   207                              <1> 
   208                              <1> %imacro pushm 1-*.nolist
   209                              <1> %rep %0
   210                              <1> %rotate -1
   211                              <1> %ifidni %1,ALL
   212                              <1>  pusha
   213                              <1> %elifidni %1,F
   214                              <1>  pushf
   215                              <1> %else
   216                              <1>  push %1
   217                              <1> %endif
   218                              <1> %endrep
   219                              <1> %endm
   220                              <1> 
   221                              <1> %imacro descr_linear_data 2-3.nolist	; address, size [, E]  E!=0 means expand down
   222                              <1> %assign __size__ (%2-1)	| 0xFF
   223                              <1> %if (__size__ <= 0xFFFF)
   224                              <1> %assign __gran__ 0
   225                              <1> %else
   226                              <1> %assign __gran__ 0xC0			; G B 0 0
   227                              <1> %endif
   228                              <1> %assign __expand__ 0
   229                              <1> %if %0==3
   230                              <1> %if %3
   231                              <1> %assign __expand__ 4
   232                              <1> %endif
   233                              <1> %endif
   234                              <1> dd (((%1)&0xFFFF)<<16)|(__size__&0xFFFF)
   235                              <1> dd (((%1)>>24)&0xFF)|((__gran__|(__size__>>16)&0x0F)<<16)|((0x93|__expand__)<<8)|(((%1)>>16)&0xFF)
   236                              <1> %endm
   237                              <1> 
   238                              <1> %imacro descr_linear_code 2-3.nolist	; address, size [,C]  C!=0 means conforming
   239                              <1> %assign __size__ (%2-1)	| 0xFF
   240                              <1> %if (__size__ <= 0xFFFF)
   241                              <1> %assign __gran__ 0
   242                              <1> %else
   243                              <1> %assign __gran__ 0xC0			; G D 0 0
   244                              <1> %endif
   245                              <1> %assign __conform__ 0
   246                              <1> %if %0==3
   247                              <1> %if %3
   248                              <1> %assign __conform__ 4
   249                              <1> %endif
   250                              <1> %endif
   251                              <1> dd (((%1)&0xFFFF)<<16)|(__size__&0xFFFF)
   252                              <1> dd (((%1)>>24)&0xFF)|((__gran__|(__size__>>16)&0x0F)<<16)|((0x9B|__conform__)<<8)|(((%1)>>16)&0xFF)
   253                              <1> %endm
   254                              <1> 
   255                              <1> ;/* End of macro.inc */
    60                                  %include "timer.inc"
    61                              <1> ;;;;;;;;;;;;;;;;;;;;;;;;;;;;;;;;;;;;;;;;;;;;;;;;;;;;;;;;;;;;;;;;;;;;;;;;;;;;;
    62                              <1> ; timer.inc -- constants for the timers
    63                              <1> ;;;;;;;;;;;;;;;;;;;;;;;;;;;;;;;;;;;;;;;;;;;;;;;;;;;;;;;;;;;;;;;;;;;;;;;;;;;;;
    64                              <1> ;
    65                              <1> ; Copyright (C) 2018 John R. Coffman.  All rights reserved.
    66                              <1> ; Provided for hobbyist use on the RetroBrew SBC-386EX board.
    67                              <1> ;
    68                              <1> ; This program is free software: you can redistribute it and/or modify
    69                              <1> ; it under the terms of the GNU General Public License as published by
    70                              <1> ; the Free Software Foundation, either version 3 of the License, or
    71                              <1> ; (at your option) any later version.
    72                              <1> ;
    73                              <1> ; This program is distributed in the hope that it will be useful,
    74                              <1> ; but WITHOUT ANY WARRANTY; without even the implied warranty of
    75                              <1> ; MERCHANTABILITY or FITNESS FOR A PARTICULAR PURPOSE.  See the
    76                              <1> ; GNU General Public License for more details.
    77                              <1> ;
    78                              <1> ; You should have received a copy of the GNU General Public License
    79                              <1> ; along with this program in the file COPYING in the topmost source
    80                              <1> ; directory.  If not, see <http://www.gnu.org/licenses/>.
    81                              <1> ;
    82                              <1> ;
    83                              <1> ; SBC-386 board revisions:
    84                              <1> ;       SBC386-0   prototype / concept testing
    85                              <1> ;	SBC-386EX 2.0	production / January 2018
    86                              <1> ;
    87                              <1> ; Assembly by NASM 2.08 is preferred
    88                              <1> ;;;;;;;;;;;;;;;;;;;;;;;;;;;;;;;;;;;;;;;;;;;;;;;;;;;;;;;;;;;;;;;;;;;;;;;;;;;;;
    89                              <1> ;
    90                              <1> ;include "i386EX.inc" -- must be included at a higher level
    91                              <1> 
    92                              <1> TIMER_STOP	equ	BIT6+BIT0 + ZBIT1 + ZBIT3 + ZBIT5 ; stop 0, 1, 2
    93                              <1> TIMER_RUN	equ	TIMER_STOP + BIT1 + BIT3	; run counters 0, 1
    94                              <1> 
    95                              <1>         binit   TMRCFG, ZBIT7+TIMER_STOP ; bit6: s/w control of GATEn, bit7=0 enables all clocks
   138 00000000 34F8                <2>  dw %1
   139 00000002 41                  <2>  db %2
    96                              <1> 		;Timers enabled, 1&2 use PSCLK, 0 uses TMRCLK0 (COMCLK/2)
    97                              <1> CTR0 equ ZBIT7+ZBIT6	;select counter 0
    98                              <1> CTR1 equ ZBIT7+ BIT6	;select counter 1
    99                              <1> CTR2 equ  BIT7+ZBIT6	;select counter 2
   100                              <1> CWR01 equ BIT5+BIT4	;Write Count low, then high
   101                              <1> MODE0 equ ZBIT3+ZBIT2+ZBIT1
   102                              <1> MODE1 equ ZBIT3+ZBIT2+ BIT1
   103                              <1> MODE2 equ ZBIT3+ BIT2+ZBIT1
   104                              <1> MODE3 equ ZBIT3+ BIT2+ BIT1
   105                              <1> MODE4 equ  BIT3+ZBIT2+ZBIT1
   106                              <1> MODE5 equ  BIT3+ZBIT2+ BIT1
   107                              <1> ; counter 0 runs at 1.8432mhz / 2  =  921600  (just under 1mhz)
   108                              <1> ; @20hz, the divisor is 46080 yielding a 50ms time slot
   109                              <1> COMCLK	equ	1843200		; standard 1.8432mhz oscillator
   110                              <1> BAUD	equ	9600		; default SIO0 bit rate
   111                              <1> DIVISOR	equ	COMCLK/16/BAUD	; SIO0 divisor to achieve BAUD rate
   112                              <1> CLKIN0	equ	COMCLK/2	; Timer0 input count rate
   113                              <1> MS50	equ	CLKIN0 / 20	; 50ms clock
   114                              <1> MS50HI	equ	MS50/256
   115                              <1> MS50LO	equ	MS50 & 0xFF
   116                              <1> MS18	equ	50619		; 18.206602hz clock (54.92513ms)
   117                              <1> 				; 0x1800BA = 1573050 ticks/day
   118                              <1> MS18b	equ	50625		; 18.204444hz clock (54.93164ms)
   119                              <1> 				; 0x180000 = 1572864 ticks/day
   120                              <1> MS18HI	equ	MS18/256
   121                              <1> MS18LO	equ	MS18 & 0xFF
    61                                  %define XXX
    62                                  %include "bda.inc"
    63                              <1> XXX
    64                              <1> ; bda.h -- definitions of the BIOS Data Area at 0040:0000 (0x400)  */
    65                              <1> %define BDA_segment 0x40
    66                              <1> ; bda.console -- which consoles INT 10h drives.  Set before the first */
    67                              <1> ; printf of POST; vga3_init adds the video bit when the board answers. */
    68                              <1> ; Both at once mirrors the screen down the serial line.  One comment  */
    69                              <1> ; per line here: bda.rul turns this file into bda.inc a line at a time. */
    70                              <1> %define CON_SERIAL	0x01
    71                              <1> %define CON_VIDEO	0x02
    72                              <1> struc _BDA
    73                              <1> ; first items at 0x40:0	*/
    74 00000000 ????????????????    <1> serial_dev	resw	4	; serial port device codes */
    75 00000008 ????????????????    <1> parallel_dev	resw	4	; printer port device codes */
    76 00000010 ????                <1> equip_flag	resw	1		; int 12h equipment flags */
    77 00000012 ??                  <1> mfg_test	resb	1		; initialization flags */
    78                              <1> ; */
    79                              <1> ; POST writes what it decided here, after the test of segment 0 has */
    80                              <1> ; zeroed the area, so the answer survives to be reported.  Nothing else */
    81                              <1> ; in this BIOS writes mfg_test.                                        */
    82                              <1> %define WARM_POST 0x01	; warm start: the memory march was skipped */
    83 00000013 ????                <1> memory_size	resw	1	; base memory size in Kilowords (1224) */
    84 00000015 ??                  <1> mfg_err_flag	resb	1
    85 00000016 ??                  <1> mfg_err_flag2	resb	1
    86                              <1> ; */
    87                              <1> ; first Keyboard data area */
    88 00000017 ??                  <1> kbd_flag	resb	1	; shift status &c. */
    89 00000018 ??                  <1> kbd_flag1	resb	1	;  mrre  */
    90 00000019 ??                  <1> alt_input	resb	1	; save alternate kbd entry code */
    91 0000001A ????                <1> buffer_head	resw	1
    92 0000001C ????                <1> buffer_tail	resw	1
    93                              <1> ; */
    94 0000001E <res 20h>           <1> kbd_buffer	resw	16	; buffer empty when  head==tail**/
    95                              <1> ; */
    96                              <1> ; Diskette data area */
    97 0000003E ??                  <1> seek_status	resb	1	; drive recalibration status */
    98                              <1> ; bits 3..0 drive must recalibrate before next seek */
    99 0000003F ??                  <1> motor_status	resb	1	; bits 3..0 motor running */
   100                              <1> ; bit 7 current op is write */
   101 00000040 ??                  <1> motor_count	resb	1	; timeout counter for motor turn-off */
   102 00000041 ??                  <1> fd_status	resb	1	; return code status byte */
   103 00000042 ??????????????      <1> fd_ctrl_stat	resb	7	; controller return bytes */
   104                              <1> ; */
   105                              <1> ; Video Display data area -- also used for video emulation */
   106 00000049 ??                  <1> vid_mode	resb	1	; current display mode */
   107 0000004A ????                <1> vid_columns	resw	1	; no. of columns on the screen */
   108 0000004C ????                <1> vid_buf_len	resw	1	; length of video buffer in bytes*//
   109 0000004E ????                <1> vid_start	resw	1	; start address of screen regeneration (in vid buf)*//
   110 00000050 <res 10h>           <1> vid_cursor	resw	8	; cursor postition on up to 8 screens */
   111 00000060 ????                <1> vid_cursor_mode	resw	1
   112 00000062 ??                  <1> vid_active_page	resb	1
   113 00000063 ????                <1> vid_addr_chip	resw	1	; I/O address for the video chip (6845,EGA,VGA)*//
   114 00000065 ??                  <1> vid_crt_mode	resb	1	; current setting of the 3x8 register ???? */
   115 00000066 ??                  <1> vid_palette	resb	1	; current color setting / palette **/
   116                              <1> ; */
   117                              <1> ; POST and ROM data */
   118 00000067 ????????            <1> io_rom_addr	resd	1	; far word to ROM initialization routine */
   119                              <1> %define io_rom_addr_low io_rom_addr
   120                              <1> %define io_rom_addr_seg (io_rom_addr+2)
   121 0000006B ??                  <1> interrupt_flag	resb	1	; indicates an interrupt occurred */
   122                              <1> ; */
   123                              <1> ; Timer data area  18.206602 hz  = ~54.925 ms  */
   124 0000006C ????                <1> timer_count_low	resw	1	; low word of timer count */
   125 0000006E ????                <1> timer_count_high	resw	1
   126                              <1> %define timer_count timer_count_low
   127                              <1> ; use timer_count as the double word timer counter */
   128 00000070 ??                  <1> timer_overflow	resb	1	; timer has rolled over since last read */
   129                              <1> ; */
   130                              <1> ; System & Keboard data area */
   131 00000071 ??                  <1> kbd_break_flag	resb	1	; bit 7 set if Break key is pressed */
   132 00000072 ????                <1> reset_flag	resw	1	; word=0x1234 if Reset is underway (80286) */
   133                              <1> ; */
   134                              <1> ; reboot() writes WARM_BOOT here before restarting the board, and POST */
   135                              <1> ; reads it to decide whether the memory march can be skipped.  Any       */
   136                              <1> ; program can set it and jump to FFFF:0000 -- that is the PC convention  */
   137                              <1> ; and this BIOS honours it.                                             */
   138                              <1> %define WARM_BOOT 0x1234
   139                              <1> ; */
   140                              <1> ; Fixed (Hard) disk data area */
   141 00000074 ??                  <1> hd_status	resb	1	; status info for hard disk */
   142                              <1> %define disk_status1 hd_status
   143 00000075 ??                  <1> hd_number	resb	1	; number of hard disks (for int 13h, fn 8h) */
   144 00000076 ??                  <1> control_byte	resb	1	; head control ???? */
   145 00000077 ??                  <1> port_offset	resb	1	; obsolete, maybe ???? */
   146                              <1> ; */
   147                              <1> ; Timeout counters */
   148 00000078 ????????            <1> printer_timeout	resb	4	; four bytes for each interaace */
   149 0000007C ????????            <1> serial_timeout	resb	4	; four bytes for each interacce */
   150                              <1> ; */
   151                              <1> ; Keyboard additional data area -- buffer location within segment 40h */
   152 00000080 ????                <1> buffer_start	resw	1	; offset of keyboard buffer start**/
   153 00000082 ????                <1> buffer_end	resw	1		; offset of end of kbd buffer */
   154                              <1> ; */
   155                              <1> ; EGA/PGA? data work area (graphic mode?  probably available) */
   156 00000084 ??                  <1> ega_rows	resb	1		; rows on the active screen (less 1)**/
   157 00000085 ????                <1> ega_points	resw	1		; bytes per charateer	*/
   158 00000087 ??                  <1> ega_info	resb	1		; mode options ????*//
   159 00000088 ??                  <1> ega_info_3	resb	1		; switch settings*//
   160 00000089 ??                  <1> console	resb	1	; CON_SERIAL, CON_VIDEO, or both: where INT 10h writes**/
   161 0000008A ??                  <1> ega_rsvd	resb	1	; reserved for adapter mfgrs */
   162                              <1> ; */
   163                              <1> ; Disk / Diskette media data */
   164 0000008B ??                  <1> fd_last_data_rate	resb	1	; last data rate selected */
   165 0000008C ??                  <1> hd_status_reg	resb	1		; hard disk status register */
   166 0000008D ??                  <1> hd_error_reg	resb	1		; hard disk error register */
   167 0000008E ??                  <1> hd_int_flag	resb	1	; HD interrupt flag */
   168 0000008F ??                  <1> hd_cntrl	resb	1		; HD/FD combo controller bit flag */
   169 00000090 ????                <1> hd_media	resb	2	; media state */
   170 00000092 ????                <1> hd_op_start	resb	2	; operation start state */
   171 00000094 ????                <1> hd_track	resw	1		; HD present cylinder number */
   172                              <1> ; */
   173                              <1> ; Additional Keyboard flags */
   174 00000096 ??                  <1> kbd_flag3	resb	1	; mode state & type flags */
   175 00000097 ??                  <1> kbd_flag2	resb	1	; kbd LED flags */
   176                              <1> ; */
   177                              <1> ; Real Time Clock data area */
   178 00000098 ????????            <1> rtc_user_flag_addr	resd	1	; far address of user's wait flag */
   179 0000009C ????????            <1> rtc_user_wait_flag	resd	1	; user wait flag */
   180 000000A0 ??                  <1> rtc_wait_active	resb	1	; 01=busy, 80=posted, 00=post acknowledge */
   181                              <1> ; */
   182                              <1> ; Miscellaneous */
   183 000000A1 ??                  <1> vt_state	resb	1	; VT100 escape translation: 0 idle, 1 ESC, 2 CSI, 3 SS3 */
   184 000000A2 ??                  <1> vt_digit	resb	1	; the number accumulating in an ESC [ n ~ sequence */
   185 000000A3 ??                  <1> vt_timer	resb	1	; ticks left before a lone ESC is delivered as itself */
   186 000000A4 ????????            <1> rsvd_network	resb	4	; reserved for network adapters */
   187 000000A8 ????????            <1> ptr_ega_save	resd	1		; far pointer to EGA parameter control block */
   188                              <1> ; */
   189                              <1> ;	byte	rsvd_unused[84];	; reserved for 386EX usage */
   190 000000AC ????                <1> errno	resw	1				; library error flag (errno.h) */
   191                              <1> ; NOT SPARE: hdinit.c casts this to T_DISKTAB[2] -- 40 of its 41 bytes. */
   192 000000AE <res 29h>           <1> rsvd_unused	resb	41	; reserved for 386EX usage */
   193 000000D7 ????????            <1> serial_flags	resb	4	; flags for each serial device**/
   194 000000DB ????                <1> extended_memory	resw	1	; size of Extended Memory in Kilobytes */
   195                              <1> ; this size is stored in CMOS on the PC/AT */
   196 000000DD ????                <1> CPU_freq	resw	1	; CPU frequency in kilohertz */
   197 000000DF ????                <1> ebda_seg_ptr	resw	1		; for EBDA allocations; c.f., memory_size */
   198                              <1> ; */
   199                              <1> ; start of 31 bytes of NVRAM informaiion */
   200 000000E1 ????                <1> nvram_info	resb	2	; 31 bytes of NVRAM information (this may move)*//
   201                              <1> ; starts with 2 bytes of SIO0 params */
   202 000000E3 ????                <1> floppy_tab	resb	2		; floppy disk driver table */
   203 000000E5 ????????????????    <1> disk_tab	resb	8  		; hard disk driver table */
   204 000000ED ??                  <1> boot_order	resb	1		; which device INT 19h tries, and in what order */
   205 000000EE ??                  <1> console_sel	resb	1		; which console SETUP was told to use */
   206 000000EF <res Fh>            <1> nvram_unused	resb	15
   207 000000FE ????                <1> nvram_checksum	resw	1	; 31st byte of the NVRAM info */
   208                              <1> ; end of 31 bytes of NVRAM information */
   209                              <1> ; */
   210 00000100 ??                  <1> AT_status_byte	resb	1	; at 40:100h, 00500h, Print Screen Status byte*//
   211                              <1> ; 00=ready/ok  01=busy  0FF=error	*/
   212 00000101 ??                  <1> SRAM_size	resb	1	; size of SRAM in Kilobytes */
   213                              <1> ; */
   214                              <1> ; Extentsion to BDA during BIOS startup */
   215                              <1> ; */
   216                              <1> endstruc
   216          ******************  <1>  warning: segment attributes specified on redeclaration of segment: ignoring [-w+other]
    63                                  %undef XXX
    64                                  
    65                                  NL      equ     ASCII_NL
    66                                  NUL     equ     ASCII_NUL
    67                                  
    68                                          cpu     386
    69                                          bits    16
    70                                  
    71                                  	global	origin, notice, start
    72                                  
    73                                  extern	int_zero_divide		; 0
    74                                  extern	int_single_step		; 1
    75                                  extern	int_NMI_interrupt	; 2
    76                                  extern	int_breakpoint		; 3  trap on INT3
    77                                  extern	int_overflow		; 4
    78                                  extern	int_bounds_check	; 5
    79                                  extern	int_invalid_opcode	; 6
    80                                  extern	int_FPU_escape		; 7
    81                                  
    82                                  extern	int_irq0	; (timer 0)	int_double_fault
    83                                  extern	int_irq1	; (keyboard)	int_FPU_seg_overrun
    84                                  extern	int_irq2	; (IRQ cascade)	int_invalid_TSS
    85                                  extern	int_irq3	;		int_seg_not_present
    86                                  extern	int_irq4	; (COM1)	int_stack_fault
    87                                  extern	int_irq5	;		int_gen_prot_fault
    88                                  extern	int_irq6	; (FDC)		int_page_fault
    89                                  extern	int_irq7	;
    90                                  
    91                                  extern	int_10h		; (video)	int_FPU_error
    92                                  extern	int_11h		; (equip. config)
    93                                  extern	int_12h		; (conv. memory size)
    94                                  extern	int_13h		; (disk I/O)
    95                                  extern	int_14h		; (serial I/O)
    96                                  extern	int_15h		; (cassette I/O + much more)
    97                                  extern	int_16h		; (keyboard)
    98                                  extern	int_17h		; (parallel port)
    99                                  
   100                                  extern	int_18h		; (ROM Basic)
   101                                  extern	int_19h		; (Reboot)
   102                                  extern	int_1Ah		; (CMOS clock)
   103                                  extern	int_1Bh		; (ctrl-Break)
   104                                  extern	int_1Ch		; (timer tick)
   105                                  extern	int_1Dh		; (video parameter table)
   106                                  extern	disk_base_1440	; (floppy disk params, INT 1Eh -- the
   107                                  			;  default until POST knows the drive type)
   108                                  extern	int_1Fh		; (font 80h..0FFh)
   109                                  
   110                                  extern	int_msdos	; returns error code
   111                                  
   112                                  extern	int_40h		; Floppy disk driver
   113                                  extern	param_hd0	; fixed disk parameters
   114                                  extern	int_42h		; Video driver
   115                                  extern	param_VGA	; VGA/EGA character table
   116                                  extern	param_font	; PCjr chars 00h..7Fh
   117                                  extern	int_nop		; unused
   118                                  extern	param_hd1	; fixed disk parameters
   119                                  extern	int_4Ah		; BIOS alarm handler
   120                                  
   121                                  extern	int_EMM		; LIM EMS driver
   122                                  
   123                                  extern	int_irq8	; (1024hz clock)
   124                                  extern	int_irq9	; (irq2 redirect)
   125                                  extern	int_irq10
   126                                  extern	int_irq11
   127                                  extern	int_irq12
   128                                  extern	int_irq13
   129                                  extern	int_irq14	; (IDE interrupt)
   130                                  extern	int_irq15	; (Watchdog Timer)
   131                                  
   132                                  
   133                                  
   134                                  
   135                                  
   136                                  segment _TEXT
   137                                  
   138                                  origin:
   139 00000000 FA                      	cli
   140 00000001 EB57                    	jmp	start		;skip over boilerplate
   141                                  
   142                                  ; notice at the beginning of the ROM
   143                                  
   144 00000003 436F70797269676874-     db "Copyright (C) 2018  John R Coffman.  All rights reserved."
   144 0000000C 202843292032303138-
   144 00000015 20204A6F686E205220-
   144 0000001E 436F66666D616E2E20-
   144 00000027 20416C6C2072696768-
   144 00000030 747320726573657276-
   144 00000039 65642E             
   145 0000003C 00000000                dd	0
   146                                  
   147                                  segment CONST
   148                                  
   149                                  	align	2
   150                                  page0vectors:	; these are condensed
   151 00000000 [0000]                  	dw	int_zero_divide		; 0
   152 00000002 [0000]                  	dw	int_single_step		; 1
   153 00000004 [0000]                  	dw	int_NMI_interrupt	; 2
   154 00000006 [0000]                  	dw	int_breakpoint		; 3  trap on INT3
   155 00000008 [0000]                  	dw	int_overflow		; 4
   156 0000000A [0000]                  	dw	int_bounds_check	; 5
   157 0000000C [0000]                  	dw	int_invalid_opcode	; 6
   158 0000000E [0000]                  	dw	int_FPU_escape		; 7
   159                                  
   160 00000010 [0000]                  	dw	int_irq0	; (timer 0)	int_double_fault
   161 00000012 [0000]                  	dw	int_irq1	; (keyboard)	int_FPU_seg_overrun
   162 00000014 [0000]                  	dw	int_irq2	; (IRQ cascade)	int_invalid_TSS
   163 00000016 [0000]                  	dw	int_irq3	;		int_seg_not_present
   164 00000018 [0000]                  	dw	int_irq4	; (COM1)	int_stack_fault
   165 0000001A [0000]                  	dw	int_irq5	;		int_gen_prot_fault
   166 0000001C [0000]                  	dw	int_irq6	; (FDC)		int_page_fault
   167 0000001E [0000]                  	dw	int_irq7	;
   168                                  
   169 00000020 [0000]                  	dw	int_10h		; (video)	int_FPU_error
   170 00000022 [0000]                  	dw	int_11h		; (equip. config)
   171 00000024 [0000]                  	dw	int_12h		; (conv. memory size)
   172 00000026 [0000]                  	dw	int_13h		; (disk I/O)
   173 00000028 [0000]                  	dw	int_14h		; (serial I/O)
   174 0000002A [0000]                  	dw	int_15h		; (cassette I/O + much more)
   175 0000002C [0000]                  	dw	int_16h		; (keyboard)
   176 0000002E [0000]                  	dw	int_17h		; (parallel port)
   177                                  
   178 00000030 [0000]                  	dw	int_18h		; (ROM Basic)
   179 00000032 [0000]                  	dw	int_19h		; (Reboot)
   180 00000034 [0000]                  	dw	int_1Ah		; (CMOS clock)
   181 00000036 [0000]                  	dw	int_1Bh		; (ctrl-Break)
   182 00000038 [0000]                  	dw	int_1Ch		; (timer tick)
   183 0000003A [0000]                  	dw	int_1Dh		; (video parameter table)
   184 0000003C [0000]                  	dw	disk_base_1440	; (floppy disk params)
   185 0000003E [0000]                  	dw	int_1Fh		; (font 80h..0FFh)
   186                                  ;
   187                                  ;  MSDOS reserved	20h .. 3Fh
   188                                  ;
   189 00000040 [0000]<rep 20h>           times 20h dw	int_msdos	; IRET w/ error
   190                                  ;
   191 00000080 [0000]                  	dw	int_40h		; Floppy disk driver
   192 00000082 [0000]                  	dw	param_hd0	; fixed disk parameters
   193 00000084 [0000]                  	dw	int_42h		; Video driver
   194 00000086 [0000]                  	dw	param_VGA	; VGA/EGA character table
   195 00000088 [0000]                  	dw	param_font	; PCjr chars 00h..7Fh
   196 0000008A [0000]                  	dw	int_nop		; unused
   197 0000008C [0000]                  	dw	param_hd1	; fixed disk parameters
   198 0000008E [0000]<rep 3h>            times 3  dw	int_nop		; IRET
   199 00000094 [0000]                  	dw	int_4Ah		; BIOS alarm handler
   200 00000096 [0000]<rep 15h>           times 15h dw	int_nop		; IRET
   201                                  
   202 000000C0 [0000]<rep 7h>            times 7  dw	int_nop		; User interrupts
   203 000000CE [0000]                    	dw	int_EMM		; LIM EMS driver
   204 000000D0 [0000]<rep 8h>            times 8  dw	int_nop		; User interrupts
   205                                  
   206 000000E0 [0000]                    	dw	int_irq8	; (1024hz clock)
   207 000000E2 [0000]                  	dw	int_irq9	; (irq2 redirect)
   208 000000E4 [0000]                  	dw	int_irq10
   209 000000E6 [0000]                  	dw	int_irq11
   210 000000E8 [0000]                  	dw	int_irq12
   211 000000EA [0000]                  	dw	int_irq13
   212 000000EC [0000]                  	dw	int_irq14	; (IDE interrupt)
   213 000000EE [0000]                  	dw	int_irq15	; (Watchdog Timer)
   214                                  
   215 000000F0 [0000]<rep 8h>            times 8  dw int_nop
   216                                  
   217                                  ;
   218                                  ;  Reserved locations INT 80h..0F0h for Basic
   219                                  ;  Locations 0F1h..0FFh not assigned
   220                                  
   221                                  n_page0vectors	equ	($-page0vectors)/2
   222                                  
   223                                  
   224                                  
   225                                  
   226                                  
   227                                  
   228                                  ;
   229                                  ; WORD port initialization table
   230                                  ;
   231                                  wtab1:
   232                                  	winit	CLKPRS, 50-2	;PSCLK divider (PSCLK = (CLK2/2) / (denom+2)
   147 00000100 04F8                <1>  dw %1
   148 00000102 3000                <1>  dw %2
   233                                  			    	;initially divide by 50
   234                                  
   235                                  ; set up UCS for 64K ROM
   236                                  	winit	UCSADH, 0x000F
   147 00000104 3AF4                <1>  dw %1
   148 00000106 0F00                <1>  dw %2
   237                                  	winit	UCSADL, ZBIT9+BIT8 + 5;w.s.  BS8, MEM
   147 00000108 38F4                <1>  dw %1
   148 0000010A 0501                <1>  dw %2
   238                                  	winit	UCSMSKH, 0x0000
   147 0000010C 3EF4                <1>  dw %1
   148 0000010E 0000                <1>  dw %2
   239                                  	winit	UCSMSKL, 0xFC01	; 0x000F_0000..0x000F_FFFF; mask SMM, csEN
   147 00000110 3CF4                <1>  dw %1
   148 00000112 01FC                <1>  dw %2
   240                                  
   241                                  ; Enable SRAM select for SBC386-0 on CS4#
   242                                  SRAM_AD	equ	0x000A8000	; set at address 0xA800:0000
   243                                  SRAM_MS equ	0x00007FFF	; 15 bits
   244                                  REFRESH_AD equ	0x00020000	; refresh select address
   245                                  TEST_AD	equ	0x00010000	; do tests here
   246                                  XFER_AD equ	0x00020000
   247                                  
   248                                  
   249                                  	winit	CS4ADH, (SRAM_AD>>16)&0xFFFF	;high address
   147 00000114 22F4                <1>  dw %1
   148 00000116 0A00                <1>  dw %2
   250                                  	winit	CS4ADL, (SRAM_AD&0xF800)| ZBIT9+BIT8 + 0;w.s.  8-bit, MEM, ~RDY
   147 00000118 20F4                <1>  dw %1
   148 0000011A 0081                <1>  dw %2
   251                                  	winit	CS4MSKH, (SRAM_MS>>16)&0xFFFF|0xFC00 ;set for 32k only
   147 0000011C 26F4                <1>  dw %1
   148 0000011E 00FC                <1>  dw %2
   252                                  %if HALF_MEM
   253                                  	winit	CS4MSKL, (SRAM_MS&0xF800)|0x401	;32Kb, mask SMM, enable
   254                                  %else
   255                                  	winit	CS4MSKL, (SRAM_MS&0xF800)|0x400	;32Kb, mask SMM, disable
   147 00000120 24F4                <1>  dw %1
   148 00000122 007C                <1>  dw %2
   256                                  %endif
   257                                  
   258                                  ; set up CS5# for the CGA/EGA/VGA register range at 03C0..03DF
   259                                  ;
   260                                  ; Nothing on this board lives there.  The point is that the cycle should
   261                                  ; END: an address matching no chip select has nothing to terminate it, so
   262                                  ; the bus monitor times out and the read costs 209 ms -- see 06d.  A DOS
   263                                  ; program that writes the screen itself polls 3DAh before every write to
   264                                  ; avoid CGA snow, and at 209 ms a read that is not slow, it is stopped.
   265                                  ; Turbo C hung there with interrupts disabled and no way back.
   266                                  ;
   267                                  ; With the window claimed the read finishes in wait states and returns a
   268                                  ; floating FF.  That is enough for a program waiting for a status bit to
   269                                  ; be SET -- which is what Turbo C was doing, proven by its coming up.  It
   270                                  ; is not enough for one waiting for the bit to CHANGE, because a constant
   271                                  ; never does; that case needs the ports emulated, which is item 16.
   272                                  ;
   273                                  ; 03C0..03DF and not 03B0..03DF because the window must be a power of two
   274                                  ; on its own boundary, and because 0380..03FF would swallow COM1 at 03F8.
   275                                  ; The MDA registers at 03B0..03BF are therefore still undecoded; nothing
   276                                  ; has yet been seen to want them.
   277                                  	winit	CS5ADH, (0x3C0 >> 6) & 0xFFFF
   147 00000124 2AF4                <1>  dw %1
   148 00000126 0F00                <1>  dw %2
   278                                  	winit	CS5ADL, (0x3C0 <<10) & 0xFFFF | ZBIT9+ZBIT8 + ZBIT7+ 7;w.s.
   147 00000128 28F4                <1>  dw %1
   148 0000012A 0700                <1>  dw %2
   279                                  	winit	CS5MSKH, ~(0x001F00 >> 6) & 0xFFFF
   147 0000012C 2EF4                <1>  dw %1
   148 0000012E 83FF                <1>  dw %2
   280                                  	winit	CS5MSKL, ~(0x001F00 <<10) & 0xF800 | BIT10+BIT0
   147 00000130 2CF4                <1>  dw %1
   148 00000132 01FC                <1>  dw %2
   281                                  ;
   282                                  ; set up CS0# for the external I/O at 0400..04FF
   283                                  	winit	CS0ADH, (0x400 >> 6) & 0xFFFF
   147 00000134 02F4                <1>  dw %1
   148 00000136 1000                <1>  dw %2
   284                                  	winit	CS0ADL, (0x400 <<10) & 0xFFFF | ZBIT9+ZBIT8 + ZBIT7+ 7;w.s.
   147 00000138 00F4                <1>  dw %1
   148 0000013A 0700                <1>  dw %2
   285                                  	winit	CS0MSKH, ~(0x00FF00 >> 6) & 0xFFFF
   147 0000013C 06F4                <1>  dw %1
   148 0000013E 03FC                <1>  dw %2
   286                                  	winit	CS0MSKL, ~(0x00FF00 <<10) & 0xF800 | BIT10+BIT0
   147 00000140 04F4                <1>  dw %1
   148 00000142 01FC                <1>  dw %2
   287                                  ;
   288                                  ; set up CS1# for the IDE I/O at 01F0..01FF	-- ZBIT0 disables it
   289                                  ;
   290                                  ; 7 wait states, not the 3 this carried for years.  3 was never measured;
   291                                  ; 7 was, from the monitor -- C007 written into CS1ADL by hand, then a full
   292                                  ; pass of IDENT, LBA and SECTEST against the card with no change in
   293                                  ; behaviour except that it stopped being marginal.  It matches what CS0
   294                                  ; already uses for the ECB I/O window, and the IDE path is nowhere near
   295                                  ; fast enough for four extra wait states per byte to matter: the transfer
   296                                  ; is 8-bit PIO through a single port either way.
   297                                  	winit	CS1ADH, (0x1F0 >> 6) & 0xFFFF
   147 00000144 0AF4                <1>  dw %1
   148 00000146 0700                <1>  dw %2
   298                                  	winit	CS1ADL, (0x1F0 <<10) & 0xFFFF | ZBIT9+ZBIT8 + ZBIT7+ 7;w.s.
   147 00000148 08F4                <1>  dw %1
   148 0000014A 07C0                <1>  dw %2
   299                                  	winit	CS1MSKH, ~(0x00FFF0 >> 6) & 0xFFFF
   147 0000014C 0EF4                <1>  dw %1
   148 0000014E 00FC                <1>  dw %2
   300                                  	winit	CS1MSKL, ~(0x00FFF0 <<10) & 0xF800 | BIT10+ BIT0
   147 00000150 0CF4                <1>  dw %1
   148 00000152 013C                <1>  dw %2
   301                                  ;
   302                                  ; set up CS3# for the external Memory select at $000B_xxxx
   303                                  	winit	CS3ADH, 0x000B
   147 00000154 1AF4                <1>  dw %1
   148 00000156 0B00                <1>  dw %2
   304                                  	winit	CS3ADL, 0x0000 | ZBIT9+BIT8+ZBIT7 + 5;w.s.
   147 00000158 18F4                <1>  dw %1
   148 0000015A 0501                <1>  dw %2
   305                                  	winit	CS3MSKH, 0x0000
   147 0000015C 1EF4                <1>  dw %1
   148 0000015E 0000                <1>  dw %2
   306                                  	winit	CS3MSKL, 0xF800 | BIT10+BIT0
   147 00000160 1CF4                <1>  dw %1
   148 00000162 01FC                <1>  dw %2
   307                                  
   308                                  ;
   309                                  ; set up CS2# for the DRAM address range
   310                                  	winit	CS2ADH, 0x0000		; address == 00000000
   147 00000164 12F4                <1>  dw %1
   148 00000166 0000                <1>  dw %2
   311                                  	winit	CS2ADL, 0x0000 | BIT9+BIT8+ZBIT7 + 2;w.s.
   147 00000168 10F4                <1>  dw %1
   148 0000016A 0203                <1>  dw %2
   312                                  %if HALF_MEM
   313                                  	winit	CS2MSKH, 0x03F7		; 8000:xxxx .. F000:xxxx off limits
   314                                  %else
   315                                  	winit	CS2MSKH, 0x03FF		; DRAM and ROM overlap
   147 0000016C 16F4                <1>  dw %1
   148 0000016E FF03                <1>  dw %2
   316                                  %endif
   317                                  	winit	CS2MSKL, 0xF800 | BIT10 + BIT0  ; enable the chip select
   147 00000170 14F4                <1>  dw %1
   148 00000172 01FC                <1>  dw %2
   318                                  
   319                                  %if 1
   320                                  ;
   321                                  ; set up the Refresh unit
   322                                  	winit	RFSBAD, (REFRESH_AD>>14) & 0xFFFF  ; Base Address
   147 00000174 A0F4                <1>  dw %1
   148 00000176 0800                <1>  dw %2
   323                                  	winit	RFSADD, (REFRESH_AD & 0x3FFF) | 1  ; low 14 address bits
   147 00000178 A6F4                <1>  dw %1
   148 0000017A 0100                <1>  dw %2
   324                                  	winit	RFSCIR, 16000/64 | 0xFC00	   ; for a 16mhz clk (clk2=32mhz)
   147 0000017C A2F4                <1>  dw %1
   148 0000017E FAFC                <1>  dw %2
   325                                  	winit	RFSCON, BIT15		; enable/disable the refresh
   147 00000180 A4F4                <1>  dw %1
   148 00000182 0080                <1>  dw %2
   326                                  %endif
   327                                  
   328                                  %if WATCH_BUS
   329                                  ; set up the WATCHDOG timer to monitor the bus
   330                                  ;  try to trap FPU hangs
   331                                  ;
   332                                  	winit	WDTSTATUS, BIT1		; set BUSMON
   147 00000184 CAF4                <1>  dw %1
   148 00000186 0200                <1>  dw %2
   333                                  ; PWRCON must also be set to enable this function (a byte init)
   334                                  %endif
   335                                  
   336 00000188 FFFF                    	dw	-1		;EOF marker
   337                                  
   338                                  
   339                                  
   340                                  
   341                                  btab1:
   342                                          binit   PORT92_AT,0x02  ; enable the A20 line
   138 0000018A 9200                <1>  dw %1
   139 0000018C 02                  <1>  db %2
   343                                  ;    LITES[3:0], DSRST, DSCLK, RTS0#, DSDAT
   344                                  	binit   P1LTC, 0x63	; LITES (weak)1100 --> 1001 (inverted outputs)
   138 0000018D 62F8                <1>  dw %1
   139 0000018F 63                  <1>  db %2
   345                                  				; DSRST asserted, DSCLK low, RTS0# de-asserted, DSDAT o.c. high
   346                                  	binit	P1DIR, 0x00+BIT0 	; LITES (7..4) are DRIVEN now, DSDAT is input
   138 00000190 64F8                <1>  dw %1
   139 00000192 01                  <1>  db %2
   347                                          binit   P1CFG, BIT1     ; RTS0# is connected to SIO0
   138 00000193 20F8                <1>  dw %1
   139 00000195 02                  <1>  db %2
   348                                  
   349                                  %if WATCH_BUS|1
   350                                  ; for the WATCHDOG timer bus monitor READY function
   351                                  	binit	PWRCON, BIT3+BIT2	; WDTRDY | HSREADY  enable
   138 00000196 00F8                <1>  dw %1
   139 00000198 0C                  <1>  db %2
   352                                  %endif
   353                                  
   354                                  ;    CTS0#, TXD0, RXD0, CS4, CS3, CS2, CS1, CS0
   355                                          binit   P2LTC,0xFF      ; set all high
   138 00000199 6AF8                <1>  dw %1
   139 0000019B FF                  <1>  db %2
   356                                          binit   P2DIR,0xA0      ; CTS0# & RXD0 are inputs
   138 0000019C 6CF8                <1>  dw %1
   139 0000019E A0                  <1>  db %2
   357                                          binit   P2CFG,0xFF      ; all are alternate function:
   138 0000019F 22F8                <1>  dw %1
   139 000001A1 FF                  <1>  db %2
   358                                  
   359                                  ;    COMCLK, SD-CS#, IR7, IR6, IR5, IR1, SD-CD#, PEREQ(sense)
   360                                  	binit   P3LTC,0xFF      ; set all high
   138 000001A2 72F8                <1>  dw %1
   139 000001A4 FF                  <1>  db %2
   361                                          binit   P3DIR,0xFF	; all are O.C. or inputs
   138 000001A5 74F8                <1>  dw %1
   139 000001A7 FF                  <1>  db %2
   362                                          binit   P3CFG,BIT7+ ZBIT6 +BIT5+BIT4+BIT3+BIT2 +ZBIT1+ZBIT0
   138 000001A8 24F8                <1>  dw %1
   139 000001AA BC                  <1>  db %2
   363                                  ; move to SDcard codes, later
   364                                  ;
   365                                  SDLTC	equ	P3LTC		;Latch (output) port for SDcard bits
   366                                  SDPIN	equ	P3PIN		;Pin (input) value for port
   367                                  SDnCS	equ	BIT6		;'not' Chip Select
   368                                  SDnCD	equ	BIT1		;'not' Card Detect
   369                                  
   370                                  
   371                                          binit   PINCFG, BIT6+ZBIT5+ZBIT4+ZBIT3+ZBIT2+ZBIT1+ZBIT0
   138 000001AB 26F8                <1>  dw %1
   139 000001AD 40                  <1>  db %2
   372                                  ;
   373                                  ; constants below have been moved to "timer.inc"
   374                                  ;
   375                                  
   376                                          binit   TMRCFG, ZBIT7+TIMER_STOP ; bit6: s/w control of GATEn, bit7=0 enables all clocks
   138 000001AE 34F8                <1>  dw %1
   139 000001B0 41                  <1>  db %2
   377                                  
   378                                  	binit	TMRCON, CTR0 + CWR01 + MODE0 + ZBIT0	;binary
   138 000001B1 43F0                <1>  dw %1
   139 000001B3 30                  <1>  db %2
   379                                  	binit	TMR0, MS50LO	;low byte
   138 000001B4 40F0                <1>  dw %1
   139 000001B6 00                  <1>  db %2
   380                                  	binit	TMR0, MS50HI	;high byte = 46080
   138 000001B7 40F0                <1>  dw %1
   139 000001B9 B4                  <1>  db %2
   381                                  	binit	TMRCON, CTR1 + CWR01 + MODE0 + ZBIT0	;binary
   138 000001BA 43F0                <1>  dw %1
   139 000001BC 70                  <1>  db %2
   382                                  	binit	TMR1, 0
   138 000001BD 41F0                <1>  dw %1
   139 000001BF 00                  <1>  db %2
   383                                  	binit	TMR1, 0		; 65536
   138 000001C0 41F0                <1>  dw %1
   139 000001C2 00                  <1>  db %2
   384                                  	binit	TMRCON, CTR2 + CWR01 + MODE0 + ZBIT0	;binary
   138 000001C3 43F0                <1>  dw %1
   139 000001C5 B0                  <1>  db %2
   385                                  	binit	TMR2, 0
   138 000001C6 42F0                <1>  dw %1
   139 000001C8 00                  <1>  db %2
   386                                  	binit	TMR2, 0		; 65536
   138 000001C9 42F0                <1>  dw %1
   139 000001CB 00                  <1>  db %2
   387                                  
   388                                  ;		  0
   389                                  ; Initialize the Serial output channel 0  (SIO0)
   390                                  ;
   391                                          binit   SIOCFG, BIT7+ZBIT6 + BIT2+ZBIT1+ZBIT0
   138 000001CC 36F8                <1>  dw %1
   139 000001CE 84                  <1>  db %2
   392                                          binit   LCR0, 0x80      ; enable divisor latch
   138 000001CF FB03                <1>  dw %1
   139 000001D1 80                  <1>  db %2
   393                                          binit   DLL0, DIVISOR & 0xFF	   ; 9600 bps
   138 000001D2 F803                <1>  dw %1
   139 000001D4 0C                  <1>  db %2
   394                                          binit   DLH0, (DIVISOR>>8) & 0xFF  ; **
   138 000001D5 F903                <1>  dw %1
   139 000001D7 00                  <1>  db %2
   395                                          binit   LCR0, 7         ; 8-bit, no parity, 2 stop bits
   138 000001D8 FB03                <1>  dw %1
   139 000001DA 07                  <1>  db %2
   396                                          binit   IER0, 0         ; disable interrupts
   138 000001DB F903                <1>  dw %1
   139 000001DD 00                  <1>  db %2
   397                                          binit   MCR0, 3         ; set RTS & DTR
   138 000001DE FC03                <1>  dw %1
   139 000001E0 03                  <1>  db %2
   398                                  
   399                                  ;;moved down        binit   TBR0, '*'       ;Test output one character
   400                                  
   401                                  ;
   402                                  ; ICU initialization (must be last):
   403                                  ;
   404                                  	binit   INTCFG, BIT6+ZBIT5+BIT4+BIT3+BIT2+BIT1+ZBIT0
   138 000001E1 32F8                <1>  dw %1
   139 000001E3 5E                  <1>  db %2
   405                                  
   406                                  	binit	ICW1M,	BIT4+ ZBIT3 +BIT0	;bit3: 0=edge
   138 000001E4 20F0                <1>  dw %1
   139 000001E6 11                  <1>  db %2
   407                                  	binit	ICW2M,	0x08			;INT 8..F vectors
   138 000001E7 21F0                <1>  dw %1
   139 000001E9 08                  <1>  db %2
   408                                  	binit	ICW3M,	BIT2			;slave on IR2 is used
   138 000001EA 21F0                <1>  dw %1
   139 000001EC 04                  <1>  db %2
   409                                  	binit	ICW4M,	ZBIT4+ZBIT1+BIT0	;bit4: SFNM off; bit1: AEOI off
   138 000001ED 21F0                <1>  dw %1
   139 000001EF 01                  <1>  db %2
   410                                  	binit	OCW1M,	0xFF			;mask all interrupts
   138 000001F0 21F0                <1>  dw %1
   139 000001F2 FF                  <1>  db %2
   411                                  	binit	OCW3M,	BIT6+ZBIT5+ ZBIT4+BIT3+BIT1+BIT0 ;disable SpMskM,
   138 000001F3 20F0                <1>  dw %1
   139 000001F5 4B                  <1>  db %2
   412                                  						; enable read of ISreg
   413                                  
   414                                  	binit	ICW1S,	BIT4+ ZBIT3 +BIT0	;bit3 0=edge
   138 000001F6 A0F0                <1>  dw %1
   139 000001F8 11                  <1>  db %2
   415                                  	binit	ICW2S,	0x70			;INT 70h-77h vectors
   138 000001F9 A1F0                <1>  dw %1
   139 000001FB 70                  <1>  db %2
   416                                  	binit	ICW3S,	2			;slave is #2
   138 000001FC A1F0                <1>  dw %1
   139 000001FE 02                  <1>  db %2
   417                                  	binit	ICW4S,	ZBIT4+ZBIT1+BIT0	;no SFNM, no AEOI on slave
   138 000001FF A1F0                <1>  dw %1
   139 00000201 01                  <1>  db %2
   418                                  	binit	OCW1S,	0xFF			;mask all interrupts
   138 00000202 A1F0                <1>  dw %1
   139 00000204 FF                  <1>  db %2
   419                                  	binit	OCW3S,	BIT6+ZBIT5+ ZBIT4+BIT3 +BIT1+BIT0 ;disable SpMskM,
   138 00000205 A0F0                <1>  dw %1
   139 00000207 4B                  <1>  db %2
   420                                  
   421                                  
   422                                  
   423                                  ; enable read of ISreg
   424                                  ;  serial character output:
   425                                  	binit   TBR0, '*'       ;Test output one character
   138 00000208 F803                <1>  dw %1
   139 0000020A 2A                  <1>  db %2
   426                                  
   427 0000020B FFFF                            dw      -1
   428                                  
   429                                  	global	_bda_ptr
   430                                  	global	bda_ptr
   431                                  _bda_ptr:
   432 0000020D 00004000                bda_ptr:	dw	0, BDA_segment
   433                                  
   434                                  ; initial contents of NVRAM on ice-cold start
   435                                  ;
   436                                  NVRAM00:
   437 00000211 E700                    	dw	00_0000_00111_00_1_11B		;serial line
   438                                  ; no protocols, rsvd, baud=9600, no parity, 2 stop, 8-bit
   439                                  
   440 00000213 0000                    	db	0,0		; 2 empty floppy slots
   441 00000215 0000000000000000        	db	0,0,0,0,0,0,0,0	; 8 empty disk table slots
   442 0000021D 00<rep 13h>             	times (NVRAM00+31-$) db 0
   443                                  
   444                                  
   445                                  
   446                                  segment _TEXT
   447                                  ;;;;;;;;;;;;;;;;;;;;;;;;;;;;;;;;;;;;;;;;;;;;;;;;;;;;;;;;;;;;;;;;;;;;;;;;;
   448                                  ; initb_cx	primitive entry
   449                                  ; initb		callable entry (but uses CX)
   450                                  ;
   451                                  ;    Enter with:
   452                                  ;
   453                                  ;	DS:SI	pointing at the table of BYTES to init.
   454                                  ;	CX	used to hold the return address
   455                                  ;
   456                                  ;    Exit with:
   457                                  ;	AX,DX	trashed
   458                                  ;	CX	used to hold the return
   459                                  ;	SI	updated
   460                                  ;
   461                                  ;	All other registers preserved
   462                                  ;;;;;;;;;;;;;;;;;;;;;;;;;;;;;;;;;;;;;;;;;;;;;;;;;;;;;;;;;;;;;;;;;;;;;;;;;
   463                                  	global	initb
   464                                  initb:
   465 00000040 59                              pop     cx
   466                                  initb_cx:
   467 00000041 AD                      	lodsw                   ; get destination port
   468 00000042 89C2                            mov     dx,ax		; put where useful
   469 00000044 40                              inc     ax              ; test for EOF
   470 00000045 7404                    	jz	.9		; EOF? if so, return
   471                                  
   472 00000047 AC                      	lodsb                   ; get port value
   473 00000048 EE                              out     dx,al           ; output port value
   474 00000049 EBF6                            jmp     initb_cx
   475                                  .9:
   476 0000004B FFE1                            jmp     cx              ; EOF, return
   477                                  
   478                                  
   479                                  ;;;;;;;;;;;;;;;;;;;;;;;;;;;;;;;;;;;;;;;;;;;;;;;;;;;;;;;;;;;;;;;;;;;;;;;;;
   480                                  ; initw_cx	primitive entry
   481                                  ; initw		callable entry (but uses CX)
   482                                  ;
   483                                  ;    Enter with:
   484                                  ;
   485                                  ;	DS:SI	pointing at the table of WORDS to init.
   486                                  ;	CX	used to hold the return address
   487                                  ;
   488                                  ;    Exit with:
   489                                  ;	AX,DX	trashed
   490                                  ;	CX	used to hold the return
   491                                  ;	SI	updated
   492                                  ;
   493                                  ;	All other registers preserved
   494                                  ;;;;;;;;;;;;;;;;;;;;;;;;;;;;;;;;;;;;;;;;;;;;;;;;;;;;;;;;;;;;;;;;;;;;;;;;;
   495                                  initw:
   496 0000004D 59                              pop     cx
   497                                  initw_cx:
   498 0000004E AD                      	lodsw                   ; get destination port
   499 0000004F 89C2                            mov     dx,ax		; put where useful
   500 00000051 40                              inc     ax              ; test for EOF
   501 00000052 7404                    	jz	.9		; EOF? if so, return
   502                                  
   503 00000054 AD                      	lodsw                   ; get port value
   504 00000055 EF                              out     dx,ax           ; output to word port
   505 00000056 EBF6                            jmp     initw_cx
   506 00000058 FFE1                    .9:	jmp	cx		; EOF, return
   507                                  
   508                                  
   509                                  
   510                                  segment _TEXT
   511                                  ;	global	start		; declared above
   512                                  start:
   513 0000005A FA                              cli
   514                                  ; DX carries the component identifier out of a hardware reset.  reboot_ in
   515                                  ; 19h_boot.asm has to load it by hand, which is why this is a named constant
   516                                  ; now rather than a literal in one place.
   517 0000005B 81FA0923                	cmp	dx,DEVICE_ID	; device ID
   518 0000005F 7404                    	je	start1
   519                                  error_halt:
   520 00000061 FA                      	cli
   521 00000062 F4                      	hlt
   522 00000063 EBFD                    	jmp	$-1
   523                                  
   524                                  start1:
   525                                  ; test the Flags register
   526                                  %if 1
   527 00000065 B4D5                    	mov	ah,0xD5		;set the S, Z, A, P, C flags
   528 00000067 9E                      	sahf
   529 00000068 90                      	nop
   530 00000069 90                      	nop
   531 0000006A 73F5                    	jnc	error_halt
   532 0000006C 75F3                    	jnz	error_halt
   533 0000006E 79F1                    	jns	error_halt
   534 00000070 7BEF                    	jnp	error_halt
   535                                  
   536 00000072 F8                      	clc
   537 00000073 72EC                    	jc	error_halt
   538 00000075 30E4                    	xor	ah,ah
   539 00000077 72E8                    	jc	error_halt
   540 00000079 75E6                    	jnz	error_halt
   541 0000007B 9E                      	sahf
   542 0000007C 7AE3                    	jp	error_halt
   543 0000007E 78E1                    	js	error_halt
   544 00000080 74DF                    	jz	error_halt
   545 00000082 72DD                    	jc	error_halt
   546                                  
   547                                  %endif
   548                                  
   549                                  ; Enable access to the Expanded I/O ports (F000..FXXX)
   550 00000084 E423                            in	al,REMAPCFGH	; reset the state machine (state A)
   551 00000086 B80080                          mov     ax,0x8000
   552 00000089 E623                            out     REMAPCFGH,al	; move to (state B)
   553 0000008B 86E0                            xchg    ah,al
   554 0000008D E622                            out     REMAPCFGL,al	; move to (state C)
   555 0000008F E722                            out     REMAPCFG,ax	; move to (state D), sets ESE bit
   556                                  ; Expanded I/O is now available -- ESE bit is set
   557 00000091 FC                              cld                     ; do this as insurance (direction=forward)
   558                                  
   559 00000092 B8[ssss]                	mov	ax,DGROUP	; set up data area (CONST & CONST2)
   560 00000095 8ED8                    	mov	ds,ax		;  addressing thru DS
   561                                  	cnop
   562 00000097 8EC0                    	mov	es,ax		;  and ES
   563                                  	cnop
   564                                  
   565                                  ; Do the word port initialization
   566                                  ;
   567 00000099 BE[0001]                        mov     si,wtab1        ; get table address to SI
   568 0000009C B9[A100]                        mov     cx,return2      ; set return address
   569 0000009F EBAD                            jmp     initw_cx        ; simulate call
   570                                  return2:
   571                                  
   572                                  ; Do the byte port initialization
   573                                  ;
   574 000000A1 BE[8A01]                        mov     si,btab1        ; get table address to SI
   575 000000A4 B9[A900]                        mov     cx,return1      ; set return address
   576 000000A7 EB98                            jmp     initb_cx        ; simulate call
   577                                  return1:
   578                                  
   579                                  
   580                                  %if 1
   581 000000A9 BAFF04                  	mov	dx,0x4FF
   582 000000AC 88D0                    	mov	al,dl
   583 000000AE EE                      	out	dx,al		; Zap jrc LEDs to 0xFF
   584                                  %endif
   585                                  
   586 000000AF B003                    	mov al,0011b
   587 000000B1 E86602                  	call lites
   588                                  
   589                                  ; Size the SRAM
   590                                  
   591                                  size_SRAM:
   592 000000B4 BF00A8                  	mov	di,SRAM_AD>>4	; SRAM segment
   593 000000B7 8ED7                    	mov	ss,di		; set up SS
   594                                  	cnop
   595 000000B9 8EC7                    	mov	es,di		; set ES for later testing
   596                                  	cnop
   597 000000BB BA0020                  	mov	dx,(32<<8)	; DH=32, DL=0
   598                                  .2:
   599 000000BE 89D7                    	mov	di,dx		; get address
   600 000000C0 C1E70A                  	shl	di,10		; convert to Kilobytes
   601 000000C3 368815                     ss	mov	[di],dl		; store a byte
   602 000000C6 FEC2                       	inc	dl
   603 000000C8 38F2                    	cmp	dl,dh		; test up to 32K
   604 000000CA 72F2                    	jb	.2
   605                                  ; compute SRAM size
   606 000000CC 362A160000                 ss	sub	dl,[0]
   607 000000D1 C1E20A                     	shl	dx,10		; convert DL to DX=?? Kilobytes
   608 000000D4 89D4                    	mov	sp,dx		; SS:8000h is stack start for 32K SRAM
   609                                  
   610                                  ; test the SRAM
   611 000000D6 C1EA02                  	shr	dx,2		; count of DWORDs
   612 000000D9 31F6                    	xor	si,si		; ES:SI is area to test
   613 000000DB BB[E100]                	mov	bx, .3
   614 000000DE E90E02                  	jmp	seg_test_bx	; do the single bit test
   615                                  .3:  ; return here
   616                                  
   617                                  
   618                                  ; All okay with the SRAM
   619                                  ; We now have a stack, & can use CALL
   620                                  ;	shr	dx,8    (already shifted by 2) == Kbytes in DL
   621                                  ;   so we will just use DH as the Kilobyte count
   622                                  %if HALF_MEM | 1
   623 000000E1 89D5                    	mov	bp,dx		; Save SRAM size in BP for later
   624                                  %else
   625                                  	xor	bp,bp		; No SRAM, just DRAM was tested
   626                                  %endif
   627                                  
   628                                  
   629                                  ;
   630                                  ; Test low 64K memory and ROM checksum
   631                                  ;
   632                                  ;
   633                                  ; Is this a warm start?
   634                                  ;
   635                                  ; The flag has to be read here, before the test of segment 0 below, because
   636                                  ; that test zeroes the whole first 64K and the BDA sits inside it -- which is
   637                                  ; also, conveniently, what clears the flag so that the start after this one
   638                                  ; is a cold one again.
   639                                  ;
   640                                  ; The answer is parked in the stack segment.  That is the 32K at A8000 which
   641                                  ; size_SRAM set SS to, and neither memory test reaches it: segment 0 covers
   642                                  ; 00000-0FFFF and test_1to8 covers 10000-9FFFF.  SP starts at 8000h and
   643                                  ; grows down, so a word at offset 4 is 32K clear of anything the stack will
   644                                  ; ever touch, and seg_test has already been over that memory.
   645                                  ;
   646                                  WARM_MARK	equ	4	; word in the stack segment; see above
   647                                  
   648 000000E3 6A4007                  	get_bda	ES
   649 000000E6 26A17200                    es	mov	ax,[reset_flag]
   650 000000EA 36A30400                    ss	mov	[WARM_MARK],ax
   651                                  
   652 000000EE B001                    	mov	al,0001b	; show '0001' in the LITES
   653 000000F0 E82702                  	call	lites
   654                                  ;
   655                                  ; Test and zero the entirety of SEGMENT 0x0000:xxxx
   656                                  ;
   657 000000F3 31F6                    	xor	si,si
   658 000000F5 8EC6                    	mov	es,si		; select segment 0
   659 000000F7 BA0040                  	mov	dx,1<<14	; 16K dwords = 64K bytes
   660 000000FA E8F101                  	call	seg_test
   661                                  
   662                                  ; Will halt with '0001' in the LITES if there is a memory problem
   663                                  
   664                                  
   665                                  ; Calculate ROM CRC
   666                                  ;
   667                                  ; removed for debug purposes
   668                                  crc_computation:
   669                                  ;	mov	ax,cs
   670                                  ;	mov	es,ax		; ES:BX addresses ROM
   671                                  ;	cnop
   672                                  ;
   673                                  ;	xor	ax,ax
   674                                  ;	mov	bx,(CRC_AT+2)&0xFFFF	;start here
   675                                  ;	xor	cx,cx
   676                                  ;	xor	dx,dx		;overflow for 1's complement
   677                                  ; CRC16 computation
   678                                  	extern	crc16
   679                                  ;
   680                                  ;	call	crc16
   681                                  ;	or	ax,ax		; test for zero checksum
   682                                  ;	jz	.1
   683                                  ;	hlt
   684                                  .1:
   685                                  
   686                                  
   687                                  
   688                                  ; Determine the CPU frequency
   689                                  
   690                                  get_CLKOUT:
   691                                  %if MFPIC & 0
   692                                  	mov	bx,33000	; 33mhz clock
   693                                  %else
   694 000000FD BA34F8                  	mov	dx,TMRCFG	; Timer control
   695 00000100 B04B                    	mov	al,TIMER_RUN	;start counters 0 & 1
   696 00000102 EE                      	out	dx,al		; **
   697                                  
   698 00000103 BA20F0                  	mov	dx,OCW3M
   699 00000106 B04A                    	mov	al,BIT6+ZBIT5+ ZBIT4+BIT3 +BIT1+ZBIT0  ;IRreg
   700 00000108 EE                      	out	dx,al
   701                                  wait00:
   702 00000109 EB00                    	jmp	$+2
   703 0000010B EB00                    	jmp	$+2
   704 0000010D EB00                    	jmp	$+2
   705 0000010F EC                      	in	al,dx		;has an interrupt been generated
   706 00000110 A801                    	test	al,BIT0		; from Timer 0
   707 00000112 74F5                    	jz	wait00		;Out0 is still low
   708                                  
   709 00000114 BA34F8                  	mov	dx,TMRCFG
   710 00000117 B041                    	mov	al,TIMER_STOP	; turn off all the gates
   711 00000119 EE                      	out	dx,al
   712                                  
   713 0000011A BA41F0                  	mov	dx,TMR1		; read what is left in timer 1
   714 0000011D EC                      	in	al,dx		;low byte
   715 0000011E 88C3                    	mov	bl,al
   716 00000120 EC                      	in	al,dx		;high byte
   717 00000121 88C7                    	mov	bh,al
   718 00000123 F7D3                    	not	bx		; -count-1
   719                                  %endif
   720                                  %if MFPIC
   721                                  	mov	ax,bx
   722                                  	call	wout
   723                                  %endif
   724                                  ;
   725                                  
   726                                  ; set up the refresh counter correctly
   727 00000125 89D8                    	mov	ax,bx		; count in khz
   728 00000127 83C005                  	add	ax,5		; round up a bit
   729 0000012A C1E806                  	shr	ax,6		; divide by 64khz
   730 0000012D BAA2F4                  	mov	dx,RFSCIR	; Refresh Count
   731 00000130 EF                      	out	dx,ax
   732                                  
   733                                  ; put out CPU frequency message
   734                                  
   735 00000131 8D87F401                	lea	ax,[bx+500]	; round to nearest integer
   736 00000135 B9E803                  	mov	cx,1000
   737 00000138 31D2                    	xor	dx,dx
   738 0000013A F7F1                    	div	cx		;integer frequency
   739                                  %if 1
   740 0000013C BAFF04                  	mov	dx,0x4FF	; jrc LEDs
   741 0000013F EE                      	out	dx,al
   742                                  %endif
   743 00000140 48                      	dec	ax
   744 00000141 48                      	dec	ax		; divisor is 2 less
   745 00000142 BA04F8                  	mov	dx,CLKPRS	; pre-scale clock
   746 00000145 EF                      	out	dx,ax		; PSCLK is now 1.000 mhz (1 usec clock)
   747                                  
   748                                  ;;	pushm	bx,bp		; save CPU_freq & SRAM_size
   749                                    ;; 	popm	bx,bp
   750                                  
   751 00000146 6A4007                  	get_bda	ES
   752 00000149 26891EDD00                 es	mov	[CPU_freq],bx
   753 0000014E 89EB                    	mov	bx,bp		;restore SRAM size to BH
   754 00000150 26883E0101                 es	mov	[SRAM_size],bh
   755                                  
   756                                  
   757                                  %if 0
   758                                  	pusha
   759                                  
   760                                  	extern	uart_det_
   761                                  ;;;	mov	ax,RBR0
   762                                  	mov	ax,0x03F8	;;; see what is on-chip
   763                                  ; this call will trash AX,BX,CX,DX
   764                                  	call	uart_det_
   765                                  ; this detection code confirms that the UART on the 386EX is a 16450
   766                                  
   767                                  %if 1
   768                                  	mov	dx,0x4FF	; jrc LEDs
   769                                  	out	dx,al
   770                                  %endif
   771                                  	popa
   772                                  %endif
   773                                  
   774                                  
   775 00000155 B002                    	mov	al,0010b	; show '0010' in the LITES
   776 00000157 E8C001                  	call	lites
   777                                  
   778                                  ;
   779                                  ; Test memory from 1000:0000h to 7000:FFFFh
   780                                  ;
   781                                  ; The size this arrives at has to be the same either way, since it is what
   782                                  ; reaches bda.memory_size: the loop below ends with AX one segment past the
   783                                  ; last one tested, and the warm path just starts there.
   784                                  %if HALF_MEM
   785                                  LAST_SEG	equ	0x8000
   786                                  %else
   787                                  LAST_SEG	equ	0xA000
   788                                  %endif
   789                                  
   790                                  test_1to8:
   791 0000015A 36A10400                    ss	mov	ax,[WARM_MARK]
   792 0000015E 3D3412                  	cmp	ax,WARM_BOOT
   793 00000161 750E                    	jne	.cold
   794                                  
   795                                  ; A warm start.  This memory was marched over on the way in and has not
   796                                  ; been without power since, so the march buys nothing but the time it
   797                                  ; takes -- and it takes seconds, not milliseconds: seg_test walks a single
   798                                  ; bit through all 32 positions, so each 64K segment costs 32 passes of a
   799                                  ; REP STOSD and a REPE SCASD, and there are nine segments.
   800                                  ;
   801                                  ; What this path does not do is zero the memory.  The BIOS does not depend
   802                                  ; on that, but it is the difference worth reaching for if something ever
   803                                  ; behaves differently after a SETUP reboot than after a power cycle.
   804                                  ;
   805                                  ; Record the decision where main.c can report it.  The test of segment 0
   806                                  ; has already zeroed the BDA, so this survives, and a cold start leaves the
   807                                  ; byte at zero by simply not coming through here.
   808 00000163 6A4007                  	get_bda	ES
   809 00000166 26800E120001                es	or	byte [mfg_test],WARM_POST
   810                                  
   811 0000016C B800A0                  	mov	ax,LAST_SEG
   812 0000016F EB17                    	jmp	short .sized
   813                                  
   814                                  .cold:
   815 00000171 31F6                    	xor	si,si
   816 00000173 BA0040                  	mov	dx,1<<14	; 16K dwords
   817 00000176 B80010                  	mov	ax,1000h	; 2nd 64K segment
   818 00000179 8EC0                    .1:	mov	es,ax		; set the segment register
   819                                  	cnop
   820 0000017B E87001                  	call	seg_test	; halts on error
   821 0000017E 8CC0                    	mov	ax,es
   822 00000180 80C410                  	add	ah,10h		; increment to next segment
   823 00000183 80FCA0                  	cmp	ah,LAST_SEG>>8	; are we done
   824 00000186 72F1                    	jb	.1
   825                                  
   826                                  	; segment 8000:0000 is not yet enabled
   827                                  .sized:
   828 00000188 C1E806                  	shr	ax,6		; size in K bytes
   829 0000018B 89C3                    	mov	bx,ax		; save in BX
   830                                  
   831                                  
   832                                  %if SHADOW_MODE
   833                                  ;;;;;;;;;;;;;;;;;;;;;;;;;;;;;;;;;;;;;;;;;;;;;;;;;;;;;;;;;;;;;;;;;;;;;;;;;;;;;
   834                                  ; Shadow the ROM into DRAM
   835                                  ;
   836                                  ; The BIOS executes from 8-bit ROM at 5 wait states, and every INT 10h
   837                                  ; character and every IDE sector pays for it.  CS2 already covers the whole
   838                                  ; first megabyte of DRAM -- 16 bits wide at 2 wait states -- and the two
   839                                  ; overlap at F0000.  While UCS is enabled it is the one that answers there,
   840                                  ; so the ROM cannot simply be copied over itself: the copy has to run from
   841                                  ; somewhere else while UCS is switched off.
   842                                  ;
   843                                  ;   1. copy the ROM to a scratch segment, and check it arrived
   844                                  ;   2. jump into that copy, so execution is no longer inside the ROM
   845                                  ;   3. switch UCS off -- F0000 answers from DRAM from here on
   846                                  ;   4. copy the scratch back to F0000, and check it arrived
   847                                  ;   5. jump back to F000, which is now the DRAM copy
   848                                  ;
   849                                  ; Either check can fail without consequence.  A failure at step 1 leaves the
   850                                  ; ROM exactly as it was; a failure at step 4 switches UCS back on and returns
   851                                  ; to the real ROM.  Slower, but running.  Neither is expected -- but the DRAM
   852                                  ; under F0000 is the one part of the first megabyte that test_1to8 does not
   853                                  ; reach, and this is what writes to it, so it gets checked here instead.
   854                                  ;
   855                                  ; Between step 3 and the end of step 4, nothing may read DGROUP data or call
   856                                  ; anything that does: DS-relative reads land at F0000, which is uninitialised
   857                                  ; DRAM until that copy finishes.  That is why this stretch is bare string
   858                                  ; moves and port writes, with DS pointed at the scratch and not at DGROUP.
   859                                  ;
   860                                  ; This is done here rather than earlier because it needs DRAM that has been
   861                                  ; tested, and it must be before anything records a F000-relative address.
   862                                  ;
   863                                  ; One consequence worth knowing: F0000 is writable afterwards.  Writes into
   864                                  ; the BIOS used to fall on ROM and do nothing; now they land.  Nothing in
   865                                  ; this BIOS writes there -- _DATA and _BSS are empty by design -- but a stray
   866                                  ; far pointer that used to be harmless is not any more.
   867                                  ;;;;;;;;;;;;;;;;;;;;;;;;;;;;;;;;;;;;;;;;;;;;;;;;;;;;;;;;;;;;;;;;;;;;;;;;;;;;;
   868                                  SHADOW_SEG	equ	XFER_AD>>4	; scratch, inside the range just tested
   869                                  SHADOW_WORDS	equ	32768		; 64K, as words
   870                                  
   871                                  shadow_rom:
   872 0000018D 061E575652515350        	pushm	ax,bx,cx,dx,si,di,ds,es
   873 00000195 FA                      	cli				; belt and braces: the vectors at
   874                                  					;  0000:0000 are not built yet, so an
   875                                  					;  interrupt taken here has nowhere to go
   876 00000196 FC                      	cld
   877                                  
   878                                  ; 1 -- the ROM into the scratch segment
   879 00000197 8CC8                    	mov	ax,cs			; F000, the ROM
   880 00000199 8ED8                    	mov	ds,ax
   881                                  	cnop
   882 0000019B B80020                  	mov	ax,SHADOW_SEG
   883 0000019E 8EC0                    	mov	es,ax
   884                                  	cnop
   885 000001A0 31F6                    	xor	si,si
   886 000001A2 31FF                    	xor	di,di
   887 000001A4 B90080                  	mov	cx,SHADOW_WORDS
   888 000001A7 F3A5                    	rep	movsw
   889                                  
   890 000001A9 31F6                    	xor	si,si			; and check it arrived
   891 000001AB 31FF                    	xor	di,di
   892 000001AD B90080                  	mov	cx,SHADOW_WORDS
   893 000001B0 F3A7                    	repe	cmpsw
   894 000001B2 7536                    	jne	.9			; scratch DRAM will not hold it;
   895                                  					;  leave the ROM alone and say nothing
   896                                  
   897                                  ; 2 -- into the copy.  CS is the scratch segment from here.
   898 000001B4 EA[B901]0020            	jmp	SHADOW_SEG:.in_ram
   899                                  .in_ram:
   900                                  
   901                                  ; 3 -- switch UCS off
   902 000001B9 BA3CF4                  	mov	dx,UCSMSKL		; the low mask carries the enable bit
   903 000001BC ED                      	in	ax,dx
   904 000001BD 24FE                    	and	al,~BIT0
   905 000001BF EF                      	out	dx,ax
   906                                  
   907                                  ; 4 -- the scratch back into F0000, which is DRAM now
   908 000001C0 B80020                  	mov	ax,SHADOW_SEG
   909 000001C3 8ED8                    	mov	ds,ax
   910                                  	cnop
   911 000001C5 B800F0                  	mov	ax,0xF000
   912 000001C8 8EC0                    	mov	es,ax
   913                                  	cnop
   914 000001CA 31F6                    	xor	si,si
   915 000001CC 31FF                    	xor	di,di
   916 000001CE B90080                  	mov	cx,SHADOW_WORDS
   917 000001D1 F3A5                    	rep	movsw
   918                                  
   919 000001D3 31F6                    	xor	si,si			; and check that one too
   920 000001D5 31FF                    	xor	di,di
   921 000001D7 B90080                  	mov	cx,SHADOW_WORDS
   922 000001DA F3A7                    	repe	cmpsw
   923 000001DC 7407                    	je	.5
   924                                  
   925                                  ; The DRAM under the ROM will not hold it.  Put UCS back, and the far jump
   926                                  ; below returns to the real ROM instead of to a copy that is not there.
   927 000001DE BA3CF4                  	mov	dx,UCSMSKL
   928 000001E1 ED                      	in	ax,dx
   929 000001E2 0C01                    	or	al,BIT0
   930 000001E4 EF                      	out	dx,ax
   931                                  .5:
   932                                  
   933                                  ; 5 -- back to F000, shadowed or not
   934 000001E5 EA[EA01]00F0            	jmp	0xF000:.back
   935                                  .back:
   936                                  .9:
   937 000001EA 585B595A5E5F1F07        	popm	ax,bx,cx,dx,si,di,ds,es
   938                                  %endif
   939                                  
   940                                  
   941                                  ;
   942                                  ; Set up the interrupt vectors in 0x0000:  0000h..0200h
   943                                  ;
   944                                  ; ES will point at location 0:0
   945                                  ;
   946                                  set_the_vectors:
   947 000001F2 6A0007                  	get_loc0 ES
   948 000001F5 31FF                    	xor	di,di
   949                                  ; DS is set to DGROUP already
   950 000001F7 BE[0000]                	mov	si,page0vectors	; DS:SI points at word addresses
   951 000001FA B98000                  	mov	cx,n_page0vectors
   952 000001FD 8CC8                    	mov	ax,cs		; CS=0xF000
   953                                  .1:
   954 000001FF A5                      	movsw			;move low word of address
   955 00000200 AB                      	stosw			;set segment part
   956 00000201 E2FC                    	loop	.1
   957                                  
   958                                  %if 0
   959                                  	get_bda	ES
   960                                  	xor	di,di		; set to zero the BDA
   961                                  	mov	cx,AT_status_byte	; length
   962                                  ;;;	mov	al,0		; AX is F000 from above
   963                                  	rep stosb
   964                                  %endif
   965                                  
   966                                  ;
   967                                  ; vectors for int's 00..7Fh are set
   968                                  ;
   969                                  
   970 00000203 6A4007                  	get_bda	ES		;get the BDA pointer
   971 00000206 26891E1300                es	mov	word [memory_size],bx	; conventional memory size
   972                                  
   973                                  ; test for presence of the FPU
   974                                  ;
   975                                  
   976                                  %if P3_FPU_CHECK
   977                                  	mov     dx,P3PIN        ; get P3 port status
   978                                          in      al,dx           ; P3.0 is co-processor presence detect
   979                                  	test	al,01		; test for FPU present==0, absent==1
   980                                  	jnz	skip_fpu
   981                                  
   982                                      es	or	word [equip_flag],BIT1	;set h/w FPU flag
   983                                  
   984                                  	mov	al,0101b		; FPU error code
   985                                  	call	lites
   986                                  
   987                                  	fninit				; this may hang
   988                                  
   989                                  skip_fpu:
   990                                  
   991                                  %else
   992                                  
   993                                  ; Intel code to check for FPU
   994                                  
   995                                  fpu_check:
   996 0000020B B007                    	mov	al,0111b
   997 0000020D E80A01                  	call	lites
   998                                  
   999 00000210 0F20C0                  	mov	eax,cr0
  1000 00000213 83E0F9                  	and	ax,~(CR0_EM+CR0_MP)	; make sure these are off
  1001 00000216 0F22C0                  	mov	cr0,eax
  1002                                  
  1003 00000219 DBE3                    	fninit
  1004                                  
  1005 0000021B B009                    	mov	al,1001b
  1006 0000021D E8FA00                  	call	lites
  1007                                  
  1008 00000220 55                      	push	bp
  1009 00000221 B85A5A                  	mov	ax,5A5Ah	; garbage
  1010 00000224 50                      	push	ax
  1011 00000225 89E5                    	mov	bp,sp		; [bp] points at word
  1012                                  
  1013 00000227 DD7E00                  	fnstsw	[bp]
  1014                                  
  1015                                  %if 0
  1016                                  	mov	ax,[bp]
  1017                                  	call	wout
  1018                                  %endif
  1019 0000022A 807E0000                	cmp	byte [bp],0	; .eq. if FPU present
  1020 0000022E 751E                    	jne	.7
  1021                                  
  1022 00000230 B00A                    	mov	al,1010b
  1023 00000232 E8E500                  	call	lites
  1024                                  
  1025 00000235 D97E00                  	fnstcw	[bp]
  1026                                  
  1027                                  %if 0
  1028                                  	mov	ax,[bp]
  1029                                  	call	wout
  1030                                  %endif
  1031 00000238 8B4600                  	mov	ax,[bp]
  1032 0000023B 253F10                  	and	ax,103Fh
  1033 0000023E 83F83F                  	cmp	ax,3Fh
  1034 00000241 750B                    	jne	.7
  1035                                  
  1036 00000243 B00B                    	mov	al,1011b
  1037 00000245 E8D200                  	call	lites
  1038                                  
  1039 00000248 26830E100002                es	or	word [equip_flag],BIT1	;set h/w FPU flag
  1040                                  .7:
  1041 0000024E 5D                      	pop	bp
  1042 0000024F 5D                      	pop	bp
  1043                                  %endif
  1044                                  
  1045 00000250 B004                    	mov	al,0100b		; FPU clear code
  1046 00000252 E8C500                  	call	lites
  1047                                  
  1048                                  
  1049                                  	extern	ext_mem_size
  1050 00000255 E8(0000)                	call	ext_mem_size
  1051                                  
  1052 00000258 6A4007                  	get_bda	ES
  1053                                  
  1054 0000025B 48                      	dec	ax
  1055 0000025C BAFF04                  	mov	dx,0x4FF
  1056 0000025F EE                      	out	dx,al
  1057 00000260 C1E00A                  	shl	ax,20-10			;convert MB count to Kbyte count
  1058                                  
  1059 00000263 26A3DB00                   es	mov	[extended_memory],ax	; save Ext Mem count
  1060                                  
  1061                                  ; prime the DS1302
  1062                                  ;
  1063                                  	extern	ds_reset_on, ds_reset_off
  1064                                  
  1065 00000267 E8(0000)                	call	ds_reset_on
  1066                                  ;;;	call	ds_reset_off
  1067                                  ;;;	call	ds_reset_on
  1068                                  ;;;	call	ds_reset_off
  1069                                  
  1070                                  ;
  1071                                  ; read the NVRAM into the BIOS Data Area
  1072                                  ;
  1073 0000026A 6A4007                  	get_bda	ES
  1074 0000026D BBE100                  	mov	bx,nvram_info		; ES:BX points at BDA extension
  1075                                  
  1076 00000270 B81F20                  	mov	ax, 0x20<<8 | 31	; burst read all NVRAM
  1077 00000273 CD1A                    	int	0x1A
  1078 00000275 7306                    	jnc	form_crc
  1079                                  ds_err:
  1080 00000277 B00F                    	mov	al,1111b
  1081 00000279 E89E00                  	call	lites
  1082 0000027C F4                      	hlt
  1083                                  
  1084                                  form_crc:
  1085 0000027D 6A00                    	push	0			; assume CRC okay
  1086 0000027F 89E5                    	mov	bp,sp			; saved in [bp]
  1087                                  
  1088 00000281 B81F00                  	mov	ax,31			; actual CRC check
  1089 00000284 E80101                  	call	get_nvram_crc_
  1090                                  %if 0
  1091                                  	push	ax
  1092                                  	mov	al,1010B
  1093                                  	call	lites
  1094                                  	pop	ax
  1095                                  %endif
  1096 00000287 09C0                    	or	ax,ax
  1097 00000289 7416                    	jz	.2
  1098                                  
  1099 0000028B BE[ssss]                	mov	si,DGROUP		; make sure DS is correct
  1100 0000028E 8EDE                    	mov	ds,si
  1101 00000290 BE[1102]                	mov	si,NVRAM00		;DS is already set
  1102                                  
  1103 00000293 6A4007                  	get_bda	ES
  1104 00000296 BFE100                  	mov	di,nvram_info		; ES is *BDA
  1105 00000299 B91F00                  	mov	cx,31
  1106 0000029C F3A4                    	rep	movsb
  1107 0000029E FE4600                  	inc	byte [bp]		; flag bad
  1108                                  
  1109                                  .2:
  1110                                  	extern	get_time
  1111                                  
  1112 000002A1 E8(0000)                	call	get_time
  1113 000002A4 7304                    	jnc	.3
  1114 000002A6 804E0002                	or	byte [bp],2		; flag clock stopped
  1115                                  .3:
  1116                                  	extern	ds_get_charge
  1117 000002AA E8(0000)                	call	ds_get_charge
  1118 000002AD 34A0                    	xor	al,0xA0
  1119 000002AF A8F0                    	test	al,0xF0			; charge enabled flag is 1010_....
  1120 000002B1 750C                    	jnz	.7
  1121 000002B3 A803                    	test	al,0x03			; charge disabled if R not in [1,2,3]
  1122 000002B5 7408                    	jz	.7
  1123 000002B7 240C                    	and	al,0x0C			; charge disabled if D==0
  1124 000002B9 7404                    	jz	.7
  1125 000002BB 340C                    	xor	al,0x0C			; charge disabled if D==3
  1126                                  ;;;;	jz	.7
  1127 000002BD 7504                    	jnz	.8
  1128                                  
  1129 000002BF 804E0004                .7:	or	byte [bp],4		; charging disabled
  1130                                  .8:
  1131                                  
  1132                                  	extern	start_timer0_
  1133 000002C3 E8(0000)                	call	start_timer0_		; in 1Ah_time.asm
  1134                                  
  1135 000002C6 B005                    	mov	al,0101B	;calling _MAIN_
  1136 000002C8 E84F00                  	call	lites
  1137                                  
  1138 000002CB B8[ssss]                	mov	ax,DGROUP
  1139 000002CE 8ED8                    	mov	ds,ax
  1140 000002D0 8EC0                    	mov	es,ax
  1141                                  
  1142 000002D2 8B4600                  	mov	ax,[bp]			; argument to _main_
  1143                                  
  1144                                  	extern	_main__			; C-callable
  1145 000002D5 FB                      	sti			; enable interrupts
  1146 000002D6 E8(0000)                	call	_main__
  1147                                  
  1148                                  	global	exit_
  1149                                  exit_:
  1150                                  %if 1
  1151 000002D9 BAFF04                  	mov	dx,0x4FF	; jrc LEDs
  1152 000002DC EE                      	out	dx,al
  1153                                  %endif
  1154 000002DD E83A00                  	call	lites
  1155                                  
  1156 000002E0 FA                      	cli
  1157                                  ; enter POWERDOWN mode
  1158 000002E1 BA00F8                  	mov	dx,PWRCON
  1159 000002E4 EC                      	in	al,dx
  1160 000002E5 24FC                    	and	al,~3
  1161 000002E7 0C01                    	or	al,BIT0
  1162 000002E9 EE                      	out	dx,al
  1163 000002EA 90                      	nop
  1164 000002EB F4                      	hlt
  1165 000002EC EBFD                    	jmp	$-1
  1166                                  
  1167                                  
  1168                                  ; STOP STOP STOP STOP
  1169                                  segment CONST
  1170                                  	global _SecBuffer		; for TESTIDE.C
  1171                                  ;_SecBuffer	dw	0x0200,0x6000 ;  in high memory
  1172                                  
  1173 00000230 008000A0                _SecBuffer	dw	0x8000,0xA000	;
  1174                                  
  1175                                  segment	_TEXT
  1176                                  ;;;;;;;;;;;;;;;;;;;;;;;;;;;;;;;;;;;;;;;;;;;;;;;;;;;;;;;;;;;;;;;;;;;;;;;;;
  1177                                  ; seg_test -- test a segment of memory (variable size)
  1178                                  ; seg_test_bx	ditto, but returns through BX
  1179                                  ;
  1180                                  ;    Enter with:
  1181                                  ;	ES:SI	points at area to test
  1182                                  ;	DX	count of size of area in DWORDS (16K==full segment)
  1183                                  ;
  1184                                  ;    Exit with:
  1185                                  ;	ES:SI	unchanged
  1186                                  ;	DX	unchanged
  1187                                  ;	memory area is cleared to Zeroes if successful
  1188                                  ;
  1189                                  ;    Error Condition:
  1190                                  ;	*** WILL HALT ***	so have the LITES set up
  1191                                  ;
  1192                                  ;    Trashes:
  1193                                  ;	EAX
  1194                                  ;	BX	is used for the return
  1195                                  ;	CX
  1196                                  ;	DI
  1197                                  ;
  1198                                  ;;;;;;;;;;;;;;;;;;;;;;;;;;;;;;;;;;;;;;;;;;;;;;;;;;;;;;;;;;;;;;;;;;;;;;;;;
  1199                                  
  1200                                  seg_test:
  1201 000002EE 5B                      	pop	bx
  1202                                  seg_test_bx:
  1203                                  
  1204 000002EF 66B801000000            	mov	eax,1		; EAX = 0000_0001h
  1205                                  .4:
  1206 000002F5 31FF                    	xor	di,di		;
  1207 000002F7 89D1                    	mov	cx,dx		; set DWORD count
  1208 000002F9 F366AB                  	rep stosd		; store all of memory
  1209                                  
  1210 000002FC 89D1                    	mov	cx,dx		; reset the count
  1211 000002FE 31FF                    	xor	di,di		; reset start address
  1212 00000300 F366AF                  	repe	scasd		;
  1213 00000303 7407                    	je	.5		; continue on no error
  1214                                  
  1215                                  %if 1
  1216 00000305 BAFF04                  	mov	dx,0x4FF
  1217 00000308 B0F5                    	mov	al,0xF5		; error code
  1218 0000030A EE                      	out	dx,al		; Zap jrc LEDs to 0xFF
  1219 0000030B F4                      	hlt			; with the LITES as set
  1220                                  %endif
  1221                                  
  1222 0000030C 66D1E0                  .5:	shl	eax,1
  1223 0000030F 73E4                    	jnc	.4
  1224                                  ; now zero the SRAM
  1225 00000311 31FF                    	xor	di,di		; reset the start address
  1226 00000313 89D1                    	mov	cx,dx		; reset the count
  1227 00000315 F366AB                  	rep	stosd		; zero the SRAM
  1228                                  
  1229 00000318 FFE3                    	jmp	bx	; return
  1230                                  
  1231                                  
  1232                                  ;;;;;;;;;;;;;;;;;;;;;;;;;;;;;;;;;;;;;;;;;;;;;;;;;;;;;;;;;;;;;;;;;;;;;;;;;
  1233                                  ; lites -- show a 4-bit value in the lites
  1234                                  ; lites_ -- Watcom C callable:   "int lites(int value);"
  1235                                  ;
  1236                                  ;    Enter with:
  1237                                  ;	AL	set to value to display (0h..0Fh)
  1238                                  ;
  1239                                  ;    Exit with:
  1240                                  ;	All registers preserved
  1241                                  ;
  1242                                  ;;;;;;;;;;;;;;;;;;;;;;;;;;;;;;;;;;;;;;;;;;;;;;;;;;;;;;;;;;;;;;;;;;;;;;;;;
  1243                                  	global	lites_
  1244                                  lites_:
  1245                                  lites:
  1246 0000031A 52509C                  	pushm	f,ax,dx
  1247                                  
  1248 0000031D BA62F8                  	mov	dx,P1LTC	; get the LITES latch
  1249 00000320 F6D0                    	not	al
  1250 00000322 C0E004                  	shl	al,4		; shift complement to position
  1251 00000325 88C4                    	mov	ah,al		; save in AH
  1252 00000327 FA                      	cli
  1253 00000328 EC                      	in	al,dx		; read the latch
  1254 00000329 240F                    	and	al,0Fh		; preserve bits
  1255 0000032B 08E0                    	or	al,ah		; set the new bits
  1256 0000032D EE                      	out	dx,al		; put out the new LITES value
  1257                                  
  1258 0000032E 9D585A                  	popm	f,ax,dx
  1259 00000331 C3                      	ret
  1260                                  
  1261                                  	global	jleds_
  1262                                  jleds_:
  1263 00000332 52                      	pushm	dx
  1264 00000333 BAFF04                  	mov	dx,0x4FF
  1265 00000336 EE                      	out	dx,al
  1266 00000337 5A                      	popm	dx
  1267 00000338 C3                      	ret
  1268                                  
  1269                                  	global	jledsh_
  1270                                  jledsh_:
  1271 00000339 52                      	pushm	dx
  1272 0000033A BAFF04                  	mov	dx,0x4FF
  1273 0000033D EE                      	out	dx,al
  1274 0000033E 5A                      	popm	dx
  1275 0000033F FA                      	cli
  1276 00000340 F4                      	hlt
  1277 00000341 C3                      	ret
  1278                                  
  1279                                  
  1280                                  
  1281                                  ;****** debugging stuff ******
  1282                                  %if 1
  1283                                  	global	eout,dout,wout,bout,nout
  1284                                  ; Hexadecimal output:
  1285                                  ; extdword(EAX)
  1286                                  ; dword(DX:AX) word(AX) byte(AL) nibble(AL[3..0])   output
  1287                                  ;
  1288 00000342 66C1C810                eout:   ror     eax,16          ; put out high word first
  1289 00000346 E80C00                          call    wout
  1290 00000349 66C1E810                        shr     eax,16          ; put out the low word
  1291 0000034D EB06                            jmp     wout
  1292 0000034F 92                      dout:   xchg    ax,dx           ; put out DX first
  1293 00000350 E80200                          call    wout
  1294 00000353 89D0                            mov     ax,dx
  1295 00000355 86E0                    wout:   xchg    ah,al           ; put out AH first
  1296 00000357 E80200                          call    bout
  1297 0000035A 88E0                            mov     al,ah           ; put out former AL
  1298 0000035C 50                      bout:   push    ax              ; save AL
  1299 0000035D C0E804                          shr     al,4            ; position High nibble
  1300 00000360 E80100                          call    nout            ; write high nibble
  1301 00000363 58                              pop     ax
  1302 00000364 240F                    nout:   and     al,0x0F         ; mask low nibble
  1303 00000366 27                              daa                     ; divide by 10, AH=quotient, AL=remainder
  1304 00000367 04F0                            add     al,0xF0         ; propagate quotient into the Carry flag
  1305 00000369 1440                            adc     al,0x40         ; form HEX digit
  1306 0000036B EB0F                            jmp     putc            ; 'putc' does the return
  1307                                  
  1308                                  
  1309                                  
  1310                                  ;
  1311                                  ; output an ASCII_SP to the console
  1312                                  ;
  1313                                  space:
  1314 0000036D B020                    	mov	al,ASCII_SP
  1315 0000036F EB0B                    	jmp	putc
  1316                                  ;
  1317                                  ; output a CR/LF to the console
  1318                                  ;
  1319                                  ;;crlf:
  1320                                  ;
  1321                                  ; outc -- write an ASCII 'cooked' character
  1322                                  ;       Convert NL to CR,NL
  1323                                  ;
  1324                                  outc:
  1325 00000371 3C0A                            cmp     al,ASCII_NL     ; test for NL
  1326 00000373 7507                            jne     putc            ; if not, just put out the character
  1327                                  crlf:
  1328 00000375 B00D                            mov     al,ASCII_CR     ; get a CR
  1329 00000377 E80200                          call    putc            ; write it out
  1330 0000037A B00A                            mov     al,ASCII_NL     ; restore NL
  1331                                  ;
  1332                                  ; putc -- put out a character in AL to the SIO0 port
  1333                                  ;
  1334                                  putc:
  1335                                  %if 1
  1336 0000037C 5052                    	pushm	dx,ax
  1337 0000037E B401                    	mov	ah,1		;write char
  1338 00000380 BA0000                  	mov	dx,0
  1339 00000383 CD14                    	int	14h		;serial out
  1340 00000385 5A58                    	popm	dx,ax
  1341 00000387 C3                      	ret
  1342                                  %else
  1343                                  	push	dx		; register save
  1344                                  	push	ax		; PUSH EAX
  1345                                  putc1:
  1346                                          mov     dx,LSR0         ; Line Status Register
  1347                                  
  1348                                          in      al,dx
  1349                                          test    al,LSR_TBE      ; Transmit Buffer Empty
  1350                                          jz      putc1
  1351                                  
  1352                                          pop     ax
  1353                                          mov     dx,TBR0         ; Transmit buffer register
  1354                                          out     dx,al           ; send the character
  1355                                  
  1356                                          pop     dx              ; register restore
  1357                                          ret
  1358                                  %endif
  1359                                  %endif
  1360                                  
  1361                                  ;
  1362                                  ; word get_nvram_crc(word n);
  1363                                  ;	n = 31 (checks crc)
  1364                                  ;	n = 29 (forms crc)
  1365                                  ;
  1366                                  	global	get_nvram_crc_
  1367                                  get_nvram_crc_:
  1368 00000388 065153                  	pushm	bx,cx,es
  1369 0000038B 50                      	push	ax		; save count for nvram bytes
  1370                                  
  1371 0000038C B009                    	mov	al,1001B
  1372 0000038E E889FF                  	call	lites
  1373                                  
  1374 00000391 29C0                    	sub	ax,ax		; start CRC at 0000
  1375                                  %if 1
  1376 00000393 BB00F0                  	mov	bx,0xF000
  1377 00000396 8EC3                    	mov	es,bx
  1378 00000398 BBF0FF                  	mov	bx,0xFFF0
  1379 0000039B B91000                  	mov	cx,16
  1380 0000039E E8(0000)                	call	crc16
  1381                                  %endif
  1382 000003A1 6A4007                  	get_bda	ES
  1383 000003A4 BBE100                  	mov	bx,nvram_info
  1384 000003A7 59                      	pop	cx		; retrieve count in NVRAM
  1385 000003A8 E8(0000)                	call	crc16
  1386 000003AB 86E0                    	xchg	ah,al		; compensate for BIG Endian CRC16
  1387                                  
  1388 000003AD 5B5907                  	popm	bx,cx,es
  1389 000003B0 C3                      	ret
  1390                                  
  1391                                  	global	put_nvram_info_
  1392                                  put_nvram_info_:
  1393 000003B1 065350                  	pushm	ax,bx,es
  1394                                  
  1395 000003B4 B80022                     	mov	ax,0x2200		;disable write protect
  1396 000003B7 CD1A                    	int	0x1A
  1397                                  
  1398 000003B9 BBE100                  	mov	bx,nvram_info
  1399 000003BC 6A4007                  	get_bda	ES
  1400 000003BF B81F21                  	mov	ax,0x211F		; write 31 burst bytes
  1401 000003C2 CD1A                    	int	0x1A
  1402                                  
  1403 000003C4 B88022                  	mov	ax,0x2280		; set write protect
  1404 000003C7 CD1A                    	int	0x1A
  1405                                  
  1406 000003C9 585B07                  	popm	ax,bx,es
  1407 000003CC C3                      	ret
  1408                                  
  1409                                  
  1410                                  
  1411                                  
  1412                                  ;        setloc (0x100000-(ROM<<10)-16)
  1413 000003CD 90<rep 3h>              	align	16
  1414                                  ;;;;;;;;;;;;;;;;;;;;;;;;;;;;;;;;;;;;;;;;;;;;;;;;;;;;;;;;;;;;;;;;;;;;;;;;;
  1415                                  ; The Real Mode statup jump
  1416                                  ;;;;;;;;;;;;;;;;;;;;;;;;;;;;;;;;;;;;;;;;;;;;;;;;;;;;;;;;;;;;;;;;;;;;;;;;;
  1417                                  	bits	16
  1418 000003D0 EA[0000][ssss]          	jmp	far origin
  1419 000003D5 FF<rep 9h>              	times 9 db 0FFh
  1420 000003DE FC00                    	db	0FCh, 00h		; PC/AT
  1421                                  
  1422                                  segment BOOT
  1423                                  %include "boot.asm"
  1424                              <1> ;;;;;;;;;;;;;;;;;;;;;;;;;;;;;;;;;;;;;;;;;;;;;;;;;;;;;;;;;;;;;;;;;;;;;;;;;
  1425                              <1> ;boot.asm
  1426                              <1> ;;;;;;;;;;;;;;;;;;;;;;;;;;;;;;;;;;;;;;;;;;;;;;;;;;;;;;;;;;;;;;;;;;;;;;;;;
  1427                              <1> ; The Real Mode statup jump
  1428                              <1> ;;;;;;;;;;;;;;;;;;;;;;;;;;;;;;;;;;;;;;;;;;;;;;;;;;;;;;;;;;;;;;;;;;;;;;;;;
  1429                              <1> 	bits	16
  1430                              <1> 
  1431                              <1> SEGBASE equ 0x10000-(ROM<<6)
  1432                              <1> 
  1433 00000003 90<rep Dh>          <1>         align   16
  1434                              <1> bootstrap:
  1435 00000010 EA000000F0          <1>         jmp     SEGBASE:0000	; 5 byte real-mode far call
  1436                              <1> %include "date.inc"
  1437 00000015 30392F32372F3236    <2> 	db	"09/27/26"
  1437 0000001D FFFC00              <1> 	db	0xFF, 0xFC, 0x00	; PC/AT
